content_id,content_type,week_number,date_ist,time_ist,weekday,hour_ist,caption,caption_length,emoji_count,hashtag_count,hashtags,media_items,followers_at_post,reach,reach_pct_of_followers,views,likes,comments,saves,shares,profile_visits,follows,total_interactions,engagement_rate_pct,save_rate_pct,share_rate_pct,follow_rate_pct,question_comments,comment_themes,top_comment,brand_reply_rate_pct,account_net_follows_that_day,account_unfollows_that_day
17918804692919058,story,1,2026-03-01,10:52,Sun,10,sneak peek: tonight's reel,26,0,0,none,1,310000,20010,6.5,23331,0,47,0,60,200,20,107,0.53,0.0,0.3,0.1,0,none,none,0.0,270,27
17934693428113981,carousel,1,2026-03-01,14:10,Sun,14,pov: hostel mess serves paneer once a month 😂 👀 🙌 🫶,51,4,2,#memesdaily #comedy,4,310000,36073,11.6,52459,2035,39,37,292,639,88,2403,6.66,0.1,0.81,0.244,0,hostel_request:4,i can't,5.1,270,27
17949800498802743,image,1,2026-03-01,17:40,Sun,17,the one topper who says 'i didn't study' 😂 👀 💀 💯,48,4,10,#collegememes #brainrot #lol #memesdaily #comedy #relatable #memes #funny #reelsindia #viral,1,310088,60611,19.5,80262,3680,106,112,604,1201,172,4502,7.43,0.18,1.0,0.284,0,hostel_request:2,i can't,10.0,270,27
17916089383905805,story,1,2026-03-01,20:31,Sun,20,rate this edit 1-10,19,0,0,none,1,310000,17365,5.6,22500,0,173,0,52,173,17,225,1.3,0.0,0.3,0.098,0,none,none,0.0,270,27
17916414292503646,reel,1,2026-03-02,01:40,Mon,1,ai voice of my cat. it's unhinged. ✨,36,1,10,#memes #comedy #fyp #funny #desimemes #collegememes #viral #lol #relatable #memesdaily,1,310238,178469,57.5,335450,10642,235,478,1254,2827,253,12609,7.07,0.27,0.7,0.142,0,voice_id:4,peak,11.7,1097,25
17955330106291351,story,1,2026-03-02,10:18,Mon,10,question box: roast me,22,0,0,none,1,310238,18895,6.1,22694,0,54,0,56,188,18,110,0.58,0.0,0.3,0.095,54,none,none,0.0,1097,25
17977476022682914,reel,1,2026-03-02,11:50,Mon,11,when your squad leaves you alone,32,0,10,#desimemes #comedy #collegememes #funny #viral #brainrot #lol #reelsindia #fyp #relatable,1,310491,46744,15.1,98843,2639,78,28,201,687,45,2946,6.3,0.06,0.43,0.096,0,none,💀💀💀,11.7,1097,25
17984161194991271,carousel,1,2026-03-02,17:00,Mon,17,me explaining to the auto uncle why 20 rupees is fair 🫶 💀 😍 🔥,61,4,2,#memesdaily #memes,5,310536,97378,31.4,131280,5396,109,107,1070,1640,241,6682,6.86,0.11,1.1,0.247,2,voice_id:3|hostel_request:5,that voice is sending me,11.7,1097,25
17966554790268542,reel,1,2026-03-02,19:50,Mon,19,the hostel warden saga part 1 😭 🔥 💀 ✨,37,4,10,#desimemes #reelsindia #relatable #memesdaily #viral #comedy #funny #collegememes #lol #fyp,1,310777,111501,35.9,217302,5723,167,267,818,1825,565,6975,6.26,0.24,0.73,0.507,0,none,warden arc is peak,8.3,1097,25
17911003693816125,story,1,2026-03-03,09:59,Tue,9,rate this edit 1-10,19,0,0,none,1,311329,14138,4.5,17193,0,112,0,42,141,14,154,1.09,0.0,0.3,0.099,0,none,none,0.0,428,18
17964581834476631,story,1,2026-03-03,10:15,Tue,10,question box: roast me,22,0,0,none,1,311329,21170,6.8,27095,0,49,0,63,211,21,112,0.53,0.0,0.3,0.099,49,none,none,0.0,428,18
17991404342362214,reel,1,2026-03-03,11:10,Tue,11,who else 😭 👀 💯 😂 ✨,18,4,10,#reelsindia #funny #lol #brainrot #fyp #memes #viral #desimemes #relatable #comedy,1,311329,52596,16.9,127439,3122,96,25,455,842,75,3698,7.03,0.05,0.87,0.143,3,repetitive_callout:4,why is this so real,6.7,428,18
17974523762206560,story,1,2026-03-03,13:11,Tue,13,question box: roast me,22,0,0,none,1,311329,19416,6.2,21937,0,42,0,58,194,19,100,0.52,0.0,0.3,0.098,42,none,none,0.0,428,18
17986698191964940,image,1,2026-03-03,14:40,Tue,14,no because why is this true,27,0,8,#viral #memesdaily #lol #comedy #desimemes #reelsindia #funny #fyp,1,311404,19677,6.3,28680,1288,24,12,154,320,34,1478,7.51,0.06,0.78,0.173,1,repetitive_callout:3,sending this to everyone,25.0,428,18
17936504246033423,story,1,2026-03-03,17:16,Tue,17,question box: roast me,22,0,0,none,1,311329,21824,7.0,27785,0,170,0,65,218,21,235,1.08,0.0,0.3,0.096,170,none,none,0.0,428,18
17902493131905541,reel,1,2026-03-03,17:50,Tue,17,tag the friend 🔥 😂 💯 ✨,22,4,12,#comedy #memesdaily #desimemes #brainrot #collegememes #viral #reelsindia #funny #fyp #memes #lol #relatable,1,311438,47822,15.4,98121,2523,102,27,385,685,76,3037,6.35,0.06,0.81,0.159,1,repetitive_callout:3,i'm crying,13.3,428,18
17962308500274061,reel,1,2026-03-03,19:40,Tue,19,lag at the final moment 💀 💯,27,2,5,#lol #reelsindia #desimemes #fyp #viral,1,311514,118297,38.0,227330,7989,306,94,829,2134,186,9218,7.79,0.08,0.7,0.157,0,none,my roommate 😭,6.7,428,18
17941310570633759,reel,1,2026-03-04,01:50,Wed,1,gave an ai my exam timetable. it quit. 🔥 😂,42,2,3,#brainrot #lol #viral,1,311702,124230,39.9,233595,7605,219,360,760,2495,205,8944,7.2,0.29,0.61,0.165,1,voice_id:5,bro 😭,11.7,1011,18
17946051718534498,reel,1,2026-03-04,11:40,Wed,11,average bangalore traffic experience,36,0,0,none,1,311907,146022,46.8,291150,7493,169,169,1487,2717,423,9318,6.38,0.12,1.02,0.29,1,part_2:3|voice_id:1|hostel_request:4,sending this to everyone,10.0,1011,18
17978948964717401,reel,1,2026-03-04,19:40,Wed,19,me explaining to the auto uncle why 20 rupees is fair 🔥 💀 😂 🫶,61,4,10,#desimemes #fyp #collegememes #reelsindia #lol #brainrot #memes #viral #funny #comedy,1,312330,164134,52.6,434575,9854,191,182,1962,3195,401,12189,7.43,0.11,1.2,0.244,2,part_2:4|voice_id:2|hostel_request:4,who's the voice 😭,6.7,1011,18
17965380997815960,reel,1,2026-03-05,00:10,Thu,0,npc behaviour at a family function 💯,36,1,12,#memesdaily #brainrot #lol #funny #reelsindia #desimemes #viral #collegememes #comedy #relatable #memes #fyp,1,312740,152649,48.8,405946,9716,191,165,1870,2312,325,11942,7.82,0.11,1.23,0.213,1,part_2:6|voice_id:4|hostel_request:3,peak,10.0,941,24
17938265067432655,story,1,2026-03-05,09:22,Thu,9,question box: roast me,22,0,0,none,1,312740,22362,7.2,27355,0,134,0,67,223,22,201,0.9,0.0,0.3,0.098,134,none,none,0.0,941,24
17949868947979480,story,1,2026-03-05,10:12,Thu,10,which meme should i do next?,28,0,0,none,1,312740,16390,5.2,20128,0,114,0,49,163,16,163,0.99,0.0,0.3,0.098,0,none,none,0.0,941,24
17938366065881310,story,1,2026-03-05,13:30,Thu,13,sneak peek: tonight's reel,26,0,0,none,1,312740,23474,7.5,26880,0,273,0,70,234,23,343,1.46,0.0,0.3,0.098,0,none,none,0.0,941,24
17952024597620905,carousel,1,2026-03-05,14:00,Thu,14,me explaining to the auto uncle why 20 rupees is fair,53,0,3,#lol #comedy #relatable,8,313065,36022,11.5,43321,2444,55,48,482,527,73,3029,8.41,0.13,1.34,0.203,2,part_2:3|voice_id:2|hostel_request:3,i'm crying,14.5,941,24
17921218448423332,story,1,2026-03-05,20:20,Thu,20,poll: part 2 yes or no,22,0,0,none,1,312740,16139,5.2,19109,0,167,0,48,161,16,215,1.33,0.0,0.3,0.099,0,none,none,0.0,941,24
17930754158222810,reel,1,2026-03-05,22:10,Thu,22,attendance 74.9% and the professor said no,42,0,0,none,1,313138,204915,65.4,537725,11837,435,327,2099,2876,490,14698,7.17,0.16,1.02,0.239,0,hostel_request:3,peak,13.3,941,24
17943022164870380,reel,1,2026-03-06,00:30,Fri,0,💀💀💀,3,0,5,#funny #collegememes #brainrot #lol #memes,1,313613,136860,43.6,359391,8526,223,78,1166,2788,249,9993,7.3,0.06,0.85,0.182,1,repetitive_callout:2,peak,13.3,456,19
17990873164718562,reel,1,2026-03-06,01:10,Fri,1,no because why is this true,27,0,8,#lol #reelsindia #funny #comedy #relatable #brainrot #viral #memesdaily,1,313862,54533,17.4,110873,3031,117,28,410,863,101,3586,6.58,0.05,0.75,0.185,0,repetitive_callout:2,💀💀💀,11.7,456,19
17960324343363213,story,1,2026-03-06,09:46,Fri,9,bts of the skit,15,0,0,none,1,313613,16735,5.3,21442,0,193,0,50,167,16,243,1.45,0.0,0.3,0.096,0,none,none,0.0,456,19
17966112857361965,reel,1,2026-03-06,22:00,Fri,22,this is literally me 🫶 🙌,24,2,10,#funny #lol #memesdaily #memes #viral #brainrot #reelsindia #fyp #desimemes #comedy,1,313963,69382,22.1,164214,3891,157,41,466,1145,109,4555,6.57,0.06,0.67,0.157,1,repetitive_callout:2,sending this to everyone,8.3,456,19
17953813391942310,reel,1,2026-03-07,00:50,Sat,0,pov: you said 'one episode' at 11pm,35,0,0,none,1,314083,238750,76.0,548353,13865,265,221,2328,4615,652,16679,6.99,0.09,0.98,0.273,2,part_2:3|hostel_request:3,LMAOOO,5.0,1058,22
17975347567692693,story,1,2026-03-07,09:03,Sat,9,question box: roast me,22,0,0,none,1,314083,24613,7.8,30950,0,102,0,73,246,24,175,0.71,0.0,0.3,0.098,102,none,none,0.0,1058,22
17960107048382997,story,1,2026-03-07,13:52,Sat,13,question box: roast me,22,0,0,none,1,314083,19683,6.3,21629,0,43,0,59,196,19,102,0.52,0.0,0.3,0.097,43,none,none,0.0,1058,22
17960473595276094,carousel,1,2026-03-07,14:10,Sat,14,npc behaviour at a family function ✨ 😭 🙌 💯 🔥 👀,46,6,5,#viral #relatable #brainrot #memesdaily #lol,7,314735,53901,17.1,78478,3450,72,65,497,929,123,4084,7.58,0.12,0.92,0.228,3,part_2:5|voice_id:1|hostel_request:1,i'm crying,15.0,1058,22
17990057302325488,story,1,2026-03-07,17:11,Sat,17,rate this edit 1-10,19,0,0,none,1,314083,22807,7.3,25067,0,121,0,68,228,22,189,0.83,0.0,0.3,0.096,0,none,none,0.0,1058,22
17939721082028867,reel,1,2026-03-07,22:00,Sat,22,no because why is this true,27,0,12,#memes #relatable #collegememes #brainrot #memesdaily #desimemes #lol #funny #viral #reelsindia #comedy #fyp,1,314858,123064,39.1,286129,7918,296,64,1224,2189,240,9502,7.72,0.05,0.99,0.195,4,repetitive_callout:7,bro 😭,11.7,1058,22
17921775105957100,reel,2,2026-03-08,00:30,Sun,0,who else 😭,10,0,12,#funny #memes #comedy #brainrot #relatable #lol #fyp #viral #collegememes #memesdaily #reelsindia #desimemes,1,315082,59782,19.0,164717,3238,87,27,437,960,103,3789,6.34,0.05,0.73,0.172,3,repetitive_callout:4,the editing 💀,8.3,1556,22
17962860245053084,story,2,2026-03-08,09:23,Sun,9,rate this edit 1-10,19,0,0,none,1,315082,14612,4.6,17806,0,140,0,43,146,14,183,1.25,0.0,0.29,0.096,0,none,none,0.0,1556,22
17975059845193025,reel,2,2026-03-08,14:30,Sun,14,me after losing 1 ranked match,30,0,10,#relatable #fyp #funny #memesdaily #lol #brainrot #collegememes #viral #memes #desimemes,1,315185,92084,29.2,177003,5068,120,58,515,1498,115,5761,6.26,0.06,0.56,0.125,0,none,real gamers know,10.0,1556,22
17908258424478713,reel,2,2026-03-08,17:20,Sun,17,the hostel warden saga part 2,29,0,5,#desimemes #funny #collegememes #lol #memes,1,315300,214226,67.9,491805,13756,517,779,2099,3947,1133,17151,8.01,0.36,0.98,0.529,1,part_2:4,i can't,15.0,1556,22
17965523730048124,image,2,2026-03-08,23:10,Sun,23,me explaining to the auto uncle why 20 rupees is fair ✨ 👀 🫶 😭,61,4,8,#lol #reelsindia #memesdaily #memes #brainrot #relatable #viral #collegememes,1,316433,69102,21.8,105751,4177,79,98,689,1360,213,5043,7.3,0.14,1.0,0.308,3,part_2:4|voice_id:2|hostel_request:8,the editing 💀,20.0,1556,22
17945123022196716,reel,2,2026-03-09,00:10,Mon,0,pov: hostel mess serves paneer once a month 😂,45,1,3,#brainrot #collegememes #relatable,1,316637,250805,79.2,639500,15017,382,298,2349,4356,598,18046,7.2,0.12,0.94,0.238,2,part_2:5|hostel_request:1,i can't,11.7,1304,21
17962982903812485,reel,2,2026-03-09,11:00,Mon,11,this is literally me 💯,22,1,5,#memesdaily #fyp #collegememes #memes #reelsindia,1,317235,57669,18.2,157202,3122,125,31,434,914,102,3712,6.44,0.05,0.75,0.177,3,repetitive_callout:4,i'm crying,10.0,1304,21
17965812176953023,reel,2,2026-03-09,17:30,Mon,17,pov: mom found your report card 😭 🙌 👀 😂,39,4,3,#memesdaily #relatable #lol,1,317337,83753,26.4,191613,5049,182,83,656,1542,174,5970,7.13,0.1,0.78,0.208,0,part_2:5|hostel_request:3,💀💀💀,8.3,1304,21
17985034116407708,story,2,2026-03-09,17:30,Mon,17,rate this edit 1-10,19,0,0,none,1,316637,21140,6.7,27145,0,105,0,63,211,21,168,0.79,0.0,0.3,0.099,0,none,none,0.0,1304,21
17973965272714321,reel,2,2026-03-09,19:30,Mon,19,pov: hostel mess serves paneer once a month 🔥,45,1,2,#memesdaily #collegememes,1,317511,203445,64.1,453165,10755,386,190,1827,3074,430,13158,6.47,0.09,0.9,0.211,0,part_2:4|hostel_request:2,why is this so real,10.0,1304,21
17918816387944457,story,2,2026-03-10,10:47,Tue,10,bts of the skit,15,0,0,none,1,317936,17516,5.5,18662,0,205,0,52,175,17,257,1.47,0.0,0.3,0.097,0,none,none,0.0,231,25
17923901890320944,image,2,2026-03-10,17:40,Tue,17,real,4,0,2,#memes #comedy,1,317936,61684,19.4,81653,3623,99,34,482,1075,108,4238,6.87,0.06,0.78,0.175,2,repetitive_callout:3,the editing 💀,11.7,231,25
17993736788271658,reel,2,2026-03-10,22:50,Tue,22,real ✨,6,1,12,#relatable #memesdaily #comedy #viral #brainrot #funny #collegememes #desimemes #fyp #lol #memes #reelsindia,1,318044,76937,24.2,196905,5120,115,56,580,1282,131,5871,7.63,0.07,0.75,0.17,4,repetitive_callout:6,same template again?,11.7,231,25
17995764652836894,reel,2,2026-03-11,00:30,Wed,0,gave an ai my exam timetable. it quit.,38,0,2,#collegememes #lol,1,318163,286357,90.0,657951,15124,476,594,1768,4816,389,17962,6.27,0.21,0.62,0.136,1,voice_id:5,sending this to everyone,16.7,679,24
17999583527799881,story,2,2026-03-11,09:25,Wed,9,rate this edit 1-10,19,0,0,none,1,318163,21606,6.8,26216,0,112,0,64,216,21,176,0.81,0.0,0.3,0.097,0,none,none,0.0,679,24
17991060384622858,reel,2,2026-03-11,11:40,Wed,11,when your squad leaves you alone 🙌 🔥,36,2,5,#reelsindia #memes #lol #fyp #relatable,1,318552,38762,12.2,96635,2014,57,19,166,747,54,2256,5.82,0.05,0.43,0.139,0,none,peak,17.5,679,24
17943170767814135,reel,2,2026-03-11,17:30,Wed,17,ai voice of my cat. it's unhinged. 😂,36,1,12,#reelsindia #brainrot #relatable #lol #funny #collegememes #desimemes #memes #fyp #viral #comedy #memesdaily,1,318606,117050,36.7,243395,7018,274,255,620,1714,137,8167,6.98,0.22,0.53,0.117,0,voice_id:5,💀💀💀,20.0,679,24
17941661072742720,reel,2,2026-03-11,19:00,Wed,19,when the teammate says 'trust me',33,0,5,#fyp #memesdaily #brainrot #desimemes #funny,1,318743,72254,22.7,193787,4625,183,49,358,998,78,5215,7.22,0.07,0.5,0.108,0,none,bro 😭,8.3,679,24
17909532380804736,story,2,2026-03-11,20:57,Wed,20,which meme should i do next?,28,0,0,none,1,318163,24232,7.6,31456,0,163,0,72,242,24,235,0.97,0.0,0.3,0.099,0,none,none,0.0,679,24
17977101523967567,reel,2,2026-03-12,00:50,Thu,0,pov: you said 'one episode' at 11pm ✨ 👀,39,2,0,none,1,318809,372396,116.8,998009,19893,833,431,2495,5709,646,23652,6.35,0.12,0.67,0.173,1,part_2:10|hostel_request:5,💀💀💀,16.7,1112,27
17941574352965609,image,2,2026-03-12,01:20,Thu,1,npc behaviour at a family function 😂,36,1,8,#reelsindia #fyp #desimemes #relatable #brainrot #lol #collegememes #memesdaily,1,319455,97995,30.7,151203,6627,146,158,1327,1741,276,8258,8.43,0.16,1.35,0.282,3,part_2:4|voice_id:2|hostel_request:5,do hostel mess next,15.0,1112,27
17944912548087425,reel,2,2026-03-12,11:50,Thu,11,the one topper who says 'i didn't study',40,0,5,#reelsindia #memesdaily #memes #lol #brainrot,1,319731,54494,17.0,151929,3058,115,83,542,1002,171,3798,6.97,0.15,0.99,0.314,0,hostel_request:3,i can't,16.7,1112,27
17906748863633465,story,2,2026-03-12,13:18,Thu,13,which meme should i do next?,28,0,0,none,1,318809,13784,4.3,17256,0,109,0,41,137,13,150,1.09,0.0,0.3,0.094,0,none,none,0.0,1112,27
17994872777873445,story,2,2026-03-12,13:40,Thu,13,which meme should i do next?,28,0,0,none,1,318809,13002,4.1,16700,0,145,0,39,130,13,184,1.42,0.0,0.3,0.1,0,none,none,0.0,1112,27
17995038504348618,story,2,2026-03-12,17:34,Thu,17,poll: part 2 yes or no,22,0,0,none,1,318809,20592,6.5,21875,0,57,0,61,205,20,118,0.57,0.0,0.3,0.097,0,none,none,0.0,1112,27
17959265391161249,reel,2,2026-03-13,01:40,Fri,1,viva questions be like,22,0,10,#desimemes #viral #memes #brainrot #relatable #reelsindia #comedy #lol #collegememes #memesdaily,1,319903,178372,55.8,354846,9757,189,347,1750,2541,336,12043,6.75,0.19,0.98,0.188,0,hostel_request:1,💀💀💀,5.0,696,18
17927748544929994,story,2,2026-03-13,09:51,Fri,9,rate this edit 1-10,19,0,0,none,1,319903,17425,5.4,18847,0,167,0,52,174,17,219,1.26,0.0,0.3,0.098,0,none,none,0.0,696,18
17922067668885152,story,2,2026-03-13,09:54,Fri,9,which meme should i do next?,28,0,0,none,1,319903,22720,7.1,25719,0,218,0,68,227,22,286,1.26,0.0,0.3,0.097,0,none,none,0.0,696,18
17937082785730696,reel,2,2026-03-13,21:40,Fri,21,gave an ai my exam timetable. it quit. 😂,40,1,8,#collegememes #viral #reelsindia #brainrot #memes #lol #relatable #funny,1,320239,175113,54.7,444013,9490,272,420,922,2491,221,11104,6.34,0.24,0.53,0.126,0,voice_id:2,i can't,5.0,696,18
17970649994721465,reel,2,2026-03-13,22:00,Fri,22,lag at the final moment,23,0,8,#fyp #brainrot #relatable #memesdaily #comedy #collegememes #lol #memes,1,320460,114514,35.7,259788,6311,247,69,467,1658,118,7094,6.19,0.06,0.41,0.103,0,none,every. single. time.,11.7,696,18
17974939769286857,image,2,2026-03-14,00:40,Sat,0,pov: hostel mess serves paneer once a month 😍 🙌 💀 😂 ✨ 🔥,55,6,12,#lol #brainrot #funny #viral #collegememes #comedy #relatable #memes #reelsindia #fyp #memesdaily #desimemes,1,320570,91455,28.5,136681,5087,146,83,872,1845,260,6188,6.77,0.09,0.95,0.284,0,part_2:2|hostel_request:4,do hostel mess next,10.0,2802,24
17970162511825393,story,2,2026-03-14,09:49,Sat,9,rate this edit 1-10,19,0,0,none,1,320570,20956,6.5,25867,0,191,0,62,209,20,253,1.21,0.0,0.3,0.095,0,none,none,0.0,2802,24
17927345029769849,reel,2,2026-03-14,11:50,Sat,11,viva questions be like,22,0,10,#fyp #viral #memesdaily #collegememes #funny #desimemes #comedy #relatable #memes #lol,1,320830,96123,30.0,266467,5654,118,136,1047,1467,247,6955,7.24,0.14,1.09,0.257,0,hostel_request:5,LMAOOO,6.7,2802,24
17922649403373429,story,2,2026-03-14,13:44,Sat,13,rate this edit 1-10,19,0,0,none,1,320570,21919,6.8,24296,0,143,0,65,219,21,208,0.95,0.0,0.3,0.096,0,none,none,0.0,2802,24
17987281162078638,reel,2,2026-03-14,19:40,Sat,19,the hostel warden saga part 3 🔥,31,1,10,#relatable #viral #brainrot #comedy #reelsindia #memesdaily #memes #collegememes #lol #fyp,1,321077,195360,60.8,363415,12892,442,737,2232,2680,696,16303,8.35,0.38,1.14,0.356,0,part_2:2,waiting for this every day,6.7,2802,24
17924629055566292,reel,2,2026-03-14,23:20,Sat,23,the hostel warden saga part 4 ✨ 😭,33,2,10,#collegememes #memes #fyp #relatable #reelsindia #lol #funny #viral #comedy #desimemes,1,321773,346850,107.8,668770,18052,385,924,2662,5451,1582,22023,6.35,0.27,0.77,0.456,0,part_2:5,bro 😭,11.7,2802,24
17998240977151123,story,3,2026-03-15,09:29,Sun,9,bts of the skit,15,0,0,none,1,323355,18535,5.7,21499,0,175,0,55,185,18,230,1.24,0.0,0.3,0.097,0,none,none,0.0,891,28
17915484799871572,story,3,2026-03-15,09:56,Sun,9,sneak peek: tonight's reel,26,0,0,none,1,323355,22484,7.0,27723,0,109,0,67,224,22,176,0.78,0.0,0.3,0.098,0,none,none,0.0,891,28
17998851056590191,story,3,2026-03-15,10:39,Sun,10,question box: roast me,22,0,0,none,1,323355,22421,6.9,26783,0,49,0,67,224,22,116,0.52,0.0,0.3,0.098,49,none,none,0.0,891,28
17912301545573527,reel,3,2026-03-15,17:00,Sun,17,viva questions be like 🙌 😂 😍 🫶 👀 🔥,34,6,2,#viral #relatable,1,323355,224077,69.3,572726,12886,371,462,2735,3326,528,16454,7.34,0.21,1.22,0.236,0,hostel_request:4,💀💀💀,11.7,891,28
17948963854559086,story,3,2026-03-15,17:04,Sun,17,poll: part 2 yes or no,22,0,0,none,1,323355,19324,6.0,23186,0,205,0,57,193,19,262,1.36,0.0,0.29,0.098,0,none,none,0.0,891,28
17928972397283387,reel,3,2026-03-15,22:40,Sun,22,pov: you're the friend with a car 🫶 🔥,37,2,12,#collegememes #brainrot #comedy #reelsindia #lol #fyp #viral #funny #relatable #memes #desimemes #memesdaily,1,323883,139217,43.0,335740,9068,206,147,1391,2283,286,10812,7.77,0.11,1.0,0.205,4,part_2:6|hostel_request:2,LMAOOO,5.0,891,28
17966852918729893,story,3,2026-03-15,22:57,Sun,22,sneak peek: tonight's reel,26,0,0,none,1,323355,24731,7.6,26956,0,112,0,74,247,24,186,0.75,0.0,0.3,0.097,0,none,none,0.0,891,28
17905499350645961,reel,3,2026-03-16,14:10,Mon,14,real ✨ 👀 🙌 😍 🫶 😂,16,6,12,#comedy #reelsindia #brainrot #viral #fyp #memesdaily #collegememes #funny #lol #desimemes #relatable #memes,1,324158,70172,21.6,162354,4287,146,37,624,1360,137,5094,7.26,0.05,0.89,0.195,1,repetitive_callout:1,i'm crying,11.7,2346,21
17942609435267136,reel,3,2026-03-16,21:00,Mon,21,the hostel warden saga part 5 😍,31,1,8,#lol #collegememes #funny #brainrot #viral #comedy #relatable #desimemes,1,324295,445605,137.4,824266,28452,723,1532,4400,7586,2230,35107,7.88,0.34,0.99,0.5,0,part_2:1,warden arc is peak,16.7,2346,21
17964472956172202,story,3,2026-03-17,13:39,Tue,13,poll: part 2 yes or no,22,0,0,none,1,326528,17928,5.5,20133,0,169,0,53,179,17,222,1.24,0.0,0.3,0.095,0,none,none,0.0,832,28
17937247145417314,reel,3,2026-03-17,14:50,Tue,14,ai edit: if my college was a video game 🫶 🔥,43,2,2,#relatable #comedy,1,326528,93768,28.7,257877,5377,134,252,473,1395,122,6236,6.65,0.27,0.5,0.13,1,voice_id:4,i can't,6.7,832,28
17933838379048594,story,3,2026-03-17,17:49,Tue,17,which meme should i do next?,28,0,0,none,1,326528,25061,7.7,27219,0,69,0,75,250,25,144,0.57,0.0,0.3,0.1,0,none,none,0.0,832,28
17977104219556709,story,3,2026-03-17,20:30,Tue,20,which meme should i do next?,28,0,0,none,1,326528,24367,7.5,30696,0,84,0,73,243,24,157,0.64,0.0,0.3,0.098,0,none,none,0.0,832,28
17965180065132435,reel,3,2026-03-17,21:50,Tue,21,npc behaviour at a family function,34,0,0,none,1,326650,141033,43.2,310847,7620,158,181,1412,2305,297,9371,6.64,0.13,1.0,0.211,3,part_2:3|voice_id:2|hostel_request:3,PART 2??,8.3,832,28
17927164764569538,reel,3,2026-03-17,23:20,Tue,23,ai voice of my cat. it's unhinged. 💀,36,1,5,#memesdaily #comedy #brainrot #collegememes #fyp,1,326947,278015,85.0,511384,17681,559,661,1891,3799,375,20792,7.48,0.24,0.68,0.135,1,voice_id:3,that voice is sending me,10.0,832,28
17904075461156151,story,3,2026-03-18,09:18,Wed,9,sneak peek: tonight's reel,26,0,0,none,1,327300,25727,7.9,30637,0,249,0,77,257,25,326,1.27,0.0,0.3,0.097,0,none,none,0.0,895,20
17926098772928603,story,3,2026-03-18,10:12,Wed,10,poll: part 2 yes or no,22,0,0,none,1,327300,23004,7.0,25180,0,237,0,69,230,23,306,1.33,0.0,0.3,0.1,0,none,none,0.0,895,20
17946008145748564,reel,3,2026-03-18,11:20,Wed,11,tag the friend 🙌 😍 💀 🫶 🔥 😂,26,6,8,#fyp #comedy #reelsindia #lol #funny #desimemes #collegememes #memesdaily,1,327300,82914,25.3,211898,4311,140,36,663,1666,181,5150,6.21,0.04,0.8,0.218,2,repetitive_callout:4,sending this to everyone,13.3,895,20
17945917281625517,story,3,2026-03-18,13:36,Wed,13,question box: roast me,22,0,0,none,1,327300,13882,4.2,15190,0,112,0,41,138,13,153,1.1,0.0,0.3,0.094,112,none,none,0.0,895,20
17942384011775462,reel,3,2026-03-18,17:10,Wed,17,gave an ai my exam timetable. it quit.,38,0,3,#lol #desimemes #memesdaily,1,327481,118140,36.1,221172,8005,191,337,771,1639,133,9304,7.88,0.29,0.65,0.113,0,none,i can't,10.0,895,20
17936947767214031,story,3,2026-03-18,17:35,Wed,17,rate this edit 1-10,19,0,0,none,1,327300,17106,5.2,22236,0,122,0,51,171,17,173,1.01,0.0,0.3,0.099,0,none,none,0.0,895,20
17936741797311108,story,3,2026-03-18,20:13,Wed,20,sneak peek: tonight's reel,26,0,0,none,1,327300,16133,4.9,17453,0,147,0,48,161,16,195,1.21,0.0,0.3,0.099,0,none,none,0.0,895,20
17971813374583407,story,3,2026-03-18,20:47,Wed,20,poll: part 2 yes or no,22,0,0,none,1,327300,14023,4.3,14969,0,30,0,42,140,14,72,0.51,0.0,0.3,0.1,0,none,none,0.0,895,20
17916700309560586,story,3,2026-03-18,22:13,Wed,22,bts of the skit,15,0,0,none,1,327300,26013,7.9,32196,0,207,0,78,260,26,285,1.1,0.0,0.3,0.1,0,none,none,0.0,895,20
17987649878998062,reel,3,2026-03-18,22:40,Wed,22,viva questions be like,22,0,8,#fyp #comedy #collegememes #desimemes #reelsindia #memesdaily #memes #funny,1,327614,212655,64.9,514973,14469,405,405,2541,3277,467,17820,8.38,0.19,1.19,0.22,0,hostel_request:2,the editing 💀,13.3,895,20
17964626335744543,reel,3,2026-03-19,01:40,Thu,1,pov: hostel mess serves paneer once a month 💯 😍 💀 🫶 🔥 🙌,55,6,12,#viral #reelsindia #funny #fyp #memes #relatable #memesdaily #collegememes #desimemes #lol #brainrot #comedy,1,328087,164625,50.2,347104,8875,231,150,1093,2442,336,10349,6.29,0.09,0.66,0.204,0,part_2:2|hostel_request:2,💀💀💀,13.3,1038,27
17975357823337302,story,3,2026-03-19,10:17,Thu,10,rate this edit 1-10,19,0,0,none,1,328087,16273,5.0,18494,0,60,0,48,162,16,108,0.66,0.0,0.29,0.098,0,none,none,0.0,1038,27
17986810529713166,image,3,2026-03-19,14:30,Thu,14,when the wifi drops for 1 second 😍,34,1,3,#lol #memesdaily #memes,1,328423,38096,11.6,55859,2283,56,36,411,552,68,2786,7.31,0.09,1.08,0.178,0,part_2:1|voice_id:1|hostel_request:2,sending this to everyone,16.1,1038,27
17971071301571879,story,3,2026-03-19,17:17,Thu,17,poll: part 2 yes or no,22,0,0,none,1,328087,17286,5.3,21785,0,202,0,51,172,17,253,1.46,0.0,0.3,0.098,0,none,none,0.0,1038,27
17917060009909032,reel,3,2026-03-19,17:20,Thu,17,tag the friend 🙌,16,1,0,none,1,328491,120705,36.7,221969,6352,231,65,704,2434,279,7352,6.09,0.05,0.58,0.231,1,repetitive_callout:4,bro 😭,13.3,1038,27
17970110591761570,reel,3,2026-03-19,19:20,Thu,19,pov: you're the friend with a car 😂,35,1,5,#relatable #reelsindia #memes #lol #brainrot,1,328770,138035,42.0,335434,7838,216,172,1285,2740,349,9511,6.89,0.12,0.93,0.253,1,part_2:2|hostel_request:3,💀💀💀,8.3,1038,27
17954160115586351,reel,3,2026-03-20,00:40,Fri,0,this is literally me 💯 🙌 👀 😭,28,4,12,#relatable #lol #memes #desimemes #memesdaily #viral #funny #collegememes #reelsindia #brainrot #comedy #fyp,1,329109,237248,72.1,448086,13853,267,125,1678,4830,439,15923,6.71,0.05,0.71,0.185,2,repetitive_callout:7,LMAOOO,8.3,2682,19
17944672856210918,story,3,2026-03-20,13:33,Fri,13,question box: roast me,22,0,0,none,1,329109,13301,4.0,14464,0,76,0,39,133,13,115,0.86,0.0,0.29,0.098,76,none,none,0.0,2682,19
17919966354589652,reel,3,2026-03-20,14:50,Fri,14,pov: hostel mess serves paneer once a month 😂,45,1,12,#fyp #brainrot #desimemes #funny #comedy #viral #collegememes #memesdaily #relatable #lol #memes #reelsindia,1,329548,65569,19.9,129496,4461,175,84,608,1175,171,5328,8.13,0.13,0.93,0.261,0,part_2:3|hostel_request:5,sending this to everyone,18.3,2682,19
17928245702030438,story,3,2026-03-20,17:08,Fri,17,question box: roast me,22,0,0,none,1,329109,22923,7.0,25493,0,176,0,68,229,22,244,1.06,0.0,0.3,0.096,176,none,none,0.0,2682,19
17962132915863031,reel,3,2026-03-20,22:00,Fri,22,the hostel warden saga part 6 😍,31,1,0,none,1,329719,499889,151.6,1019059,26222,996,1311,3226,7690,2056,31755,6.35,0.26,0.65,0.411,3,part_2:8,sending this to everyone,13.3,2682,19
17949944281561495,reel,3,2026-03-21,00:10,Sat,0,the hostel warden saga part 7 😂 🔥 ✨ 👀 🫶 😭,41,6,2,#collegememes #relatable,1,331785,622993,187.8,1630914,36760,816,1540,6559,9347,2729,45675,7.33,0.25,1.05,0.438,0,none,why is this so real,5.0,3520,24
17907806024411528,reel,3,2026-03-21,01:20,Sat,1,pov: you opened the fridge for the 9th time 😂 🔥,47,2,0,none,1,334514,255214,76.3,578657,17506,550,323,3002,3780,472,21381,8.38,0.13,1.18,0.185,0,part_2:1|hostel_request:5,i can't,10.0,3520,24
17960072784247996,reel,3,2026-03-21,11:30,Sat,11,this is literally me 💯,22,1,8,#desimemes #memes #reelsindia #fyp #lol #memesdaily #comedy #brainrot,1,334986,99657,29.7,198477,6074,123,54,648,1477,160,6899,6.92,0.05,0.65,0.161,1,repetitive_callout:2,peak,8.3,3520,24
17978034989827343,reel,3,2026-03-21,23:10,Sat,23,i asked an ai to make my city a movie trailer ✨ 💀 🙌 😭,53,4,3,#viral #comedy #brainrot,1,335146,136162,40.6,341759,7488,189,334,861,2319,183,8872,6.52,0.25,0.63,0.134,2,voice_id:4,peak,15.0,3520,24
17998089240923026,reel,4,2026-03-22,01:00,Sun,1,i asked an ai to make my city a movie trailer 😍,47,1,5,#memesdaily #reelsindia #desimemes #viral #lol,1,335327,130063,38.8,247134,8207,240,277,963,1791,174,9687,7.45,0.21,0.74,0.134,1,voice_id:3,i'm crying,20.0,1913,25
17977402985183659,story,4,2026-03-22,17:20,Sun,17,bts of the skit,15,0,0,none,1,335327,16436,4.9,19597,0,148,0,49,164,16,197,1.2,0.0,0.3,0.097,0,none,none,0.0,1913,25
17953602498743051,reel,4,2026-03-22,17:50,Sun,17,"exam tomorrow, syllabus unknown 💯",33,1,0,none,1,335501,187457,55.9,433380,11803,421,364,1826,2802,403,14414,7.69,0.19,0.97,0.215,0,hostel_request:4,why is this so real,8.3,1913,25
17919375483179503,reel,4,2026-03-22,19:20,Sun,19,the hostel warden saga part 8,29,0,10,#lol #memes #comedy #viral #relatable #memesdaily #funny #desimemes #collegememes #brainrot,1,335904,272089,81.0,682777,17147,702,705,2917,4839,1345,21471,7.89,0.26,1.07,0.494,0,part_2:3,sending this to everyone,18.3,1913,25
17985183668586573,image,4,2026-03-23,00:10,Mon,0,real,4,0,10,#memesdaily #relatable #lol #desimemes #brainrot #fyp #viral #reelsindia #collegememes #funny,1,337239,93850,27.8,124684,5187,122,60,780,1887,179,6149,6.55,0.06,0.83,0.191,1,repetitive_callout:3,LMAOOO,15.0,299,21
17994622792633921,story,4,2026-03-23,13:52,Mon,13,question box: roast me,22,0,0,none,1,337239,14274,4.2,15165,0,125,0,42,142,14,167,1.17,0.0,0.29,0.098,125,none,none,0.0,299,21
17933468358358514,story,4,2026-03-23,17:46,Mon,17,which meme should i do next?,28,0,0,none,1,337239,17432,5.2,18884,0,137,0,52,174,17,189,1.08,0.0,0.3,0.098,0,none,none,0.0,299,21
17913126126643944,reel,4,2026-03-23,17:50,Mon,17,me after losing 1 ranked match 😂 🙌,34,2,8,#viral #comedy #lol #desimemes #funny #memes #collegememes #brainrot,1,337418,67334,20.0,171915,3675,71,40,383,1131,87,4169,6.19,0.06,0.57,0.129,0,none,i'm crying,8.3,299,21
17960103010286758,story,4,2026-03-23,20:14,Mon,20,which meme should i do next?,28,0,0,none,1,337239,23367,6.9,26187,0,201,0,70,233,23,271,1.16,0.0,0.3,0.098,0,none,none,0.0,299,21
17970308052435817,reel,4,2026-03-24,11:50,Tue,11,tag the friend,14,0,8,#comedy #collegememes #funny #lol #desimemes #viral #relatable #fyp,1,337491,59066,17.5,161661,4031,136,36,610,1185,129,4813,8.15,0.06,1.03,0.218,1,repetitive_callout:1,the editing 💀,11.7,598,28
17922427827838754,story,4,2026-03-24,13:07,Tue,13,which meme should i do next?,28,0,0,none,1,337491,16859,5.0,20638,0,116,0,50,168,16,166,0.98,0.0,0.3,0.095,0,none,none,0.0,598,28
17970436085811537,reel,4,2026-03-24,19:50,Tue,19,me explaining to the auto uncle why 20 rupees is fair,53,0,0,none,1,337620,186189,55.1,350417,10359,189,211,1583,3307,461,12342,6.63,0.11,0.85,0.248,1,part_2:2|voice_id:2|hostel_request:1,💀💀💀,6.7,598,28
17967306683988172,story,4,2026-03-24,20:34,Tue,20,bts of the skit,15,0,0,none,1,337491,20540,6.1,23356,0,163,0,61,205,20,224,1.09,0.0,0.3,0.097,0,none,none,0.0,598,28
17978022583326203,reel,4,2026-03-25,11:30,Wed,11,tag the friend 💯 😍 🔥 💀,22,4,3,#reelsindia #relatable #memesdaily,1,338076,77617,23.0,200281,4340,140,45,651,1056,104,5176,6.67,0.06,0.84,0.134,0,none,i can't,8.3,1679,26
17919850079675631,story,4,2026-03-25,20:50,Wed,20,question box: roast me,22,0,0,none,1,338076,25340,7.5,32850,0,94,0,76,253,25,170,0.67,0.0,0.3,0.099,94,none,none,0.0,1679,26
17917897407087814,reel,4,2026-03-25,21:10,Wed,21,this is literally me,20,0,8,#relatable #memesdaily #brainrot #memes #reelsindia #fyp #desimemes #viral,1,338180,50904,15.1,122301,3204,76,32,356,791,87,3668,7.21,0.06,0.7,0.171,2,repetitive_callout:3,💀💀💀,11.7,1679,26
17932931418057578,reel,4,2026-03-25,22:00,Wed,22,no because why is this true 🫶 👀 🙌 💯 ✨ 😂,39,6,10,#memesdaily #fyp #desimemes #lol #collegememes #brainrot #funny #viral #reelsindia #relatable,1,338267,53643,15.9,112944,2751,93,29,425,761,70,3298,6.15,0.05,0.79,0.13,1,repetitive_callout:2,i can't,8.3,1679,26
17932433461991696,story,4,2026-03-25,22:38,Wed,22,sneak peek: tonight's reel,26,0,0,none,1,338076,17543,5.2,19661,0,88,0,52,175,17,140,0.8,0.0,0.3,0.097,0,none,none,0.0,1679,26
17995858869725984,story,4,2026-03-25,22:54,Wed,22,which meme should i do next?,28,0,0,none,1,338076,20750,6.1,23553,0,114,0,62,207,20,176,0.85,0.0,0.3,0.096,0,none,none,0.0,1679,26
17923956355659416,reel,4,2026-03-25,23:00,Wed,23,"exam tomorrow, syllabus unknown 😭 🫶 👀 😂",39,4,0,none,1,338337,421425,124.6,1098532,28539,731,987,4557,7854,1382,34814,8.26,0.23,1.08,0.328,0,hostel_request:3,peak,13.3,1679,26
17935892057016522,story,4,2026-03-26,09:08,Thu,9,question box: roast me,22,0,0,none,1,339714,25798,7.6,31783,0,104,0,77,257,25,181,0.7,0.0,0.3,0.097,104,none,none,0.0,457,25
17937577950372171,image,4,2026-03-26,17:40,Thu,17,this is literally me,20,0,2,#reelsindia #memes,1,339714,99828,29.4,120171,5515,143,46,834,1764,208,6538,6.55,0.05,0.84,0.208,0,repetitive_callout:1,i can't,11.7,457,25
17988302633771241,story,4,2026-03-26,20:14,Thu,20,bts of the skit,15,0,0,none,1,339714,25776,7.6,27809,0,267,0,77,257,25,344,1.33,0.0,0.3,0.097,0,none,none,0.0,457,25
17939894913561907,reel,4,2026-03-26,21:40,Thu,21,this is literally me,20,0,2,#viral #brainrot,1,339922,97035,28.5,214102,6077,249,56,922,1771,202,7304,7.53,0.06,0.95,0.208,2,repetitive_callout:5,my roommate 😭,21.7,457,25
17967419283699779,story,4,2026-03-26,22:51,Thu,22,poll: part 2 yes or no,22,0,0,none,1,339714,22112,6.5,26685,0,224,0,66,221,22,290,1.31,0.0,0.3,0.099,0,none,none,0.0,457,25
17935314418315243,story,4,2026-03-27,13:00,Fri,13,which meme should i do next?,28,0,0,none,1,340129,18280,5.4,22454,0,214,0,54,182,18,268,1.47,0.0,0.3,0.098,0,none,none,0.0,1401,21
17956343320837757,reel,4,2026-03-27,14:00,Fri,14,gave an ai my exam timetable. it quit. 🔥,40,1,0,none,1,340129,110561,32.5,248274,6631,233,221,607,1703,145,7692,6.96,0.2,0.55,0.131,3,voice_id:5,my roommate 😭,10.0,1401,21
17916490671792305,image,4,2026-03-27,19:50,Fri,19,the one topper who says 'i didn't study' 💀,42,1,8,#fyp #memesdaily #lol #funny #relatable #collegememes #desimemes #memes,1,340274,88283,25.9,129113,5791,142,190,1197,1295,189,7320,8.29,0.22,1.36,0.214,0,hostel_request:1,the editing 💀,8.3,1401,21
17948853599690523,reel,4,2026-03-27,21:00,Fri,21,my last brain cell during exams 😂 🙌 😍 💯,39,4,5,#brainrot #fyp #funny #relatable #lol,1,340463,186915,54.9,499627,12849,460,229,2497,2775,448,16035,8.58,0.12,1.34,0.24,1,part_2:3|voice_id:3|hostel_request:2,hostel series when,10.0,1401,21
17921786685985067,story,4,2026-03-27,22:28,Fri,22,poll: part 2 yes or no,22,0,0,none,1,340129,18742,5.5,23423,0,44,0,56,187,18,100,0.53,0.0,0.3,0.096,0,none,none,0.0,1401,21
17924372200096430,reel,4,2026-03-27,23:10,Fri,23,my inner monologue at 3am 😂,27,1,2,#fyp #comedy,1,340911,240721,70.6,451366,14832,309,305,2412,4270,604,17858,7.42,0.13,1.0,0.251,2,part_2:3|voice_id:1|hostel_request:5,sending this to everyone,11.7,1401,21
17983890309946904,image,4,2026-03-28,00:00,Sat,0,tag the friend 😂 🫶,18,2,2,#viral #fyp,1,341519,215168,63.0,326235,13812,405,129,1517,3864,379,15863,7.37,0.06,0.71,0.176,1,repetitive_callout:2,bro 😭,11.7,762,24
17981783432189953,reel,4,2026-03-28,01:30,Sat,1,pov: you're the friend with a car,33,0,3,#lol #comedy #reelsindia,1,341898,130670,38.2,326331,8242,294,188,1117,2232,272,9841,7.53,0.14,0.85,0.208,0,part_2:1|hostel_request:5,bro 😭,13.3,762,24
17927464151683384,story,4,2026-03-28,10:49,Sat,10,bts of the skit,15,0,0,none,1,341519,24744,7.2,30000,0,171,0,74,247,24,245,0.99,0.0,0.3,0.097,0,none,none,0.0,762,24
17946701779810849,reel,4,2026-03-28,21:10,Sat,21,me after losing 1 ranked match 😂 🙌 😍 😭,38,4,12,#comedy #memes #funny #desimemes #lol #relatable #collegememes #brainrot #memesdaily #fyp #reelsindia #viral,1,342170,97598,28.5,246967,5273,167,48,489,1397,111,5977,6.12,0.05,0.5,0.114,0,none,LMAOOO,20.0,762,24
17937152656353394,reel,5,2026-03-29,00:20,Sun,0,pov: you're the friend with a car,33,0,2,#collegememes #comedy,1,342263,348146,101.7,658915,22951,931,428,3413,5242,653,27723,7.96,0.12,0.98,0.188,0,part_2:3|hostel_request:2,LMAOOO,15.0,2278,23
17942499671521475,story,5,2026-03-29,09:07,Sun,9,question box: roast me,22,0,0,none,1,342263,18392,5.4,21585,0,114,0,55,183,18,169,0.92,0.0,0.3,0.098,114,none,none,0.0,2278,23
17983098938566127,story,5,2026-03-29,09:37,Sun,9,which meme should i do next?,28,0,0,none,1,342263,20468,6.0,23283,0,177,0,61,204,20,238,1.16,0.0,0.3,0.098,0,none,none,0.0,2278,23
17940676471332044,story,5,2026-03-29,10:46,Sun,10,bts of the skit,15,0,0,none,1,342263,15743,4.6,16970,0,134,0,47,157,15,181,1.15,0.0,0.3,0.095,0,none,none,0.0,2278,23
17930877419736735,reel,5,2026-03-29,11:00,Sun,11,the hostel warden saga part 9,29,0,10,#reelsindia #funny #comedy #viral #relatable #desimemes #memesdaily #lol #memes #collegememes,1,342916,247740,72.2,609881,13102,262,641,2212,3749,1176,16217,6.55,0.26,0.89,0.475,0,part_2:2,bro 😭,21.7,2278,23
17999642109586630,image,5,2026-03-29,17:10,Sun,17,average bangalore traffic experience 👀,38,1,5,#reelsindia #lol #viral #fyp #comedy,1,344092,64106,18.6,93706,3289,134,54,493,1285,198,3970,6.19,0.08,0.77,0.309,3,part_2:5|hostel_request:3,LMAOOO,13.3,2278,23
17979537167844140,story,5,2026-03-29,17:13,Sun,17,question box: roast me,22,0,0,none,1,342263,16868,4.9,17796,0,174,0,50,168,16,224,1.33,0.0,0.3,0.095,174,none,none,0.0,2278,23
17933200745453445,reel,5,2026-03-29,19:50,Sun,19,this is literally me,20,0,3,#comedy #desimemes #collegememes,1,344290,147790,42.9,327375,7539,245,75,1122,2283,205,8981,6.08,0.05,0.76,0.139,3,repetitive_callout:4,why is this so real,10.0,2278,23
17943144011799182,reel,5,2026-03-30,17:00,Mon,17,the hostel warden saga part 10 🔥 😂,34,2,0,none,1,344499,536297,155.7,1472031,29242,857,1646,5200,7474,2289,36945,6.89,0.31,0.97,0.427,1,part_2:3,peak,10.0,2418,28
17944884737632565,reel,5,2026-03-30,19:30,Mon,19,i asked an ai to make my city a movie trailer ✨,47,1,3,#collegememes #fyp #brainrot,1,346788,117849,34.0,277730,6573,173,289,572,1738,142,7607,6.45,0.25,0.49,0.12,0,voice_id:4,sending this to everyone,11.7,2418,28
17934449474540833,story,5,2026-03-30,20:02,Mon,20,bts of the skit,15,0,0,none,1,344499,15212,4.4,18254,0,55,0,45,152,15,100,0.66,0.0,0.3,0.099,0,none,none,0.0,2418,28
17957304518090944,reel,5,2026-03-31,14:30,Tue,14,pov: you said 'one episode' at 11pm 😍,37,1,8,#memesdaily #fyp #collegememes #funny #reelsindia #brainrot #comedy #lol,1,346916,103536,29.8,268032,5837,148,126,873,1534,193,6984,6.75,0.12,0.84,0.186,1,part_2:5|hostel_request:4,💀💀💀,16.7,433,29
17914041234331609,story,5,2026-03-31,17:01,Tue,17,poll: part 2 yes or no,22,0,0,none,1,346916,24407,7.0,28071,0,67,0,73,244,24,140,0.57,0.0,0.3,0.098,0,none,none,0.0,433,29
17903331252522647,story,5,2026-03-31,17:26,Tue,17,which meme should i do next?,28,0,0,none,1,346916,22952,6.6,24466,0,92,0,68,229,22,160,0.7,0.0,0.3,0.096,0,none,none,0.0,433,29
17907482279461186,story,5,2026-03-31,20:07,Tue,20,which meme should i do next?,28,0,0,none,1,346916,17445,5.0,18331,0,103,0,52,174,17,155,0.89,0.0,0.3,0.097,0,none,none,0.0,433,29
17943207851298282,story,5,2026-03-31,20:28,Tue,20,rate this edit 1-10,19,0,0,none,1,346916,17011,4.9,19568,0,98,0,51,170,17,149,0.88,0.0,0.3,0.1,0,none,none,0.0,433,29
17909160002147924,reel,5,2026-03-31,21:50,Tue,21,who else 😭 😭,12,1,5,#viral #collegememes #funny #relatable #reelsindia,1,347109,109024,31.4,255650,7163,261,63,769,1760,171,8256,7.57,0.06,0.71,0.157,0,repetitive_callout:3,not funny anymore,3.3,433,29
17941268060330177,story,5,2026-03-31,22:56,Tue,22,which meme should i do next?,28,0,0,none,1,346916,18166,5.2,20322,0,187,0,54,181,18,241,1.33,0.0,0.3,0.099,0,none,none,0.0,433,29
17926043849258386,reel,5,2026-04-01,00:50,Wed,0,"exam tomorrow, syllabus unknown",31,0,0,none,1,347278,550906,158.6,1195360,30109,1215,724,5014,7807,1293,37062,6.73,0.13,0.91,0.235,0,hostel_request:5,my roommate 😭,8.3,4185,28
17986744318456831,story,5,2026-04-01,13:33,Wed,13,sneak peek: tonight's reel,26,0,0,none,1,347278,20073,5.8,25755,0,200,0,60,200,20,260,1.3,0.0,0.3,0.1,0,none,none,0.0,4185,28
17909853847227796,story,5,2026-04-01,13:34,Wed,13,poll: part 2 yes or no,22,0,0,none,1,347278,14209,4.1,17314,0,127,0,42,142,14,169,1.19,0.0,0.3,0.099,0,none,none,0.0,4185,28
17915673060014709,reel,5,2026-04-01,14:00,Wed,14,the hostel warden saga part 11,30,0,2,#brainrot #memesdaily,1,348571,565599,162.3,1156725,29192,906,1691,3775,10234,2886,35564,6.29,0.3,0.67,0.51,0,part_2:3,my roommate 😭,11.7,4185,28
17958756291279860,reel,5,2026-04-02,00:20,Thu,0,the hostel warden saga part 12 🫶 💯,34,2,2,#memes #fyp,1,351450,758029,215.7,1648049,40481,972,1898,5679,10881,3263,49030,6.47,0.25,0.75,0.43,4,part_2:8,warden arc is peak,8.3,3549,27
17909925788289593,story,5,2026-04-02,09:32,Thu,9,which meme should i do next?,28,0,0,none,1,351450,22988,6.5,24634,0,220,0,68,229,22,288,1.25,0.0,0.3,0.096,0,none,none,0.0,3549,27
17967007775203419,carousel,5,2026-04-02,19:10,Thu,19,this is literally me 💀,22,1,0,none,6,354713,55933,15.8,86281,3601,93,28,414,952,89,4136,7.39,0.05,0.74,0.159,4,repetitive_callout:6,the editing 💀,13.3,3549,27
17939517411832520,image,5,2026-04-02,23:30,Thu,23,i asked an ai to make my city a movie trailer,45,0,0,none,1,354802,96065,27.1,142066,5707,191,246,550,1950,202,6694,6.97,0.26,0.57,0.21,0,voice_id:1,sending this to everyone,8.3,3549,27
17969435949891017,reel,5,2026-04-03,00:30,Fri,0,this is literally me 😂,22,1,0,none,1,354991,446242,125.7,824445,28694,1178,276,4521,6160,650,34669,7.77,0.06,1.01,0.146,0,repetitive_callout:3,my roommate 😭,11.7,1966,27
17981829081454054,reel,5,2026-04-03,14:40,Fri,14,when the wifi drops for 1 second 🙌 🫶,36,2,0,none,1,355641,133899,37.7,318469,9051,287,187,1494,2182,298,11019,8.23,0.14,1.12,0.223,3,part_2:7|voice_id:5|hostel_request:5,that voice is sending me,5.0,1966,27
17989068066479432,reel,5,2026-04-03,21:50,Fri,21,me explaining to the auto uncle why 20 rupees is fair 😂,55,1,0,none,1,355939,109352,30.7,218888,6237,201,108,1256,1883,268,7802,7.13,0.1,1.15,0.245,3,part_2:4|voice_id:1|hostel_request:4,LMAOOO,10.0,1966,27
17965994011032866,reel,5,2026-04-03,22:40,Fri,22,8am lecture survivors 💯 👀 🙌 ✨,29,4,5,#memesdaily #viral #lol #memes #fyp,1,356207,399126,112.0,901679,22383,626,739,3611,5765,777,27359,6.85,0.19,0.9,0.195,0,hostel_request:4,do hostel mess next,13.3,1966,27
17970443585699209,reel,5,2026-04-04,00:40,Sat,0,ai edit: if my college was a video game 💯 😍,43,2,8,#comedy #funny #desimemes #viral #fyp #brainrot #memesdaily #reelsindia,1,356981,181318,50.8,360157,9915,395,378,1074,3015,260,11762,6.49,0.21,0.59,0.143,0,voice_id:1,the editing 💀,8.3,2367,24
17938946596206838,story,5,2026-04-04,09:30,Sat,9,rate this edit 1-10,19,0,0,none,1,356981,26844,7.5,28471,0,243,0,80,268,26,323,1.2,0.0,0.3,0.097,0,none,none,0.0,2367,24
17962202153314727,story,5,2026-04-04,17:36,Sat,17,bts of the skit,15,0,0,none,1,356981,19818,5.6,24703,0,224,0,59,198,19,283,1.43,0.0,0.3,0.096,0,none,none,0.0,2367,24
17917606299632475,story,5,2026-04-04,17:39,Sat,17,which meme should i do next?,28,0,0,none,1,356981,21427,6.0,25399,0,81,0,64,214,21,145,0.68,0.0,0.3,0.098,0,none,none,0.0,2367,24
17988375982692953,reel,5,2026-04-04,21:20,Sat,21,the hostel warden saga part 13 😂,32,1,10,#comedy #relatable #desimemes #memesdaily #fyp #funny #collegememes #viral #lol #reelsindia,1,357241,388874,108.9,775294,23705,582,1235,3592,5615,1739,29114,7.49,0.32,0.92,0.447,1,part_2:5,💀💀💀,13.3,2367,24
17937451724474671,reel,5,2026-04-04,22:00,Sat,22,me after losing 1 ranked match 💯 🔥,34,2,2,#relatable #brainrot,1,358980,237619,66.2,517358,13071,352,127,1050,4250,326,14600,6.14,0.05,0.44,0.137,0,none,i'm crying,10.0,2367,24
17951089748001892,reel,6,2026-04-05,01:30,Sun,1,pov: hostel mess serves paneer once a month 😭 💀 ✨ 👀 🙌 🔥,55,6,5,#collegememes #lol #brainrot #memesdaily #funny,1,359308,255621,71.1,667265,17442,327,320,2065,3550,464,20154,7.88,0.13,0.81,0.182,0,part_2:3|hostel_request:4,the editing 💀,11.7,3513,21
17911037590041267,story,6,2026-04-05,09:09,Sun,9,which meme should i do next?,28,0,0,none,1,359308,17609,4.9,19586,0,124,0,52,176,17,176,1.0,0.0,0.3,0.097,0,none,none,0.0,3513,21
17980880212945128,reel,6,2026-04-05,14:40,Sun,14,me after losing 1 ranked match,30,0,5,#desimemes #funny #viral #reelsindia #fyp,1,359772,87443,24.3,206820,5975,206,63,589,1608,114,6833,7.81,0.07,0.67,0.13,0,none,sending this to everyone,11.7,3513,21
17969086659655639,reel,6,2026-04-05,19:30,Sun,19,the hostel warden saga part 14 😍 😭,34,2,5,#funny #reelsindia #brainrot #desimemes #collegememes,1,359886,460688,128.0,1108967,27158,1073,1255,3834,9268,2777,33320,7.23,0.27,0.83,0.603,2,part_2:4,bro 😭,20.0,3513,21
17913524685728715,reel,6,2026-04-05,22:00,Sun,22,when the teammate says 'trust me' 🫶,35,1,5,#lol #reelsindia #funny #brainrot #relatable,1,362663,101031,27.9,204536,6962,256,65,553,1941,162,7836,7.76,0.06,0.55,0.16,0,none,sending this to everyone,6.7,3513,21
17980687000836143,reel,6,2026-04-06,01:10,Mon,1,viva questions be like 😍,24,1,5,#reelsindia #viral #comedy #relatable #desimemes,1,362822,516862,142.5,1375797,30057,1210,1046,5095,10092,1377,37408,7.24,0.2,0.99,0.266,0,hostel_request:5,i can't,13.3,2240,22
17993699690392582,reel,6,2026-04-06,11:50,Mon,11,the hostel warden saga part 15,30,0,10,#memesdaily #reelsindia #comedy #funny #viral #memes #brainrot #desimemes #fyp #lol,1,364199,118312,32.5,298162,8161,213,441,1203,1990,653,10018,8.47,0.37,1.02,0.552,0,part_2:6,sending this to everyone,1.7,2240,22
17929081212039864,story,6,2026-04-06,20:14,Mon,20,poll: part 2 yes or no,22,0,0,none,1,362822,14727,4.1,15681,0,120,0,44,147,14,164,1.11,0.0,0.3,0.095,0,none,none,0.0,2240,22
17995777810970632,reel,6,2026-04-06,21:30,Mon,21,tag the friend,14,0,5,#desimemes #reelsindia #viral #funny #memesdaily,1,364852,101414,27.8,207065,5463,201,58,631,2001,190,6353,6.26,0.06,0.62,0.187,1,repetitive_callout:3,the editing 💀,13.3,2240,22
17914684601376611,story,6,2026-04-06,22:27,Mon,22,rate this edit 1-10,19,0,0,none,1,362822,28024,7.7,36181,0,163,0,84,280,28,247,0.88,0.0,0.3,0.1,0,none,none,0.0,2240,22
17910263786597785,story,6,2026-04-07,09:13,Tue,9,bts of the skit,15,0,0,none,1,365038,24883,6.8,28178,0,72,0,74,248,24,146,0.59,0.0,0.3,0.096,0,none,none,0.0,619,29
17983538356239932,story,6,2026-04-07,10:52,Tue,10,poll: part 2 yes or no,22,0,0,none,1,365038,17280,4.7,18766,0,98,0,51,172,17,149,0.86,0.0,0.3,0.098,0,none,none,0.0,619,29
17912933441935547,carousel,6,2026-04-07,17:10,Tue,17,when your squad leaves you alone,32,0,5,#reelsindia #desimemes #viral #fyp #funny,3,365038,39965,10.9,56323,2260,86,19,189,711,52,2554,6.39,0.05,0.47,0.13,0,none,real gamers know,5.0,619,29
17978014418543933,reel,6,2026-04-07,21:10,Tue,21,me explaining to the auto uncle why 20 rupees is fair 🙌 😍 🔥 👀 😂 💯,65,6,10,#comedy #fyp #lol #collegememes #reelsindia #memes #memesdaily #brainrot #desimemes #viral,1,365090,242555,66.4,642395,16003,464,363,3126,4094,555,19956,8.23,0.15,1.29,0.229,0,part_2:1|voice_id:2|hostel_request:1,peak,16.7,619,29
17945075675447014,reel,6,2026-04-08,01:50,Wed,1,pov: you're the friend with a car,33,0,0,none,1,365636,223382,61.1,554601,13676,400,257,2155,3545,396,16488,7.38,0.12,0.96,0.177,2,part_2:7|hostel_request:2,i'm crying,10.0,1798,28
17996747837819605,story,6,2026-04-08,09:11,Wed,9,poll: part 2 yes or no,22,0,0,none,1,365636,20452,5.6,21570,0,162,0,61,204,20,223,1.09,0.0,0.3,0.098,0,none,none,0.0,1798,28
17937553883525364,story,6,2026-04-08,13:06,Wed,13,rate this edit 1-10,19,0,0,none,1,365636,25108,6.9,30108,0,129,0,75,251,25,204,0.81,0.0,0.3,0.1,0,none,none,0.0,1798,28
17917248929274107,reel,6,2026-04-08,21:10,Wed,21,attendance 74.9% and the professor said no ✨ 💯 💀 😭 🙌 🔥,54,6,0,none,1,366032,403599,110.3,1049460,22361,510,575,4517,7633,1074,27963,6.93,0.14,1.12,0.266,0,hostel_request:3,peak,13.3,1798,28
17965701367376154,image,6,2026-04-08,22:00,Wed,22,my last brain cell during exams,31,0,3,#brainrot #funny #lol,1,367106,99298,27.0,126888,6163,234,129,919,1958,311,7445,7.5,0.13,0.93,0.313,3,part_2:6|voice_id:3|hostel_request:3,bro 😭,20.0,1798,28
17954755344911585,story,6,2026-04-09,09:14,Thu,9,rate this edit 1-10,19,0,0,none,1,367394,19670,5.4,23991,0,111,0,59,196,19,170,0.86,0.0,0.3,0.097,0,none,none,0.0,2337,28
17990817312113401,reel,6,2026-04-09,11:30,Thu,11,💀💀💀 🙌 😍,7,2,2,#funny #memesdaily,1,367394,120372,32.8,308963,6398,180,56,971,2269,234,7605,6.32,0.05,0.81,0.194,3,repetitive_callout:4,peak,8.3,2337,28
17946176151326571,reel,6,2026-04-09,19:10,Thu,19,the group project guy who does nothing 💀 🙌 😭 👀,46,4,0,none,1,367628,210480,57.3,420198,11113,363,202,2198,3189,483,13876,6.59,0.1,1.04,0.229,1,part_2:5|voice_id:2|hostel_request:7,bro 😭,8.3,2337,28
17915696100703539,story,6,2026-04-09,22:17,Thu,22,poll: part 2 yes or no,22,0,0,none,1,367394,28460,7.7,32445,0,92,0,85,284,28,177,0.62,0.0,0.3,0.098,0,none,none,0.0,2337,28
17920652272063735,reel,6,2026-04-09,22:30,Thu,22,attendance 74.9% and the professor said no 🔥,44,1,3,#memes #reelsindia #collegememes,1,368111,630046,171.2,1720429,39787,796,1407,8387,8829,1266,50377,8.0,0.22,1.33,0.201,0,hostel_request:2,the editing 💀,10.0,2337,28
17979799343803594,story,6,2026-04-09,22:32,Thu,22,sneak peek: tonight's reel,26,0,0,none,1,367394,27543,7.5,35564,0,320,0,82,275,27,402,1.46,0.0,0.3,0.098,0,none,none,0.0,2337,28
17995963740301675,reel,6,2026-04-09,23:40,Thu,23,who else 😭,10,0,3,#collegememes #memesdaily #relatable,1,369377,131106,35.5,270118,8954,301,87,1167,2636,308,10509,8.02,0.07,0.89,0.235,2,repetitive_callout:4,i'm crying,15.0,2337,28
17941559893920507,reel,6,2026-04-10,00:10,Fri,0,my inner monologue at 3am 🫶 👀,29,2,10,#fyp #reelsindia #desimemes #funny #memesdaily #collegememes #relatable #brainrot #comedy #viral,1,369664,303909,82.2,549692,20166,535,366,2982,5601,913,24049,7.91,0.12,0.98,0.3,1,part_2:5|voice_id:4|hostel_request:5,💀💀💀,13.3,1566,27
17968438967601732,story,6,2026-04-10,13:21,Fri,13,bts of the skit,15,0,0,none,1,369664,14829,4.0,17096,0,139,0,44,148,14,183,1.23,0.0,0.3,0.094,0,none,none,0.0,1566,27
17920609419170529,story,6,2026-04-10,13:30,Fri,13,sneak peek: tonight's reel,26,0,0,none,1,369664,28498,7.7,30881,0,326,0,85,284,28,411,1.44,0.0,0.3,0.098,0,none,none,0.0,1566,27
17902749970922735,reel,6,2026-04-10,17:10,Fri,17,npc behaviour at a family function,34,0,10,#funny #collegememes #memesdaily #brainrot #fyp #comedy #relatable #reelsindia #viral #memes,1,370577,98125,26.5,224372,6709,168,157,977,1889,310,8011,8.16,0.16,1.0,0.316,3,part_2:6|voice_id:4|hostel_request:2,LMAOOO,6.7,1566,27
17921537875865930,story,6,2026-04-10,17:17,Fri,17,which meme should i do next?,28,0,0,none,1,369664,17522,4.7,21776,0,97,0,52,175,17,149,0.85,0.0,0.3,0.097,0,none,none,0.0,1566,27
17978195836155576,reel,6,2026-04-10,21:20,Fri,21,i asked an ai to make my city a movie trailer 🫶 🙌,49,2,12,#fyp #desimemes #relatable #lol #comedy #memesdaily #memes #funny #reelsindia #collegememes #brainrot #viral,1,370887,147858,39.9,377479,8708,223,338,861,2383,218,10130,6.85,0.23,0.58,0.147,1,voice_id:2,peak,16.7,1566,27
17994539549622486,image,6,2026-04-10,22:00,Fri,22,real 🫶 💯 🔥 ✨ 👀 😂,16,6,3,#memes #funny #memesdaily,1,371105,62013,16.7,95585,3308,68,29,380,943,93,3785,6.1,0.05,0.61,0.15,1,repetitive_callout:4,not funny anymore,18.3,1566,27
17944300237950788,story,6,2026-04-11,09:14,Sat,9,sneak peek: tonight's reel,26,0,0,none,1,371186,22382,6.0,26667,0,232,0,67,223,22,299,1.34,0.0,0.3,0.098,0,none,none,0.0,530,24
17968692620804113,reel,6,2026-04-11,14:40,Sat,14,when the wifi drops for 1 second 🙌,34,1,2,#memes #funny,1,371186,147813,39.8,353962,9178,357,169,1536,2815,365,11240,7.6,0.11,1.04,0.247,1,part_2:5|voice_id:2|hostel_request:5,continue this pls,15.0,530,24
17997048228081211,story,6,2026-04-11,20:45,Sat,20,which meme should i do next?,28,0,0,none,1,371186,16165,4.4,20569,0,48,0,48,161,16,96,0.59,0.0,0.3,0.099,0,none,none,0.0,530,24
17905739543046694,carousel,6,2026-04-11,21:20,Sat,21,when your squad leaves you alone,32,0,3,#collegememes #desimemes #relatable,4,371551,30179,8.1,47083,1617,59,13,130,552,37,1819,6.03,0.04,0.43,0.123,0,none,my roommate 😭,13.6,530,24
17954341660710209,reel,6,2026-04-11,22:10,Sat,22,when the teammate says 'trust me' ✨,35,1,8,#memesdaily #memes #funny #fyp #desimemes #viral #comedy #collegememes,1,371588,97706,26.3,253510,5068,122,47,504,1533,114,5741,5.88,0.05,0.52,0.117,0,none,i'm crying,13.3,530,24
17978246812461497,reel,7,2026-04-12,11:40,Sun,11,gave an ai my exam timetable. it quit. 👀 😍,42,2,5,#lol #desimemes #fyp #comedy #viral,1,371694,103377,27.8,255340,6257,179,297,686,1621,145,7419,7.18,0.29,0.66,0.14,3,voice_id:4,why is this so real,13.3,427,28
17993997339021018,story,7,2026-04-12,13:00,Sun,13,rate this edit 1-10,19,0,0,none,1,371694,25642,6.9,29305,0,231,0,76,256,25,307,1.2,0.0,0.3,0.097,0,none,none,0.0,427,28
17939017937368608,story,7,2026-04-12,13:07,Sun,13,which meme should i do next?,28,0,0,none,1,371694,22014,5.9,24549,0,92,0,66,220,22,158,0.72,0.0,0.3,0.1,0,none,none,0.0,427,28
17910177803127911,reel,7,2026-04-12,22:30,Sun,22,i asked an ai to make my city a movie trailer 💀,47,1,3,#desimemes #relatable #comedy,1,371839,169616,45.6,416633,10162,288,346,1069,2521,241,11865,7.0,0.2,0.63,0.142,0,voice_id:5,my roommate 😭,3.3,427,28
17917582809460084,story,7,2026-04-12,22:53,Sun,22,sneak peek: tonight's reel,26,0,0,none,1,371694,22502,6.1,28489,0,135,0,67,225,22,202,0.9,0.0,0.3,0.098,0,none,none,0.0,427,28
17984618671614740,reel,7,2026-04-13,01:00,Mon,1,my inner monologue at 3am 💀 😭 👀 🔥 🙌 💯,37,6,10,#desimemes #relatable #memesdaily #brainrot #memes #funny #lol #collegememes #comedy #reelsindia,1,372072,207308,55.7,455359,12262,233,204,1697,3877,618,14396,6.94,0.1,0.82,0.298,4,part_2:2|voice_id:7|hostel_request:4,why is this so real,16.7,1312,30
17995961567497122,story,7,2026-04-13,09:12,Mon,9,question box: roast me,22,0,0,none,1,372072,21992,5.9,24853,0,263,0,65,219,21,328,1.49,0.0,0.3,0.095,263,none,none,0.0,1312,30
17943894754898792,image,7,2026-04-13,17:30,Mon,17,my inner monologue at 3am,25,0,12,#lol #desimemes #viral #reelsindia #relatable #collegememes #fyp #memesdaily #brainrot #memes #funny #comedy,1,372690,62978,16.9,80167,3835,84,70,562,941,145,4551,7.23,0.11,0.89,0.23,2,part_2:7|voice_id:3|hostel_request:8,need the next part,11.7,1312,30
17966206543080566,story,7,2026-04-13,17:41,Mon,17,sneak peek: tonight's reel,26,0,0,none,1,372072,28198,7.6,31136,0,70,0,84,281,28,154,0.55,0.0,0.3,0.099,0,none,none,0.0,1312,30
17929955335776453,story,7,2026-04-13,20:35,Mon,20,sneak peek: tonight's reel,26,0,0,none,1,372072,17365,4.7,20269,0,205,0,52,173,17,257,1.48,0.0,0.3,0.098,0,none,none,0.0,1312,30
17903931858585323,story,7,2026-04-13,22:05,Mon,22,bts of the skit,15,0,0,none,1,372072,24207,6.5,30408,0,80,0,72,242,24,152,0.63,0.0,0.3,0.099,0,none,none,0.0,1312,30
17901559442267102,reel,7,2026-04-13,22:40,Mon,22,pov: you opened the fridge for the 9th time 😍,45,1,3,#memes #relatable #comedy,1,372835,248486,66.6,651940,14202,312,288,2229,3414,489,17031,6.85,0.12,0.9,0.197,5,part_2:6|hostel_request:3,💀💀💀,8.3,1312,30
17999925503921029,reel,7,2026-04-14,01:40,Tue,1,pov: you're the friend with a car,33,0,0,none,1,373322,323526,86.7,703307,20537,439,337,2902,5101,719,24215,7.48,0.1,0.9,0.222,3,part_2:7|hostel_request:6,make one about hostel life,13.3,2110,30
17945973121399888,story,7,2026-04-14,10:02,Tue,10,sneak peek: tonight's reel,26,0,0,none,1,373322,19781,5.3,25085,0,78,0,59,197,19,137,0.69,0.0,0.3,0.096,0,none,none,0.0,2110,30
17918579755254545,reel,7,2026-04-14,14:20,Tue,14,pov: you opened the fridge for the 9th time,43,0,10,#desimemes #comedy #fyp #memes #viral #brainrot #collegememes #reelsindia #lol #relatable,1,374041,53853,14.4,116366,3398,115,55,409,879,101,3977,7.38,0.1,0.76,0.188,2,part_2:6|hostel_request:7,peak,6.7,2110,30
17916479983396966,story,7,2026-04-14,20:23,Tue,20,poll: part 2 yes or no,22,0,0,none,1,373322,20749,5.6,26583,0,60,0,62,207,20,122,0.59,0.0,0.3,0.096,0,none,none,0.0,2110,30
17904558343196707,reel,7,2026-04-14,22:40,Tue,22,the hostel warden saga part 16 😂 🔥,34,2,8,#funny #memesdaily #collegememes #comedy #memes #brainrot #viral #reelsindia,1,374142,269365,72.0,494615,14253,486,706,2520,4015,1281,17965,6.67,0.26,0.94,0.476,3,part_2:7,waiting for this every day,15.0,2110,30
17987007456343563,image,7,2026-04-15,01:00,Wed,1,when the teammate says 'trust me' 🔥 😍,37,2,10,#lol #funny #memes #memesdaily #collegememes #viral #relatable #reelsindia #brainrot #comedy,1,375398,42995,11.5,56781,2198,55,25,215,632,44,2493,5.8,0.06,0.5,0.102,0,none,the editing 💀,12.7,700,26
17906320321382273,story,7,2026-04-15,09:11,Wed,9,bts of the skit,15,0,0,none,1,375398,15853,4.2,20322,0,162,0,47,158,15,209,1.32,0.0,0.3,0.095,0,none,none,0.0,700,26
17935346185051610,story,7,2026-04-15,17:00,Wed,17,which meme should i do next?,28,0,0,none,1,375398,18814,5.0,23933,0,89,0,56,188,18,145,0.77,0.0,0.3,0.096,0,none,none,0.0,700,26
17956164460527635,reel,7,2026-04-15,21:40,Wed,21,npc behaviour at a family function 🫶,36,1,10,#brainrot #comedy #funny #memes #fyp #viral #collegememes #reelsindia #desimemes #relatable,1,375442,148268,39.5,289475,8329,165,140,1285,2304,351,9919,6.69,0.09,0.87,0.237,0,part_2:3|voice_id:5|hostel_request:2,the editing 💀,10.0,700,26
17976936645098120,image,7,2026-04-15,22:50,Wed,22,my last brain cell during exams,31,0,5,#memes #fyp #desimemes #funny #relatable,1,375793,101233,26.9,153533,6485,196,155,1118,1914,298,7954,7.86,0.15,1.1,0.294,3,part_2:3|voice_id:1|hostel_request:1,the editing 💀,8.3,700,26
17993970140311399,reel,7,2026-04-16,11:00,Thu,11,when the wifi drops for 1 second 💯 🔥,36,2,0,none,1,376074,121276,32.2,275092,6492,119,126,876,2188,317,7613,6.28,0.1,0.72,0.261,2,part_2:3|voice_id:1|hostel_request:5,sending this to everyone,16.7,1203,28
17954965640321213,story,7,2026-04-16,13:46,Thu,13,question box: roast me,22,0,0,none,1,376074,24642,6.6,31142,0,238,0,73,246,24,311,1.26,0.0,0.3,0.097,238,none,none,0.0,1203,28
17934428677575073,reel,7,2026-04-16,17:20,Thu,17,the group project guy who does nothing 🫶 💀,42,2,3,#fyp #viral #relatable,1,376391,155665,41.4,387408,8416,153,187,1596,3005,448,10352,6.65,0.12,1.03,0.288,2,part_2:5|voice_id:3|hostel_request:8,sending this to everyone,10.0,1203,28
17948129139855235,reel,7,2026-04-16,19:40,Thu,19,gave an ai my exam timetable. it quit. 🫶 💯,42,2,3,#lol #desimemes #relatable,1,376839,89226,23.7,225253,5407,186,208,563,1558,140,6364,7.13,0.23,0.63,0.157,1,voice_id:2,why is this so real,11.7,1203,28
17932527914570726,story,7,2026-04-16,20:32,Thu,20,which meme should i do next?,28,0,0,none,1,376074,21219,5.6,24910,0,181,0,63,212,21,244,1.15,0.0,0.3,0.099,0,none,none,0.0,1203,28
17920261467687606,reel,7,2026-04-16,23:00,Thu,23,💀💀💀,3,0,10,#memesdaily #lol #brainrot #fyp #relatable #funny #comedy #desimemes #viral #reelsindia,1,376979,155466,41.2,431975,9287,248,86,988,2792,281,10609,6.82,0.06,0.64,0.181,4,repetitive_callout:6,LMAOOO,10.0,1203,28
17983194717724602,reel,7,2026-04-17,01:10,Fri,1,this is literally me 🙌,22,1,5,#memes #collegememes #fyp #memesdaily #comedy,1,377248,89972,23.8,230419,5145,118,54,593,1305,155,5910,6.57,0.06,0.66,0.172,0,repetitive_callout:2,i can't,16.7,502,22
17996049544837886,story,7,2026-04-17,17:09,Fri,17,poll: part 2 yes or no,22,0,0,none,1,377248,25614,6.8,31771,0,69,0,76,256,25,145,0.57,0.0,0.3,0.098,0,none,none,0.0,502,22
17948147102728945,reel,7,2026-04-17,17:10,Fri,17,pov: mom found your report card,31,0,2,#funny #viral,1,377403,151337,40.1,302907,8827,313,172,1207,2652,344,10519,6.95,0.11,0.8,0.227,1,part_2:7|hostel_request:7,sending this to everyone,20.0,502,22
17915990993230255,reel,7,2026-04-18,00:50,Sat,0,me explaining to the auto uncle why 20 rupees is fair 🫶,55,1,0,none,1,377748,323296,85.6,681835,21282,538,496,4112,6361,975,26428,8.17,0.15,1.27,0.302,2,part_2:6|voice_id:3|hostel_request:7,hostel series when,8.3,1575,22
17942580727837380,reel,7,2026-04-18,01:00,Sat,1,pov: you opened the fridge for the 9th time,43,0,5,#relatable #fyp #comedy #viral #memes,1,378723,283877,75.0,530301,19433,569,392,3054,4424,606,23448,8.26,0.14,1.08,0.213,3,part_2:6|hostel_request:3,make one about hostel life,13.3,1575,22
17923610933433841,story,7,2026-04-18,09:39,Sat,9,sneak peek: tonight's reel,26,0,0,none,1,377748,16650,4.4,21337,0,187,0,49,166,16,236,1.42,0.0,0.29,0.096,0,none,none,0.0,1575,22
17961811578109243,reel,8,2026-04-19,01:30,Sun,1,i asked an ai to make my city a movie trailer,45,0,8,#brainrot #collegememes #fyp #reelsindia #comedy #lol #funny #desimemes,1,379319,254902,67.2,497819,13373,488,512,1359,4307,390,15732,6.17,0.2,0.53,0.153,1,voice_id:3,i can't,8.3,1884,25
17977467268702271,story,8,2026-04-19,09:48,Sun,9,question box: roast me,22,0,0,none,1,379319,19510,5.1,24373,0,86,0,58,195,19,144,0.74,0.0,0.3,0.097,86,none,none,0.0,1884,25
17990522880754276,reel,8,2026-04-19,11:30,Sun,11,viva questions be like,22,0,12,#lol #comedy #desimemes #viral #brainrot #relatable #funny #fyp #memesdaily #collegememes #memes #reelsindia,1,379709,335298,88.3,847492,19666,794,565,3078,5653,986,24103,7.19,0.17,0.92,0.294,0,hostel_request:5,💀💀💀,11.7,1884,25
17977122516465062,reel,8,2026-04-19,14:30,Sun,14,who else 😭 😭,12,1,2,#desimemes #memesdaily,1,380695,161347,42.4,324324,10192,279,89,1313,2774,303,11873,7.36,0.06,0.81,0.188,2,repetitive_callout:6,the editing 💀,3.3,1884,25
17930797649081900,story,8,2026-04-19,17:22,Sun,17,sneak peek: tonight's reel,26,0,0,none,1,379319,20652,5.4,24438,0,103,0,61,206,20,164,0.79,0.0,0.3,0.097,0,none,none,0.0,1884,25
17900423525752262,story,8,2026-04-19,22:39,Sun,22,which meme should i do next?,28,0,0,none,1,379319,16186,4.3,19307,0,65,0,48,161,16,113,0.7,0.0,0.3,0.099,0,none,none,0.0,1884,25
17956806088233746,reel,8,2026-04-19,22:50,Sun,22,real 😍 😭,8,2,8,#desimemes #collegememes #comedy #fyp #relatable #viral #lol #memesdaily,1,380998,90163,23.7,230768,5695,123,64,642,1642,175,6524,7.24,0.07,0.71,0.194,0,repetitive_callout:2,i'm crying,11.7,1884,25
17955172962380668,story,8,2026-04-20,09:22,Mon,9,poll: part 2 yes or no,22,0,0,none,1,381166,29123,7.6,31283,0,311,0,87,291,29,398,1.37,0.0,0.3,0.1,0,none,none,0.0,2673,31
17936614874868557,story,8,2026-04-20,09:44,Mon,9,question box: roast me,22,0,0,none,1,381166,21418,5.6,27586,0,198,0,64,214,21,262,1.22,0.0,0.3,0.098,198,none,none,0.0,2673,31
17967222713768091,story,8,2026-04-20,13:43,Mon,13,which meme should i do next?,28,0,0,none,1,381166,26259,6.9,31194,0,307,0,78,262,26,385,1.47,0.0,0.3,0.099,0,none,none,0.0,2673,31
17906678271444214,reel,8,2026-04-20,14:30,Mon,14,8am lecture survivors 🫶,23,1,8,#brainrot #relatable #memes #fyp #lol #viral #comedy #memesdaily,1,381166,176052,46.2,402950,9264,347,225,1660,2562,374,11496,6.53,0.13,0.94,0.212,0,hostel_request:1,bro 😭,21.7,2673,31
17956210917237273,reel,8,2026-04-20,17:00,Mon,17,who else 😭,10,0,8,#lol #collegememes #funny #memes #reelsindia #comedy #brainrot #desimemes,1,381540,60718,15.9,168246,3803,71,40,583,1075,105,4497,7.41,0.07,0.96,0.173,4,repetitive_callout:5,bro this is getting old,13.3,2673,31
17993373714544175,story,8,2026-04-20,17:09,Mon,17,rate this edit 1-10,19,0,0,none,1,381166,20002,5.2,21002,0,137,0,60,200,20,197,0.98,0.0,0.3,0.1,0,none,none,0.0,2673,31
17993133849819600,reel,8,2026-04-20,21:10,Mon,21,npc behaviour at a family function,34,0,8,#memes #lol #viral #comedy #collegememes #desimemes #funny #relatable,1,381645,175746,46.0,335952,9003,338,205,1391,3351,478,10937,6.22,0.12,0.79,0.272,2,part_2:5|voice_id:3|hostel_request:3,my roommate 😭,11.7,2673,31
17908864001249916,reel,8,2026-04-20,23:10,Mon,23,attendance 74.9% and the professor said no 🔥,44,1,12,#desimemes #comedy #funny #lol #brainrot #viral #memesdaily #reelsindia #relatable #memes #fyp #collegememes,1,382123,664225,173.8,1832343,36391,930,943,7394,12408,1651,45658,6.87,0.14,1.11,0.249,0,hostel_request:6,LMAOOO,11.7,2673,31
17984662431348682,reel,8,2026-04-21,01:30,Tue,1,pov: you said 'one episode' at 11pm 🔥 😭 😍 💀,43,4,8,#desimemes #lol #funny #brainrot #comedy #reelsindia #memesdaily #collegememes,1,383760,192164,50.1,520529,11535,433,227,1351,3454,500,13546,7.05,0.12,0.7,0.26,2,part_2:4|hostel_request:4,i'm crying,3.3,1411,28
17960802025800134,story,8,2026-04-21,09:16,Tue,9,question box: roast me,22,0,0,none,1,383760,18631,4.9,23891,0,105,0,55,186,18,160,0.86,0.0,0.3,0.097,105,none,none,0.0,1411,28
17903340203861648,story,8,2026-04-21,09:29,Tue,9,sneak peek: tonight's reel,26,0,0,none,1,383760,22759,5.9,27612,0,55,0,68,227,22,123,0.54,0.0,0.3,0.097,0,none,none,0.0,1411,28
17975842070393914,story,8,2026-04-21,10:14,Tue,10,which meme should i do next?,28,0,0,none,1,383760,27339,7.1,33958,0,72,0,82,273,27,154,0.56,0.0,0.3,0.099,0,none,none,0.0,1411,28
17945963462249971,image,8,2026-04-21,14:20,Tue,14,gave an ai my exam timetable. it quit. 🫶,40,1,3,#memesdaily #reelsindia #memes,1,384260,34535,9.0,50300,1792,59,61,155,598,47,2067,5.99,0.18,0.45,0.136,0,voice_id:3,💀💀💀,3.4,1411,28
17935868603243093,reel,8,2026-04-21,17:40,Tue,17,pov: mom found your report card 😍 😂,35,2,3,#comedy #desimemes #reelsindia,1,384307,112921,29.4,264274,6678,151,137,1124,1985,231,8090,7.16,0.12,1.0,0.205,1,part_2:5|hostel_request:2,LMAOOO,15.0,1411,28
17981074264760904,story,8,2026-04-21,17:50,Tue,17,bts of the skit,15,0,0,none,1,383760,15484,4.0,17003,0,75,0,46,154,15,121,0.78,0.0,0.3,0.097,0,none,none,0.0,1411,28
17997337032024997,story,8,2026-04-21,20:00,Tue,20,poll: part 2 yes or no,22,0,0,none,1,383760,24575,6.4,26426,0,104,0,73,245,24,177,0.72,0.0,0.3,0.098,0,none,none,0.0,1411,28
17913146942488995,reel,8,2026-04-21,23:10,Tue,23,when the wifi drops for 1 second 👀 😭,36,2,5,#reelsindia #lol #brainrot #memes #relatable,1,384538,299837,78.0,748035,19555,768,323,3022,4251,555,23668,7.89,0.11,1.01,0.185,2,part_2:3|voice_id:3|hostel_request:2,sending this to everyone,10.0,1411,28
17994428529399668,reel,8,2026-04-22,00:20,Wed,0,no because why is this true 💯 🔥,31,2,10,#memesdaily #memes #funny #reelsindia #comedy #desimemes #relatable #collegememes #brainrot #fyp,1,385081,254889,66.2,581797,14393,532,162,1780,5190,601,16867,6.62,0.06,0.7,0.236,3,repetitive_callout:3,same template again?,13.3,1145,30
17972563240188155,reel,8,2026-04-22,11:50,Wed,11,viva questions be like 😍 🙌,26,2,3,#fyp #funny #relatable,1,385682,194125,50.3,369032,11479,408,353,1831,3667,505,14071,7.25,0.18,0.94,0.26,0,hostel_request:7,make one about hostel life,11.7,1145,30
17996551019864418,story,8,2026-04-22,17:14,Wed,17,poll: part 2 yes or no,22,0,0,none,1,385081,19382,5.0,21115,0,103,0,58,193,19,161,0.83,0.0,0.3,0.098,0,none,none,0.0,1145,30
17915666800105654,story,8,2026-04-22,20:05,Wed,20,sneak peek: tonight's reel,26,0,0,none,1,385081,30118,7.8,38071,0,102,0,90,301,30,192,0.64,0.0,0.3,0.1,0,none,none,0.0,1145,30
17997559429462748,story,8,2026-04-22,22:21,Wed,22,question box: roast me,22,0,0,none,1,385081,20876,5.4,23126,0,150,0,62,208,20,212,1.02,0.0,0.3,0.096,150,none,none,0.0,1145,30
17979743108383176,reel,8,2026-04-23,00:10,Thu,0,the group project guy who does nothing 🫶,40,1,2,#funny #relatable,1,386185,418354,108.3,952850,22249,597,390,4234,8445,1273,27470,6.57,0.09,1.01,0.304,4,part_2:6|hostel_request:6,💀💀💀,11.7,2289,27
17920275822377448,story,8,2026-04-23,09:38,Thu,9,question box: roast me,22,0,0,none,1,386185,19739,5.1,24979,0,231,0,59,197,19,290,1.47,0.0,0.3,0.096,231,none,none,0.0,2289,27
17955134880974008,reel,8,2026-04-23,11:40,Thu,11,8am lecture survivors,21,0,8,#comedy #viral #desimemes #memesdaily #brainrot #funny #memes #lol,1,387458,187891,48.5,439013,10448,235,339,2252,3312,539,13274,7.06,0.18,1.2,0.287,0,hostel_request:4,LMAOOO,16.7,2289,27
17905053051087508,story,8,2026-04-23,13:17,Thu,13,rate this edit 1-10,19,0,0,none,1,386185,24097,6.2,28120,0,48,0,72,240,24,120,0.5,0.0,0.3,0.1,0,none,none,0.0,2289,27
17927389243272625,story,8,2026-04-23,13:53,Thu,13,question box: roast me,22,0,0,none,1,386185,23442,6.1,26506,0,144,0,70,234,23,214,0.91,0.0,0.3,0.098,144,none,none,0.0,2289,27
17916136663375708,image,8,2026-04-23,14:00,Thu,14,the one topper who says 'i didn't study' 🙌,42,1,3,#fyp #collegememes #lol,1,387997,80500,20.7,99891,4500,172,116,813,1380,214,5601,6.96,0.14,1.01,0.266,0,hostel_request:3,i can't,8.3,2289,27
17957707289023057,story,8,2026-04-23,17:04,Thu,17,which meme should i do next?,28,0,0,none,1,386185,27745,7.2,31991,0,294,0,83,277,27,377,1.36,0.0,0.3,0.097,0,none,none,0.0,2289,27
17956621453957185,story,8,2026-04-23,17:10,Thu,17,question box: roast me,22,0,0,none,1,386185,22710,5.9,27931,0,253,0,68,227,22,321,1.41,0.0,0.3,0.097,253,none,none,0.0,2289,27
17989649877084030,reel,8,2026-04-23,22:50,Thu,22,this is literally me 😭,22,1,8,#collegememes #memes #funny #reelsindia #viral #fyp #memesdaily #lol,1,388211,138754,35.7,328586,7201,214,70,824,1985,175,8309,5.99,0.05,0.59,0.126,4,repetitive_callout:6,same template again?,13.3,2289,27
17985061260790241,reel,8,2026-04-24,01:50,Fri,1,viva questions be like,22,0,10,#comedy #funny #brainrot #collegememes #reelsindia #viral #memesdaily #desimemes #relatable #lol,1,388369,456907,117.6,1177283,26339,1064,752,3955,7382,1031,32110,7.03,0.16,0.87,0.226,0,hostel_request:4,peak,5.0,1804,27
17921812848537860,story,8,2026-04-24,09:20,Fri,9,sneak peek: tonight's reel,26,0,0,none,1,388369,19703,5.1,25179,0,172,0,59,197,19,231,1.17,0.0,0.3,0.096,0,none,none,0.0,1804,27
17983469785967519,reel,8,2026-04-24,11:30,Fri,11,when your squad leaves you alone,32,0,3,#viral #memesdaily #memes,1,389400,77266,19.8,139550,4147,134,47,416,1207,104,4744,6.14,0.06,0.54,0.135,0,none,the editing 💀,5.0,1804,27
17946722739765097,story,8,2026-04-24,13:20,Fri,13,rate this edit 1-10,19,0,0,none,1,388369,24296,6.3,31190,0,230,0,72,242,24,302,1.24,0.0,0.3,0.099,0,none,none,0.0,1804,27
17935571356575195,reel,8,2026-04-24,14:00,Fri,14,viva questions be like 🙌,24,1,10,#brainrot #memesdaily #desimemes #lol #reelsindia #comedy #viral #collegememes #relatable #fyp,1,389504,277040,71.1,539602,19091,405,471,2755,3822,623,22722,8.2,0.17,0.99,0.225,0,hostel_request:3,my roommate 😭,11.7,1804,27
17989104822799081,story,8,2026-04-24,20:33,Fri,20,sneak peek: tonight's reel,26,0,0,none,1,388369,30407,7.8,39513,0,341,0,91,304,30,432,1.42,0.0,0.3,0.099,0,none,none,0.0,1804,27
17996158344918023,reel,8,2026-04-25,01:50,Sat,1,npc behaviour at a family function 😭,36,1,8,#lol #viral #reelsindia #brainrot #desimemes #collegememes #funny #memesdaily,1,390108,239296,61.3,622692,14213,526,302,2661,3740,455,17702,7.4,0.13,1.11,0.19,4,part_2:6|voice_id:3|hostel_request:1,LMAOOO,6.7,1277,24
17985677456447348,story,8,2026-04-25,17:32,Sat,17,poll: part 2 yes or no,22,0,0,none,1,390108,28509,7.3,35226,0,62,0,85,285,28,147,0.52,0.0,0.3,0.098,0,none,none,0.0,1277,24
17990240156830697,reel,8,2026-04-25,19:20,Sat,19,npc behaviour at a family function 🔥,36,1,8,#reelsindia #memesdaily #relatable #viral #memes #desimemes #fyp #brainrot,1,390563,205559,52.6,517667,13418,456,215,2504,3770,488,16593,8.07,0.1,1.22,0.237,2,part_2:5|voice_id:2|hostel_request:5,LMAOOO,16.7,1277,24
17923980898778613,reel,8,2026-04-25,22:40,Sat,22,when your squad leaves you alone,32,0,0,none,1,391051,217154,55.5,593036,11844,377,96,1211,4076,330,13528,6.23,0.04,0.56,0.152,0,none,why is this so real,10.0,1277,24
17967791667948285,story,9,2026-04-26,13:34,Sun,13,which meme should i do next?,28,0,0,none,1,391378,24078,6.2,30382,0,216,0,72,240,24,288,1.2,0.0,0.3,0.1,0,none,none,0.0,1375,26
17982004234986399,reel,9,2026-04-26,14:50,Sun,14,the one topper who says 'i didn't study' 👀 ✨ 🔥 🫶 🙌 😂,52,6,10,#fyp #collegememes #desimemes #lol #comedy #reelsindia #viral #funny #memes #relatable,1,391378,206825,52.8,470049,12351,465,416,1865,2945,521,15097,7.3,0.2,0.9,0.252,0,hostel_request:10,bro 😭,11.7,1375,26
17971348082646175,story,9,2026-04-26,17:22,Sun,17,rate this edit 1-10,19,0,0,none,1,391378,17382,4.4,18423,0,160,0,52,173,17,212,1.22,0.0,0.3,0.098,0,none,none,0.0,1375,26
17925780210018873,reel,9,2026-04-26,17:50,Sun,17,pov: you're the friend with a car,33,0,10,#desimemes #reelsindia #collegememes #funny #memes #relatable #memesdaily #brainrot #comedy #lol,1,391899,173966,44.4,331711,10059,208,189,1688,3411,482,12144,6.98,0.11,0.97,0.277,1,part_2:1|hostel_request:5,do hostel mess next,8.3,1375,26
17923221601237114,story,9,2026-04-26,20:54,Sun,20,rate this edit 1-10,19,0,0,none,1,391378,27162,6.9,31722,0,314,0,81,271,27,395,1.45,0.0,0.3,0.099,0,none,none,0.0,1375,26
17999908517365149,reel,9,2026-04-26,21:30,Sun,21,this is literally me 😂 💀,24,2,12,#funny #viral #lol #memes #comedy #relatable #fyp #collegememes #desimemes #reelsindia #memesdaily #brainrot,1,392381,88614,22.6,185861,4731,180,51,716,1247,141,5678,6.41,0.06,0.81,0.159,0,none,i'm crying,15.0,1375,26
17922999909800055,story,9,2026-04-26,22:08,Sun,22,question box: roast me,22,0,0,none,1,391378,17002,4.3,20113,0,196,0,51,170,17,247,1.45,0.0,0.3,0.1,196,none,none,0.0,1375,26
17944578392657217,reel,9,2026-04-26,22:50,Sun,22,when the teammate says 'trust me' 🫶 💯 👀 😭 🙌 🔥,45,6,0,none,1,392522,149573,38.1,286629,8406,307,86,886,2260,172,9685,6.48,0.06,0.59,0.115,0,none,💀💀💀,10.0,1375,26
17937504299013494,reel,9,2026-04-27,11:20,Mon,11,gave an ai my exam timetable. it quit. 😂 🫶 💯 🙌 ✨ 💀,50,6,10,#memesdaily #brainrot #lol #fyp #reelsindia #funny #memes #viral #relatable #desimemes,1,392682,75025,19.1,164416,5071,193,165,592,1499,123,6021,8.03,0.22,0.79,0.164,2,voice_id:6,💀💀💀,15.0,190,23
17940318527756396,image,9,2026-04-27,21:20,Mon,21,💀💀💀,3,0,3,#funny #brainrot #fyp,1,392805,47279,12.0,66394,2519,91,23,329,737,74,2962,6.26,0.05,0.7,0.157,1,repetitive_callout:1,bro 😭,15.0,190,23
17953575472904974,story,9,2026-04-27,22:01,Mon,22,poll: part 2 yes or no,22,0,0,none,1,392682,16111,4.1,19018,0,150,0,48,161,16,198,1.23,0.0,0.3,0.099,0,none,none,0.0,190,23
17973552229693451,reel,9,2026-04-28,01:40,Tue,1,me after losing 1 ranked match 🙌,32,1,5,#collegememes #viral #memes #comedy #relatable,1,392871,185335,47.2,392649,11983,254,140,1029,2990,251,13406,7.23,0.08,0.56,0.135,0,none,💀💀💀,16.7,503,30
17948160495925433,story,9,2026-04-28,10:36,Tue,10,which meme should i do next?,28,0,0,none,1,392871,20775,5.3,25474,0,245,0,62,207,20,307,1.48,0.0,0.3,0.096,0,none,none,0.0,503,30
17922549753621836,reel,9,2026-04-28,23:00,Tue,23,💀💀💀 😍,5,1,3,#relatable #funny #comedy,1,393122,146953,37.4,266410,8433,202,92,1198,2888,262,9925,6.75,0.06,0.82,0.178,4,repetitive_callout:6,sending this to everyone,8.3,503,30
17914641635707810,image,9,2026-04-29,00:50,Wed,0,me explaining to the auto uncle why 20 rupees is fair 👀,55,1,2,#desimemes #funny,1,393378,237827,60.5,306899,12857,409,274,2529,4799,716,16069,6.76,0.12,1.06,0.301,1,part_2:3|voice_id:2|hostel_request:5,why is this so real,20.0,2384,22
17901661176209034,reel,9,2026-04-29,01:30,Wed,1,who else 😭 💯,12,1,12,#lol #brainrot #viral #funny #memesdaily #memes #relatable #reelsindia #collegememes #desimemes #fyp #comedy,1,394094,195513,49.6,430733,11370,233,98,1462,3129,373,13163,6.73,0.05,0.75,0.191,2,repetitive_callout:4,💀💀💀,10.0,2384,22
17901307550668018,story,9,2026-04-29,09:19,Wed,9,sneak peek: tonight's reel,26,0,0,none,1,393378,28317,7.2,33472,0,339,0,84,283,28,423,1.49,0.0,0.3,0.099,0,none,none,0.0,2384,22
17982514662415137,story,9,2026-04-29,10:09,Wed,10,sneak peek: tonight's reel,26,0,0,none,1,393378,20559,5.2,23314,0,179,0,61,205,20,240,1.17,0.0,0.3,0.097,0,none,none,0.0,2384,22
17950739641909250,reel,9,2026-04-29,11:20,Wed,11,the one topper who says 'i didn't study' 🔥 🙌 💯 💀,48,4,2,#lol #fyp,1,394467,336330,85.3,929965,18026,459,517,3127,5403,856,22129,6.58,0.15,0.93,0.255,0,hostel_request:4,the editing 💀,6.7,2384,22
17903625560878328,story,9,2026-04-29,17:34,Wed,17,bts of the skit,15,0,0,none,1,393378,19363,4.9,22181,0,162,0,58,193,19,220,1.14,0.0,0.3,0.098,0,none,none,0.0,2384,22
17936587785407380,story,9,2026-04-29,17:46,Wed,17,which meme should i do next?,28,0,0,none,1,393378,29499,7.5,33475,0,175,0,88,294,29,263,0.89,0.0,0.3,0.098,0,none,none,0.0,2384,22
17944553805071142,reel,9,2026-04-29,19:10,Wed,19,the group project guy who does nothing 😭 😂 💯 🙌 👀 😍,50,6,10,#memes #funny #lol #brainrot #comedy #collegememes #viral #memesdaily #reelsindia #fyp,1,395323,133252,33.7,251418,8555,263,182,1712,2241,365,10712,8.04,0.14,1.28,0.274,7,part_2:7|voice_id:7|hostel_request:2,sending this to everyone,10.0,2384,22
17932098146667654,reel,9,2026-04-30,00:10,Thu,0,pov: you're the friend with a car 🙌,35,1,3,#brainrot #collegememes #desimemes,1,395692,310456,78.5,628374,19053,669,316,2955,5743,716,22993,7.41,0.1,0.95,0.231,0,part_2:3|hostel_request:5,i can't,13.3,1742,22
17945021491306519,reel,9,2026-04-30,01:30,Thu,1,ai voice of my cat. it's unhinged. 😭,36,1,10,#funny #relatable #viral #collegememes #comedy #memes #reelsindia #fyp #memesdaily #brainrot,1,396408,191946,48.4,456488,10457,351,477,1344,3605,351,12629,6.58,0.25,0.7,0.183,1,voice_id:5,i can't,11.7,1742,22
17999639056061577,story,9,2026-04-30,09:16,Thu,9,poll: part 2 yes or no,22,0,0,none,1,395692,27779,7.0,33296,0,329,0,83,277,27,412,1.48,0.0,0.3,0.097,0,none,none,0.0,1742,22
17929179873456482,story,9,2026-04-30,10:37,Thu,10,bts of the skit,15,0,0,none,1,395692,19541,4.9,22663,0,195,0,58,195,19,253,1.29,0.0,0.3,0.097,0,none,none,0.0,1742,22
17908698283253402,story,9,2026-04-30,10:51,Thu,10,rate this edit 1-10,19,0,0,none,1,395692,29852,7.5,37345,0,139,0,89,298,29,228,0.76,0.0,0.3,0.097,0,none,none,0.0,1742,22
17990648309397350,story,9,2026-04-30,10:52,Thu,10,bts of the skit,15,0,0,none,1,395692,25281,6.4,31122,0,116,0,75,252,25,191,0.76,0.0,0.3,0.099,0,none,none,0.0,1742,22
17903152651970551,reel,9,2026-04-30,22:00,Thu,22,pov: you said 'one episode' at 11pm,35,0,3,#memesdaily #brainrot #relatable,1,396759,268392,67.6,619500,14195,436,272,1847,4718,597,16750,6.24,0.1,0.69,0.222,2,part_2:5|hostel_request:1,my roommate 😭,8.3,1742,22
17965210688589524,reel,9,2026-05-01,00:00,Fri,0,i asked an ai to make my city a movie trailer 😂,47,1,8,#memesdaily #funny #lol #relatable #memes #fyp #reelsindia #desimemes,1,397349,263545,66.3,480856,17905,572,859,1785,4613,465,21121,8.01,0.33,0.68,0.176,1,voice_id:4,i'm crying,20.0,1387,22
17903402282460392,story,9,2026-05-01,10:16,Fri,10,sneak peek: tonight's reel,26,0,0,none,1,397349,23127,5.8,28284,0,52,0,69,231,23,121,0.52,0.0,0.3,0.099,0,none,none,0.0,1387,22
17917763339149115,reel,9,2026-05-01,14:40,Fri,14,average bangalore traffic experience 💀,38,1,2,#fyp #collegememes,1,397814,163949,41.2,316831,11223,261,218,1937,2983,472,13639,8.32,0.13,1.18,0.288,2,part_2:6|voice_id:2|hostel_request:6,the editing 💀,6.7,1387,22
17969000678410373,reel,9,2026-05-01,21:10,Fri,21,average bangalore traffic experience ✨ 🙌 🔥 🫶 😍 👀,48,6,2,#funny #memes,1,398286,190200,47.8,416651,10291,230,215,1423,2760,449,12159,6.39,0.11,0.75,0.236,3,part_2:3|voice_id:6|hostel_request:4,that voice is sending me,11.7,1387,22
17989805641545424,reel,9,2026-05-02,00:50,Sat,0,lag at the final moment,23,0,0,none,1,398735,264842,66.4,629494,15722,444,132,1452,4942,413,17750,6.7,0.05,0.55,0.156,0,none,i can't,10.0,1385,26
17975154838305385,reel,9,2026-05-02,17:40,Sat,17,my last brain cell during exams,31,0,3,#viral #lol #collegememes,1,399148,235378,59.0,466189,12091,446,234,1733,4176,602,14504,6.16,0.1,0.74,0.256,2,part_2:5|voice_id:2|hostel_request:6,i can't,10.0,1385,26
17945330956860048,reel,9,2026-05-02,23:20,Sat,23,pov: mom found your report card 🙌 💀,35,2,5,#memes #reelsindia #memesdaily #lol #collegememes,1,399750,141780,35.5,336951,8792,366,169,1345,2708,396,10672,7.53,0.12,0.95,0.279,2,part_2:5|hostel_request:3,make one about hostel life,16.7,1385,26
17960861831066110,reel,10,2026-05-03,00:20,Sun,0,real 🔥 🙌,8,2,10,#comedy #fyp #viral #lol #memesdaily #desimemes #collegememes #brainrot #reelsindia #funny,1,400135,238565,59.6,489433,13170,296,114,1851,4682,549,15431,6.47,0.05,0.78,0.23,0,repetitive_callout:2,sending this to everyone,11.7,1132,25
17970756093491114,story,10,2026-05-03,10:03,Sun,10,bts of the skit,15,0,0,none,1,400135,22963,5.7,26562,0,114,0,68,229,22,182,0.79,0.0,0.3,0.096,0,none,none,0.0,1132,25
17911321232071208,story,10,2026-05-03,10:32,Sun,10,which meme should i do next?,28,0,0,none,1,400135,30153,7.5,31952,0,300,0,90,301,30,390,1.29,0.0,0.3,0.099,0,none,none,0.0,1132,25
17968319002764978,reel,10,2026-05-03,11:10,Sun,11,💀💀💀 😍 🔥 💀 🫶 😂 💯,15,6,8,#comedy #relatable #fyp #desimemes #collegememes #brainrot #reelsindia #memes,1,400684,43540,10.9,114378,2887,61,26,306,814,76,3280,7.53,0.06,0.7,0.175,3,repetitive_callout:7,not funny anymore,13.3,1132,25
17965892490819476,story,10,2026-05-03,13:37,Sun,13,question box: roast me,22,0,0,none,1,400135,17035,4.3,21951,0,124,0,51,170,17,175,1.03,0.0,0.3,0.1,124,none,none,0.0,1132,25
17974584114239537,story,10,2026-05-03,17:23,Sun,17,rate this edit 1-10,19,0,0,none,1,400135,24742,6.2,26781,0,111,0,74,247,24,185,0.75,0.0,0.3,0.097,0,none,none,0.0,1132,25
17901168747292873,story,10,2026-05-03,17:36,Sun,17,sneak peek: tonight's reel,26,0,0,none,1,400135,28889,7.2,32342,0,330,0,86,288,28,416,1.44,0.0,0.3,0.097,0,none,none,0.0,1132,25
17959661663998071,reel,10,2026-05-03,22:10,Sun,22,pov: you opened the fridge for the 9th time,43,0,8,#desimemes #reelsindia #collegememes #memes #funny #viral #comedy #memesdaily,1,400760,187485,46.8,376069,11635,471,223,1646,3422,411,13975,7.45,0.12,0.88,0.219,0,part_2:6|hostel_request:5,my roommate 😭,18.3,1132,25
17949843261237125,reel,10,2026-05-04,00:50,Mon,0,pov: hostel mess serves paneer once a month ✨ 😭,47,2,5,#viral #lol #fyp #relatable #memesdaily,1,401161,162021,40.4,421030,9518,269,172,1171,2626,386,11130,6.87,0.11,0.72,0.238,1,part_2:4|hostel_request:4,peak,16.7,2435,23
17969765721864505,reel,10,2026-05-04,01:50,Mon,1,viva questions be like,22,0,2,#funny #fyp,1,401547,523413,130.3,1168726,35108,1083,865,5819,10247,1647,42875,8.19,0.17,1.11,0.315,0,hostel_request:9,LMAOOO,13.3,2435,23
17930396188754373,story,10,2026-05-04,10:35,Mon,10,question box: roast me,22,0,0,none,1,401161,21664,5.4,27396,0,236,0,64,216,21,300,1.38,0.0,0.3,0.097,236,none,none,0.0,2435,23
17986317763701026,story,10,2026-05-04,13:21,Mon,13,bts of the skit,15,0,0,none,1,401161,19033,4.7,20836,0,183,0,57,190,19,240,1.26,0.0,0.3,0.1,0,none,none,0.0,2435,23
17920396513805584,story,10,2026-05-04,17:35,Mon,17,sneak peek: tonight's reel,26,0,0,none,1,401161,21640,5.4,23666,0,246,0,64,216,21,310,1.43,0.0,0.3,0.097,0,none,none,0.0,2435,23
17968916770485383,story,10,2026-05-04,17:43,Mon,17,which meme should i do next?,28,0,0,none,1,401161,23364,5.8,27118,0,92,0,70,233,23,162,0.69,0.0,0.3,0.098,0,none,none,0.0,2435,23
17971298394589843,reel,10,2026-05-04,19:20,Mon,19,pov: you said 'one episode' at 11pm 💀 🙌,39,2,8,#lol #memes #funny #comedy #desimemes #fyp #viral #brainrot,1,403194,159403,39.5,353366,9039,360,204,1219,2418,341,10822,6.79,0.13,0.76,0.214,0,part_2:1|hostel_request:4,LMAOOO,10.0,2435,23
17974832242666083,reel,10,2026-05-05,01:30,Tue,1,when your squad leaves you alone 💀,34,1,0,none,1,403542,223391,55.4,508137,15222,614,178,1538,3541,239,17552,7.86,0.08,0.69,0.107,0,none,i can't,10.0,2594,32
17999552959726004,story,10,2026-05-05,09:08,Tue,9,poll: part 2 yes or no,22,0,0,none,1,403542,22259,5.5,26576,0,150,0,66,222,22,216,0.97,0.0,0.3,0.099,0,none,none,0.0,2594,32
17982228756153097,story,10,2026-05-05,09:24,Tue,9,sneak peek: tonight's reel,26,0,0,none,1,403542,19461,4.8,23468,0,104,0,58,194,19,162,0.83,0.0,0.3,0.098,0,none,none,0.0,2594,32
17972768732241370,story,10,2026-05-05,10:50,Tue,10,bts of the skit,15,0,0,none,1,403542,25107,6.2,31900,0,136,0,75,251,25,211,0.84,0.0,0.3,0.1,0,none,none,0.0,2594,32
17975836089792636,story,10,2026-05-05,13:06,Tue,13,sneak peek: tonight's reel,26,0,0,none,1,403542,16661,4.1,20862,0,66,0,49,166,16,115,0.69,0.0,0.29,0.096,0,none,none,0.0,2594,32
17955003797962910,reel,10,2026-05-05,21:30,Tue,21,the group project guy who does nothing ✨,40,1,0,none,1,403781,393408,97.4,833709,26504,776,617,4536,7584,1107,32433,8.24,0.16,1.15,0.281,1,part_2:7|voice_id:6|hostel_request:1,who's the voice 😭,15.0,2594,32
17922277812092047,reel,10,2026-05-05,23:10,Tue,23,attendance 74.9% and the professor said no 😍 💀 ✨ 👀 🙌 💯,54,6,8,#relatable #brainrot #memes #comedy #fyp #lol #collegememes #viral,1,404888,470485,116.2,1270002,28910,881,1004,5449,7952,1198,36244,7.7,0.21,1.16,0.255,0,hostel_request:5,why is this so real,6.7,2594,32
17926227975767927,reel,10,2026-05-06,17:20,Wed,17,lag at the final moment 🫶 🔥,27,2,8,#collegememes #memesdaily #relatable #viral #lol #comedy #brainrot #fyp,1,406069,132937,32.7,332589,8826,236,87,816,2304,180,9965,7.5,0.07,0.61,0.135,0,none,bro 😭,11.7,889,27
17924542555078558,reel,10,2026-05-06,19:30,Wed,19,pov: you opened the fridge for the 9th time 😂,45,1,5,#lol #memes #funny #memesdaily #brainrot,1,406249,150569,37.1,357243,7811,230,162,931,2483,281,9134,6.07,0.11,0.62,0.187,2,part_2:3|hostel_request:4,sending this to everyone,8.3,889,27
17969979974016791,reel,10,2026-05-06,21:20,Wed,21,tag the friend 💀 🫶,18,2,5,#brainrot #memes #reelsindia #viral #funny,1,406530,92196,22.7,178969,5982,150,56,787,1333,150,6975,7.57,0.06,0.85,0.163,2,repetitive_callout:3,peak,16.7,889,27
17984938349147380,reel,10,2026-05-06,22:00,Wed,22,pov: you said 'one episode' at 11pm,35,0,8,#funny #memesdaily #memes #desimemes #reelsindia #viral #relatable #collegememes,1,406680,163945,40.3,409970,9729,292,174,1240,2682,305,11435,6.97,0.11,0.76,0.186,2,part_2:3|hostel_request:6,the editing 💀,16.7,889,27
17954133564116485,reel,10,2026-05-07,01:50,Thu,1,"exam tomorrow, syllabus unknown 💀",33,1,8,#reelsindia #collegememes #memes #lol #comedy #brainrot #viral #fyp,1,406983,383978,94.3,1002013,20058,525,610,4036,6322,953,25229,6.57,0.16,1.05,0.248,0,hostel_request:4,why is this so real,11.7,1640,31
17907390715415376,story,10,2026-05-07,10:31,Thu,10,sneak peek: tonight's reel,26,0,0,none,1,406983,25727,6.3,29707,0,286,0,77,257,25,363,1.41,0.0,0.3,0.097,0,none,none,0.0,1640,31
17902563636315735,reel,10,2026-05-07,21:40,Thu,21,this is literally me 💯,22,1,5,#brainrot #lol #funny #desimemes #relatable,1,407936,145816,35.7,282984,10008,192,97,1359,2418,249,11656,7.99,0.07,0.93,0.171,3,repetitive_callout:4,bro 😭,15.0,1640,31
17954590217948964,story,10,2026-05-07,22:33,Thu,22,poll: part 2 yes or no,22,0,0,none,1,406983,28358,7.0,30520,0,193,0,85,283,28,278,0.98,0.0,0.3,0.099,0,none,none,0.0,1640,31
17909021723458335,image,10,2026-05-07,22:50,Thu,22,average bangalore traffic experience 💀,38,1,2,#fyp #viral,1,408185,155540,38.1,197322,9017,321,155,1775,3005,416,11268,7.24,0.1,1.14,0.267,3,part_2:4|voice_id:5|hostel_request:5,peak,10.0,1640,31
17903895343789331,story,10,2026-05-08,10:56,Fri,10,which meme should i do next?,28,0,0,none,1,408576,20991,5.1,22231,0,43,0,62,209,20,105,0.5,0.0,0.3,0.095,0,none,none,0.0,561,32
17902508790131162,reel,10,2026-05-08,11:00,Fri,11,lag at the final moment ✨,25,1,3,#reelsindia #collegememes #fyp,1,408576,73731,18.0,193371,4280,85,48,437,1157,87,4850,6.58,0.07,0.59,0.118,0,none,sending this to everyone,10.0,561,32
17956527661987325,story,10,2026-05-08,13:35,Fri,13,sneak peek: tonight's reel,26,0,0,none,1,408576,32248,7.9,34026,0,302,0,96,322,32,398,1.23,0.0,0.3,0.099,0,none,none,0.0,561,32
17926151299935782,reel,10,2026-05-08,21:50,Fri,21,ai edit: if my college was a video game 😍,41,1,8,#lol #brainrot #fyp #collegememes #funny #comedy #memesdaily #reelsindia,1,408663,279285,68.3,636201,18964,792,880,2078,4351,454,22714,8.13,0.32,0.74,0.163,1,voice_id:4,💀💀💀,15.0,561,32
17992649215808763,story,10,2026-05-09,09:50,Sat,9,which meme should i do next?,28,0,0,none,1,409113,29113,7.1,36901,0,157,0,87,291,29,244,0.84,0.0,0.3,0.1,0,none,none,0.0,655,32
17944610301086058,story,10,2026-05-09,10:38,Sat,10,which meme should i do next?,28,0,0,none,1,409113,19521,4.8,23398,0,127,0,58,195,19,185,0.95,0.0,0.3,0.097,0,none,none,0.0,655,32
17934441443165649,reel,10,2026-05-09,11:00,Sat,11,pov: you said 'one episode' at 11pm,35,0,0,none,1,409113,158502,38.7,429130,9984,298,215,1305,3157,386,11802,7.45,0.14,0.82,0.244,0,part_2:4|hostel_request:5,💀💀💀,8.3,655,32
17915088960027762,story,10,2026-05-09,13:29,Sat,13,rate this edit 1-10,19,0,0,none,1,409113,21375,5.2,26208,0,78,0,64,213,21,142,0.66,0.0,0.3,0.098,0,none,none,0.0,655,32
17939491519737817,reel,10,2026-05-09,17:30,Sat,17,pov: hostel mess serves paneer once a month 😂 🔥 🙌 💯,51,4,8,#memesdaily #viral #brainrot #memes #lol #funny #desimemes #fyp,1,409499,135543,33.1,306548,9277,268,165,1562,1870,232,11272,8.32,0.12,1.15,0.171,1,part_2:4|hostel_request:6,peak,10.0,655,32
17952460229949754,reel,11,2026-05-10,01:10,Sun,1,pov: you're the friend with a car,33,0,2,#collegememes #lol,1,409727,165584,40.4,332676,9333,223,208,1597,2801,409,11361,6.86,0.13,0.96,0.247,2,part_2:5|hostel_request:7,do hostel mess next,16.7,1357,29
17936851960127571,story,11,2026-05-10,10:06,Sun,10,question box: roast me,22,0,0,none,1,409727,23827,5.8,26240,0,224,0,71,238,23,295,1.24,0.0,0.3,0.097,224,none,none,0.0,1357,29
17973790591028783,story,11,2026-05-10,10:43,Sun,10,question box: roast me,22,0,0,none,1,409727,19716,4.8,22010,0,232,0,59,197,19,291,1.48,0.0,0.3,0.096,232,none,none,0.0,1357,29
17960544745325343,reel,11,2026-05-10,14:40,Sun,14,attendance 74.9% and the professor said no 😭 💯,46,2,5,#viral #comedy #fyp #desimemes #reelsindia,1,410136,181725,44.3,425538,9705,251,259,1591,3232,577,11806,6.5,0.14,0.88,0.318,0,hostel_request:6,make one about hostel life,11.7,1357,29
17988234301597602,story,11,2026-05-10,22:31,Sun,22,bts of the skit,15,0,0,none,1,409727,23612,5.8,25451,0,262,0,70,236,23,332,1.41,0.0,0.3,0.097,0,none,none,0.0,1357,29
17958224132006365,reel,11,2026-05-10,23:10,Sun,23,this is literally me 😭 💯 🔥 😂,28,4,10,#reelsindia #relatable #desimemes #viral #memesdaily #collegememes #comedy #lol #funny #fyp,1,410713,199503,48.6,524749,11779,226,132,1338,2901,335,13475,6.75,0.07,0.67,0.168,2,repetitive_callout:5,sending this to everyone,16.7,1357,29
17923003864694760,carousel,11,2026-05-11,01:30,Mon,1,i asked an ai to make my city a movie trailer 🔥 ✨ 😂 💯,53,4,0,none,4,411025,93083,22.6,140514,4811,155,230,587,1872,167,5783,6.21,0.25,0.63,0.179,0,voice_id:2,why is this so real,16.7,922,30
17975318448788658,story,11,2026-05-11,09:11,Mon,9,bts of the skit,15,0,0,none,1,411025,18137,4.4,21954,0,93,0,54,181,18,147,0.81,0.0,0.3,0.099,0,none,none,0.0,922,30
17999464572969273,reel,11,2026-05-11,11:00,Mon,11,ai voice of my cat. it's unhinged. 💯,36,1,5,#memesdaily #comedy #fyp #viral #brainrot,1,411192,47002,11.4,104048,2959,121,129,277,829,74,3486,7.42,0.27,0.59,0.157,1,voice_id:1,i'm crying,16.7,922,30
17982192944491416,reel,11,2026-05-11,17:40,Mon,17,my last brain cell during exams,31,0,12,#memesdaily #funny #comedy #memes #lol #relatable #reelsindia #fyp #desimemes #collegememes #brainrot #viral,1,411266,123665,30.1,264560,7048,172,147,1068,2011,290,8435,6.82,0.12,0.86,0.235,4,part_2:3|voice_id:6|hostel_request:3,i can't,15.0,922,30
17956134498102943,story,11,2026-05-11,17:40,Mon,17,rate this edit 1-10,19,0,0,none,1,411025,22186,5.4,28502,0,187,0,66,221,22,253,1.14,0.0,0.3,0.099,0,none,none,0.0,922,30
17965210936363469,carousel,11,2026-05-11,23:30,Mon,23,pov: hostel mess serves paneer once a month 👀,45,1,0,none,5,411556,179662,43.7,244985,10155,287,234,1337,3054,381,12013,6.69,0.13,0.74,0.212,1,part_2:3|hostel_request:2,bro 😭,8.3,922,30
17967035207577061,story,11,2026-05-12,10:19,Tue,10,bts of the skit,15,0,0,none,1,411925,17125,4.2,21803,0,113,0,51,171,17,164,0.96,0.0,0.3,0.099,0,none,none,0.0,1848,23
17944177144415969,reel,11,2026-05-12,11:40,Tue,11,when the teammate says 'trust me',33,0,8,#relatable #comedy #lol #viral #collegememes #funny #memesdaily #memes,1,411925,63421,15.4,122367,3497,99,28,326,1292,114,3950,6.23,0.04,0.51,0.18,0,none,LMAOOO,10.0,1848,23
17924154421929544,story,11,2026-05-12,13:00,Tue,13,bts of the skit,15,0,0,none,1,411925,20251,4.9,25112,0,193,0,60,202,20,253,1.25,0.0,0.3,0.099,0,none,none,0.0,1848,23
17962670936700954,story,11,2026-05-12,20:49,Tue,20,which meme should i do next?,28,0,0,none,1,411925,19644,4.8,22717,0,212,0,58,196,19,270,1.37,0.0,0.3,0.097,0,none,none,0.0,1848,23
17957786276188590,reel,11,2026-05-12,21:20,Tue,21,npc behaviour at a family function ✨ 😂,38,2,2,#relatable #reelsindia,1,412039,165431,40.1,419748,10066,418,210,1774,3097,494,12468,7.54,0.13,1.07,0.299,0,part_2:4|voice_id:2|hostel_request:6,LMAOOO,11.7,1848,23
17952736640359169,story,11,2026-05-12,22:10,Tue,22,question box: roast me,22,0,0,none,1,411925,30858,7.5,37379,0,247,0,92,308,30,339,1.1,0.0,0.3,0.097,247,none,none,0.0,1848,23
17946961473273094,reel,11,2026-05-12,23:20,Tue,23,pov: hostel mess serves paneer once a month 😍 ✨,47,2,0,none,1,412533,554599,134.4,1089011,35273,939,720,4124,9658,1177,41056,7.4,0.13,0.74,0.212,0,part_2:7|hostel_request:7,💀💀💀,8.3,1848,23
17986272585346184,reel,11,2026-05-13,00:10,Wed,0,i asked an ai to make my city a movie trailer,45,0,3,#reelsindia #funny #fyp,1,413700,169622,41.0,316756,10811,321,402,985,2679,221,12519,7.38,0.24,0.58,0.13,2,voice_id:4,my roommate 😭,11.7,2052,27
17925730846511477,reel,11,2026-05-13,01:40,Wed,1,pov: you opened the fridge for the 9th time 😂 🫶,47,2,0,none,1,413921,332835,80.4,703614,20652,692,391,2739,5324,710,24474,7.35,0.12,0.82,0.213,1,part_2:3|hostel_request:5,LMAOOO,11.7,2052,27
17979341376907447,story,11,2026-05-13,13:49,Wed,13,bts of the skit,15,0,0,none,1,413700,17972,4.3,20100,0,131,0,53,179,17,184,1.02,0.0,0.29,0.095,0,none,none,0.0,2052,27
17983310977504501,story,11,2026-05-13,20:44,Wed,20,which meme should i do next?,28,0,0,none,1,413700,22443,5.4,25876,0,86,0,67,224,22,153,0.68,0.0,0.3,0.098,0,none,none,0.0,2052,27
17978755755362502,story,11,2026-05-13,20:57,Wed,20,sneak peek: tonight's reel,26,0,0,none,1,413700,23049,5.6,28009,0,106,0,69,230,23,175,0.76,0.0,0.3,0.1,0,none,none,0.0,2052,27
17986369689822339,image,11,2026-05-13,21:30,Wed,21,pov: you opened the fridge for the 9th time 💀,45,1,0,none,1,414631,106331,25.6,155367,5570,179,90,759,1698,239,6598,6.21,0.08,0.71,0.225,1,part_2:4|hostel_request:4,LMAOOO,8.3,2052,27
17979188552447116,reel,11,2026-05-13,22:30,Wed,22,npc behaviour at a family function,34,0,10,#reelsindia #lol #funny #brainrot #comedy #fyp #memes #collegememes #relatable #memesdaily,1,414870,332854,80.2,634135,21328,719,453,3504,6438,847,26004,7.81,0.14,1.05,0.254,1,part_2:5|voice_id:1|hostel_request:8,i'm crying,11.7,2052,27
17995965189475963,story,11,2026-05-14,09:07,Thu,9,sneak peek: tonight's reel,26,0,0,none,1,415720,19337,4.7,20611,0,102,0,58,193,19,160,0.83,0.0,0.3,0.098,0,none,none,0.0,951,32
17996543996827905,story,11,2026-05-14,10:41,Thu,10,rate this edit 1-10,19,0,0,none,1,415720,20747,5.0,23314,0,174,0,62,207,20,236,1.14,0.0,0.3,0.096,0,none,none,0.0,951,32
17980883602157179,story,11,2026-05-14,13:05,Thu,13,bts of the skit,15,0,0,none,1,415720,22619,5.4,25896,0,187,0,67,226,22,254,1.12,0.0,0.3,0.097,0,none,none,0.0,951,32
17916302375336362,story,11,2026-05-14,17:23,Thu,17,sneak peek: tonight's reel,26,0,0,none,1,415720,31097,7.5,38501,0,317,0,93,310,31,410,1.32,0.0,0.3,0.1,0,none,none,0.0,951,32
17959041238892692,reel,11,2026-05-14,17:30,Thu,17,💀💀💀 👀 🔥 🫶 💯,11,4,0,none,1,415720,151622,36.5,300257,10308,228,119,1093,2501,288,11748,7.75,0.08,0.72,0.19,3,repetitive_callout:4,the editing 💀,13.3,951,32
17993040945266118,reel,11,2026-05-14,21:40,Thu,21,pov: hostel mess serves paneer once a month,43,0,8,#collegememes #memesdaily #fyp #comedy #memes #brainrot #viral #relatable,1,416008,117277,28.2,261329,7921,264,165,1091,1841,259,9441,8.05,0.14,0.93,0.221,1,part_2:5|hostel_request:1,why is this so real,8.3,951,32
17969927807005736,reel,11,2026-05-14,22:30,Thu,22,pov: hostel mess serves paneer once a month 😭,45,1,12,#fyp #relatable #comedy #viral #memesdaily #desimemes #memes #funny #collegememes #lol #brainrot #reelsindia,1,416267,151353,36.4,403741,9646,205,185,1374,2590,313,11410,7.54,0.12,0.91,0.207,2,part_2:4|hostel_request:3,LMAOOO,11.7,951,32
17929044942143527,story,11,2026-05-14,22:53,Thu,22,bts of the skit,15,0,0,none,1,415720,31939,7.7,39725,0,114,0,95,319,31,209,0.65,0.0,0.3,0.097,0,none,none,0.0,951,32
17945905470060040,story,11,2026-05-15,09:58,Fri,9,poll: part 2 yes or no,22,0,0,none,1,416572,22095,5.3,23770,0,250,0,66,220,22,316,1.43,0.0,0.3,0.1,0,none,none,0.0,730,25
17999380646818827,image,11,2026-05-15,11:00,Fri,11,when the teammate says 'trust me' 😍 🔥 😭 💀 😂 💯,45,6,3,#brainrot #funny #comedy,1,416572,42011,10.1,60944,2765,101,30,213,816,66,3109,7.4,0.07,0.51,0.157,0,none,the editing 💀,1.7,730,25
17949170026560236,reel,11,2026-05-15,21:50,Fri,21,pov: mom found your report card ✨ 💀,35,2,2,#comedy #reelsindia,1,416638,260445,62.5,625169,16058,482,291,1915,4751,667,18746,7.2,0.11,0.74,0.256,1,part_2:4|hostel_request:4,the editing 💀,18.3,730,25
17950183108605065,image,11,2026-05-16,01:20,Sat,1,when your squad leaves you alone,32,0,5,#desimemes #brainrot #funny #lol #fyp,1,417305,53366,12.8,71612,2836,117,32,238,986,85,3223,6.04,0.06,0.45,0.159,0,none,i can't,8.3,941,27
17925016147684839,reel,11,2026-05-16,11:10,Sat,11,pov: hostel mess serves paneer once a month,43,0,3,#collegememes #brainrot #reelsindia,1,417390,130793,31.3,252473,8864,249,150,1370,1784,266,10633,8.13,0.11,1.05,0.203,1,part_2:6|hostel_request:6,the editing 💀,10.0,941,27
17986579256873187,story,11,2026-05-16,13:37,Sat,13,question box: roast me,22,0,0,none,1,417305,22491,5.4,25056,0,120,0,67,224,22,187,0.83,0.0,0.3,0.098,120,none,none,0.0,941,27
17923514426596341,story,11,2026-05-16,17:48,Sat,17,which meme should i do next?,28,0,0,none,1,417305,32954,7.9,35145,0,120,0,98,329,32,218,0.66,0.0,0.3,0.097,0,none,none,0.0,941,27
17970651453881163,reel,11,2026-05-16,19:10,Sat,19,pov: mom found your report card 👀,33,1,5,#brainrot #memes #collegememes #desimemes #lol,1,417656,117979,28.2,291863,7110,196,114,1030,2318,294,8450,7.16,0.1,0.87,0.249,1,part_2:6|hostel_request:4,make one about hostel life,10.0,941,27
17922934433063439,reel,11,2026-05-16,21:10,Sat,21,pov: hostel mess serves paneer once a month 🙌,45,1,10,#lol #memes #memesdaily #reelsindia #fyp #comedy #relatable #funny #brainrot #desimemes,1,417950,111170,26.6,239013,6564,242,115,1002,1933,269,7923,7.13,0.1,0.9,0.242,0,part_2:6|hostel_request:9,i'm crying,8.3,941,27
17997787601155294,reel,12,2026-05-17,00:40,Sun,0,no because why is this true,27,0,5,#relatable #comedy #viral #desimemes #lol,1,418221,213587,51.1,465803,14679,334,133,2324,3572,384,17470,8.18,0.06,1.09,0.18,3,repetitive_callout:3,i can't,16.7,1484,30
17901940901186465,story,12,2026-05-17,10:31,Sun,10,question box: roast me,22,0,0,none,1,418221,26003,6.2,30289,0,239,0,78,260,26,317,1.22,0.0,0.3,0.1,239,none,none,0.0,1484,30
17926324394994010,story,12,2026-05-17,13:54,Sun,13,sneak peek: tonight's reel,26,0,0,none,1,418221,24186,5.8,26972,0,190,0,72,241,24,262,1.08,0.0,0.3,0.099,0,none,none,0.0,1484,30
17911939404435453,reel,12,2026-05-17,14:20,Sun,14,me explaining to the auto uncle why 20 rupees is fair,53,0,5,#comedy #desimemes #funny #relatable #collegememes,1,418605,138767,33.1,384800,8891,274,201,1684,2727,353,11050,7.96,0.14,1.21,0.254,1,part_2:1|voice_id:5|hostel_request:9,my roommate 😭,8.3,1484,30
17908756924804693,story,12,2026-05-17,22:13,Sun,22,rate this edit 1-10,19,0,0,none,1,418221,31787,7.6,33665,0,290,0,95,317,31,385,1.21,0.0,0.3,0.098,0,none,none,0.0,1484,30
17993714094363717,reel,12,2026-05-17,22:30,Sun,22,average bangalore traffic experience ✨ 🙌 💯 😭 😍 🔥,48,6,8,#desimemes #comedy #funny #fyp #reelsindia #viral #memes #collegememes,1,418958,310201,74.0,856310,19649,452,470,3630,4237,679,24201,7.8,0.15,1.17,0.219,1,voice_id:1|hostel_request:6,my roommate 😭,13.3,1484,30
17918945951968326,story,12,2026-05-17,22:38,Sun,22,question box: roast me,22,0,0,none,1,418221,17080,4.1,21101,0,148,0,51,170,17,199,1.17,0.0,0.3,0.1,148,none,none,0.0,1484,30
17977468354848949,reel,12,2026-05-18,11:50,Mon,11,no because why is this true 🫶,29,1,2,#fyp #collegememes,1,419617,123666,29.5,311335,6797,143,79,953,1769,177,7972,6.45,0.06,0.77,0.143,2,repetitive_callout:4,my roommate 😭,10.0,854,31
17949547490924079,image,12,2026-05-18,14:50,Mon,14,npc behaviour at a family function 🫶,36,1,10,#memes #comedy #brainrot #relatable #viral #memesdaily #fyp #reelsindia #lol #desimemes,1,419794,61945,14.8,79852,3814,129,78,757,990,155,4778,7.71,0.13,1.22,0.25,0,part_2:5|voice_id:2|hostel_request:5,part 2 or i riot,11.7,854,31
17993581033790709,reel,12,2026-05-18,19:30,Mon,19,pov: you're the friend with a car 🙌 😭,37,2,2,#collegememes #viral,1,419949,252537,60.1,634072,16802,306,374,2030,4620,553,19512,7.73,0.15,0.8,0.219,2,part_2:7|hostel_request:6,peak,6.7,854,31
17953798743527795,reel,12,2026-05-19,01:20,Tue,1,no because why is this true 🙌 😭,31,2,2,#relatable #collegememes,1,420492,338755,80.6,768234,23055,480,273,2825,5679,590,26633,7.86,0.08,0.83,0.174,1,repetitive_callout:2,the editing 💀,10.0,801,32
17995821901225846,story,12,2026-05-19,10:28,Tue,10,bts of the skit,15,0,0,none,1,420492,30068,7.2,38015,0,157,0,90,300,30,247,0.82,0.0,0.3,0.1,0,none,none,0.0,801,32
17914022082241728,story,12,2026-05-19,17:43,Tue,17,bts of the skit,15,0,0,none,1,420492,31362,7.5,35860,0,360,0,94,313,31,454,1.45,0.0,0.3,0.099,0,none,none,0.0,801,32
17952673128202335,story,12,2026-05-19,20:34,Tue,20,which meme should i do next?,28,0,0,none,1,420492,30453,7.2,35517,0,347,0,91,304,30,438,1.44,0.0,0.3,0.099,0,none,none,0.0,801,32
17908710935918990,reel,12,2026-05-19,21:30,Tue,21,this is literally me 😍 💯 😭 🔥,28,4,5,#memesdaily #comedy #lol #memes #brainrot,1,421082,104627,24.8,225891,6665,266,72,795,1481,152,7798,7.45,0.07,0.76,0.145,3,repetitive_callout:5,i can't,18.3,801,32
17975713174981930,story,12,2026-05-20,13:02,Wed,13,question box: roast me,22,0,0,none,1,421228,22590,5.4,25052,0,142,0,67,225,22,209,0.93,0.0,0.3,0.097,142,none,none,0.0,708,31
17937332475476441,story,12,2026-05-20,17:45,Wed,17,bts of the skit,15,0,0,none,1,421228,24212,5.7,30554,0,283,0,72,242,24,355,1.47,0.0,0.3,0.099,0,none,none,0.0,708,31
17928154117971422,reel,12,2026-05-20,17:50,Wed,17,pov: you opened the fridge for the 9th time 😂 ✨,47,2,10,#memes #desimemes #funny #relatable #viral #reelsindia #lol #memesdaily #comedy #collegememes,1,421228,182584,43.3,338780,11609,362,273,1852,3023,361,14096,7.72,0.15,1.01,0.198,0,part_2:5|hostel_request:8,sending this to everyone,8.3,708,31
17977860609237331,reel,12,2026-05-20,19:00,Wed,19,💀💀💀 🫶,5,1,12,#reelsindia #lol #funny #collegememes #memes #desimemes #memesdaily #fyp #brainrot #comedy #viral #relatable,1,421589,131063,31.1,352806,7533,169,83,1013,2605,299,8798,6.71,0.06,0.77,0.228,3,repetitive_callout:8,LMAOOO,8.3,708,31
17997737725823800,story,12,2026-05-20,20:17,Wed,20,rate this edit 1-10,19,0,0,none,1,421228,33332,7.9,38220,0,93,0,99,333,33,192,0.58,0.0,0.3,0.099,0,none,none,0.0,708,31
17967109977924686,reel,12,2026-05-21,00:40,Thu,0,8am lecture survivors 💀,23,1,10,#lol #reelsindia #desimemes #relatable #fyp #brainrot #memes #comedy #funny #viral,1,421880,710161,168.3,1447365,41132,1259,1433,6641,11603,1636,50465,7.11,0.2,0.94,0.23,0,hostel_request:5,i can't,15.0,2670,27
17965952647598163,reel,12,2026-05-21,17:40,Thu,17,💀💀💀 💯 🫶 😍 💀,11,4,3,#fyp #memesdaily #reelsindia,1,423516,110489,26.1,242069,6751,170,77,885,2085,236,7883,7.13,0.07,0.8,0.214,2,repetitive_callout:3,sending this to everyone,11.7,2670,27
17907010943284659,story,12,2026-05-21,22:10,Thu,22,poll: part 2 yes or no,22,0,0,none,1,421880,32938,7.8,39709,0,350,0,98,329,32,448,1.36,0.0,0.3,0.097,0,none,none,0.0,2670,27
17951906623426617,reel,12,2026-05-21,23:30,Thu,23,pov: you opened the fridge for the 9th time 👀,45,1,0,none,1,423752,397520,93.8,994484,23962,962,546,4087,6003,793,29557,7.44,0.14,1.03,0.199,1,part_2:8|hostel_request:4,LMAOOO,11.7,2670,27
17940554722016914,story,12,2026-05-22,10:39,Fri,10,which meme should i do next?,28,0,0,none,1,424532,25278,6.0,31300,0,102,0,75,252,25,177,0.7,0.0,0.3,0.099,0,none,none,0.0,1505,30
17943076282636853,story,12,2026-05-22,13:16,Fri,13,bts of the skit,15,0,0,none,1,424532,30319,7.1,33405,0,144,0,90,303,30,234,0.77,0.0,0.3,0.099,0,none,none,0.0,1505,30
17904121385589686,story,12,2026-05-22,13:23,Fri,13,bts of the skit,15,0,0,none,1,424532,25323,6.0,29205,0,240,0,75,253,25,315,1.24,0.0,0.3,0.099,0,none,none,0.0,1505,30
17962743832131804,reel,12,2026-05-22,21:10,Fri,21,gave an ai my exam timetable. it quit. 😭 🫶 💯 ✨ 😂 🔥,50,6,3,#relatable #memes #desimemes,1,424532,172845,40.7,417569,9772,358,468,920,3092,241,11518,6.66,0.27,0.53,0.139,2,voice_id:4,i'm crying,13.3,1505,30
17912296399067742,reel,12,2026-05-22,22:20,Fri,22,when the wifi drops for 1 second 💀 😍 😭 😂,40,4,5,#memes #memesdaily #lol #viral #desimemes,1,424773,240691,56.7,502131,14920,588,305,2817,3399,536,18630,7.74,0.13,1.17,0.223,3,part_2:12|voice_id:2|hostel_request:4,bro 😭,15.0,1505,30
17955005393039650,reel,12,2026-05-22,23:50,Fri,23,pov: mom found your report card 🙌,33,1,0,none,1,425309,289553,68.1,547918,19283,640,314,3203,5296,678,23440,8.1,0.11,1.11,0.234,0,part_2:7|hostel_request:7,the editing 💀,18.3,1505,30
17900389880834998,story,12,2026-05-23,13:09,Sat,13,sneak peek: tonight's reel,26,0,0,none,1,425986,27366,6.4,30322,0,131,0,82,273,27,213,0.78,0.0,0.3,0.099,0,none,none,0.0,1950,31
17981511931210270,reel,12,2026-05-23,19:10,Sat,19,no because why is this true,27,0,0,none,1,425986,189464,44.5,499488,12800,354,137,1884,2617,287,15175,8.01,0.07,0.99,0.151,2,repetitive_callout:6,the editing 💀,10.0,1950,31
17990423955860822,reel,12,2026-05-23,21:00,Sat,21,the group project guy who does nothing 👀 🙌 💯 😍 🔥 😂,50,6,5,#memesdaily #desimemes #viral #lol #relatable,1,426273,190315,44.6,509462,9860,300,176,1980,3095,473,12316,6.47,0.09,1.04,0.249,4,part_2:5|voice_id:8|hostel_request:3,bro 😭,15.0,1950,31
17966209361444212,reel,12,2026-05-23,23:40,Sat,23,"exam tomorrow, syllabus unknown 🙌",33,1,10,#fyp #comedy #memesdaily #reelsindia #collegememes #funny #desimemes #brainrot #relatable #memes,1,426746,409144,95.9,1013262,26792,967,892,5259,7244,1194,33910,8.29,0.22,1.29,0.292,0,hostel_request:3,i'm crying,13.3,1950,31
17975649801807996,story,13,2026-05-24,09:56,Sun,9,bts of the skit,15,0,0,none,1,427922,17692,4.1,18914,0,122,0,53,176,17,175,0.99,0.0,0.3,0.096,0,none,none,0.0,918,30
17995297264565400,image,13,2026-05-24,11:10,Sun,11,npc behaviour at a family function,34,0,10,#reelsindia #comedy #relatable #brainrot #lol #fyp #funny #viral #desimemes #memesdaily,1,427922,50276,11.7,64992,3039,104,55,437,897,128,3635,7.23,0.11,0.87,0.255,2,part_2:7|voice_id:4|hostel_request:6,the editing 💀,18.3,918,30
17958006377049512,reel,13,2026-05-24,17:50,Sun,17,pov: you opened the fridge for the 9th time 🔥,45,1,3,#memesdaily #memes #collegememes,1,428050,108684,25.4,294933,7456,200,164,1217,1980,295,9037,8.31,0.15,1.12,0.271,4,part_2:9|hostel_request:5,my roommate 😭,10.0,918,30
17926208604541514,reel,13,2026-05-24,22:00,Sun,22,the group project guy who does nothing 💀,40,1,3,#memes #collegememes #lol,1,428345,243384,56.8,534474,16409,550,361,2808,3919,484,20128,8.27,0.15,1.15,0.199,1,part_2:6|voice_id:1|hostel_request:2,peak,10.0,918,30
17931033853471685,story,13,2026-05-24,22:01,Sun,22,bts of the skit,15,0,0,none,1,427922,24753,5.8,30644,0,265,0,74,247,24,339,1.37,0.0,0.3,0.097,0,none,none,0.0,918,30
17938158605973287,reel,13,2026-05-25,00:20,Mon,0,💀💀💀 👀 😂 ✨ 💀 💯 🙌,15,6,5,#comedy #memesdaily #reelsindia #memes #relatable,1,428829,228930,53.4,604564,15117,462,147,2288,4561,430,18014,7.87,0.06,1.0,0.188,2,repetitive_callout:3,💀💀💀,8.3,2610,24
17962233014947337,reel,13,2026-05-25,01:10,Mon,1,pov: you're the friend with a car,33,0,2,#lol #funny,1,429259,264250,61.6,534735,17127,482,317,2492,4400,508,20418,7.73,0.12,0.94,0.192,1,part_2:4|hostel_request:4,do hostel mess next,16.7,2610,24
17993455298516851,story,13,2026-05-25,13:04,Mon,13,question box: roast me,22,0,0,none,1,428829,29394,6.9,35523,0,306,0,88,293,29,394,1.34,0.0,0.3,0.099,306,none,none,0.0,2610,24
17900350822047280,reel,13,2026-05-25,21:40,Mon,21,"exam tomorrow, syllabus unknown 😍",33,1,0,none,1,429767,589096,137.1,1596836,32704,1319,1080,5607,8797,1380,40710,6.91,0.18,0.95,0.234,0,hostel_request:5,my roommate 😭,13.3,2610,24
17904873832955790,story,13,2026-05-25,22:33,Mon,22,poll: part 2 yes or no,22,0,0,none,1,428829,19685,4.6,20945,0,65,0,59,196,19,124,0.63,0.0,0.3,0.097,0,none,none,0.0,2610,24
17974144321028919,image,13,2026-05-25,23:00,Mon,23,pov: you said 'one episode' at 11pm 👀 🙌 ✨ 💯,43,4,8,#lol #reelsindia #brainrot #collegememes #funny #comedy #memesdaily #viral,1,431147,126078,29.2,174355,8530,196,181,1083,2143,268,9990,7.92,0.14,0.86,0.213,0,part_2:3|hostel_request:3,sending this to everyone,10.0,2610,24
17989538553288881,reel,13,2026-05-26,00:40,Tue,0,who else 😭,10,0,8,#relatable #brainrot #lol #viral #fyp #funny #reelsindia #desimemes,1,431408,355237,82.3,835393,24431,833,221,3494,6171,711,28979,8.16,0.06,0.98,0.2,2,repetitive_callout:3,peak,10.0,1328,26
17920350833444628,story,13,2026-05-26,09:05,Tue,9,poll: part 2 yes or no,22,0,0,none,1,431408,18896,4.4,23522,0,225,0,56,188,18,281,1.49,0.0,0.3,0.095,0,none,none,0.0,1328,26
17925213556542457,reel,13,2026-05-26,11:10,Tue,11,pov: you're the friend with a car 💯 💀,37,2,3,#collegememes #funny #viral,1,432119,112538,26.0,230329,7751,243,167,1124,1594,230,9285,8.25,0.15,1.0,0.204,3,part_2:7|hostel_request:4,do hostel mess next,8.3,1328,26
17956260717277015,image,13,2026-05-26,17:50,Tue,17,pov: you said 'one episode' at 11pm,35,0,12,#relatable #funny #memes #lol #fyp #viral #reelsindia #desimemes #collegememes #brainrot #memesdaily #comedy,1,432349,61514,14.2,95462,3583,69,79,615,1003,135,4346,7.07,0.13,1.0,0.219,2,part_2:5|hostel_request:6,bro 😭,8.3,1328,26
17989611897791962,story,13,2026-05-26,20:01,Tue,20,bts of the skit,15,0,0,none,1,431408,21449,5.0,25422,0,110,0,64,214,21,174,0.81,0.0,0.3,0.098,0,none,none,0.0,1328,26
17994124190888011,reel,13,2026-05-26,21:20,Tue,21,who else 😭 👀 🙌 💀 🔥,18,4,3,#viral #fyp #collegememes,1,432484,109210,25.3,224820,6889,184,80,799,2023,239,7952,7.28,0.07,0.73,0.219,2,repetitive_callout:5,why is this so real,13.3,1328,26
17986858774660175,story,13,2026-05-27,10:41,Wed,10,rate this edit 1-10,19,0,0,none,1,432716,25780,6.0,28723,0,211,0,77,257,25,288,1.12,0.0,0.3,0.097,0,none,none,0.0,710,25
17900650513193041,reel,13,2026-05-27,19:40,Wed,19,i asked an ai to make my city a movie trailer,45,0,5,#memesdaily #relatable #viral #collegememes #fyp,1,432716,197956,45.7,363338,11473,234,533,1184,3925,333,13424,6.78,0.27,0.6,0.168,1,voice_id:8,the editing 💀,11.7,710,25
17976066728004083,carousel,13,2026-05-27,21:50,Wed,21,ai voice of my cat. it's unhinged. 😂 😭,38,2,10,#reelsindia #memes #comedy #desimemes #fyp #memesdaily #viral #funny #brainrot #lol,3,433049,31439,7.3,43605,1812,54,64,174,575,45,2104,6.69,0.2,0.55,0.143,0,voice_id:2,i can't,14.8,710,25
17995651647266059,story,13,2026-05-27,22:05,Wed,22,bts of the skit,15,0,0,none,1,432716,23852,5.5,28934,0,243,0,71,238,23,314,1.32,0.0,0.3,0.096,0,none,none,0.0,710,25
17990026538194673,reel,13,2026-05-27,22:50,Wed,22,no because why is this true 🫶 😭 😂 😍 ✨ 💯,39,6,8,#fyp #relatable #reelsindia #collegememes #brainrot #viral #lol #desimemes,1,433094,197245,45.5,534962,11963,467,107,1886,3111,309,14423,7.31,0.05,0.96,0.157,1,repetitive_callout:3,not funny anymore,11.7,710,25
17929451284352446,image,13,2026-05-28,00:50,Thu,0,pov: you opened the fridge for the 9th time 🫶 💯 😂 👀 🔥 😍,55,6,8,#reelsindia #fyp #collegememes #lol #desimemes #comedy #memesdaily #brainrot,1,433402,202430,46.7,266060,11096,445,238,1324,3163,399,13103,6.47,0.12,0.65,0.197,4,part_2:6|hostel_request:4,i can't,10.0,873,32
17905313497234534,story,13,2026-05-28,10:31,Thu,10,rate this edit 1-10,19,0,0,none,1,433402,22514,5.2,24028,0,142,0,67,225,22,209,0.93,0.0,0.3,0.098,0,none,none,0.0,873,32
17970175974376880,reel,13,2026-05-28,11:50,Thu,11,pov: you're the friend with a car 😍,35,1,5,#relatable #desimemes #collegememes #brainrot #memes,1,433801,109585,25.3,215218,7003,161,153,1150,2033,271,8467,7.73,0.14,1.05,0.247,1,part_2:5|hostel_request:5,continue this pls,11.7,873,32
17980471894860284,story,13,2026-05-28,13:41,Thu,13,sneak peek: tonight's reel,26,0,0,none,1,433402,32965,7.6,34772,0,200,0,98,329,32,298,0.9,0.0,0.3,0.097,0,none,none,0.0,873,32
17938044126294040,reel,13,2026-05-28,14:00,Thu,14,i asked an ai to make my city a movie trailer 💀 🫶,49,2,8,#viral #desimemes #reelsindia #lol #memesdaily #funny #fyp #memes,1,434072,82270,19.0,215006,4715,176,199,524,1661,151,5614,6.82,0.24,0.64,0.184,2,voice_id:5,peak,13.3,873,32
17930701101840236,story,13,2026-05-28,22:33,Thu,22,bts of the skit,15,0,0,none,1,433402,30856,7.1,38761,0,368,0,92,308,30,460,1.49,0.0,0.3,0.097,0,none,none,0.0,873,32
17988562076887056,reel,13,2026-05-29,11:40,Fri,11,no because why is this true 👀 ✨,31,2,0,none,1,434198,130830,30.1,321042,8691,211,94,1200,1901,179,10196,7.79,0.07,0.92,0.137,1,repetitive_callout:4,you posted this yesterday,18.3,1504,31
17906286566541988,story,13,2026-05-29,17:26,Fri,17,question box: roast me,22,0,0,none,1,434198,28896,6.7,35531,0,225,0,86,288,28,311,1.08,0.0,0.3,0.097,225,none,none,0.0,1504,31
17963700039865896,reel,13,2026-05-29,21:40,Fri,21,when the wifi drops for 1 second,32,0,8,#comedy #desimemes #memes #brainrot #reelsindia #funny #memesdaily #fyp,1,434377,202426,46.6,525768,11354,265,186,1775,3485,557,13580,6.71,0.09,0.88,0.275,1,part_2:2|voice_id:1|hostel_request:9,i can't,21.7,1504,31
17924548408922632,reel,13,2026-05-29,22:00,Fri,22,npc behaviour at a family function 💯 🔥 ✨ 🫶,42,4,10,#reelsindia #comedy #memesdaily #collegememes #relatable #lol #viral #fyp #funny #desimemes,1,434934,159181,36.6,414297,9090,247,201,1620,3218,500,11158,7.01,0.13,1.02,0.314,2,part_2:7|voice_id:2|hostel_request:4,why is this so real,11.7,1504,31
17971809084121547,reel,13,2026-05-29,23:00,Fri,23,ai voice of my cat. it's unhinged. 💯,36,1,8,#funny #memes #relatable #lol #collegememes #desimemes #fyp #comedy,1,435434,210761,48.4,417973,12436,365,478,1374,3178,271,14653,6.95,0.23,0.65,0.129,3,voice_id:7,i can't,3.3,1504,31
17968977779162652,reel,13,2026-05-30,01:20,Sat,1,pov: you opened the fridge for the 9th time 😍 🙌,47,2,2,#comedy #lol,1,435687,329829,75.7,875209,18757,453,384,2692,4800,648,22286,6.76,0.12,0.82,0.196,2,part_2:5|hostel_request:3,the editing 💀,10.0,1822,33
17911116129719988,story,13,2026-05-30,17:26,Sat,17,bts of the skit,15,0,0,none,1,435687,31354,7.2,38740,0,322,0,94,313,31,416,1.33,0.0,0.3,0.099,0,none,none,0.0,1822,33
17921483755286222,reel,13,2026-05-30,22:20,Sat,22,this is literally me,20,0,2,#memes #comedy,1,436335,160986,36.9,318020,9580,195,92,1268,3210,310,11135,6.92,0.06,0.79,0.193,1,repetitive_callout:4,the editing 💀,3.3,1822,33
17933835222968297,image,13,2026-05-30,23:40,Sat,23,viva questions be like 💯,24,1,3,#memes #collegememes #desimemes,1,436645,347264,79.5,534127,19414,813,661,4192,5834,866,25080,7.22,0.19,1.21,0.249,0,hostel_request:5,💀💀💀,16.7,1822,33
17908572645968453,reel,14,2026-05-31,00:40,Sun,0,lag at the final moment 🙌,25,1,3,#reelsindia #comedy #lol,1,437493,190489,43.5,480564,12881,523,143,982,3216,283,14529,7.63,0.08,0.52,0.149,0,none,i can't,18.3,1628,30
17957144432519887,reel,14,2026-05-31,01:10,Sun,1,i asked an ai to make my city a movie trailer 👀,47,1,3,#funny #desimemes #fyp,1,437776,267936,61.2,744589,16875,636,630,1733,5229,539,19874,7.42,0.24,0.65,0.201,0,voice_id:4,💀💀💀,15.0,1628,30
17911107644223994,story,14,2026-05-31,09:27,Sun,9,which meme should i do next?,28,0,0,none,1,437493,28909,6.6,36182,0,285,0,86,289,28,371,1.28,0.0,0.3,0.097,0,none,none,0.0,1628,30
17985119549250863,story,14,2026-05-31,10:31,Sun,10,rate this edit 1-10,19,0,0,none,1,437493,21916,5.0,25890,0,44,0,65,219,21,109,0.5,0.0,0.3,0.096,0,none,none,0.0,1628,30
17917010897648632,story,14,2026-05-31,10:44,Sun,10,rate this edit 1-10,19,0,0,none,1,437493,23234,5.3,28601,0,215,0,69,232,23,284,1.22,0.0,0.3,0.099,0,none,none,0.0,1628,30
17966207313345282,story,14,2026-05-31,13:25,Sun,13,which meme should i do next?,28,0,0,none,1,437493,22822,5.2,25955,0,216,0,68,228,22,284,1.24,0.0,0.3,0.096,0,none,none,0.0,1628,30
17991806870490154,reel,14,2026-05-31,14:00,Sun,14,me explaining to the auto uncle why 20 rupees is fair ✨,55,1,10,#fyp #relatable #memesdaily #collegememes #funny #viral #brainrot #reelsindia #comedy #desimemes,1,438315,138951,31.7,282457,7158,279,149,1137,2731,336,8723,6.28,0.11,0.82,0.242,6,part_2:10|voice_id:3|hostel_request:4,need the next part,15.0,1628,30
17907093253521986,story,14,2026-05-31,22:48,Sun,22,poll: part 2 yes or no,22,0,0,none,1,437493,34484,7.9,36597,0,186,0,103,344,34,289,0.84,0.0,0.3,0.099,0,none,none,0.0,1628,30
17916232401226736,reel,14,2026-05-31,23:00,Sun,23,when your squad leaves you alone,32,0,2,#funny #comedy,1,438651,256587,58.5,619932,17270,614,166,1386,5218,372,19436,7.57,0.06,0.54,0.145,0,none,sending this to everyone,10.0,1628,30
17924709409732397,reel,14,2026-06-01,01:40,Mon,1,the group project guy who does nothing,38,0,5,#comedy #brainrot #fyp #memes #reelsindia,1,439007,303285,69.1,800852,17543,573,287,2671,5844,773,21074,6.95,0.09,0.88,0.255,3,part_2:4|voice_id:5|hostel_request:8,why is this so real,10.0,909,26
17981648866576832,reel,14,2026-06-01,11:50,Mon,11,"exam tomorrow, syllabus unknown 😍 😂",35,2,5,#memes #relatable #viral #collegememes #memesdaily,1,439780,55362,12.6,101796,3037,72,87,571,868,142,3767,6.8,0.16,1.03,0.256,0,hostel_request:5,hostel series when,21.7,909,26
17959188337115935,story,14,2026-06-01,20:12,Mon,20,rate this edit 1-10,19,0,0,none,1,439007,20365,4.6,22171,0,194,0,61,203,20,255,1.25,0.0,0.3,0.098,0,none,none,0.0,909,26
17984905400232500,story,14,2026-06-02,09:34,Tue,9,sneak peek: tonight's reel,26,0,0,none,1,439917,32839,7.5,38618,0,201,0,98,328,32,299,0.91,0.0,0.3,0.097,0,none,none,0.0,799,28
17997830718841908,reel,14,2026-06-02,14:20,Tue,14,npc behaviour at a family function 👀,36,1,5,#lol #brainrot #reelsindia #fyp #collegememes,1,439917,149764,34.0,341245,7956,272,190,1167,2444,389,9585,6.4,0.13,0.78,0.26,4,part_2:3|voice_id:1|hostel_request:2,PART 2??,15.0,799,28
17922130546300564,reel,14,2026-06-02,17:00,Tue,17,tag the friend,14,0,2,#desimemes #relatable,1,440306,176833,40.2,419263,10177,293,103,1245,3517,313,11818,6.68,0.06,0.7,0.177,2,repetitive_callout:2,LMAOOO,8.3,799,28
17922025152575583,story,14,2026-06-02,17:00,Tue,17,which meme should i do next?,28,0,0,none,1,439917,26590,6.0,31569,0,224,0,79,265,26,303,1.14,0.0,0.3,0.098,0,none,none,0.0,799,28
17939340810430656,story,14,2026-06-02,17:38,Tue,17,poll: part 2 yes or no,22,0,0,none,1,439917,21315,4.8,25970,0,91,0,63,213,21,154,0.72,0.0,0.3,0.099,0,none,none,0.0,799,28
17980448390852083,story,14,2026-06-02,20:26,Tue,20,question box: roast me,22,0,0,none,1,439917,20355,4.6,22914,0,114,0,61,203,20,175,0.86,0.0,0.3,0.098,114,none,none,0.0,799,28
17960253391553133,story,14,2026-06-02,22:09,Tue,22,which meme should i do next?,28,0,0,none,1,439917,26086,5.9,30468,0,311,0,78,260,26,389,1.49,0.0,0.3,0.1,0,none,none,0.0,799,28
17960452720735824,reel,14,2026-06-03,01:10,Wed,1,the one topper who says 'i didn't study' 😍 🙌,44,2,8,#brainrot #funny #collegememes #lol #reelsindia #memes #comedy #memesdaily,1,440619,157932,35.8,381227,8997,313,316,1630,2711,361,11256,7.13,0.2,1.03,0.229,0,hostel_request:7,make one about hostel life,13.3,2024,26
17943874812969339,story,14,2026-06-03,10:39,Wed,10,which meme should i do next?,28,0,0,none,1,440619,23487,5.3,28509,0,83,0,70,234,23,153,0.65,0.0,0.3,0.098,0,none,none,0.0,2024,26
17949687466244506,reel,14,2026-06-03,11:00,Wed,11,💀💀💀 🔥,5,1,10,#reelsindia #viral #lol #memes #relatable #collegememes #brainrot #funny #fyp #comedy,1,440980,104853,23.8,244645,6506,243,63,806,1947,213,7618,7.27,0.06,0.77,0.203,2,repetitive_callout:5,bro this is getting old,8.3,2024,26
17927224317769891,reel,14,2026-06-03,17:00,Wed,17,"exam tomorrow, syllabus unknown 😍",33,1,2,#memesdaily #reelsindia,1,441193,300310,68.1,775218,18811,780,661,2756,5129,855,23008,7.66,0.22,0.92,0.285,0,hostel_request:6,bro 😭,13.3,2024,26
17904844231852219,reel,14,2026-06-03,23:30,Wed,23,ai edit: if my college was a video game,39,0,2,#lol #collegememes,1,442048,340195,77.0,904647,20600,682,914,2290,6083,598,24486,7.2,0.27,0.67,0.176,1,voice_id:5,bro 😭,21.7,2024,26
17901955051012594,reel,14,2026-06-04,01:40,Thu,1,gave an ai my exam timetable. it quit. ✨,40,1,3,#funny #desimemes #reelsindia,1,442625,135125,30.5,273338,8899,306,365,786,2237,212,10356,7.66,0.27,0.58,0.157,2,voice_id:4,that voice is sending me,13.3,527,34
17930501803338189,reel,14,2026-06-04,14:40,Thu,14,when the wifi drops for 1 second 👀,34,1,8,#collegememes #relatable #memesdaily #brainrot #reelsindia #desimemes #viral #comedy,1,442837,116740,26.4,313895,6892,195,122,1372,1969,319,8581,7.35,0.1,1.18,0.273,4,part_2:5|voice_id:8|hostel_request:5,LMAOOO,16.7,527,34
17922763802842126,story,14,2026-06-04,17:35,Thu,17,bts of the skit,15,0,0,none,1,442625,30196,6.8,36736,0,183,0,90,301,30,273,0.9,0.0,0.3,0.099,0,none,none,0.0,527,34
17940457528258248,reel,14,2026-06-05,00:20,Fri,0,viva questions be like ✨ 😍 😭 🔥 🙌 🫶,34,6,3,#viral #reelsindia #comedy,1,443137,373204,84.2,1007409,20743,393,635,4016,5368,727,25787,6.91,0.17,1.08,0.195,0,hostel_request:7,LMAOOO,8.3,1986,32
17974099974508501,story,14,2026-06-05,10:33,Fri,10,sneak peek: tonight's reel,26,0,0,none,1,443137,20924,4.7,25540,0,75,0,62,209,20,137,0.65,0.0,0.3,0.096,0,none,none,0.0,1986,32
17924056612764991,reel,14,2026-06-05,14:20,Fri,14,the one topper who says 'i didn't study' 😂,42,1,2,#desimemes #memesdaily,1,443864,260844,58.8,547016,14250,484,454,2562,5301,820,17750,6.8,0.17,0.98,0.314,0,hostel_request:10,i can't,13.3,1986,32
17903727580162123,reel,14,2026-06-05,21:40,Fri,21,my last brain cell during exams 🙌,33,1,12,#memesdaily #comedy #viral #fyp #relatable #reelsindia #collegememes #lol #desimemes #brainrot #funny #memes,1,444684,208541,46.9,402167,12812,233,265,2497,3377,427,15807,7.58,0.13,1.2,0.205,2,part_2:5|voice_id:2|hostel_request:6,why is this so real,11.7,1986,32
17965540580921312,story,14,2026-06-05,22:52,Fri,22,which meme should i do next?,28,0,0,none,1,443137,24247,5.5,30057,0,146,0,72,242,24,218,0.9,0.0,0.3,0.099,0,none,none,0.0,1986,32
17910470889902948,reel,14,2026-06-06,14:40,Sat,14,the one topper who says 'i didn't study' 💀 😭 😍 💯,48,4,8,#lol #funny #viral #memesdaily #comedy #desimemes #relatable #brainrot,1,445100,127115,28.6,261255,7612,220,247,1251,1916,256,9330,7.34,0.19,0.98,0.201,0,hostel_request:9,my roommate 😭,13.3,568,27
17954023945683483,story,14,2026-06-06,17:44,Sat,17,question box: roast me,22,0,0,none,1,445100,22993,5.2,29411,0,81,0,68,229,22,149,0.65,0.0,0.3,0.096,81,none,none,0.0,568,27
17956714603005436,story,14,2026-06-06,20:41,Sat,20,which meme should i do next?,28,0,0,none,1,445100,33569,7.5,37444,0,362,0,100,335,33,462,1.38,0.0,0.3,0.098,0,none,none,0.0,568,27
17941492687534878,image,14,2026-06-06,23:10,Sat,23,ai edit: if my college was a video game ✨,41,1,8,#collegememes #comedy #reelsindia #memesdaily #relatable #lol #funny #desimemes,1,445356,146942,33.0,231600,9906,222,448,978,2899,284,11554,7.86,0.3,0.67,0.193,1,voice_id:7,sending this to everyone,6.7,568,27
17964635643389756,reel,15,2026-06-07,01:40,Sun,1,this is literally me,20,0,12,#desimemes #funny #reelsindia #brainrot #memes #viral #memesdaily #comedy #relatable #collegememes #lol #fyp,1,445636,109325,24.5,206058,5916,204,62,896,2000,199,7078,6.47,0.06,0.82,0.182,1,repetitive_callout:3,sending this to everyone,11.7,411,33
17918046992930309,story,15,2026-06-07,13:23,Sun,13,rate this edit 1-10,19,0,0,none,1,445636,17855,4.0,20895,0,205,0,53,178,17,258,1.44,0.0,0.3,0.095,0,none,none,0.0,411,33
17932536717880587,story,15,2026-06-07,13:37,Sun,13,bts of the skit,15,0,0,none,1,445636,23555,5.3,29155,0,85,0,70,235,23,155,0.66,0.0,0.3,0.098,0,none,none,0.0,411,33
17974335107462575,image,15,2026-06-07,14:40,Sun,14,💀💀💀 🫶 ✨ 🙌 😭 🔥 👀,15,6,12,#memes #comedy #relatable #collegememes #lol #brainrot #desimemes #reelsindia #viral #fyp #funny #memesdaily,1,445835,34784,7.8,41743,2354,63,26,264,551,53,2707,7.78,0.07,0.76,0.152,3,repetitive_callout:5,peak,16.7,411,33
17903328790065103,reel,15,2026-06-07,21:20,Sun,21,pov: you're the friend with a car 🫶 👀 😂 🔥,41,4,5,#comedy #collegememes #viral #fyp #reelsindia,1,445888,66392,14.9,170339,4192,82,70,596,1321,152,4940,7.44,0.11,0.9,0.229,1,part_2:4|hostel_request:6,hostel series when,10.0,411,33
17930555004083567,story,15,2026-06-08,09:33,Mon,9,which meme should i do next?,28,0,0,none,1,446034,18005,4.0,21617,0,193,0,54,180,18,247,1.37,0.0,0.3,0.1,0,none,none,0.0,938,33
17921245695450740,story,15,2026-06-08,10:55,Mon,10,sneak peek: tonight's reel,26,0,0,none,1,446034,30833,6.9,33523,0,173,0,92,308,30,265,0.86,0.0,0.3,0.097,0,none,none,0.0,938,33
17901446756773225,reel,15,2026-06-08,11:00,Mon,11,the one topper who says 'i didn't study',40,0,10,#relatable #viral #collegememes #fyp #brainrot #memes #reelsindia #comedy #memesdaily #desimemes,1,446034,160818,36.1,330111,10884,417,371,2224,2800,392,13896,8.64,0.23,1.38,0.244,0,hostel_request:7,the editing 💀,11.7,938,33
17920801052702144,reel,15,2026-06-08,14:50,Mon,14,pov: you're the friend with a car 🙌 ✨ 🫶 💯,41,4,10,#memesdaily #memes #reelsindia #lol #desimemes #brainrot #relatable #viral #fyp #comedy,1,446426,134124,30.0,315541,7191,197,134,1229,1935,251,8751,6.52,0.1,0.92,0.187,1,part_2:7|hostel_request:6,LMAOOO,8.3,938,33
17908793455914969,reel,15,2026-06-08,21:30,Mon,21,tag the friend,14,0,8,#viral #fyp #comedy #memesdaily #desimemes #relatable #funny #memes,1,446677,146385,32.8,280448,8925,303,97,1317,2804,260,10642,7.27,0.07,0.9,0.178,0,repetitive_callout:1,peak,8.3,938,33
17991720342304724,story,15,2026-06-08,22:46,Mon,22,which meme should i do next?,28,0,0,none,1,446034,20229,4.5,25113,0,180,0,60,202,20,240,1.19,0.0,0.3,0.099,0,none,none,0.0,938,33
17950333004752112,reel,15,2026-06-09,17:40,Tue,17,tag the friend,14,0,12,#lol #desimemes #reelsindia #memesdaily #viral #memes #collegememes #relatable #brainrot #fyp #comedy #funny,1,446911,48362,10.8,104389,3202,126,31,364,733,80,3723,7.7,0.06,0.75,0.165,0,repetitive_callout:3,bro 😭,10.0,527,27
17935635838925246,reel,15,2026-06-09,22:00,Tue,22,when the teammate says 'trust me' 💀 ✨ 💯 🫶,41,4,5,#comedy #fyp #reelsindia #desimemes #relatable,1,446991,213458,47.8,457575,13589,347,151,1161,3097,218,15248,7.14,0.07,0.54,0.102,0,none,every. single. time.,15.0,527,27
17947624941880341,reel,15,2026-06-09,23:50,Tue,23,lag at the final moment 😭 😂,27,2,8,#desimemes #lol #viral #fyp #collegememes #relatable #funny #reelsindia,1,447209,183253,41.0,480908,10936,206,105,943,2937,256,12190,6.65,0.06,0.51,0.14,0,none,💀💀💀,16.7,527,27
17960749103239379,reel,15,2026-06-10,01:50,Wed,1,when the wifi drops for 1 second 🔥 😂,36,2,8,#fyp #comedy #brainrot #lol #reelsindia #relatable #memesdaily #memes,1,447461,180400,40.3,351999,11729,444,274,1731,2565,340,14178,7.86,0.15,0.96,0.188,1,part_2:4|voice_id:4|hostel_request:9,PART 2??,10.0,1032,27
17920262949718851,story,15,2026-06-10,10:41,Wed,10,bts of the skit,15,0,0,none,1,447461,24421,5.5,26465,0,149,0,73,244,24,222,0.91,0.0,0.3,0.098,0,none,none,0.0,1032,27
17915250683076741,story,15,2026-06-10,13:21,Wed,13,bts of the skit,15,0,0,none,1,447461,27869,6.2,35465,0,110,0,83,278,27,193,0.69,0.0,0.3,0.097,0,none,none,0.0,1032,27
17976066287837256,reel,15,2026-06-10,14:50,Wed,14,pov: mom found your report card 🙌 🔥,35,2,8,#reelsindia #fyp #relatable #brainrot #comedy #collegememes #funny #viral,1,447801,210892,47.1,480037,11991,407,213,1635,2909,326,14246,6.76,0.1,0.78,0.155,0,part_2:1|hostel_request:6,why is this so real,11.7,1032,27
17944576792674482,story,15,2026-06-10,17:40,Wed,17,question box: roast me,22,0,0,none,1,447461,31556,7.1,34842,0,309,0,94,315,31,403,1.28,0.0,0.3,0.098,309,none,none,0.0,1032,27
17903582989823013,reel,15,2026-06-10,17:50,Wed,17,tag the friend 😂,16,1,5,#reelsindia #viral #relatable #comedy #funny,1,448127,105340,23.5,278243,6948,216,60,856,1989,178,8080,7.67,0.06,0.81,0.169,2,repetitive_callout:3,i can't,20.0,1032,27
17997198880565585,story,15,2026-06-10,20:00,Wed,20,rate this edit 1-10,19,0,0,none,1,447461,27682,6.2,32707,0,182,0,83,276,27,265,0.96,0.0,0.3,0.098,0,none,none,0.0,1032,27
17902447872965316,story,15,2026-06-10,20:02,Wed,20,bts of the skit,15,0,0,none,1,447461,22835,5.1,27488,0,46,0,68,228,22,114,0.5,0.0,0.3,0.096,0,none,none,0.0,1032,27
17902985313196898,story,15,2026-06-10,20:03,Wed,20,which meme should i do next?,28,0,0,none,1,447461,26454,5.9,29340,0,101,0,79,264,26,180,0.68,0.0,0.3,0.098,0,none,none,0.0,1032,27
17909387905720187,story,15,2026-06-10,22:11,Wed,22,question box: roast me,22,0,0,none,1,447461,28069,6.3,32954,0,87,0,84,280,28,171,0.61,0.0,0.3,0.1,87,none,none,0.0,1032,27
17917336368911925,story,15,2026-06-10,22:42,Wed,22,question box: roast me,22,0,0,none,1,447461,30191,6.7,33594,0,305,0,90,301,30,395,1.31,0.0,0.3,0.099,305,none,none,0.0,1032,27
17914290116003558,reel,15,2026-06-11,00:40,Thu,0,8am lecture survivors,21,0,2,#viral #reelsindia,1,448284,276827,61.8,736485,16976,426,523,3576,5455,773,21501,7.77,0.19,1.29,0.279,0,hostel_request:7,why is this so real,21.7,2594,27
17981153203932351,story,15,2026-06-11,09:58,Thu,9,which meme should i do next?,28,0,0,none,1,448284,26279,5.9,32362,0,67,0,78,262,26,145,0.55,0.0,0.3,0.099,0,none,none,0.0,2594,27
17911578808785930,reel,15,2026-06-11,14:30,Thu,14,when the wifi drops for 1 second,32,0,2,#desimemes #memes,1,449057,223736,49.8,416954,14038,501,330,2039,3949,486,16908,7.56,0.15,0.91,0.217,3,part_2:7|voice_id:5|hostel_request:4,💀💀💀,11.7,2594,27
17914725826929882,story,15,2026-06-11,20:52,Thu,20,sneak peek: tonight's reel,26,0,0,none,1,448284,33569,7.5,38892,0,140,0,100,335,33,240,0.71,0.0,0.3,0.098,0,none,none,0.0,2594,27
17929543064784881,reel,15,2026-06-11,21:40,Thu,21,the one topper who says 'i didn't study' 👀,42,1,5,#desimemes #brainrot #fyp #collegememes #comedy,1,449543,287476,63.9,526342,16447,313,573,2959,4401,730,20292,7.06,0.2,1.03,0.254,0,hostel_request:3,the editing 💀,11.7,2594,27
17907331711494407,story,15,2026-06-11,22:27,Thu,22,bts of the skit,15,0,0,none,1,448284,21630,4.8,23171,0,216,0,64,216,21,280,1.29,0.0,0.3,0.097,0,none,none,0.0,2594,27
17924080675221248,reel,15,2026-06-11,23:10,Thu,23,npc behaviour at a family function 💯,36,1,8,#memesdaily #memes #reelsindia #desimemes #comedy #funny #brainrot #lol,1,450273,231207,51.3,468789,15534,565,348,2492,4465,552,18939,8.19,0.15,1.08,0.239,2,part_2:4|voice_id:3|hostel_request:6,LMAOOO,10.0,2594,27
17973691408491609,reel,15,2026-06-12,17:00,Fri,17,my last brain cell during exams 😍 🔥 😭 🫶,39,4,10,#viral #comedy #brainrot #reelsindia #memesdaily #funny #relatable #lol #memes #desimemes,1,450822,200980,44.6,469349,12263,366,250,1925,3466,505,14804,7.37,0.12,0.96,0.251,3,part_2:6|voice_id:3|hostel_request:5,why is this so real,11.7,926,25
17962492826031207,story,15,2026-06-12,17:01,Fri,17,rate this edit 1-10,19,0,0,none,1,450822,24119,5.4,29432,0,282,0,72,241,24,354,1.47,0.0,0.3,0.1,0,none,none,0.0,926,25
17950223746179176,reel,15,2026-06-12,19:10,Fri,19,gave an ai my exam timetable. it quit.,38,0,0,none,1,451327,238254,52.8,578799,13310,551,479,1471,3380,337,15811,6.64,0.2,0.62,0.141,0,voice_id:2,why is this so real,16.7,926,25
17993309324357491,story,15,2026-06-12,20:00,Fri,20,bts of the skit,15,0,0,none,1,450822,33254,7.4,36641,0,348,0,99,332,33,447,1.34,0.0,0.3,0.099,0,none,none,0.0,926,25
17995008609025533,story,15,2026-06-12,22:08,Fri,22,which meme should i do next?,28,0,0,none,1,450822,22885,5.1,28837,0,171,0,68,228,22,239,1.04,0.0,0.3,0.096,0,none,none,0.0,926,25
17996100946729728,story,15,2026-06-12,22:15,Fri,22,which meme should i do next?,28,0,0,none,1,450822,30357,6.7,36117,0,292,0,91,303,30,383,1.26,0.0,0.3,0.099,0,none,none,0.0,926,25
17917115974687963,reel,15,2026-06-13,00:40,Sat,0,ai voice of my cat. it's unhinged.,34,0,8,#desimemes #funny #viral #relatable #reelsindia #lol #memesdaily #comedy,1,451648,135201,29.9,378028,8610,241,326,818,1900,173,9995,7.39,0.24,0.61,0.128,0,voice_id:3,bro 😭,11.7,511,25
17906642471862670,reel,15,2026-06-13,11:10,Sat,11,no because why is this true 🙌 💀,31,2,8,#reelsindia #relatable #brainrot #memesdaily #funny #fyp #comedy #collegememes,1,451821,90767,20.1,243553,4862,172,57,525,1262,124,5616,6.19,0.06,0.58,0.137,2,repetitive_callout:3,sending this to everyone,10.0,511,25
17905595782047145,image,15,2026-06-13,21:10,Sat,21,pov: you're the friend with a car 😭,35,1,8,#memesdaily #memes #comedy #fyp #lol #reelsindia #funny #collegememes,1,451945,87235,19.3,118451,4598,192,78,747,1708,239,5615,6.44,0.09,0.86,0.274,0,part_2:2|hostel_request:8,continue this pls,8.3,511,25
17911456764597543,story,16,2026-06-14,09:46,Sun,9,sneak peek: tonight's reel,26,0,0,none,1,452176,33842,7.5,38800,0,83,0,101,338,33,184,0.54,0.0,0.3,0.098,0,none,none,0.0,938,26
17911055765916401,reel,16,2026-06-14,11:10,Sun,11,lag at the final moment,23,0,2,#memes #lol,1,452176,91557,20.2,171322,4902,179,49,512,1406,95,5642,6.16,0.05,0.56,0.104,0,none,i'm crying,15.0,938,26
17979339550365981,story,16,2026-06-14,13:51,Sun,13,sneak peek: tonight's reel,26,0,0,none,1,452176,25451,5.6,32753,0,230,0,76,254,25,306,1.2,0.0,0.3,0.098,0,none,none,0.0,938,26
17939571489771090,image,16,2026-06-14,14:10,Sun,14,8am lecture survivors,21,0,8,#relatable #funny #brainrot #memesdaily #comedy #viral #collegememes #desimemes,1,452271,98046,21.7,142035,5999,153,214,980,1839,297,7346,7.49,0.22,1.0,0.303,0,hostel_request:8,sending this to everyone,5.0,938,26
17928076404158427,reel,16,2026-06-14,19:00,Sun,19,pov: hostel mess serves paneer once a month 🔥 😭 😍 👀 🫶 ✨,55,6,5,#fyp #desimemes #brainrot #comedy #memes,1,452568,219859,48.6,396757,12059,249,209,1812,3827,514,14329,6.52,0.1,0.82,0.234,4,part_2:7|hostel_request:8,sending this to everyone,16.7,938,26
17909268147769005,image,16,2026-06-15,00:20,Mon,0,pov: you said 'one episode' at 11pm 💀 💯 🙌 ✨ 😍 😭,47,6,8,#reelsindia #collegememes #relatable #desimemes #comedy #memesdaily #lol #memes,1,453076,104517,23.1,164539,5605,229,101,807,1878,264,6742,6.45,0.1,0.77,0.253,1,part_2:8|hostel_request:5,hostel series when,8.3,499,31
17902970249815112,story,16,2026-06-15,09:12,Mon,9,rate this edit 1-10,19,0,0,none,1,453076,21805,4.8,23950,0,107,0,65,218,21,172,0.79,0.0,0.3,0.096,0,none,none,0.0,499,31
17917009619843083,carousel,16,2026-06-15,19:50,Mon,19,npc behaviour at a family function 🙌,36,1,8,#reelsindia #funny #memes #collegememes #desimemes #comedy #relatable #fyp,3,453340,110527,24.4,135797,7576,212,173,1231,1507,226,9192,8.32,0.16,1.11,0.204,4,part_2:3|voice_id:4|hostel_request:2,why is this so real,10.0,499,31
17984416698400784,story,16,2026-06-15,22:03,Mon,22,sneak peek: tonight's reel,26,0,0,none,1,453076,19877,4.4,21387,0,131,0,59,198,19,190,0.96,0.0,0.3,0.096,0,none,none,0.0,499,31
17973263136663775,reel,16,2026-06-16,01:20,Tue,1,attendance 74.9% and the professor said no 💀 🔥 👀 😂,50,4,5,#comedy #brainrot #reelsindia #viral #desimemes,1,453550,283724,62.6,726617,16460,558,498,3456,3994,688,20972,7.39,0.18,1.22,0.242,0,hostel_request:7,i'm crying,11.7,2153,32
17990735469689246,story,16,2026-06-16,13:25,Tue,13,poll: part 2 yes or no,22,0,0,none,1,453550,29269,6.5,31318,0,301,0,87,292,29,388,1.33,0.0,0.3,0.099,0,none,none,0.0,2153,32
17971208825699746,reel,16,2026-06-16,19:10,Tue,19,pov: you said 'one episode' at 11pm 😍 👀,39,2,10,#relatable #brainrot #viral #memesdaily #desimemes #comedy #funny #memes #fyp #lol,1,454238,227196,50.0,456960,11701,413,197,1717,3443,495,14028,6.17,0.09,0.76,0.218,1,part_2:6|hostel_request:5,the editing 💀,5.0,2153,32
17993395404603688,story,16,2026-06-16,20:32,Tue,20,which meme should i do next?,28,0,0,none,1,453550,21067,4.6,22707,0,100,0,63,210,21,163,0.77,0.0,0.3,0.1,0,none,none,0.0,2153,32
17981849458304133,story,16,2026-06-16,20:50,Tue,20,sneak peek: tonight's reel,26,0,0,none,1,453550,35049,7.7,44391,0,280,0,105,350,35,385,1.1,0.0,0.3,0.1,0,none,none,0.0,2153,32
17985559941530194,image,16,2026-06-16,21:30,Tue,21,pov: you said 'one episode' at 11pm ✨ 💀 😭 👀,43,4,10,#desimemes #memesdaily #relatable #comedy #funny #reelsindia #brainrot #collegememes #viral #lol,1,454733,90814,20.0,119812,4956,173,86,811,1438,163,6026,6.64,0.09,0.89,0.179,3,part_2:12|hostel_request:5,my roommate 😭,10.0,2153,32
17981643188650273,reel,16,2026-06-16,22:50,Tue,22,"exam tomorrow, syllabus unknown 😂",33,1,8,#viral #desimemes #reelsindia #fyp #funny #relatable #brainrot #memes,1,454896,223667,49.2,492408,11608,433,283,2254,4360,754,14578,6.52,0.13,1.01,0.337,0,hostel_request:9,why is this so real,13.3,2153,32
17910259199979624,story,16,2026-06-17,09:14,Wed,9,sneak peek: tonight's reel,26,0,0,none,1,455635,21450,4.7,24515,0,174,0,64,214,21,238,1.11,0.0,0.3,0.098,0,none,none,0.0,1437,27
17957625729684125,reel,16,2026-06-17,11:00,Wed,11,"exam tomorrow, syllabus unknown ✨ 🫶",35,2,8,#lol #desimemes #reelsindia #fyp #comedy #memes #memesdaily #collegememes,1,455635,127464,28.0,344892,8056,271,279,1297,1739,309,9903,7.77,0.22,1.02,0.242,0,hostel_request:7,💀💀💀,8.3,1437,27
17964297727529799,reel,16,2026-06-17,19:30,Wed,19,pov: mom found your report card 💯,33,1,8,#desimemes #memesdaily #relatable #brainrot #funny #fyp #comedy #lol,1,455944,120451,26.4,287349,8021,175,147,1297,1705,233,9640,8.0,0.12,1.08,0.193,2,part_2:5|hostel_request:5,the editing 💀,8.3,1437,27
17948667043368331,story,16,2026-06-17,22:08,Wed,22,question box: roast me,22,0,0,none,1,455635,22838,5.0,29037,0,100,0,68,228,22,168,0.74,0.0,0.3,0.096,100,none,none,0.0,1437,27
17919940917052715,reel,16,2026-06-17,22:40,Wed,22,pov: you opened the fridge for the 9th time 🙌 💯,47,2,5,#collegememes #comedy #memesdaily #relatable #lol,1,456177,175866,38.6,470793,11481,368,205,1726,2542,300,13780,7.84,0.12,0.98,0.171,0,part_2:2|hostel_request:8,💀💀💀,13.3,1437,27
17932665117275691,reel,16,2026-06-17,23:10,Wed,23,pov: hostel mess serves paneer once a month,43,0,3,#relatable #reelsindia #fyp,1,456477,214104,46.9,587927,13848,376,250,1797,3929,579,16271,7.6,0.12,0.84,0.27,3,part_2:7|hostel_request:6,LMAOOO,21.7,1437,27
17972619655343625,story,16,2026-06-18,09:45,Thu,9,sneak peek: tonight's reel,26,0,0,none,1,457038,30942,6.8,38245,0,219,0,92,309,30,311,1.01,0.0,0.3,0.097,0,none,none,0.0,766,33
17969507813321899,reel,16,2026-06-18,14:00,Thu,14,when your squad leaves you alone 👀,34,1,8,#desimemes #viral #memes #collegememes #fyp #funny #brainrot #reelsindia,1,457038,81029,17.7,188800,5352,209,59,569,1307,100,6189,7.64,0.07,0.7,0.123,0,none,i'm crying,6.7,766,33
17933062441457832,story,16,2026-06-18,17:11,Thu,17,bts of the skit,15,0,0,none,1,457038,35041,7.7,42122,0,360,0,105,350,35,465,1.33,0.0,0.3,0.1,0,none,none,0.0,766,33
17932368331291192,reel,16,2026-06-18,19:10,Thu,19,when the teammate says 'trust me' ✨ 🙌,37,2,2,#collegememes #comedy,1,457138,121469,26.6,323877,8007,209,94,818,2125,156,9128,7.51,0.08,0.67,0.128,0,none,every. single. time.,10.0,766,33
17969109112408471,story,16,2026-06-18,20:22,Thu,20,poll: part 2 yes or no,22,0,0,none,1,457038,19192,4.2,24920,0,176,0,57,191,19,233,1.21,0.0,0.3,0.099,0,none,none,0.0,766,33
17967329126968233,story,16,2026-06-18,20:23,Thu,20,question box: roast me,22,0,0,none,1,457038,19369,4.2,23995,0,128,0,58,193,19,186,0.96,0.0,0.3,0.098,128,none,none,0.0,766,33
17955273707853551,image,16,2026-06-18,22:00,Thu,22,tag the friend 🫶,16,1,2,#reelsindia #brainrot,1,457294,181255,39.6,281857,12472,353,125,1521,2818,283,14471,7.98,0.07,0.84,0.156,1,repetitive_callout:3,you posted this yesterday,11.7,766,33
17950252271673647,reel,16,2026-06-18,23:20,Thu,23,this is literally me 🔥 💯,24,2,12,#viral #collegememes #desimemes #fyp #funny #memes #relatable #lol #reelsindia #brainrot #comedy #memesdaily,1,457577,105513,23.1,268765,6032,171,54,825,1567,157,7082,6.71,0.05,0.78,0.149,3,repetitive_callout:7,same template again?,16.7,766,33
17908712966926761,reel,16,2026-06-19,01:00,Fri,1,tag the friend 🙌 💀,18,2,12,#brainrot #memes #memesdaily #comedy #viral #funny #reelsindia #collegememes #lol #relatable #fyp #desimemes,1,457707,97996,21.4,245769,5315,164,53,688,1683,188,6220,6.35,0.05,0.7,0.192,4,repetitive_callout:5,💀💀💀,15.0,682,25
17969787940713922,reel,16,2026-06-19,11:10,Fri,11,pov: hostel mess serves paneer once a month,43,0,2,#lol #fyp,1,457895,153596,33.5,323715,9525,179,153,1629,2410,315,11486,7.48,0.1,1.06,0.205,2,part_2:4|hostel_request:7,i can't,6.7,682,25
17981042347230119,reel,16,2026-06-19,19:10,Fri,19,me after losing 1 ranked match,30,0,10,#desimemes #reelsindia #fyp #brainrot #comedy #memes #funny #relatable #collegememes #viral,1,458210,130396,28.5,294176,8327,273,69,828,2049,174,9497,7.28,0.05,0.63,0.133,0,none,LMAOOO,6.7,682,25
17989132336158411,story,16,2026-06-19,20:03,Fri,20,which meme should i do next?,28,0,0,none,1,457707,30934,6.8,38229,0,116,0,92,309,30,208,0.67,0.0,0.3,0.097,0,none,none,0.0,682,25
17965594943561451,image,16,2026-06-20,00:30,Sat,0,pov: mom found your report card 👀 🔥 💯 💀 🙌 😂,43,6,5,#reelsindia #fyp #lol #viral #funny,1,458364,157991,34.5,213618,10307,313,183,1375,2472,300,12178,7.71,0.12,0.87,0.19,2,part_2:6|hostel_request:6,💀💀💀,13.3,979,26
17940461662130777,reel,16,2026-06-20,14:20,Sat,14,the one topper who says 'i didn't study' 👀 💯,44,2,10,#relatable #brainrot #memesdaily #collegememes #viral #comedy #fyp #reelsindia #funny #desimemes,1,458664,84490,18.4,211060,5298,222,131,792,1203,168,6443,7.63,0.16,0.94,0.199,0,hostel_request:8,LMAOOO,15.0,979,26
17906211410408388,reel,16,2026-06-20,19:00,Sat,19,my last brain cell during exams,31,0,8,#relatable #lol #memes #funny #collegememes #memesdaily #comedy #brainrot,1,458832,211649,46.1,433183,13787,459,292,1922,3620,472,16460,7.78,0.14,0.91,0.223,2,part_2:7|voice_id:2|hostel_request:9,LMAOOO,16.7,979,26
17983556366989300,story,16,2026-06-20,22:09,Sat,22,poll: part 2 yes or no,22,0,0,none,1,458364,36052,7.9,38355,0,162,0,108,360,36,270,0.75,0.0,0.3,0.1,0,none,none,0.0,979,26
17933650179077036,story,16,2026-06-20,22:41,Sat,22,bts of the skit,15,0,0,none,1,458364,29472,6.4,36549,0,202,0,88,294,29,290,0.98,0.0,0.3,0.098,0,none,none,0.0,979,26
17930138210614241,reel,17,2026-06-21,00:00,Sun,0,ai voice of my cat. it's unhinged. 😂,36,1,2,#relatable #memesdaily,1,459306,366465,79.8,714870,19908,581,690,2280,6017,479,23459,6.4,0.19,0.62,0.131,3,voice_id:3,sending this to everyone,13.3,1709,30
17956028970128825,story,17,2026-06-21,10:22,Sun,10,poll: part 2 yes or no,22,0,0,none,1,459306,23771,5.2,26313,0,160,0,71,237,23,231,0.97,0.0,0.3,0.097,0,none,none,0.0,1709,30
17971745678154224,reel,17,2026-06-21,11:10,Sun,11,pov: you're the friend with a car 😭 😂 🔥 ✨,41,4,8,#brainrot #lol #funny #memesdaily #memes #collegememes #fyp #relatable,1,459785,140538,30.6,255989,9290,330,211,1520,2477,369,11351,8.08,0.15,1.08,0.263,3,part_2:8|hostel_request:10,LMAOOO,8.3,1709,30
17973972775856584,reel,17,2026-06-21,14:20,Sun,14,ai voice of my cat. it's unhinged. 😂 👀 😍 🔥 🙌 ✨,46,6,8,#comedy #funny #relatable #brainrot #lol #fyp #memesdaily #memes,1,460154,153736,33.4,397737,9701,385,378,911,2910,274,11375,7.4,0.25,0.59,0.178,1,voice_id:2,💀💀💀,8.3,1709,30
17910149244610052,reel,17,2026-06-21,21:40,Sun,21,the group project guy who does nothing 🙌 💯,42,2,2,#memesdaily #relatable,1,460428,192609,41.8,483015,11702,393,246,2047,3648,594,14388,7.47,0.13,1.06,0.308,4,part_2:5|voice_id:4|hostel_request:3,bro 😭,16.7,1709,30
17931943306916324,reel,17,2026-06-22,00:40,Mon,0,pov: you opened the fridge for the 9th time 👀 😭 😂 🫶 😍 💯,55,6,10,#fyp #brainrot #memesdaily #lol #funny #relatable #collegememes #comedy #memes #reelsindia,1,461021,264113,57.3,597730,15959,433,344,1904,4356,537,18640,7.06,0.13,0.72,0.203,1,part_2:4|hostel_request:10,i'm crying,8.3,1693,31
17944601206127445,image,17,2026-06-22,19:20,Mon,19,tag the friend 🫶 😭 ✨ 👀 😂 💯,26,6,12,#comedy #fyp #memesdaily #brainrot #viral #relatable #collegememes #memes #funny #desimemes #reelsindia #lol,1,461558,71908,15.6,112680,4762,182,53,503,1263,126,5500,7.65,0.07,0.7,0.175,7,repetitive_callout:10,LMAOOO,13.3,1693,31
17924012147004606,story,17,2026-06-22,20:31,Mon,20,bts of the skit,15,0,0,none,1,461021,27982,6.1,36012,0,222,0,83,279,27,305,1.09,0.0,0.3,0.096,0,none,none,0.0,1693,31
17932336299001161,reel,17,2026-06-22,21:30,Mon,21,i asked an ai to make my city a movie trailer 💀,47,1,10,#memes #funny #reelsindia #desimemes #brainrot #collegememes #comedy #relatable #viral #fyp,1,461684,203839,44.2,488592,11255,404,398,1048,3721,325,13105,6.43,0.2,0.51,0.159,3,voice_id:3,the editing 💀,8.3,1693,31
17924277945973076,reel,17,2026-06-22,22:10,Mon,22,pov: mom found your report card,31,0,8,#viral #memesdaily #brainrot #reelsindia #collegememes #comedy #desimemes #lol,1,462009,261049,56.5,543742,15320,630,295,2155,5223,709,18400,7.05,0.11,0.83,0.272,2,part_2:6|hostel_request:5,the editing 💀,5.0,1693,31
17925918155224798,story,17,2026-06-23,10:43,Tue,10,poll: part 2 yes or no,22,0,0,none,1,462693,29576,6.4,34643,0,303,0,88,295,29,391,1.32,0.0,0.3,0.098,0,none,none,0.0,499,29
17920778462084551,reel,17,2026-06-23,11:40,Tue,11,pov: hostel mess serves paneer once a month 😭 😂 ✨ 👀,51,4,3,#memes #comedy #viral,1,462693,90686,19.6,217801,5218,168,122,681,1303,162,6189,6.82,0.13,0.75,0.179,1,part_2:5|hostel_request:6,peak,3.3,499,29
17997338549843907,story,17,2026-06-23,13:57,Tue,13,which meme should i do next?,28,0,0,none,1,462693,19687,4.3,25322,0,171,0,59,196,19,230,1.17,0.0,0.3,0.097,0,none,none,0.0,499,29
17996640691621468,reel,17,2026-06-23,17:20,Tue,17,who else 😭 😍,12,1,5,#viral #relatable #desimemes #brainrot #memes,1,462855,118387,25.6,323315,6442,211,67,770,2205,203,7490,6.33,0.06,0.65,0.171,5,repetitive_callout:7,LMAOOO,3.3,499,29
17909601741745559,story,17,2026-06-23,17:58,Tue,17,bts of the skit,15,0,0,none,1,462693,22745,4.9,29135,0,248,0,68,227,22,316,1.39,0.0,0.3,0.097,0,none,none,0.0,499,29
17978491704493423,story,17,2026-06-23,20:35,Tue,20,bts of the skit,15,0,0,none,1,462693,26836,5.8,32773,0,237,0,80,268,26,317,1.18,0.0,0.3,0.097,0,none,none,0.0,499,29
17986820128653306,story,17,2026-06-23,22:24,Tue,22,sneak peek: tonight's reel,26,0,0,none,1,462693,34419,7.4,42463,0,131,0,103,344,34,234,0.68,0.0,0.3,0.099,0,none,none,0.0,499,29
17921160360003953,story,17,2026-06-23,22:58,Tue,22,question box: roast me,22,0,0,none,1,462693,33646,7.3,35914,0,225,0,100,336,33,325,0.97,0.0,0.3,0.098,225,none,none,0.0,499,29
17956311575844150,reel,17,2026-06-24,00:10,Wed,0,real 😍,6,1,5,#memesdaily #desimemes #memes #comedy #relatable,1,463043,113930,24.6,306684,6747,267,79,1037,2126,229,8130,7.14,0.07,0.91,0.201,3,repetitive_callout:5,why is this so real,10.0,436,26
17959281276428423,story,17,2026-06-24,10:43,Wed,10,poll: part 2 yes or no,22,0,0,none,1,463043,22144,4.8,25103,0,175,0,66,221,22,241,1.09,0.0,0.3,0.099,0,none,none,0.0,436,26
17949901352125006,story,17,2026-06-24,17:15,Wed,17,poll: part 2 yes or no,22,0,0,none,1,463043,31273,6.8,39825,0,254,0,93,312,31,347,1.11,0.0,0.3,0.099,0,none,none,0.0,436,26
17902603182299389,reel,17,2026-06-24,19:40,Wed,19,real 🙌 😂 😍 😭 💀 👀,16,6,2,#brainrot #lol,1,463272,104463,22.5,197069,6867,231,59,870,2007,180,8027,7.68,0.06,0.83,0.172,3,repetitive_callout:7,peak,10.0,436,26
17976860846849424,reel,17,2026-06-25,01:50,Thu,1,no because why is this true,27,0,8,#comedy #lol #reelsindia #relatable #memesdaily #memes #collegememes #brainrot,1,463436,130908,28.2,291429,7377,217,87,997,1927,219,8678,6.63,0.07,0.76,0.167,2,repetitive_callout:5,the editing 💀,16.7,2600,32
17978995190157427,story,17,2026-06-25,09:41,Thu,9,bts of the skit,15,0,0,none,1,463436,20621,4.4,26180,0,233,0,61,206,20,294,1.43,0.0,0.3,0.097,0,none,none,0.0,2600,32
17983619790863374,reel,17,2026-06-25,14:10,Thu,14,the group project guy who does nothing ✨ 🙌,42,2,5,#memesdaily #funny #brainrot #viral #fyp,1,463655,192809,41.6,384147,10497,389,227,1902,3766,515,13015,6.75,0.12,0.99,0.267,2,part_2:4|voice_id:3|hostel_request:6,hostel series when,10.0,2600,32
17980116252213419,story,17,2026-06-25,20:52,Thu,20,sneak peek: tonight's reel,26,0,0,none,1,463436,28287,6.1,35500,0,236,0,84,282,28,320,1.13,0.0,0.3,0.099,0,none,none,0.0,2600,32
17939965729697015,reel,17,2026-06-25,22:30,Thu,22,pov: mom found your report card,31,0,2,#relatable #collegememes,1,464170,496997,107.1,957270,26151,1073,561,4459,8911,1290,32244,6.49,0.11,0.9,0.26,1,part_2:5|hostel_request:5,💀💀💀,25.0,2600,32
17956267943441610,image,17,2026-06-25,23:00,Thu,23,average bangalore traffic experience 😭 👀,40,2,2,#desimemes #fyp,1,465460,193548,41.6,291263,10648,347,236,1996,3653,560,13227,6.83,0.12,1.03,0.289,2,part_2:7|hostel_request:6,💀💀💀,13.3,2600,32
17949563997771840,story,17,2026-06-26,09:32,Fri,9,sneak peek: tonight's reel,26,0,0,none,1,466016,23213,5.0,29119,0,154,0,69,232,23,223,0.96,0.0,0.3,0.099,0,none,none,0.0,673,30
17974656559722450,story,17,2026-06-26,17:10,Fri,17,question box: roast me,22,0,0,none,1,466016,24435,5.2,26453,0,152,0,73,244,24,225,0.92,0.0,0.3,0.098,152,none,none,0.0,673,30
17929713434157105,story,17,2026-06-26,17:48,Fri,17,sneak peek: tonight's reel,26,0,0,none,1,466016,19998,4.3,21227,0,49,0,59,199,19,108,0.54,0.0,0.3,0.095,0,none,none,0.0,673,30
17929155739267662,reel,17,2026-06-26,17:50,Fri,17,pov: mom found your report card,31,0,10,#memes #viral #memesdaily #funny #lol #fyp #desimemes #comedy #relatable #collegememes,1,466016,154402,33.1,291914,8632,338,163,1071,2734,399,10204,6.61,0.11,0.69,0.258,5,part_2:9|hostel_request:3,need the next part,20.0,673,30
17905198354657190,carousel,17,2026-06-26,23:20,Fri,23,ai voice of my cat. it's unhinged. 😂,36,1,8,#desimemes #reelsindia #brainrot #comedy #viral #relatable #memesdaily #fyp,3,466415,154763,33.2,200739,8155,316,334,799,2781,238,9604,6.21,0.22,0.52,0.154,1,voice_id:3,i'm crying,10.0,673,30
17910890149258047,reel,17,2026-06-27,01:50,Sat,1,"exam tomorrow, syllabus unknown 😭 🫶 😍 ✨",39,4,2,#lol #viral,1,466636,367782,78.8,728286,19390,586,489,3827,7063,1142,24292,6.6,0.13,1.04,0.311,0,hostel_request:8,make one about hostel life,11.7,1726,26
17906811185970655,reel,17,2026-06-27,11:20,Sat,11,when your squad leaves you alone 😍 👀,36,2,5,#brainrot #lol #comedy #funny #fyp,1,467778,76420,16.3,171134,5098,212,49,437,1436,110,5796,7.58,0.06,0.57,0.144,0,none,my roommate 😭,16.7,1726,26
17903183694333551,story,17,2026-06-27,13:59,Sat,13,rate this edit 1-10,19,0,0,none,1,466636,21933,4.7,25836,0,105,0,65,219,21,170,0.78,0.0,0.3,0.096,0,none,none,0.0,1726,26
17980134092508647,reel,17,2026-06-27,14:40,Sat,14,this is literally me 😭,22,1,8,#viral #reelsindia #fyp #desimemes #lol #memesdaily #relatable #funny,1,467888,116661,24.9,281099,7310,179,61,870,2063,202,8420,7.22,0.05,0.75,0.173,6,repetitive_callout:8,💀💀💀,6.7,1726,26
17922202547172402,reel,17,2026-06-27,23:50,Sat,23,when the teammate says 'trust me' 👀,35,1,5,#brainrot #fyp #relatable #desimemes #comedy,1,468090,251927,53.8,582703,15108,299,136,1454,3750,277,16997,6.75,0.05,0.58,0.11,0,none,i'm crying,15.0,1726,26
17917824717907434,story,18,2026-06-28,09:01,Sun,9,bts of the skit,15,0,0,none,1,468357,34386,7.3,43317,0,80,0,103,343,34,183,0.53,0.0,0.3,0.099,0,none,none,0.0,1124,26
17982879748724311,reel,18,2026-06-28,11:30,Sun,11,attendance 74.9% and the professor said no 🔥,44,1,5,#viral #desimemes #lol #memes #fyp,1,468357,215145,45.9,510364,13854,321,408,2887,4204,578,17470,8.12,0.19,1.34,0.269,0,hostel_request:3,the editing 💀,23.3,1124,26
17956872126677951,reel,18,2026-06-28,14:40,Sun,14,pov: you're the friend with a car ✨ 😂,37,2,5,#fyp #relatable #memesdaily #desimemes #lol,1,468935,100954,21.5,239000,6117,170,114,721,1692,206,7122,7.05,0.11,0.71,0.204,1,part_2:5|hostel_request:9,i'm crying,16.7,1124,26
17951721572975016,story,18,2026-06-28,17:50,Sun,17,rate this edit 1-10,19,0,0,none,1,468357,31007,6.6,34094,0,123,0,93,310,31,216,0.7,0.0,0.3,0.1,0,none,none,0.0,1124,26
17975003135622228,story,18,2026-06-28,20:14,Sun,20,bts of the skit,15,0,0,none,1,468357,27890,6.0,29984,0,97,0,83,278,27,180,0.65,0.0,0.3,0.097,0,none,none,0.0,1124,26
17984949638602021,story,18,2026-06-28,20:48,Sun,20,rate this edit 1-10,19,0,0,none,1,468357,34839,7.4,42358,0,210,0,104,348,34,314,0.9,0.0,0.3,0.098,0,none,none,0.0,1124,26
17946595319804181,carousel,18,2026-06-28,22:20,Sun,22,ai edit: if my college was a video game 💀,41,1,5,#funny #fyp #brainrot #viral #relatable,5,469141,139587,29.8,175977,8626,354,304,746,2576,240,10030,7.19,0.22,0.53,0.172,1,voice_id:2,i'm crying,13.3,1124,26
17946687789314182,story,18,2026-06-29,09:48,Mon,9,bts of the skit,15,0,0,none,1,469374,21141,4.5,23859,0,203,0,63,211,21,266,1.26,0.0,0.3,0.099,0,none,none,0.0,1025,27
17965002472800070,story,18,2026-06-29,10:54,Mon,10,question box: roast me,22,0,0,none,1,469374,25663,5.5,31098,0,291,0,76,256,25,367,1.43,0.0,0.3,0.097,291,none,none,0.0,1025,27
17970448548685044,reel,18,2026-06-29,14:20,Mon,14,pov: mom found your report card 💀,33,1,3,#viral #funny #brainrot,1,469374,129264,27.5,242302,8416,249,183,1412,2388,299,10260,7.94,0.14,1.09,0.231,0,part_2:4|hostel_request:3,continue this pls,13.3,1025,27
17976210980564351,story,18,2026-06-29,17:04,Mon,17,which meme should i do next?,28,0,0,none,1,469374,33858,7.2,41617,0,318,0,101,338,33,419,1.24,0.0,0.3,0.097,0,none,none,0.0,1025,27
17981511960700114,reel,18,2026-06-29,17:30,Mon,17,pov: mom found your report card 💯,33,1,5,#comedy #collegememes #desimemes #relatable #memes,1,469673,137212,29.2,252030,8504,265,171,1012,2188,297,9952,7.25,0.12,0.74,0.216,0,part_2:5|hostel_request:6,bro 😭,13.3,1025,27
17962573985105722,reel,18,2026-06-29,19:10,Mon,19,i asked an ai to make my city a movie trailer 🔥,47,1,5,#brainrot #lol #comedy #collegememes #relatable,1,469970,243718,51.9,474722,13159,379,562,1624,3818,354,15724,6.45,0.23,0.67,0.145,1,voice_id:2,💀💀💀,8.3,1025,27
17944415058414943,story,18,2026-06-29,20:22,Mon,20,poll: part 2 yes or no,22,0,0,none,1,469374,23663,5.0,28166,0,160,0,70,236,23,230,0.97,0.0,0.3,0.097,0,none,none,0.0,1025,27
17964958728124878,story,18,2026-06-30,13:00,Tue,13,rate this edit 1-10,19,0,0,none,1,470327,32187,6.8,41721,0,122,0,96,321,32,218,0.68,0.0,0.3,0.099,0,none,none,0.0,1509,32
17908652605650076,reel,18,2026-06-30,19:00,Tue,19,the group project guy who does nothing 👀,40,1,8,#collegememes #comedy #desimemes #relatable #brainrot #lol #memesdaily #memes,1,470327,290133,61.7,689314,16951,528,309,2696,5853,725,20484,7.06,0.11,0.93,0.25,1,part_2:3|voice_id:4|hostel_request:4,💀💀💀,11.7,1509,32
17986652234940706,reel,18,2026-06-30,21:20,Tue,21,pov: you opened the fridge for the 9th time 👀,45,1,0,none,1,471052,328327,69.7,727042,22484,941,414,3043,5878,784,26882,8.19,0.13,0.93,0.239,1,part_2:9|hostel_request:5,i can't,20.0,1509,32
17946522740125408,story,18,2026-07-01,13:21,Wed,13,question box: roast me,22,0,0,none,1,471825,28833,6.1,37395,0,343,0,86,288,28,429,1.49,0.0,0.3,0.097,343,none,none,0.0,855,26
17961874267708926,reel,18,2026-07-01,14:00,Wed,14,the group project guy who does nothing 👀,40,1,5,#funny #fyp #lol #viral #reelsindia,1,471825,138616,29.4,262434,9408,265,206,1832,2548,400,11711,8.45,0.15,1.32,0.289,1,part_2:4|voice_id:4|hostel_request:7,my roommate 😭,11.7,855,26
17989357789989162,story,18,2026-07-01,17:34,Wed,17,which meme should i do next?,28,0,0,none,1,471825,22991,4.9,25452,0,261,0,68,229,22,329,1.43,0.0,0.3,0.096,0,none,none,0.0,855,26
17981028755121868,reel,18,2026-07-01,21:10,Wed,21,pov: hostel mess serves paneer once a month 🔥,45,1,5,#viral #memes #relatable #collegememes #reelsindia,1,472225,169579,35.9,438750,9410,203,191,1579,3169,431,11383,6.71,0.11,0.93,0.254,0,part_2:7|hostel_request:9,need the next part,8.3,855,26
17909538220152452,reel,18,2026-07-02,01:20,Thu,1,no because why is this true 👀,29,1,3,#memesdaily #desimemes #brainrot,1,472653,145717,30.8,271718,7488,168,88,920,2052,183,8664,5.95,0.06,0.63,0.126,4,repetitive_callout:6,not funny anymore,16.7,1546,29
17960592571199713,story,18,2026-07-02,09:13,Thu,9,poll: part 2 yes or no,22,0,0,none,1,472653,35432,7.5,40450,0,198,0,106,354,35,304,0.86,0.0,0.3,0.099,0,none,none,0.0,1546,29
17958433650101125,story,18,2026-07-02,09:17,Thu,9,which meme should i do next?,28,0,0,none,1,472653,28392,6.0,31945,0,83,0,85,283,28,168,0.59,0.0,0.3,0.099,0,none,none,0.0,1546,29
17989990230551785,story,18,2026-07-02,09:31,Thu,9,question box: roast me,22,0,0,none,1,472653,22858,4.8,27381,0,57,0,68,228,22,125,0.55,0.0,0.3,0.096,57,none,none,0.0,1546,29
17907538239735604,story,18,2026-07-02,10:48,Thu,10,question box: roast me,22,0,0,none,1,472653,30212,6.4,35633,0,251,0,90,302,30,341,1.13,0.0,0.3,0.099,251,none,none,0.0,1546,29
17958987089033413,story,18,2026-07-02,10:51,Thu,10,rate this edit 1-10,19,0,0,none,1,472653,19853,4.2,23869,0,136,0,59,198,19,195,0.98,0.0,0.3,0.096,0,none,none,0.0,1546,29
17941881262173301,reel,18,2026-07-02,14:20,Thu,14,pov: you opened the fridge for the 9th time 👀 🔥 🙌 💯 😍 😂,55,6,10,#memes #reelsindia #lol #fyp #comedy #funny #collegememes #desimemes #viral #brainrot,1,472836,160662,34.0,350398,9967,411,163,1555,2588,337,12096,7.53,0.1,0.97,0.21,2,part_2:4|hostel_request:5,i'm crying,15.0,1546,29
17926480299422462,story,18,2026-07-02,17:08,Thu,17,question box: roast me,22,0,0,none,1,472653,31970,6.8,36443,0,71,0,95,319,31,166,0.52,0.0,0.3,0.097,71,none,none,0.0,1546,29
17996044682396910,carousel,18,2026-07-02,19:20,Thu,19,real,4,0,2,#funny #fyp,8,473173,73208,15.5,96732,4200,87,46,564,1115,102,4897,6.69,0.06,0.77,0.139,4,repetitive_callout:6,i'm crying,18.3,1546,29
17917547729756745,story,18,2026-07-02,20:02,Thu,20,which meme should i do next?,28,0,0,none,1,472653,32042,6.8,34960,0,118,0,96,320,32,214,0.67,0.0,0.3,0.1,0,none,none,0.0,1546,29
17984419867099834,story,18,2026-07-02,20:57,Thu,20,which meme should i do next?,28,0,0,none,1,472653,26340,5.6,29525,0,260,0,79,263,26,339,1.29,0.0,0.3,0.099,0,none,none,0.0,1546,29
17958972715121793,reel,18,2026-07-02,23:30,Thu,23,"exam tomorrow, syllabus unknown 🔥",33,1,8,#collegememes #funny #viral #desimemes #lol #memes #reelsindia #fyp,1,473275,276060,58.3,726779,16309,608,567,2644,4093,730,20128,7.29,0.21,0.96,0.264,0,hostel_request:9,bro 😭,13.3,1546,29
17923662971176918,reel,18,2026-07-03,00:00,Fri,0,viva questions be like,22,0,2,#collegememes #memesdaily,1,473984,531324,112.1,1324755,34487,1415,993,5954,9829,1513,42849,8.06,0.19,1.12,0.285,0,hostel_request:12,my roommate 😭,18.3,3365,27
17961898002670894,story,18,2026-07-03,09:35,Fri,9,bts of the skit,15,0,0,none,1,473984,37281,7.9,39755,0,413,0,111,372,37,524,1.41,0.0,0.3,0.099,0,none,none,0.0,3365,27
17974119622364667,story,18,2026-07-03,17:02,Fri,17,rate this edit 1-10,19,0,0,none,1,473984,34307,7.2,40735,0,109,0,102,343,34,211,0.62,0.0,0.3,0.099,0,none,none,0.0,3365,27
17931138394646856,story,18,2026-07-03,20:43,Fri,20,rate this edit 1-10,19,0,0,none,1,473984,37004,7.8,46032,0,417,0,111,370,37,528,1.43,0.0,0.3,0.1,0,none,none,0.0,3365,27
17958750485174479,reel,18,2026-07-03,21:20,Fri,21,the group project guy who does nothing 👀 🙌 ✨ 😭,46,4,3,#viral #desimemes #relatable,1,475497,151443,31.8,307801,7844,174,185,1214,2826,349,9417,6.22,0.12,0.8,0.23,1,part_2:3|voice_id:4|hostel_request:8,LMAOOO,3.3,3365,27
17978838604600620,story,18,2026-07-03,22:45,Fri,22,rate this edit 1-10,19,0,0,none,1,473984,25932,5.5,27683,0,56,0,77,259,25,133,0.51,0.0,0.3,0.096,0,none,none,0.0,3365,27
17956516309281677,reel,18,2026-07-03,23:00,Fri,23,8am lecture survivors,21,0,0,none,1,475846,534579,112.3,1217161,36034,1429,875,7129,8190,1397,45467,8.51,0.16,1.33,0.261,0,hostel_request:3,the editing 💀,6.7,3365,27
17913417717294859,reel,18,2026-07-04,01:00,Sat,1,who else 😭,10,0,10,#viral #desimemes #lol #memesdaily #memes #brainrot #fyp #funny #collegememes #reelsindia,1,477242,250778,52.5,678009,13373,482,125,1891,4490,458,15871,6.33,0.05,0.75,0.183,4,repetitive_callout:8,LMAOOO,10.0,836,26
17935542515282396,story,18,2026-07-04,10:49,Sat,10,bts of the skit,15,0,0,none,1,477242,35566,7.5,39165,0,384,0,106,355,35,490,1.38,0.0,0.3,0.098,0,none,none,0.0,836,26
17990694089908592,story,18,2026-07-04,13:43,Sat,13,which meme should i do next?,28,0,0,none,1,477242,34724,7.3,43309,0,309,0,104,347,34,413,1.19,0.0,0.3,0.098,0,none,none,0.0,836,26
17925990434671007,reel,18,2026-07-04,19:50,Sat,19,ai edit: if my college was a video game 👀 💯,43,2,2,#viral #reelsindia,1,477700,164923,34.5,313202,9318,382,407,1196,2967,308,11303,6.85,0.25,0.73,0.187,0,voice_id:3,LMAOOO,8.3,836,26
17974580740991544,story,18,2026-07-04,20:24,Sat,20,rate this edit 1-10,19,0,0,none,1,477242,27447,5.8,33154,0,228,0,82,274,27,310,1.13,0.0,0.3,0.098,0,none,none,0.0,836,26
17969741247498725,reel,19,2026-07-05,01:20,Sun,1,tag the friend,14,0,5,#funny #lol #viral #memesdaily #reelsindia,1,477997,180190,37.7,354587,10379,296,95,1346,2913,324,12116,6.72,0.05,0.75,0.18,2,repetitive_callout:4,i can't,5.0,516,34
17921220024819957,story,19,2026-07-05,10:39,Sun,10,poll: part 2 yes or no,22,0,0,none,1,477997,19226,4.0,22419,0,135,0,57,192,19,192,1.0,0.0,0.3,0.099,0,none,none,0.0,516,34
17916809376331872,reel,19,2026-07-05,11:00,Sun,11,no because why is this true 🔥,29,1,12,#brainrot #reelsindia #memesdaily #relatable #lol #comedy #collegememes #fyp #viral #desimemes #memes #funny,1,478321,49619,10.4,130331,2849,118,28,429,847,92,3424,6.9,0.06,0.86,0.185,5,repetitive_callout:9,i'm crying,8.3,516,34
17975824274300687,reel,19,2026-07-05,14:20,Sun,14,no because why is this true 👀 🔥,31,2,8,#desimemes #reelsindia #lol #brainrot #relatable #fyp #comedy #memesdaily,1,478413,51647,10.8,111649,2846,112,29,408,1034,94,3395,6.57,0.06,0.79,0.182,2,repetitive_callout:2,LMAOOO,6.7,516,34
17937446881745309,story,19,2026-07-05,17:22,Sun,17,sneak peek: tonight's reel,26,0,0,none,1,477997,21198,4.4,24678,0,162,0,63,211,21,225,1.06,0.0,0.3,0.099,0,none,none,0.0,516,34
17938124760576287,story,19,2026-07-06,09:37,Mon,9,poll: part 2 yes or no,22,0,0,none,1,478486,21543,4.5,25357,0,248,0,64,215,21,312,1.45,0.0,0.3,0.097,0,none,none,0.0,539,32
17992742935193299,story,19,2026-07-06,09:40,Mon,9,sneak peek: tonight's reel,26,0,0,none,1,478486,31695,6.6,36293,0,192,0,95,316,31,287,0.91,0.0,0.3,0.098,0,none,none,0.0,539,32
17949593055139946,carousel,19,2026-07-06,19:30,Mon,19,me explaining to the auto uncle why 20 rupees is fair,53,0,3,#collegememes #comedy #viral,6,478486,52564,11.0,78522,3480,94,57,642,840,132,4273,8.13,0.11,1.22,0.251,4,part_2:8|voice_id:4|hostel_request:8,why is this so real,6.7,539,32
17975433286253208,reel,19,2026-07-06,21:00,Mon,21,my last brain cell during exams,31,0,8,#collegememes #viral #memesdaily #relatable #desimemes #lol #fyp #funny,1,478618,163814,34.2,390458,11298,434,256,1564,3139,387,13552,8.27,0.16,0.95,0.236,3,part_2:6|voice_id:2|hostel_request:7,sending this to everyone,13.3,539,32
17978880637153037,story,19,2026-07-07,10:44,Tue,10,poll: part 2 yes or no,22,0,0,none,1,478997,37672,7.9,44462,0,164,0,113,376,37,277,0.74,0.0,0.3,0.098,0,none,none,0.0,1970,26
17902331522200945,story,19,2026-07-07,10:47,Tue,10,question box: roast me,22,0,0,none,1,478997,34732,7.3,42534,0,157,0,104,347,34,261,0.75,0.0,0.3,0.098,157,none,none,0.0,1970,26
17918051914443416,reel,19,2026-07-07,11:20,Tue,11,pov: you opened the fridge for the 9th time,43,0,5,#relatable #desimemes #memesdaily #fyp #collegememes,1,478997,145208,30.3,375218,9731,283,219,1293,2812,333,11526,7.94,0.15,0.89,0.229,1,part_2:7|hostel_request:4,my roommate 😭,16.7,1970,26
17963913738710805,story,19,2026-07-07,13:41,Tue,13,poll: part 2 yes or no,22,0,0,none,1,478997,35572,7.4,41908,0,255,0,106,355,35,361,1.01,0.0,0.3,0.098,0,none,none,0.0,1970,26
17983209215033299,reel,19,2026-07-07,14:20,Tue,14,💀💀💀 ✨,5,1,10,#memesdaily #fyp #funny #reelsindia #brainrot #memes #relatable #lol #desimemes #comedy,1,479330,121058,25.3,304497,6728,228,72,1055,1975,219,8083,6.68,0.06,0.87,0.181,2,repetitive_callout:5,why is this so real,18.3,1970,26
17925613992818814,reel,19,2026-07-07,21:40,Tue,21,lag at the final moment,23,0,2,#funny #collegememes,1,479549,234822,49.0,461662,13826,457,157,1272,4175,315,15712,6.69,0.07,0.54,0.134,0,none,bro 😭,15.0,1970,26
17926487052815595,reel,19,2026-07-07,23:00,Tue,23,viva questions be like 🫶,24,1,8,#brainrot #viral #fyp #memesdaily #reelsindia #lol #memes #collegememes,1,479864,315621,65.8,810592,19057,529,572,3816,6215,1023,23974,7.6,0.18,1.21,0.324,0,hostel_request:7,LMAOOO,25.0,1970,26
17973416814441105,story,19,2026-07-08,10:02,Wed,10,bts of the skit,15,0,0,none,1,480866,24011,5.0,25768,0,65,0,72,240,24,137,0.57,0.0,0.3,0.1,0,none,none,0.0,1264,35
17907759360211197,story,19,2026-07-08,10:44,Wed,10,which meme should i do next?,28,0,0,none,1,480866,33889,7.0,39962,0,148,0,101,338,33,249,0.73,0.0,0.3,0.097,0,none,none,0.0,1264,35
17925977086050038,story,19,2026-07-08,13:35,Wed,13,sneak peek: tonight's reel,26,0,0,none,1,480866,30546,6.4,37609,0,208,0,91,305,30,299,0.98,0.0,0.3,0.098,0,none,none,0.0,1264,35
17990663583646979,story,19,2026-07-08,17:48,Wed,17,rate this edit 1-10,19,0,0,none,1,480866,34543,7.2,41946,0,359,0,103,345,34,462,1.34,0.0,0.3,0.098,0,none,none,0.0,1264,35
17957401659461497,reel,19,2026-07-08,19:30,Wed,19,when your squad leaves you alone 💯 🫶,36,2,2,#fyp #funny,1,480866,152637,31.7,368679,9129,184,98,782,2935,212,10193,6.68,0.06,0.51,0.139,0,none,real gamers know,11.7,1264,35
17985134352625885,reel,19,2026-07-08,21:20,Wed,21,viva questions be like 🔥 ✨ 😭 👀 😍 😂,34,6,8,#brainrot #desimemes #viral #reelsindia #memes #relatable #collegememes #fyp,1,481078,306809,63.8,776652,20339,732,558,4365,5185,746,25994,8.47,0.18,1.42,0.243,0,hostel_request:9,💀💀💀,11.7,1264,35
17961135440752298,reel,19,2026-07-08,22:40,Wed,22,no because why is this true 🔥,29,1,8,#memesdaily #brainrot #viral #memes #funny #desimemes #relatable #lol,1,481824,142029,29.5,282584,9585,326,114,1225,2070,185,11250,7.92,0.08,0.86,0.13,4,repetitive_callout:10,you posted this yesterday,10.0,1264,35
17999688736551737,story,19,2026-07-08,22:42,Wed,22,rate this edit 1-10,19,0,0,none,1,480866,35229,7.3,38093,0,291,0,105,352,35,396,1.12,0.0,0.3,0.099,0,none,none,0.0,1264,35
17998995960097218,reel,19,2026-07-09,00:40,Thu,0,"exam tomorrow, syllabus unknown",31,0,3,#desimemes #comedy #memes,1,481999,311703,64.7,628888,19761,573,702,4005,5016,687,25041,8.03,0.23,1.28,0.22,0,hostel_request:9,peak,10.0,1193,35
17917404355048766,story,19,2026-07-09,13:11,Thu,13,sneak peek: tonight's reel,26,0,0,none,1,481999,32609,6.8,35881,0,157,0,97,326,32,254,0.78,0.0,0.3,0.098,0,none,none,0.0,1193,35
17966601592207877,reel,19,2026-07-09,14:40,Thu,14,my last brain cell during exams 😭,33,1,8,#collegememes #desimemes #lol #memes #viral #relatable #memesdaily #reelsindia,1,482686,116734,24.2,277580,5992,191,124,1204,2344,331,7511,6.43,0.11,1.03,0.284,3,part_2:8|voice_id:1|hostel_request:7,the editing 💀,13.3,1193,35
17985532910584782,story,19,2026-07-09,20:33,Thu,20,bts of the skit,15,0,0,none,1,481999,31903,6.6,41180,0,264,0,95,319,31,359,1.13,0.0,0.3,0.097,0,none,none,0.0,1193,35
17951950773988143,image,19,2026-07-09,22:20,Thu,22,pov: mom found your report card 😍 😂,35,2,3,#funny #collegememes #brainrot,1,483017,85301,17.7,112168,4811,88,101,692,1337,147,5692,6.67,0.12,0.81,0.172,3,part_2:7|hostel_request:7,i'm crying,10.0,1193,35
17975308764540789,reel,19,2026-07-10,01:00,Fri,1,tag the friend 🙌,16,1,3,#funny #fyp #reelsindia,1,483149,208570,43.2,451986,13624,487,117,2111,4016,440,16339,7.83,0.06,1.01,0.211,6,repetitive_callout:9,i can't,11.7,847,33
17965714956452224,reel,19,2026-07-10,11:10,Fri,11,when the wifi drops for 1 second 👀 😭,36,2,2,#brainrot #funny,1,483589,213007,44.0,488916,12778,480,270,1829,3055,440,15357,7.21,0.13,0.86,0.207,5,part_2:5|voice_id:5|hostel_request:7,make one about hostel life,6.7,847,33
17937545134997669,story,19,2026-07-11,10:57,Sat,10,bts of the skit,15,0,0,none,1,484016,20545,4.2,23078,0,158,0,61,205,20,219,1.07,0.0,0.3,0.097,0,none,none,0.0,941,35
17936219585084972,story,19,2026-07-11,13:44,Sat,13,sneak peek: tonight's reel,26,0,0,none,1,484016,30913,6.4,34325,0,204,0,92,309,30,296,0.96,0.0,0.3,0.097,0,none,none,0.0,941,35
17958229766136765,reel,19,2026-07-11,17:20,Sat,17,pov: you said 'one episode' at 11pm,35,0,2,#fyp #desimemes,1,484016,200512,41.4,420648,13241,423,242,2259,2816,415,16165,8.06,0.12,1.13,0.207,2,part_2:7|hostel_request:7,i can't,18.3,941,35
17914457673033607,reel,19,2026-07-11,23:00,Sat,23,no because why is this true,27,0,2,#collegememes #comedy,1,484431,235377,48.6,461414,13155,291,140,1853,4385,511,15439,6.56,0.06,0.79,0.217,1,repetitive_callout:4,bro this is getting old,16.7,941,35
17959485194940883,reel,20,2026-07-12,01:20,Sun,1,who else 😭,10,0,5,#relatable #lol #collegememes #comedy #desimemes,1,484918,123024,25.4,310540,6734,167,73,877,1704,177,7851,6.38,0.06,0.71,0.144,3,repetitive_callout:4,sending this to everyone,11.7,1106,35
17915765984163659,story,20,2026-07-12,10:31,Sun,10,question box: roast me,22,0,0,none,1,484918,29464,6.1,33979,0,178,0,88,294,29,266,0.9,0.0,0.3,0.098,178,none,none,0.0,1106,35
17992947087776543,story,20,2026-07-12,10:49,Sun,10,rate this edit 1-10,19,0,0,none,1,484918,29847,6.2,33708,0,208,0,89,298,29,297,1.0,0.0,0.3,0.097,0,none,none,0.0,1106,35
17955802008768125,reel,20,2026-07-12,11:50,Sun,11,ai voice of my cat. it's unhinged. 🙌,36,1,3,#collegememes #viral #memesdaily,1,485095,131516,27.1,275640,7148,247,325,672,2568,240,8392,6.38,0.25,0.51,0.182,4,voice_id:9,LMAOOO,11.7,1106,35
17938529986572803,story,20,2026-07-12,17:04,Sun,17,bts of the skit,15,0,0,none,1,484918,24184,5.0,28240,0,183,0,72,241,24,255,1.05,0.0,0.3,0.099,0,none,none,0.0,1106,35
17933796456363646,reel,20,2026-07-12,21:50,Sun,21,my last brain cell during exams 😂,33,1,5,#fyp #viral #collegememes #memes #reelsindia,1,485335,267695,55.2,663455,16385,545,291,3268,4495,642,20489,7.65,0.11,1.22,0.24,2,part_2:3|voice_id:3|hostel_request:7,why is this so real,10.0,1106,35
17915558659898030,reel,20,2026-07-13,00:10,Mon,0,pov: you said 'one episode' at 11pm,35,0,10,#comedy #funny #brainrot #desimemes #viral #relatable #reelsindia #collegememes #memesdaily #lol,1,485959,310254,63.8,577897,19217,521,428,3035,5795,727,23201,7.48,0.14,0.98,0.234,1,part_2:7|hostel_request:3,the editing 💀,15.0,1364,27
17901747093471614,story,20,2026-07-13,09:47,Mon,9,which meme should i do next?,28,0,0,none,1,485959,32598,6.7,37941,0,329,0,97,325,32,426,1.31,0.0,0.3,0.098,0,none,none,0.0,1364,27
17990397259139543,reel,20,2026-07-13,11:10,Mon,11,when the wifi drops for 1 second 💯 🫶,36,2,0,none,1,486686,201822,41.5,374400,10681,389,209,1656,3603,570,12935,6.41,0.1,0.82,0.282,4,part_2:8|voice_id:4|hostel_request:7,why is this so real,8.3,1364,27
17937237369880891,story,20,2026-07-13,22:19,Mon,22,question box: roast me,22,0,0,none,1,485959,26701,5.5,29528,0,121,0,80,267,26,201,0.75,0.0,0.3,0.097,121,none,none,0.0,1364,27
17962279142821964,story,20,2026-07-13,22:25,Mon,22,poll: part 2 yes or no,22,0,0,none,1,485959,36130,7.4,42536,0,117,0,108,361,36,225,0.62,0.0,0.3,0.1,0,none,none,0.0,1364,27
17915255093375980,image,20,2026-07-14,01:10,Tue,1,when the wifi drops for 1 second 💀,34,1,3,#brainrot #fyp #desimemes,1,487251,91624,18.8,119863,5186,120,114,792,1351,182,6212,6.78,0.12,0.86,0.199,4,part_2:3|voice_id:3|hostel_request:3,make one about hostel life,8.3,798,33
17975375180284073,story,20,2026-07-14,09:43,Tue,9,bts of the skit,15,0,0,none,1,487251,19844,4.1,24339,0,78,0,59,198,19,137,0.69,0.0,0.3,0.096,0,none,none,0.0,798,33
17988460094643810,story,20,2026-07-14,20:36,Tue,20,sneak peek: tonight's reel,26,0,0,none,1,487251,27743,5.7,33067,0,144,0,83,277,27,227,0.82,0.0,0.3,0.097,0,none,none,0.0,798,33
17911272426922892,story,20,2026-07-14,20:36,Tue,20,rate this edit 1-10,19,0,0,none,1,487251,23381,4.8,30352,0,57,0,70,233,23,127,0.54,0.0,0.3,0.098,0,none,none,0.0,798,33
17977749579356414,story,20,2026-07-14,22:05,Tue,22,bts of the skit,15,0,0,none,1,487251,32048,6.6,39464,0,216,0,96,320,32,312,0.97,0.0,0.3,0.1,0,none,none,0.0,798,33
17939871159191018,reel,20,2026-07-14,22:30,Tue,22,i asked an ai to make my city a movie trailer 🙌 💀,49,2,2,#funny #desimemes,1,487433,307875,63.2,638816,16229,563,588,1847,5821,548,19227,6.25,0.19,0.6,0.178,3,voice_id:7,why is this so real,16.7,798,33
17935775366876222,story,20,2026-07-15,10:34,Wed,10,which meme should i do next?,28,0,0,none,1,487966,38040,7.8,49189,0,373,0,114,380,38,487,1.28,0.0,0.3,0.1,0,none,none,0.0,632,30
17965541130792434,story,20,2026-07-15,17:10,Wed,17,poll: part 2 yes or no,22,0,0,none,1,487966,21095,4.3,27283,0,127,0,63,210,21,190,0.9,0.0,0.3,0.1,0,none,none,0.0,632,30
17955055676993232,reel,20,2026-07-15,17:50,Wed,17,pov: you're the friend with a car,33,0,8,#desimemes #reelsindia #memes #relatable #lol #comedy #brainrot #viral,1,487966,178194,36.5,323022,12191,270,256,1609,3590,527,14326,8.04,0.14,0.9,0.296,0,part_2:4|hostel_request:9,why is this so real,8.3,632,30
17965847940633091,carousel,20,2026-07-15,19:40,Wed,19,when the teammate says 'trust me' 🙌 ✨ 💀 💯,41,4,5,#funny #desimemes #viral #fyp #comedy,10,488493,78572,16.1,114019,4430,175,50,420,1110,76,5075,6.46,0.06,0.53,0.097,0,none,real gamers know,8.3,632,30
17940033887006142,reel,20,2026-07-16,00:00,Thu,0,this is literally me 👀 🙌 😭 💯 💀 😍,32,6,5,#fyp #desimemes #collegememes #relatable #memesdaily,1,488559,273663,56.0,655762,17039,339,160,2023,3821,374,19561,7.15,0.06,0.74,0.137,2,repetitive_callout:3,peak,13.3,2128,27
17935642257211879,reel,20,2026-07-16,01:40,Thu,1,my inner monologue at 3am 😂,27,1,2,#brainrot #fyp,1,488933,468144,95.7,1006342,32148,1292,698,6146,7648,1238,40284,8.61,0.15,1.31,0.264,3,part_2:9|voice_id:4|hostel_request:8,why is this so real,6.7,2128,27
17972020409683616,story,20,2026-07-16,09:52,Thu,9,poll: part 2 yes or no,22,0,0,none,1,488559,33388,6.8,40435,0,171,0,100,333,33,271,0.81,0.0,0.3,0.099,0,none,none,0.0,2128,27
17963241897557558,story,20,2026-07-16,10:25,Thu,10,poll: part 2 yes or no,22,0,0,none,1,488559,29865,6.1,32615,0,155,0,89,298,29,244,0.82,0.0,0.3,0.097,0,none,none,0.0,2128,27
17928537217802820,reel,20,2026-07-16,14:40,Thu,14,the one topper who says 'i didn't study' 🫶 ✨ 👀 😂 😍 💯,52,6,8,#reelsindia #collegememes #fyp #funny #desimemes #brainrot #memes #viral,1,490171,180398,36.8,442264,10472,193,283,1560,3438,481,12508,6.93,0.16,0.86,0.267,0,hostel_request:6,hostel series when,13.3,2128,27
17910778675292265,reel,20,2026-07-17,11:20,Fri,11,me explaining to the auto uncle why 20 rupees is fair 🙌,55,1,5,#funny #reelsindia #memesdaily #viral #brainrot,1,490634,170634,34.8,467481,9401,328,188,1547,3340,501,11464,6.72,0.11,0.91,0.294,1,part_2:7|voice_id:3|hostel_request:5,part 2 or i riot,11.7,2143,34
17969901957892001,story,20,2026-07-17,17:21,Fri,17,sneak peek: tonight's reel,26,0,0,none,1,490634,23443,4.8,25085,0,125,0,70,234,23,195,0.83,0.0,0.3,0.098,0,none,none,0.0,2143,34
17925048502672674,reel,20,2026-07-17,19:40,Fri,19,this is literally me,20,0,5,#lol #reelsindia #desimemes #memes #fyp,1,491135,144323,29.4,337801,7698,311,75,844,2617,256,8928,6.19,0.05,0.58,0.177,3,repetitive_callout:7,why is this so real,16.7,2143,34
17917682732298950,reel,20,2026-07-17,22:50,Fri,22,my last brain cell during exams ✨,33,1,3,#reelsindia #memesdaily #fyp,1,491391,240404,48.9,542965,13561,504,319,1913,4851,755,16297,6.78,0.13,0.8,0.314,5,part_2:4|voice_id:3|hostel_request:8,the editing 💀,11.7,2143,34
17917152379606503,image,20,2026-07-17,23:30,Fri,23,8am lecture survivors,21,0,10,#memes #funny #collegememes #relatable #memesdaily #viral #comedy #lol #reelsindia #desimemes,1,492146,221309,45.0,317084,12089,398,421,2212,3930,642,15120,6.83,0.19,1.0,0.29,0,hostel_request:7,the editing 💀,16.7,2143,34
17999713188220757,story,20,2026-07-18,09:37,Sat,9,sneak peek: tonight's reel,26,0,0,none,1,492783,20666,4.2,26173,0,202,0,61,206,20,263,1.27,0.0,0.3,0.097,0,none,none,0.0,555,33
17974448705639597,story,20,2026-07-18,13:07,Sat,13,poll: part 2 yes or no,22,0,0,none,1,492783,33216,6.7,40793,0,76,0,99,332,33,175,0.53,0.0,0.3,0.099,0,none,none,0.0,555,33
17921585545604412,reel,20,2026-07-18,14:20,Sat,14,this is literally me,20,0,3,#lol #memes #relatable,1,492783,94360,19.1,233172,5444,140,57,685,1594,159,6326,6.7,0.06,0.73,0.169,1,repetitive_callout:4,my roommate 😭,8.3,555,33
17901537479758185,reel,20,2026-07-18,19:30,Sat,19,lag at the final moment 🫶,25,1,2,#fyp #viral,1,492942,243760,49.5,474035,12903,279,130,1342,4620,376,14654,6.01,0.05,0.55,0.154,0,none,💀💀💀,10.0,555,33
17924710714769020,reel,21,2026-07-19,00:00,Sun,0,npc behaviour at a family function,34,0,2,#memesdaily #memes,1,493304,504555,102.3,1038769,27078,533,561,5172,8735,1332,33344,6.61,0.11,1.03,0.264,3,part_2:5|voice_id:4|hostel_request:7,i can't,8.3,2613,36
17903669618203236,reel,21,2026-07-19,11:30,Sun,11,who else 😭,10,0,0,none,1,494636,168390,34.0,348055,11599,278,118,1235,2725,289,13230,7.86,0.07,0.73,0.172,3,repetitive_callout:3,why is this so real,10.0,2613,36
17968044530563038,reel,21,2026-07-19,14:10,Sun,14,me explaining to the auto uncle why 20 rupees is fair,53,0,8,#comedy #memes #viral #reelsindia #memesdaily #fyp #funny #brainrot,1,494925,158496,32.0,298241,10679,416,222,2060,3144,512,13377,8.44,0.14,1.3,0.323,0,part_2:2|voice_id:2|hostel_request:8,sending this to everyone,10.0,2613,36
17900941467542878,reel,21,2026-07-19,17:20,Sun,17,8am lecture survivors,21,0,2,#comedy #collegememes,1,495437,179151,36.2,342686,12173,320,435,2012,2987,454,14940,8.34,0.24,1.12,0.253,0,hostel_request:12,my roommate 😭,6.7,2613,36
17911018336755181,story,21,2026-07-19,22:00,Sun,22,sneak peek: tonight's reel,26,0,0,none,1,493304,30947,6.3,37132,0,118,0,92,309,30,210,0.68,0.0,0.3,0.097,0,none,none,0.0,2613,36
17934122620599983,story,21,2026-07-19,22:29,Sun,22,sneak peek: tonight's reel,26,0,0,none,1,493304,32838,6.7,41803,0,348,0,98,328,32,446,1.36,0.0,0.3,0.097,0,none,none,0.0,2613,36
17952194078675908,story,21,2026-07-20,10:15,Mon,10,sneak peek: tonight's reel,26,0,0,none,1,495877,23121,4.7,26736,0,131,0,69,231,23,200,0.87,0.0,0.3,0.099,0,none,none,0.0,2284,30
17905535931084931,reel,21,2026-07-20,11:10,Mon,11,the one topper who says 'i didn't study',40,0,2,#viral #relatable,1,495877,164927,33.3,346601,11197,461,321,2246,2520,387,14225,8.63,0.19,1.36,0.235,0,hostel_request:5,the editing 💀,11.7,2284,30
17941538447469213,story,21,2026-07-20,17:45,Mon,17,question box: roast me,22,0,0,none,1,495877,27924,5.6,30874,0,111,0,83,279,27,194,0.69,0.0,0.3,0.097,111,none,none,0.0,2284,30
17961346356561986,reel,21,2026-07-20,19:10,Mon,19,viva questions be like,22,0,0,none,1,496264,230562,46.5,489456,14840,578,403,3140,3886,589,18961,8.22,0.17,1.36,0.255,0,hostel_request:9,the editing 💀,13.3,2284,30
17926935381385428,reel,21,2026-07-20,21:10,Mon,21,me explaining to the auto uncle why 20 rupees is fair,53,0,8,#desimemes #comedy #collegememes #brainrot #relatable #memesdaily #fyp #funny,1,496853,250188,50.4,567130,14019,516,237,2519,4793,720,17291,6.91,0.09,1.01,0.288,2,part_2:8|voice_id:2|hostel_request:5,💀💀💀,6.7,2284,30
17912502182862706,reel,21,2026-07-20,22:10,Mon,22,tag the friend 🔥,16,1,0,none,1,497573,338982,68.1,776155,21715,550,227,2708,6287,568,25200,7.43,0.07,0.8,0.168,5,repetitive_callout:8,sending this to everyone,5.0,2284,30
17942025378039419,reel,21,2026-07-21,01:00,Tue,1,when the teammate says 'trust me',33,0,2,#memes #relatable,1,498135,243983,49.0,523441,13760,477,115,1107,4448,398,15459,6.34,0.05,0.45,0.163,0,none,LMAOOO,8.3,1259,33
17926203315950695,story,21,2026-07-21,09:25,Tue,9,which meme should i do next?,28,0,0,none,1,498135,29156,5.9,33489,0,81,0,87,291,29,168,0.58,0.0,0.3,0.099,0,none,none,0.0,1259,33
17929905475944628,carousel,21,2026-07-21,17:30,Tue,17,viva questions be like 🙌 💀 ✨ 😭 😍 🫶,34,6,5,#lol #relatable #brainrot #memesdaily #funny,3,498533,62743,12.6,80654,4148,141,119,671,902,156,5079,8.09,0.19,1.07,0.249,0,hostel_request:5,sending this to everyone,10.0,1259,33
17964476353781882,image,21,2026-07-21,21:50,Tue,21,pov: you said 'one episode' at 11pm,35,0,10,#desimemes #memesdaily #funny #fyp #relatable #viral #memes #collegememes #reelsindia #lol,1,498689,68587,13.8,83906,4377,173,78,559,992,111,5187,7.56,0.11,0.82,0.162,2,part_2:5|hostel_request:10,sending this to everyone,8.3,1259,33
17922231860198077,reel,21,2026-07-21,22:00,Tue,22,pov: you opened the fridge for the 9th time 😭 🫶 💯 😍,51,4,5,#lol #brainrot #funny #desimemes #memesdaily,1,498800,248181,49.8,632178,13793,348,300,1913,4423,598,16354,6.59,0.12,0.77,0.241,1,part_2:9|hostel_request:11,my roommate 😭,11.7,1259,33
17946722275561317,story,21,2026-07-22,09:48,Wed,9,rate this edit 1-10,19,0,0,none,1,499389,20782,4.2,22581,0,84,0,62,207,20,146,0.7,0.0,0.3,0.096,0,none,none,0.0,845,29
17974372451940322,reel,21,2026-07-22,11:00,Wed,11,attendance 74.9% and the professor said no ✨,44,1,5,#reelsindia #comedy #brainrot #collegememes #fyp,1,499389,143255,28.7,310080,8379,262,235,1774,2893,471,10650,7.43,0.16,1.24,0.329,0,hostel_request:9,💀💀💀,6.7,845,29
17910705184448441,story,21,2026-07-22,13:33,Wed,13,which meme should i do next?,28,0,0,none,1,499389,33527,6.7,38480,0,124,0,100,335,33,224,0.67,0.0,0.3,0.098,0,none,none,0.0,845,29
17930949032026260,reel,21,2026-07-22,14:10,Wed,14,ai voice of my cat. it's unhinged. 💯 🙌 😍 😭 🫶 🔥,46,6,0,none,1,499860,209711,42.0,393722,14397,489,530,1339,3409,265,16755,7.99,0.25,0.64,0.126,1,voice_id:4,💀💀💀,8.3,845,29
17974849442264666,story,21,2026-07-22,17:56,Wed,17,poll: part 2 yes or no,22,0,0,none,1,499389,39441,7.9,45050,0,393,0,118,394,39,511,1.3,0.0,0.3,0.099,0,none,none,0.0,845,29
17940659389987820,story,21,2026-07-22,20:32,Wed,20,poll: part 2 yes or no,22,0,0,none,1,499389,22736,4.6,24668,0,256,0,68,227,22,324,1.43,0.0,0.3,0.097,0,none,none,0.0,845,29
17965098887430647,story,21,2026-07-22,20:50,Wed,20,question box: roast me,22,0,0,none,1,499389,24789,5.0,31801,0,234,0,74,247,24,308,1.24,0.0,0.3,0.097,234,none,none,0.0,845,29
17936593034263610,reel,21,2026-07-23,00:00,Thu,0,pov: hostel mess serves paneer once a month 💀 🔥 🫶 ✨ 👀 🙌,55,6,8,#collegememes #viral #lol #fyp #desimemes #reelsindia #comedy #brainrot,1,500114,249608,49.9,564972,16130,394,350,2240,4762,546,19114,7.66,0.14,0.9,0.219,2,part_2:6|hostel_request:8,continue this pls,11.7,1444,36
17904101002169182,reel,21,2026-07-23,11:00,Thu,11,pov: you're the friend with a car,33,0,2,#comedy #memesdaily,1,500660,171056,34.2,308569,11766,414,216,1846,2565,382,14242,8.33,0.13,1.08,0.223,3,part_2:9|hostel_request:7,sending this to everyone,11.7,1444,36
17914507054689311,image,21,2026-07-23,17:00,Thu,17,pov: you said 'one episode' at 11pm 😍 🔥 ✨ 🙌 👀 😭,47,6,3,#memes #funny #viral,1,501042,121566,24.3,155767,6285,204,123,1005,2278,311,7617,6.27,0.1,0.83,0.256,0,part_2:1|hostel_request:9,💀💀💀,21.7,1444,36
17929672619890090,story,21,2026-07-23,17:30,Thu,17,which meme should i do next?,28,0,0,none,1,500114,33694,6.7,41521,0,266,0,101,336,33,367,1.09,0.0,0.3,0.098,0,none,none,0.0,1444,36
17958766318898447,carousel,21,2026-07-23,19:00,Thu,19,attendance 74.9% and the professor said no 🫶,44,1,3,#memesdaily #relatable #desimemes,3,501353,76092,15.2,106157,4407,162,138,775,1045,172,5482,7.2,0.18,1.02,0.226,0,hostel_request:11,do hostel mess next,10.0,1444,36
17921147227516229,story,21,2026-07-23,22:26,Thu,22,rate this edit 1-10,19,0,0,none,1,500114,36321,7.3,38413,0,100,0,108,363,36,208,0.57,0.0,0.3,0.099,0,none,none,0.0,1444,36
17935605908089975,story,21,2026-07-24,10:36,Fri,10,rate this edit 1-10,19,0,0,none,1,501505,39844,7.9,42881,0,146,0,119,398,39,265,0.67,0.0,0.3,0.098,0,none,none,0.0,712,36
17964186662024525,reel,21,2026-07-24,14:30,Fri,14,no because why is this true,27,0,2,#reelsindia #memesdaily,1,501505,174067,34.7,390750,9808,395,92,1387,3148,374,11682,6.71,0.05,0.8,0.215,2,repetitive_callout:4,i'm crying,16.7,712,36
17994104319283775,reel,21,2026-07-24,17:10,Fri,17,me explaining to the auto uncle why 20 rupees is fair,53,0,3,#reelsindia #memesdaily #collegememes,1,501879,132771,26.5,285391,8625,271,186,1524,2045,335,10606,7.99,0.14,1.15,0.252,1,part_2:6|voice_id:6|hostel_request:7,i can't,15.0,712,36
17966262923310269,reel,21,2026-07-25,00:30,Sat,0,when the teammate says 'trust me',33,0,12,#reelsindia #viral #brainrot #desimemes #memesdaily #fyp #memes #comedy #relatable #lol #collegememes #funny,1,502198,166893,33.2,377381,11160,254,124,1100,2605,200,12638,7.57,0.07,0.66,0.12,0,none,bro 😭,16.7,814,34
17989320013654543,story,21,2026-07-25,09:11,Sat,9,question box: roast me,22,0,0,none,1,502198,33025,6.6,41071,0,254,0,99,330,33,353,1.07,0.0,0.3,0.1,254,none,none,0.0,814,34
17941610116222532,story,21,2026-07-25,13:09,Sat,13,poll: part 2 yes or no,22,0,0,none,1,502198,28460,5.7,35956,0,239,0,85,284,28,324,1.14,0.0,0.3,0.098,0,none,none,0.0,814,34
17928195936232332,reel,21,2026-07-25,14:20,Sat,14,tag the friend 😭 💯,18,2,5,#fyp #comedy #funny #lol #relatable,1,502398,116450,23.2,303283,6013,181,57,762,2342,271,7013,6.02,0.05,0.65,0.233,4,repetitive_callout:6,bro this is getting old,10.0,814,34
17935810608188965,story,21,2026-07-25,17:19,Sat,17,sneak peek: tonight's reel,26,0,0,none,1,502198,21473,4.3,27172,0,81,0,64,214,21,145,0.68,0.0,0.3,0.098,0,none,none,0.0,814,34
17968109804392338,reel,21,2026-07-25,17:20,Sat,17,no because why is this true 💀,29,1,5,#desimemes #reelsindia #memes #funny #relatable,1,502669,72278,14.4,150583,4136,123,35,527,1289,114,4821,6.67,0.05,0.73,0.158,2,repetitive_callout:4,i can't,3.3,814,34
17942598619276882,reel,21,2026-07-25,21:20,Sat,21,tag the friend,14,0,8,#funny #fyp #reelsindia #relatable #memes #desimemes #memesdaily #lol,1,502783,102330,20.4,210377,5228,212,60,598,1623,181,6098,5.96,0.06,0.58,0.177,5,repetitive_callout:7,sending this to everyone,15.0,814,34
17967481824767261,reel,22,2026-07-26,00:20,Sun,0,ai edit: if my college was a video game 🫶 ✨ 😂 👀,47,4,3,#reelsindia #viral #comedy,1,502941,352888,70.2,773261,18054,622,855,2308,6395,525,21839,6.19,0.24,0.65,0.149,0,voice_id:5,my roommate 😭,10.0,960,34
17973362856090060,story,22,2026-07-26,09:37,Sun,9,which meme should i do next?,28,0,0,none,1,502941,26673,5.3,33315,0,260,0,80,266,26,340,1.27,0.0,0.3,0.097,0,none,none,0.0,960,34
17951534108106711,reel,22,2026-07-26,17:10,Sun,17,real 😭,6,1,3,#memesdaily #memes #lol,1,503466,110776,22.0,299783,6654,221,61,956,2162,201,7892,7.12,0.06,0.86,0.181,2,repetitive_callout:5,i'm crying,10.0,960,34
17988059744732888,story,22,2026-07-26,22:55,Sun,22,sneak peek: tonight's reel,26,0,0,none,1,502941,33362,6.6,42129,0,102,0,100,333,33,202,0.61,0.0,0.3,0.099,0,none,none,0.0,960,34
17925712579019655,carousel,22,2026-07-26,23:20,Sun,23,who else 😭,10,0,5,#brainrot #desimemes #fyp #relatable #funny,5,503667,89584,17.8,118894,6077,246,57,778,1826,209,7158,7.99,0.06,0.87,0.233,3,repetitive_callout:5,i'm crying,10.0,960,34
17908421110593236,image,22,2026-07-27,00:50,Mon,0,this is literally me 💯 ✨,24,2,5,#collegememes #relatable #memes #funny #brainrot,1,503852,101471,20.1,123197,6760,254,78,1010,1508,160,8102,7.98,0.08,1.0,0.158,4,repetitive_callout:8,bro this is getting old,8.3,1639,35
17930769442889427,reel,22,2026-07-27,01:40,Mon,1,real 🫶,6,1,2,#funny #collegememes,1,504012,179716,35.7,493712,10636,196,91,1237,2953,301,12160,6.77,0.05,0.69,0.167,2,repetitive_callout:7,sending this to everyone,5.0,1639,35
17949339681476444,story,22,2026-07-27,10:13,Mon,10,sneak peek: tonight's reel,26,0,0,none,1,503852,21647,4.3,23484,0,113,0,64,216,21,177,0.82,0.0,0.3,0.097,0,none,none,0.0,1639,35
17992601707836071,story,22,2026-07-27,13:46,Mon,13,bts of the skit,15,0,0,none,1,503852,36791,7.3,44265,0,235,0,110,367,36,345,0.94,0.0,0.3,0.098,0,none,none,0.0,1639,35
17945274647478099,story,22,2026-07-27,17:48,Mon,17,rate this edit 1-10,19,0,0,none,1,503852,37282,7.4,39306,0,217,0,111,372,37,328,0.88,0.0,0.3,0.099,0,none,none,0.0,1639,35
17976494300150052,reel,22,2026-07-27,17:50,Mon,17,attendance 74.9% and the professor said no ✨,44,1,3,#memes #reelsindia #desimemes,1,504313,266375,52.8,494942,14253,582,406,2148,4231,703,17389,6.53,0.15,0.81,0.264,0,hostel_request:8,the editing 💀,6.7,1639,35
17984814978925057,story,22,2026-07-27,17:54,Mon,17,which meme should i do next?,28,0,0,none,1,503852,21445,4.3,23544,0,230,0,64,214,21,294,1.37,0.0,0.3,0.098,0,none,none,0.0,1639,35
17905694565015283,story,22,2026-07-27,20:26,Mon,20,bts of the skit,15,0,0,none,1,503852,37831,7.5,48728,0,231,0,113,378,37,344,0.91,0.0,0.3,0.098,0,none,none,0.0,1639,35
17963423743305214,reel,22,2026-07-27,22:40,Mon,22,when your squad leaves you alone ✨,34,1,8,#memes #funny #desimemes #comedy #memesdaily #relatable #fyp #viral,1,505016,240092,47.5,545629,13046,247,122,1137,4231,358,14552,6.06,0.05,0.47,0.149,0,none,💀💀💀,15.0,1639,35
17992630196727900,reel,22,2026-07-28,00:40,Tue,0,my inner monologue at 3am ✨ 🫶,29,2,5,#relatable #comedy #brainrot #memes #desimemes,1,505346,244651,48.4,553485,14741,502,295,2150,4490,556,17688,7.23,0.12,0.88,0.227,2,part_2:4|voice_id:2|hostel_request:12,LMAOOO,8.3,1484,28
17999555881918392,image,22,2026-07-28,17:40,Tue,17,"exam tomorrow, syllabus unknown",31,0,0,none,1,505902,85341,16.9,110133,5010,104,177,944,1568,227,6235,7.31,0.21,1.11,0.266,0,hostel_request:10,my roommate 😭,10.0,1484,28
17939210169988689,reel,22,2026-07-28,19:50,Tue,19,when the teammate says 'trust me' 🔥 😍,37,2,3,#memesdaily #lol #fyp,1,506129,167074,33.0,383809,9277,243,78,760,2702,209,10358,6.2,0.05,0.45,0.125,0,none,LMAOOO,13.3,1484,28
17918832461166613,story,22,2026-07-28,20:42,Tue,20,rate this edit 1-10,19,0,0,none,1,505346,23238,4.6,29355,0,265,0,69,232,23,334,1.44,0.0,0.3,0.099,0,none,none,0.0,1484,28
17966241894200885,reel,22,2026-07-28,22:40,Tue,22,when the wifi drops for 1 second,32,0,3,#relatable #viral #brainrot,1,506338,195279,38.6,434266,12640,444,299,1952,3132,497,15335,7.85,0.15,1.0,0.255,2,part_2:5|voice_id:2|hostel_request:4,i can't,5.0,1484,28
17960129554240761,reel,22,2026-07-29,01:20,Wed,1,ai edit: if my college was a video game ✨,41,1,8,#brainrot #comedy #lol #desimemes #collegememes #funny #relatable #reelsindia,1,506834,292603,57.7,759885,19904,683,761,1722,4251,357,23070,7.88,0.26,0.59,0.122,0,none,bro 😭,11.7,780,36
17917013816552498,story,22,2026-07-29,13:03,Wed,13,poll: part 2 yes or no,22,0,0,none,1,506834,23050,4.5,26488,0,214,0,69,230,23,283,1.23,0.0,0.3,0.1,0,none,none,0.0,780,36
17918009105412692,story,22,2026-07-29,13:14,Wed,13,sneak peek: tonight's reel,26,0,0,none,1,506834,26508,5.2,27930,0,246,0,79,265,26,325,1.23,0.0,0.3,0.098,0,none,none,0.0,780,36
17915834776287300,reel,22,2026-07-29,14:00,Wed,14,real,4,0,0,none,1,507191,258872,51.0,467079,14966,492,162,1938,3641,376,17558,6.78,0.06,0.75,0.145,3,repetitive_callout:5,LMAOOO,15.0,780,36
17990714850214906,story,22,2026-07-29,20:36,Wed,20,sneak peek: tonight's reel,26,0,0,none,1,506834,34717,6.8,38356,0,220,0,104,347,34,324,0.93,0.0,0.3,0.098,0,none,none,0.0,780,36
17918472068520723,image,22,2026-07-30,00:50,Thu,0,my last brain cell during exams 🫶 💯,35,2,3,#collegememes #funny #memesdaily,1,507557,193507,38.1,301202,10482,427,231,1852,3822,619,12992,6.71,0.12,0.96,0.32,2,part_2:5|voice_id:6|hostel_request:5,i can't,13.3,1019,35
17988152207951072,reel,22,2026-07-30,11:40,Thu,11,me after losing 1 ranked match 😭,32,1,0,none,1,508176,152522,30.0,378939,9291,300,109,852,2470,171,10552,6.92,0.07,0.56,0.112,0,none,i'm crying,11.7,1019,35
17940000122089688,story,22,2026-07-30,17:16,Thu,17,rate this edit 1-10,19,0,0,none,1,507557,30059,5.9,34286,0,328,0,90,300,30,418,1.39,0.0,0.3,0.1,0,none,none,0.0,1019,35
17988836348442635,image,22,2026-07-30,19:40,Thu,19,pov: you're the friend with a car 🫶,35,1,3,#viral #relatable #brainrot,1,508347,131096,25.8,182246,6966,134,125,807,2088,234,8032,6.13,0.1,0.62,0.178,2,part_2:3|hostel_request:8,i'm crying,10.0,1019,35
17931137150390000,reel,22,2026-07-31,01:30,Fri,1,npc behaviour at a family function 😍 💯,38,2,10,#viral #brainrot #memesdaily #collegememes #reelsindia #desimemes #funny #comedy #fyp #relatable,1,508568,362642,71.3,873544,20264,372,327,2830,6029,955,23793,6.56,0.09,0.78,0.263,1,part_2:1|voice_id:7|hostel_request:7,hostel series when,8.3,2516,33
17933469966346486,reel,22,2026-07-31,11:10,Fri,11,when the wifi drops for 1 second 🫶,34,1,3,#memes #fyp #lol,1,509523,72259,14.2,150276,4939,135,117,940,1167,191,6131,8.48,0.16,1.3,0.264,6,part_2:8|voice_id:4|hostel_request:8,bro 😭,13.3,2516,33
17972875707544900,story,22,2026-07-31,17:35,Fri,17,question box: roast me,22,0,0,none,1,508568,35842,7.0,46063,0,428,0,107,358,35,535,1.49,0.0,0.3,0.098,428,none,none,0.0,2516,33
17947095065140158,reel,22,2026-07-31,19:30,Fri,19,when the wifi drops for 1 second,32,0,8,#fyp #lol #brainrot #funny #comedy #collegememes #memesdaily #viral,1,509714,240223,47.1,450693,14385,527,339,2369,3513,555,17620,7.33,0.14,0.99,0.231,4,part_2:6|voice_id:3|hostel_request:2,audio name?,13.3,2516,33
17974380263318742,reel,22,2026-07-31,23:50,Fri,23,when the wifi drops for 1 second,32,0,5,#reelsindia #desimemes #relatable #memesdaily #viral,1,510269,337394,66.1,732524,21273,458,496,3634,6608,813,25861,7.66,0.15,1.08,0.241,1,part_2:4|voice_id:6|hostel_request:8,💀💀💀,13.3,2516,33
17971441864810382,story,22,2026-08-01,10:41,Sat,10,rate this edit 1-10,19,0,0,none,1,511070,20801,4.1,24760,0,177,0,62,208,20,239,1.15,0.0,0.3,0.096,0,none,none,0.0,904,37
17947071473146578,reel,22,2026-08-01,11:50,Sat,11,pov: hostel mess serves paneer once a month 💯 🫶 😂 ✨ 😭 🔥,55,6,12,#relatable #brainrot #reelsindia #comedy #memes #viral #lol #funny #memesdaily #collegememes #desimemes #fyp,1,511070,123963,24.3,320939,6460,179,136,1041,2108,250,7816,6.31,0.11,0.84,0.202,0,part_2:4|hostel_request:6,do hostel mess next,13.3,904,37
17931216004943506,reel,22,2026-08-01,17:50,Sat,17,this is literally me 👀 😂,24,2,8,#funny #memesdaily #reelsindia #lol #collegememes #memes #viral #fyp,1,511320,228112,44.6,461691,12138,335,107,1801,4151,398,14381,6.3,0.05,0.79,0.174,2,repetitive_callout:4,i'm crying,16.7,904,37
17959814335685562,image,22,2026-08-01,19:00,Sat,19,pov: you opened the fridge for the 9th time 😭,45,1,0,none,1,511718,153066,29.9,237036,8016,321,172,941,2225,273,9450,6.17,0.11,0.61,0.178,0,part_2:2|hostel_request:5,bro 😭,10.0,904,37
17915119481339696,reel,23,2026-08-02,14:20,Sun,14,pov: you opened the fridge for the 9th time 🔥,45,1,5,#desimemes #fyp #memesdaily #funny #relatable,1,511983,80693,15.8,190286,4525,158,82,727,1298,167,5492,6.81,0.1,0.9,0.207,5,part_2:10|hostel_request:8,LMAOOO,13.3,1756,35
17996659210681132,reel,23,2026-08-02,19:40,Sun,19,ai edit: if my college was a video game 🔥 🫶 👀 💀 😍 😂,51,6,10,#viral #memes #fyp #collegememes #brainrot #relatable #reelsindia #funny #comedy #desimemes,1,512150,259923,50.8,577794,17326,380,802,1789,4455,456,20297,7.81,0.31,0.69,0.175,2,voice_id:6,the editing 💀,8.3,1756,35
17983923591005599,story,23,2026-08-02,20:06,Sun,20,rate this edit 1-10,19,0,0,none,1,511983,24292,4.7,29517,0,146,0,72,242,24,218,0.9,0.0,0.3,0.099,0,none,none,0.0,1756,35
17922760762973298,reel,23,2026-08-02,22:40,Sun,22,i asked an ai to make my city a movie trailer 🫶 😍 👀 😂 🙌 ✨,57,6,10,#comedy #desimemes #memes #memesdaily #relatable #collegememes #funny #viral #fyp #brainrot,1,512606,165616,32.3,453972,9693,236,342,1077,2521,198,11348,6.85,0.21,0.65,0.12,0,voice_id:6,peak,11.7,1756,35
17913102712367348,story,23,2026-08-02,22:40,Sun,22,poll: part 2 yes or no,22,0,0,none,1,511983,34761,6.8,42891,0,324,0,104,347,34,428,1.23,0.0,0.3,0.098,0,none,none,0.0,1756,35
17978782708024105,reel,23,2026-08-02,23:10,Sun,23,average bangalore traffic experience 😭,38,1,2,#memes #lol,1,512804,429585,83.8,1139590,29252,1093,559,5403,6216,912,36307,8.45,0.13,1.26,0.212,4,part_2:7|voice_id:6|hostel_request:6,i can't,13.3,1756,35
17928336163252651,reel,23,2026-08-03,01:50,Mon,1,ai edit: if my college was a video game,39,0,3,#reelsindia #brainrot #viral,1,513706,222867,43.4,598115,15266,535,536,1908,4205,351,18245,8.19,0.24,0.86,0.157,4,voice_id:7,bro 😭,15.0,1583,35
17965476049187652,story,23,2026-08-03,09:57,Mon,9,bts of the skit,15,0,0,none,1,513706,26708,5.2,28144,0,124,0,80,267,26,204,0.76,0.0,0.3,0.097,0,none,none,0.0,1583,35
17980500948546045,story,23,2026-08-03,10:04,Mon,10,which meme should i do next?,28,0,0,none,1,513706,27623,5.4,34456,0,91,0,82,276,27,173,0.63,0.0,0.3,0.098,0,none,none,0.0,1583,35
17986908344770498,reel,23,2026-08-03,11:40,Mon,11,when the wifi drops for 1 second 🫶 😂 💀 ✨,40,4,8,#fyp #collegememes #desimemes #reelsindia #memesdaily #funny #comedy #brainrot,1,514057,126546,24.6,308980,8670,282,190,1538,2009,250,10680,8.44,0.15,1.22,0.198,7,part_2:7|voice_id:7|hostel_request:2,why is this so real,11.7,1583,35
17913054658327646,story,23,2026-08-03,13:23,Mon,13,bts of the skit,15,0,0,none,1,513706,33090,6.4,39666,0,382,0,99,330,33,481,1.45,0.0,0.3,0.1,0,none,none,0.0,1583,35
17994571263490208,story,23,2026-08-03,17:49,Mon,17,which meme should i do next?,28,0,0,none,1,513706,39973,7.8,48088,0,438,0,119,399,39,557,1.39,0.0,0.3,0.098,0,none,none,0.0,1583,35
17983851498939776,reel,23,2026-08-03,19:30,Mon,19,when the teammate says 'trust me' 👀 😭 💯 ✨,41,4,0,none,1,514307,177484,34.5,463778,9661,280,100,942,3397,236,10983,6.19,0.06,0.53,0.133,0,none,real gamers know,15.0,1583,35
17945823299183882,reel,23,2026-08-03,22:40,Mon,22,pov: mom found your report card 💯,33,1,2,#memesdaily #comedy,1,514543,258164,50.2,625886,14139,569,254,1913,4759,656,16875,6.54,0.1,0.74,0.254,1,part_2:6|hostel_request:7,the editing 💀,10.0,1583,35
17978508601629332,story,23,2026-08-04,13:03,Tue,13,question box: roast me,22,0,0,none,1,515182,29694,5.8,33978,0,76,0,89,296,29,165,0.56,0.0,0.3,0.098,76,none,none,0.0,1684,36
17920349360349222,story,23,2026-08-04,13:07,Tue,13,rate this edit 1-10,19,0,0,none,1,515182,37895,7.4,41534,0,373,0,113,378,37,486,1.28,0.0,0.3,0.098,0,none,none,0.0,1684,36
17917143830893896,reel,23,2026-08-04,14:30,Tue,14,no because why is this true 👀,29,1,8,#lol #memes #relatable #brainrot #fyp #memesdaily #desimemes #collegememes,1,515182,115941,22.5,269283,6849,261,62,812,1938,225,7984,6.89,0.05,0.7,0.194,0,repetitive_callout:2,💀💀💀,16.7,1684,36
17958055144657283,story,23,2026-08-04,17:02,Tue,17,poll: part 2 yes or no,22,0,0,none,1,515182,32202,6.3,40021,0,69,0,96,322,32,165,0.51,0.0,0.3,0.099,0,none,none,0.0,1684,36
17982339059364284,reel,23,2026-08-04,17:40,Tue,17,when the wifi drops for 1 second 😭,34,1,5,#viral #reelsindia #collegememes #memes #brainrot,1,515407,323664,62.8,689501,19008,519,343,2652,6087,932,22522,6.96,0.11,0.82,0.288,4,part_2:5|voice_id:4|hostel_request:9,part 2 or i riot,16.7,1684,36
17991879324477223,image,23,2026-08-04,19:10,Tue,19,8am lecture survivors,21,0,3,#fyp #memesdaily #desimemes,1,516339,133676,25.9,182578,7698,235,193,1170,2478,336,9296,6.95,0.14,0.88,0.251,0,hostel_request:4,💀💀💀,16.7,1684,36
17983506571346498,reel,23,2026-08-04,21:00,Tue,21,lag at the final moment 🙌 💯 😭 ✨,31,4,5,#memesdaily #collegememes #funny #desimemes #brainrot,1,516675,111655,21.6,278613,7087,252,77,556,1530,129,7972,7.14,0.07,0.5,0.116,0,none,bro 😭,8.3,1684,36
17923172088031286,reel,23,2026-08-05,00:40,Wed,0,i asked an ai to make my city a movie trailer 🔥,47,1,8,#desimemes #reelsindia #memes #comedy #lol #brainrot #memesdaily #viral,1,516790,330888,64.0,743747,20743,670,893,2527,5397,482,24833,7.5,0.27,0.76,0.146,2,voice_id:5,why is this so real,15.0,1233,30
17990712162489122,reel,23,2026-08-05,11:40,Wed,11,when your squad leaves you alone 😭 🔥 😍 🫶,40,4,2,#reelsindia #memes,1,517272,94375,18.2,190844,6450,234,62,477,1451,114,7223,7.65,0.07,0.51,0.121,0,none,peak,10.0,1233,30
17900792867969743,reel,23,2026-08-05,22:30,Wed,22,tag the friend,14,0,8,#reelsindia #viral #collegememes #lol #brainrot #fyp #desimemes #relatable,1,517386,281357,54.4,545010,18777,668,177,2328,5525,539,21950,7.8,0.06,0.83,0.192,3,repetitive_callout:8,bro 😭,8.3,1233,30
17968279824406523,reel,23,2026-08-05,23:10,Wed,23,this is literally me 🙌 🫶 💯 🔥,28,4,5,#memesdaily #memes #fyp #lol #reelsindia,1,517925,71258,13.8,154027,3874,156,35,556,1096,128,4621,6.48,0.05,0.78,0.18,3,repetitive_callout:6,why is this so real,20.0,1233,30
17915737577413032,reel,23,2026-08-06,00:30,Thu,0,my inner monologue at 3am,25,0,8,#reelsindia #brainrot #fyp #collegememes #comedy #viral #relatable #desimemes,1,518049,334385,64.5,701997,18706,584,344,2515,6561,1028,22149,6.62,0.1,0.75,0.307,1,part_2:5|voice_id:3|hostel_request:8,💀💀💀,5.0,2089,35
17906150970397497,story,23,2026-08-06,13:51,Thu,13,poll: part 2 yes or no,22,0,0,none,1,518049,21397,4.1,25711,0,196,0,64,213,21,260,1.22,0.0,0.3,0.098,0,none,none,0.0,2089,35
17940351852520491,story,23,2026-08-06,17:08,Thu,17,rate this edit 1-10,19,0,0,none,1,518049,29027,5.6,34348,0,182,0,87,290,29,269,0.93,0.0,0.3,0.1,0,none,none,0.0,2089,35
17909480387692049,image,23,2026-08-06,17:40,Thu,17,this is literally me,20,0,0,none,1,519077,83509,16.1,120458,4915,121,52,684,1396,159,5772,6.91,0.06,0.82,0.19,3,repetitive_callout:4,i'm crying,8.3,2089,35
17968172793653755,story,23,2026-08-06,20:28,Thu,20,poll: part 2 yes or no,22,0,0,none,1,518049,38228,7.4,49113,0,89,0,114,382,38,203,0.53,0.0,0.3,0.099,0,none,none,0.0,2089,35
17952258259634713,reel,23,2026-08-06,21:10,Thu,21,attendance 74.9% and the professor said no 😂 🫶,46,2,3,#brainrot #viral #funny,1,519236,337373,65.0,712277,19201,705,490,2854,5990,849,23250,6.89,0.15,0.85,0.252,0,hostel_request:9,💀💀💀,13.3,2089,35
17928320673419495,reel,23,2026-08-07,00:10,Fri,0,no because why is this true,27,0,8,#desimemes #memes #memesdaily #relatable #viral #comedy #fyp #brainrot,1,520073,220166,42.3,522607,14309,399,116,1568,3409,373,16392,7.45,0.05,0.71,0.169,2,repetitive_callout:5,the editing 💀,16.7,1143,31
17917931565977494,reel,23,2026-08-07,01:20,Fri,1,pov: you said 'one episode' at 11pm 🫶 😭,39,2,5,#lol #comedy #relatable #desimemes #funny,1,520446,309191,59.4,718835,19301,576,430,3291,4921,662,23598,7.63,0.14,1.06,0.214,1,part_2:6|hostel_request:5,i'm crying,10.0,1143,31
17959162607380408,story,23,2026-08-07,13:14,Fri,13,question box: roast me,22,0,0,none,1,520073,39031,7.5,43013,0,88,0,117,390,39,205,0.53,0.0,0.3,0.1,88,none,none,0.0,1143,31
17917908265943748,story,23,2026-08-07,22:25,Fri,22,sneak peek: tonight's reel,26,0,0,none,1,520073,39253,7.5,49072,0,212,0,117,392,39,329,0.84,0.0,0.3,0.099,0,none,none,0.0,1143,31
17967709871185422,story,23,2026-08-07,22:27,Fri,22,question box: roast me,22,0,0,none,1,520073,32006,6.2,38648,0,367,0,96,320,32,463,1.45,0.0,0.3,0.1,367,none,none,0.0,1143,31
17938898704249341,story,23,2026-08-07,22:43,Fri,22,question box: roast me,22,0,0,none,1,520073,29066,5.6,31459,0,89,0,87,290,29,176,0.61,0.0,0.3,0.1,89,none,none,0.0,1143,31
17925850997709276,reel,23,2026-08-08,14:50,Sat,14,tag the friend,14,0,2,#lol #collegememes,1,521083,143098,27.5,384980,7540,294,62,869,2553,276,8765,6.13,0.04,0.61,0.193,1,repetitive_callout:4,i can't,10.0,544,35
17918536284126817,story,23,2026-08-08,17:40,Sat,17,poll: part 2 yes or no,22,0,0,none,1,521083,32516,6.2,37433,0,143,0,97,325,32,240,0.74,0.0,0.3,0.098,0,none,none,0.0,544,35
17926965988714280,reel,23,2026-08-08,21:40,Sat,21,pov: you said 'one episode' at 11pm,35,0,10,#viral #lol #desimemes #funny #memesdaily #comedy #memes #relatable #collegememes #fyp,1,521359,140026,26.9,333281,8511,311,200,1277,2162,271,10299,7.36,0.14,0.91,0.194,0,part_2:2|hostel_request:12,💀💀💀,13.3,544,35
17971011722223587,reel,24,2026-08-09,01:10,Sun,1,when your squad leaves you alone 🔥,34,1,12,#viral #desimemes #memes #reelsindia #comedy #collegememes #fyp #lol #relatable #funny #memesdaily #brainrot,1,521624,225591,43.2,584959,15117,615,140,1372,3331,226,17244,7.64,0.06,0.61,0.1,0,none,bro 😭,10.0,1430,33
17963358950229291,story,24,2026-08-09,09:30,Sun,9,rate this edit 1-10,19,0,0,none,1,521624,36111,6.9,39625,0,371,0,108,361,36,479,1.33,0.0,0.3,0.1,0,none,none,0.0,1430,33
17913518037489545,reel,24,2026-08-09,11:00,Sun,11,me after losing 1 ranked match 😍 😭,34,2,10,#reelsindia #funny #collegememes #lol #comedy #memes #memesdaily #viral #brainrot #relatable,1,521850,51301,9.8,110282,3007,105,28,229,881,63,3369,6.57,0.05,0.45,0.123,0,none,real gamers know,11.7,1430,33
17983675605691899,reel,24,2026-08-09,17:40,Sun,17,pov: you said 'one episode' at 11pm 😍,37,1,5,#viral #lol #brainrot #collegememes #fyp,1,521913,204737,39.2,477588,11963,252,279,1743,3408,475,14237,6.95,0.14,0.85,0.232,2,part_2:5|hostel_request:12,the editing 💀,18.3,1430,33
17906147777385845,story,24,2026-08-09,20:55,Sun,20,rate this edit 1-10,19,0,0,none,1,521624,38513,7.4,48277,0,307,0,115,385,38,422,1.1,0.0,0.3,0.099,0,none,none,0.0,1430,33
17911831526277310,reel,24,2026-08-09,22:40,Sun,22,viva questions be like 😂 🫶 ✨ 😭,30,4,12,#comedy #desimemes #lol #viral #reelsindia #relatable #collegememes #funny #memesdaily #brainrot #memes #fyp,1,522388,265343,50.8,633644,16763,557,521,3349,4653,625,21190,7.99,0.2,1.26,0.236,0,hostel_request:7,peak,5.0,1430,33
17956908881804202,reel,24,2026-08-10,00:20,Mon,0,npc behaviour at a family function 🫶,36,1,2,#memes #fyp,1,522992,392013,75.0,793908,23905,568,446,3634,5727,709,28553,7.28,0.11,0.93,0.181,5,part_2:9|voice_id:5|hostel_request:8,sending this to everyone,11.7,1548,29
17988862863832444,reel,24,2026-08-10,01:50,Mon,1,viva questions be like,22,0,5,#lol #funny #fyp #viral #memes,1,523701,290291,55.4,627945,15204,504,441,3003,4093,570,19152,6.6,0.15,1.03,0.196,0,hostel_request:6,💀💀💀,15.0,1548,29
17930484184641584,image,24,2026-08-10,19:40,Mon,19,the one topper who says 'i didn't study' ✨ 😭,44,2,8,#memes #brainrot #desimemes #comedy #reelsindia #funny #fyp #viral,1,524271,120580,23.0,178745,7631,249,188,1127,1798,273,9195,7.63,0.16,0.93,0.226,0,hostel_request:13,do hostel mess next,15.0,1548,29
17991658577669717,story,24,2026-08-10,22:35,Mon,22,sneak peek: tonight's reel,26,0,0,none,1,522992,25201,4.8,29710,0,102,0,75,252,25,177,0.7,0.0,0.3,0.099,0,none,none,0.0,1548,29
17976809643742908,story,24,2026-08-11,09:37,Tue,9,bts of the skit,15,0,0,none,1,524525,32934,6.3,41658,0,315,0,98,329,32,413,1.25,0.0,0.3,0.097,0,none,none,0.0,2013,37
17907091046114265,story,24,2026-08-11,10:28,Tue,10,rate this edit 1-10,19,0,0,none,1,524525,39123,7.5,44470,0,268,0,117,391,39,385,0.98,0.0,0.3,0.1,0,none,none,0.0,2013,37
17905782326064362,reel,24,2026-08-11,11:50,Tue,11,when the wifi drops for 1 second,32,0,12,#brainrot #lol #memesdaily #memes #reelsindia #relatable #fyp #viral #funny #comedy #collegememes #desimemes,1,524525,162598,31.0,429975,10302,310,179,1785,3070,405,12576,7.73,0.11,1.1,0.249,4,part_2:14|voice_id:6|hostel_request:5,i'm crying,11.7,2013,37
17901194302707544,story,24,2026-08-11,13:38,Tue,13,sneak peek: tonight's reel,26,0,0,none,1,524525,33433,6.4,38656,0,286,0,100,334,33,386,1.15,0.0,0.3,0.099,0,none,none,0.0,2013,37
17972278695552740,reel,24,2026-08-11,14:50,Tue,14,no because why is this true 🔥,29,1,3,#funny #collegememes #lol,1,524930,103890,19.8,205014,6688,237,62,925,1761,157,7912,7.62,0.06,0.89,0.151,2,repetitive_callout:3,sending this to everyone,8.3,2013,37
17937862922955311,reel,24,2026-08-11,22:10,Tue,22,"exam tomorrow, syllabus unknown",31,0,8,#comedy #collegememes #brainrot #memes #lol #reelsindia #fyp #funny,1,525087,230386,43.9,498670,14021,399,492,2710,4346,751,17622,7.65,0.21,1.18,0.326,0,hostel_request:8,peak,11.7,2013,37
17939559456467223,reel,24,2026-08-11,23:50,Tue,23,pov: you said 'one episode' at 11pm 💯 💀 😭 😍,43,4,8,#brainrot #comedy #memes #lol #memesdaily #relatable #collegememes #fyp,1,525838,338187,64.3,711726,21305,459,393,3625,4958,633,25782,7.62,0.12,1.07,0.187,1,part_2:5|hostel_request:5,i'm crying,11.7,2013,37
17975480229509372,reel,24,2026-08-12,00:00,Wed,0,viva questions be like 🫶 💯,26,2,5,#brainrot #desimemes #funny #lol #memes,1,526452,299284,56.8,607738,18533,674,650,2921,4911,721,22778,7.61,0.22,0.98,0.241,0,hostel_request:9,i'm crying,10.0,2061,33
17930597561426061,reel,24,2026-08-12,01:50,Wed,1,me after losing 1 ranked match,30,0,8,#lol #viral #comedy #reelsindia #relatable #memesdaily #desimemes #fyp,1,527173,192572,36.5,463930,10224,373,95,816,2879,252,11508,5.98,0.05,0.42,0.131,0,none,real gamers know,5.0,2061,33
17984412219504857,reel,24,2026-08-12,11:30,Wed,11,average bangalore traffic experience 👀 😭,40,2,5,#relatable #brainrot #reelsindia #collegememes #memes,1,527425,153159,29.0,315721,8329,275,150,1315,2199,280,10069,6.57,0.1,0.86,0.183,3,part_2:7|voice_id:6|hostel_request:12,💀💀💀,20.0,2061,33
17925211538201100,story,24,2026-08-12,13:09,Wed,13,sneak peek: tonight's reel,26,0,0,none,1,526452,24509,4.7,28653,0,131,0,73,245,24,204,0.83,0.0,0.3,0.098,0,none,none,0.0,2061,33
17985572453499699,story,24,2026-08-12,13:18,Wed,13,poll: part 2 yes or no,22,0,0,none,1,526452,24411,4.6,31017,0,122,0,73,244,24,195,0.8,0.0,0.3,0.098,0,none,none,0.0,2061,33
17942326938118843,story,24,2026-08-12,17:02,Wed,17,which meme should i do next?,28,0,0,none,1,526452,25721,4.9,31101,0,162,0,77,257,25,239,0.93,0.0,0.3,0.097,0,none,none,0.0,2061,33
17934521751805476,story,24,2026-08-12,22:00,Wed,22,rate this edit 1-10,19,0,0,none,1,526452,34087,6.5,44177,0,112,0,102,340,34,214,0.63,0.0,0.3,0.1,0,none,none,0.0,2061,33
17933863981747974,reel,24,2026-08-12,22:50,Wed,22,average bangalore traffic experience 😂,38,1,8,#viral #desimemes #relatable #brainrot #lol #memes #fyp #reelsindia,1,527705,280767,53.2,625948,17661,379,370,2458,4766,734,20868,7.43,0.13,0.88,0.261,6,part_2:10|voice_id:6|hostel_request:6,my roommate 😭,15.0,2061,33
17991215701150558,image,24,2026-08-13,01:10,Thu,1,my inner monologue at 3am 🫶,27,1,0,none,1,528420,109818,20.8,172729,7276,246,171,1320,1918,276,9013,8.21,0.16,1.2,0.251,0,part_2:4|voice_id:2|hostel_request:10,sending this to everyone,11.7,1621,30
17957365994071889,story,24,2026-08-13,09:01,Thu,9,question box: roast me,22,0,0,none,1,528420,25648,4.9,31683,0,150,0,76,256,25,226,0.88,0.0,0.3,0.097,150,none,none,0.0,1621,30
17972043151393231,story,24,2026-08-13,10:42,Thu,10,sneak peek: tonight's reel,26,0,0,none,1,528420,24195,4.6,28173,0,147,0,72,241,24,219,0.91,0.0,0.3,0.099,0,none,none,0.0,1621,30
17945430565049277,reel,24,2026-08-13,17:40,Thu,17,real 🔥 🙌,8,2,12,#lol #fyp #desimemes #funny #reelsindia #comedy #relatable #collegememes #viral #brainrot #memesdaily #memes,1,528696,174811,33.1,339171,9806,189,113,1104,3014,297,11212,6.41,0.06,0.63,0.17,3,repetitive_callout:5,i can't,3.3,1621,30
17983473983248715,reel,24,2026-08-13,19:00,Thu,19,my inner monologue at 3am 😂 😭,29,2,0,none,1,528993,456015,86.2,1222100,27631,996,484,4240,7236,1029,33351,7.31,0.11,0.93,0.226,7,part_2:9|voice_id:6|hostel_request:9,sending this to everyone,15.0,1621,30
17993668847759611,story,24,2026-08-14,09:59,Fri,9,bts of the skit,15,0,0,none,1,530008,24350,4.6,26834,0,238,0,73,243,24,311,1.28,0.0,0.3,0.099,0,none,none,0.0,1398,33
17990250070190387,carousel,24,2026-08-14,11:50,Fri,11,the group project guy who does nothing ✨,40,1,8,#memes #desimemes #comedy #brainrot #lol #fyp #reelsindia #viral,9,530008,46841,8.8,58637,3069,70,67,501,708,104,3707,7.91,0.14,1.07,0.222,5,part_2:7|voice_id:5|hostel_request:3,💀💀💀,13.3,1398,33
17958844184564297,reel,24,2026-08-14,17:20,Fri,17,pov: mom found your report card 😂 💀 ✨ 😍,39,4,2,#funny #relatable,1,530112,499453,94.2,957324,30189,1036,585,3706,9295,1274,35516,7.11,0.12,0.74,0.255,1,part_2:6|hostel_request:5,why is this so real,10.0,1398,33
17930821236573241,story,24,2026-08-14,22:35,Fri,22,poll: part 2 yes or no,22,0,0,none,1,530008,29096,5.5,34454,0,208,0,87,290,29,295,1.01,0.0,0.3,0.1,0,none,none,0.0,1398,33
17924967787289416,reel,24,2026-08-15,11:50,Sat,11,when your squad leaves you alone ✨ 😍,36,2,10,#lol #funny #fyp #comedy #reelsindia #collegememes #viral #relatable #memesdaily #brainrot,1,531383,93466,17.6,240017,5517,221,61,420,1416,98,6219,6.65,0.07,0.45,0.105,0,none,i'm crying,11.7,470,37
17963301677434009,story,24,2026-08-15,13:08,Sat,13,which meme should i do next?,28,0,0,none,1,531383,30559,5.8,37172,0,74,0,91,305,30,165,0.54,0.0,0.3,0.098,0,none,none,0.0,470,37
17948994308955281,story,24,2026-08-15,13:55,Sat,13,poll: part 2 yes or no,22,0,0,none,1,531383,26198,4.9,34041,0,160,0,78,261,26,238,0.91,0.0,0.3,0.099,0,none,none,0.0,470,37
17950099902906818,carousel,24,2026-08-15,22:10,Sat,22,my inner monologue at 3am 💀 🙌,29,2,5,#collegememes #brainrot #memes #viral #funny,9,531481,152693,28.7,216369,9193,259,160,1569,2448,353,11181,7.32,0.1,1.03,0.231,2,part_2:5|voice_id:3|hostel_request:6,i can't,11.7,470,37
17960164716937775,story,25,2026-08-16,09:49,Sun,9,bts of the skit,15,0,0,none,1,531826,36401,6.8,39222,0,140,0,109,364,36,249,0.68,0.0,0.3,0.099,0,none,none,0.0,1012,30
17986870893934533,story,25,2026-08-16,10:22,Sun,10,question box: roast me,22,0,0,none,1,531826,36723,6.9,44835,0,271,0,110,367,36,381,1.04,0.0,0.3,0.098,271,none,none,0.0,1012,30
17974520949199824,story,25,2026-08-16,13:31,Sun,13,poll: part 2 yes or no,22,0,0,none,1,531826,29686,5.6,37654,0,296,0,89,296,29,385,1.3,0.0,0.3,0.098,0,none,none,0.0,1012,30
17942008042706379,story,25,2026-08-16,13:37,Sun,13,sneak peek: tonight's reel,26,0,0,none,1,531826,23554,4.4,29454,0,194,0,70,235,23,264,1.12,0.0,0.3,0.098,0,none,none,0.0,1012,30
17958668979164000,image,25,2026-08-16,14:00,Sun,14,lag at the final moment,23,0,8,#relatable #brainrot #reelsindia #collegememes #viral #memes #desimemes #comedy,1,531826,37132,7.0,45924,2496,102,25,231,615,47,2854,7.69,0.07,0.62,0.127,0,none,every. single. time.,16.7,1012,30
17972405851079186,story,25,2026-08-16,17:30,Sun,17,bts of the skit,15,0,0,none,1,531826,27934,5.3,30506,0,69,0,83,279,27,152,0.54,0.0,0.3,0.097,0,none,none,0.0,1012,30
17960113977118003,reel,25,2026-08-16,17:50,Sun,17,my inner monologue at 3am 💯 🙌 😍 😭 👀 😂,37,6,10,#desimemes #memes #reelsindia #collegememes #fyp #memesdaily #lol #brainrot #relatable #comedy,1,531873,249381,46.9,518990,14880,310,317,2509,3966,601,18016,7.22,0.13,1.01,0.241,5,part_2:11|voice_id:6|hostel_request:5,why is this so real,20.0,1012,30
17921364310892619,image,25,2026-08-16,23:30,Sun,23,i asked an ai to make my city a movie trailer 😍,47,1,8,#viral #memes #brainrot #reelsindia #lol #comedy #funny #relatable,1,532474,154090,28.9,240984,8962,268,303,1149,2663,243,10682,6.93,0.2,0.75,0.158,1,voice_id:4,my roommate 😭,20.0,1012,30
17962424107771367,reel,25,2026-08-17,01:00,Mon,1,"exam tomorrow, syllabus unknown",31,0,8,#desimemes #comedy #fyp #memesdaily #viral #collegememes #funny #brainrot,1,532715,281758,52.9,750349,19179,748,506,2947,4536,772,23380,8.3,0.18,1.05,0.274,0,hostel_request:10,i'm crying,15.0,2339,32
17953098949097404,story,25,2026-08-17,13:17,Mon,13,rate this edit 1-10,19,0,0,none,1,532715,29234,5.5,34731,0,266,0,87,292,29,353,1.21,0.0,0.3,0.099,0,none,none,0.0,2339,32
17991125474093606,reel,25,2026-08-17,17:00,Mon,17,npc behaviour at a family function,34,0,3,#memesdaily #relatable #fyp,1,533487,236001,44.2,427151,16136,544,263,2425,4053,657,19368,8.21,0.11,1.03,0.278,3,part_2:9|voice_id:5|hostel_request:11,i'm crying,15.0,2339,32
17959888511341154,story,25,2026-08-17,17:16,Mon,17,bts of the skit,15,0,0,none,1,532715,26293,4.9,33602,0,75,0,78,262,26,153,0.58,0.0,0.3,0.099,0,none,none,0.0,2339,32
17909453951858470,reel,25,2026-08-17,19:40,Mon,19,the one topper who says 'i didn't study' 👀,42,1,5,#reelsindia #desimemes #memes #relatable #brainrot,1,534144,291438,54.6,751209,19671,801,489,3798,5238,848,24759,8.5,0.17,1.3,0.291,0,hostel_request:10,my roommate 😭,15.0,2339,32
17987466881244444,story,25,2026-08-17,20:00,Mon,20,bts of the skit,15,0,0,none,1,532715,39853,7.5,41890,0,305,0,119,398,39,424,1.06,0.0,0.3,0.098,0,none,none,0.0,2339,32
17996591062748575,story,25,2026-08-18,13:33,Tue,13,which meme should i do next?,28,0,0,none,1,534978,26442,4.9,32490,0,179,0,79,264,26,258,0.98,0.0,0.3,0.098,0,none,none,0.0,639,37
17978606513750644,image,25,2026-08-18,19:50,Tue,19,gave an ai my exam timetable. it quit. 👀 🔥 😂 😭 💀 ✨,50,6,0,none,1,534978,127815,23.9,186428,8082,223,300,884,2603,219,9489,7.42,0.23,0.69,0.171,1,voice_id:2,💀💀💀,15.0,639,37
17922614039173182,story,25,2026-08-18,20:25,Tue,20,which meme should i do next?,28,0,0,none,1,534978,36121,6.8,45267,0,78,0,108,361,36,186,0.51,0.0,0.3,0.1,0,none,none,0.0,639,37
17967676775045235,reel,25,2026-08-18,21:40,Tue,21,pov: you said 'one episode' at 11pm,35,0,0,none,1,535197,182669,34.1,332616,10422,370,194,1674,2675,395,12660,6.93,0.11,0.92,0.216,2,part_2:5|hostel_request:5,my roommate 😭,18.3,639,37
17965726716052162,story,25,2026-08-19,13:32,Wed,13,sneak peek: tonight's reel,26,0,0,none,1,535574,32379,6.0,38673,0,120,0,97,323,32,217,0.67,0.0,0.3,0.099,0,none,none,0.0,1298,35
17954413761223608,story,25,2026-08-19,17:17,Wed,17,poll: part 2 yes or no,22,0,0,none,1,535574,28291,5.3,32110,0,124,0,84,282,28,208,0.74,0.0,0.3,0.099,0,none,none,0.0,1298,35
17910398125584298,story,25,2026-08-19,20:21,Wed,20,which meme should i do next?,28,0,0,none,1,535574,30089,5.6,36316,0,263,0,90,300,30,353,1.17,0.0,0.3,0.1,0,none,none,0.0,1298,35
17976255363101479,story,25,2026-08-19,20:48,Wed,20,rate this edit 1-10,19,0,0,none,1,535574,36893,6.9,39249,0,106,0,110,368,36,216,0.59,0.0,0.3,0.098,0,none,none,0.0,1298,35
17925736790433680,reel,25,2026-08-19,21:10,Wed,21,8am lecture survivors 👀,23,1,10,#brainrot #lol #fyp #memesdaily #funny #viral #collegememes #reelsindia #relatable #desimemes,1,535574,245123,45.8,542637,16124,596,419,3322,4809,814,20461,8.35,0.17,1.36,0.332,0,hostel_request:8,sending this to everyone,15.0,1298,35
17985751302691762,reel,25,2026-08-19,22:40,Wed,22,tag the friend,14,0,5,#memesdaily #relatable #fyp #desimemes #brainrot,1,536388,297777,55.5,601908,16704,515,153,2557,4286,393,19929,6.69,0.05,0.86,0.132,1,repetitive_callout:7,i'm crying,8.3,1298,35
17966263085921511,carousel,25,2026-08-20,00:10,Thu,0,pov: hostel mess serves paneer once a month 💯 😂,47,2,2,#viral #funny,6,536763,189142,35.2,249532,10437,347,171,1442,3825,571,12397,6.55,0.09,0.76,0.302,2,part_2:9|hostel_request:8,my roommate 😭,20.0,1765,35
17939071192457627,reel,25,2026-08-20,01:00,Thu,1,i asked an ai to make my city a movie trailer 💀,47,1,2,#funny #relatable,1,537334,248816,46.3,489377,15078,408,569,1550,4724,443,17605,7.08,0.23,0.62,0.178,1,voice_id:5,peak,16.7,1765,35
17954510725912795,story,25,2026-08-20,10:30,Thu,10,poll: part 2 yes or no,22,0,0,none,1,536763,32820,6.1,40364,0,67,0,98,328,32,165,0.5,0.0,0.3,0.098,0,none,none,0.0,1765,35
17987466035115694,story,25,2026-08-20,17:48,Thu,17,which meme should i do next?,28,0,0,none,1,536763,24886,4.6,31846,0,141,0,74,248,24,215,0.86,0.0,0.3,0.096,0,none,none,0.0,1765,35
17964115548776167,reel,25,2026-08-20,19:40,Thu,19,my last brain cell during exams 💯,33,1,8,#relatable #comedy #fyp #memes #reelsindia #memesdaily #collegememes #lol,1,537777,278587,51.8,508843,16633,532,332,3085,5121,709,20582,7.39,0.12,1.11,0.254,6,part_2:9|voice_id:4|hostel_request:6,why is this so real,16.7,1765,35
17951002178365422,story,25,2026-08-20,20:12,Thu,20,sneak peek: tonight's reel,26,0,0,none,1,536763,21885,4.1,27281,0,150,0,65,218,21,215,0.98,0.0,0.3,0.096,0,none,none,0.0,1765,35
17972019724871697,reel,25,2026-08-21,01:10,Fri,1,this is literally me 🫶,22,1,12,#relatable #comedy #fyp #reelsindia #lol #brainrot #memes #memesdaily #collegememes #viral #desimemes #funny,1,538477,265574,49.3,714350,17677,377,205,2228,4560,450,20487,7.71,0.08,0.84,0.169,1,repetitive_callout:2,my roommate 😭,11.7,1674,31
17943857151514072,story,25,2026-08-21,09:00,Fri,9,bts of the skit,15,0,0,none,1,538477,42302,7.9,44531,0,442,0,126,423,42,568,1.34,0.0,0.3,0.099,0,none,none,0.0,1674,31
17961662202552415,story,25,2026-08-21,10:07,Fri,10,poll: part 2 yes or no,22,0,0,none,1,538477,23364,4.3,28101,0,276,0,70,233,23,346,1.48,0.0,0.3,0.098,0,none,none,0.0,1674,31
17955531547744509,reel,25,2026-08-21,11:00,Fri,11,lag at the final moment 💯 😍,27,2,5,#desimemes #memes #fyp #reelsindia #relatable,1,538927,120830,22.4,310391,8019,235,86,862,1753,151,9202,7.62,0.07,0.71,0.125,0,none,i can't,11.7,1674,31
17934307263237026,story,25,2026-08-21,13:24,Fri,13,rate this edit 1-10,19,0,0,none,1,538477,39995,7.4,47641,0,216,0,119,399,39,335,0.84,0.0,0.3,0.098,0,none,none,0.0,1674,31
17973576961401468,story,25,2026-08-21,20:41,Fri,20,bts of the skit,15,0,0,none,1,538477,32366,6.0,39690,0,178,0,97,323,32,275,0.85,0.0,0.3,0.099,0,none,none,0.0,1674,31
17956328612649551,story,25,2026-08-21,22:58,Fri,22,sneak peek: tonight's reel,26,0,0,none,1,538477,22424,4.2,25263,0,190,0,67,224,22,257,1.15,0.0,0.3,0.098,0,none,none,0.0,1674,31
17977462278484251,reel,25,2026-08-21,23:50,Fri,23,the group project guy who does nothing 🫶 🙌,42,2,10,#comedy #memes #brainrot #funny #collegememes #lol #fyp #viral #relatable #reelsindia,1,539078,474087,87.9,1137684,31676,780,711,6068,6862,946,39235,8.28,0.15,1.28,0.2,7,part_2:10|voice_id:5|hostel_request:8,why is this so real,15.0,1674,31
17979736955758416,story,25,2026-08-22,13:59,Sat,13,sneak peek: tonight's reel,26,0,0,none,1,540021,23317,4.3,24664,0,95,0,69,233,23,164,0.7,0.0,0.3,0.099,0,none,none,0.0,1311,37
17973646278067568,reel,25,2026-08-22,14:40,Sat,14,tag the friend,14,0,8,#memesdaily #comedy #lol #brainrot #reelsindia #desimemes #viral #funny,1,540021,101942,18.9,239482,6070,234,62,738,1682,153,7104,6.97,0.06,0.72,0.15,1,repetitive_callout:2,my roommate 😭,21.7,1311,37
17981452783634143,reel,25,2026-08-22,17:30,Sat,17,the group project guy who does nothing 💯 🔥 😭 👀 😍 💀,50,6,8,#viral #relatable #funny #brainrot #reelsindia #collegememes #memes #memesdaily,1,540174,312598,57.9,685038,19427,619,461,3806,5318,753,24313,7.78,0.15,1.22,0.241,4,part_2:9|voice_id:2|hostel_request:8,i can't,18.3,1311,37
17959802998566225,reel,25,2026-08-22,21:10,Sat,21,me explaining to the auto uncle why 20 rupees is fair,53,0,8,#memes #brainrot #collegememes #fyp #reelsindia #memesdaily #desimemes #funny,1,540927,202326,37.4,526652,11307,416,235,1647,2872,419,13605,6.72,0.12,0.81,0.207,2,part_2:5|voice_id:5|hostel_request:6,i'm crying,10.0,1311,37
17937617464112471,reel,26,2026-08-23,17:30,Sun,17,attendance 74.9% and the professor said no 💯,44,1,10,#brainrot #relatable #funny #reelsindia #desimemes #memes #comedy #collegememes #lol #fyp,1,541327,193904,35.8,383934,11681,220,305,2317,3348,557,14523,7.49,0.16,1.19,0.287,0,hostel_request:10,i'm crying,13.3,1626,39
17986423950607069,reel,26,2026-08-23,19:20,Sun,19,the one topper who says 'i didn't study' 🔥,42,1,0,none,1,541884,368729,68.0,1029498,24484,506,875,4401,6601,1108,30266,8.21,0.24,1.19,0.3,0,hostel_request:9,make one about hostel life,15.0,1626,39
17908643911247526,story,26,2026-08-24,09:04,Mon,9,question box: roast me,22,0,0,none,1,542959,33846,6.2,39955,0,173,0,101,338,33,274,0.81,0.0,0.3,0.098,173,none,none,0.0,2036,34
17999178445070280,story,26,2026-08-24,09:50,Mon,9,question box: roast me,22,0,0,none,1,542959,28442,5.2,33076,0,276,0,85,284,28,361,1.27,0.0,0.3,0.098,276,none,none,0.0,2036,34
17991227485864198,story,26,2026-08-24,09:53,Mon,9,which meme should i do next?,28,0,0,none,1,542959,36659,6.8,41822,0,86,0,109,366,36,195,0.53,0.0,0.3,0.098,0,none,none,0.0,2036,34
17915684925382635,reel,26,2026-08-24,11:10,Mon,11,attendance 74.9% and the professor said no ✨ 💯 🙌 🔥,50,4,3,#brainrot #collegememes #lol,1,542959,99733,18.4,196263,6542,263,222,1057,1596,281,8084,8.11,0.22,1.06,0.282,0,hostel_request:7,do hostel mess next,10.0,2036,34
17937167944390505,story,26,2026-08-24,17:06,Mon,17,rate this edit 1-10,19,0,0,none,1,542959,29666,5.5,34316,0,90,0,88,296,29,178,0.6,0.0,0.3,0.098,0,none,none,0.0,2036,34
17998445018205239,reel,26,2026-08-24,19:30,Mon,19,ai edit: if my college was a video game 😂 🔥,43,2,5,#viral #reelsindia #memes #memesdaily #comedy,1,543240,249608,45.9,586012,15014,463,680,1545,3976,348,17702,7.09,0.27,0.62,0.139,1,voice_id:2,LMAOOO,11.7,2036,34
17908304702069790,reel,26,2026-08-24,22:20,Mon,22,when the wifi drops for 1 second,32,0,3,#relatable #fyp #memes,1,543588,257377,47.3,547782,16350,632,348,2944,4423,622,20274,7.88,0.14,1.14,0.242,2,part_2:2|voice_id:1|hostel_request:9,i can't,11.7,2036,34
17902347411232965,reel,26,2026-08-24,23:20,Mon,23,my last brain cell during exams ✨,33,1,8,#collegememes #comedy #memesdaily #brainrot #memes #fyp #desimemes #lol,1,544210,318156,58.5,587466,21375,436,354,3476,4574,693,25641,8.06,0.11,1.09,0.218,4,part_2:5|voice_id:3|hostel_request:8,i'm crying,10.0,2036,34
17905407874766042,story,26,2026-08-25,10:10,Tue,10,question box: roast me,22,0,0,none,1,544891,40192,7.4,43519,0,209,0,120,401,40,329,0.82,0.0,0.3,0.1,209,none,none,0.0,2541,32
17955239151696893,story,26,2026-08-25,13:48,Tue,13,question box: roast me,22,0,0,none,1,544891,25916,4.8,31304,0,295,0,77,259,25,372,1.44,0.0,0.3,0.096,295,none,none,0.0,2541,32
17979411004680733,reel,26,2026-08-25,19:30,Tue,19,npc behaviour at a family function 🫶,36,1,5,#relatable #collegememes #memesdaily #memes #viral,1,544891,217033,39.8,463138,11429,250,241,2213,3903,495,14133,6.51,0.11,1.02,0.228,3,part_2:3|voice_id:9|hostel_request:12,hostel series when,28.3,2541,32
17958786882211690,story,26,2026-08-25,20:02,Tue,20,question box: roast me,22,0,0,none,1,544891,23234,4.3,27456,0,119,0,69,232,23,188,0.81,0.0,0.3,0.099,119,none,none,0.0,2541,32
17931742325132648,reel,26,2026-08-25,21:40,Tue,21,lag at the final moment 😂 🙌 🫶 😍,31,4,5,#lol #memesdaily #brainrot #fyp #viral,1,545386,135767,24.9,288574,8721,206,100,720,2336,184,9747,7.18,0.07,0.53,0.136,0,none,bro 😭,16.7,2541,32
17952885086839261,reel,26,2026-08-25,22:50,Tue,22,npc behaviour at a family function 👀,36,1,0,none,1,545570,376531,69.0,951097,25162,877,519,4587,6333,990,31145,8.27,0.14,1.22,0.263,5,part_2:16|voice_id:1|hostel_request:5,the editing 💀,10.0,2541,32
17940011167305726,reel,26,2026-08-25,23:20,Tue,23,who else 😭 🔥 🫶,14,2,8,#lol #collegememes #brainrot #memesdaily #desimemes #viral #comedy #fyp,1,546560,428360,78.4,792167,22128,795,233,2580,7392,816,25736,6.01,0.05,0.6,0.19,4,repetitive_callout:6,LMAOOO,10.0,2541,32
17907487206918525,story,26,2026-08-26,13:44,Wed,13,which meme should i do next?,28,0,0,none,1,547374,21949,4.0,25110,0,90,0,65,219,21,155,0.71,0.0,0.3,0.096,0,none,none,0.0,1432,30
17954326683987756,reel,26,2026-08-26,14:30,Wed,14,pov: hostel mess serves paneer once a month 😭 💀,47,2,5,#funny #relatable #brainrot #lol #fyp,1,547374,115673,21.1,226102,6459,246,128,937,2331,289,7770,6.72,0.11,0.81,0.25,3,part_2:12|hostel_request:11,do hostel mess next,20.0,1432,30
17963369011028640,reel,26,2026-08-26,17:20,Wed,17,the one topper who says 'i didn't study',40,0,8,#funny #desimemes #lol #relatable #collegememes #memesdaily #fyp #brainrot,1,547663,174730,31.9,373869,9780,385,291,1949,3082,496,12405,7.1,0.17,1.12,0.284,0,hostel_request:8,LMAOOO,10.0,1432,30
17903112179129627,story,26,2026-08-26,17:58,Wed,17,sneak peek: tonight's reel,26,0,0,none,1,547374,40552,7.4,48096,0,374,0,121,405,40,495,1.22,0.0,0.3,0.099,0,none,none,0.0,1432,30
17999723453290313,story,26,2026-08-26,22:06,Wed,22,bts of the skit,15,0,0,none,1,547374,29828,5.4,36178,0,105,0,89,298,29,194,0.65,0.0,0.3,0.097,0,none,none,0.0,1432,30
17910585371893858,story,26,2026-08-26,22:28,Wed,22,question box: roast me,22,0,0,none,1,547374,33507,6.1,36961,0,247,0,100,335,33,347,1.04,0.0,0.3,0.098,247,none,none,0.0,1432,30
17992929557299821,reel,26,2026-08-26,23:10,Wed,23,my inner monologue at 3am,25,0,12,#desimemes #collegememes #comedy #reelsindia #relatable #viral #memes #funny #lol #brainrot #memesdaily #fyp,1,548159,261582,47.7,717286,15150,406,342,2688,3656,554,18586,7.11,0.13,1.03,0.212,5,part_2:12|voice_id:3|hostel_request:3,sending this to everyone,11.7,1432,30
17962539355401497,reel,26,2026-08-27,11:10,Thu,11,real 🔥,6,1,2,#lol #comedy,1,548707,169603,30.9,448668,10025,416,100,1152,3352,321,11693,6.89,0.06,0.68,0.189,2,repetitive_callout:5,i'm crying,11.7,420,35
17939344625952400,reel,26,2026-08-27,23:00,Thu,23,who else 😭 👀 💯 🙌 🔥,18,4,12,#fyp #desimemes #comedy #funny #lol #reelsindia #viral #brainrot #memesdaily #relatable #collegememes #memes,1,549028,86114,15.7,165579,5253,191,56,599,1319,134,6099,7.08,0.07,0.7,0.156,6,repetitive_callout:9,i'm crying,20.0,420,35
17982640135489826,story,26,2026-08-28,13:04,Fri,13,bts of the skit,15,0,0,none,1,549133,30781,5.6,33868,0,339,0,92,307,30,431,1.4,0.0,0.3,0.097,0,none,none,0.0,850,36
17941150091847449,reel,26,2026-08-28,21:50,Fri,21,my inner monologue at 3am,25,0,8,#collegememes #relatable #lol #fyp #memesdaily #reelsindia #comedy #desimemes,1,549133,250325,45.6,572702,15636,490,312,2333,3944,618,18771,7.5,0.12,0.93,0.247,2,part_2:8|voice_id:4|hostel_request:5,i'm crying,10.0,850,36
17995739573141746,image,26,2026-08-28,22:30,Fri,22,gave an ai my exam timetable. it quit. 💯 🔥 🙌 ✨ 💀 👀,50,6,3,#fyp #memesdaily #brainrot,1,549751,164811,30.0,204465,8741,287,288,1007,2904,238,10323,6.26,0.17,0.61,0.144,2,voice_id:5,i can't,8.3,850,36
17963075350433865,reel,26,2026-08-29,01:50,Sat,1,pov: mom found your report card 😂 ✨ 🔥 💯,39,4,5,#comedy #funny #fyp #viral #lol,1,549975,159484,29.0,347450,8447,171,190,1005,2958,369,9813,6.15,0.12,0.63,0.231,1,part_2:6|hostel_request:10,bro 😭,15.0,1005,34
17937132598020094,reel,26,2026-08-29,14:20,Sat,14,me explaining to the auto uncle why 20 rupees is fair 🔥 😭 😍 💀,61,4,10,#comedy #viral #brainrot #lol #relatable #memesdaily #collegememes #funny #desimemes #reelsindia,1,550344,119640,21.7,311648,6647,250,109,1242,2081,296,8248,6.89,0.09,1.04,0.247,4,part_2:12|voice_id:3|hostel_request:7,why is this so real,16.7,1005,34
17994651883077407,reel,26,2026-08-29,19:50,Sat,19,i asked an ai to make my city a movie trailer,45,0,10,#desimemes #funny #memes #collegememes #viral #brainrot #fyp #comedy #reelsindia #relatable,1,550640,251400,45.7,547137,14670,514,598,1520,3879,374,17302,6.88,0.24,0.6,0.149,1,voice_id:4,i can't,21.7,1005,34
17981630544893783,story,27,2026-08-30,09:57,Sun,9,bts of the skit,15,0,0,none,1,550994,43815,8.0,53313,0,335,0,131,438,43,466,1.06,0.0,0.3,0.098,0,none,none,0.0,878,34
17900601885475267,reel,27,2026-08-30,19:00,Sun,19,when your squad leaves you alone 😂,34,1,3,#reelsindia #lol #memes,1,550994,102427,18.6,211422,6676,266,76,714,1429,117,7732,7.55,0.07,0.7,0.114,0,none,sending this to everyone,5.0,878,34
17905295134683755,reel,27,2026-08-30,21:00,Sun,21,my last brain cell during exams 😍,33,1,5,#viral #memesdaily #memes #fyp #brainrot,1,551111,268714,48.8,624949,16756,559,367,3294,4940,752,20976,7.81,0.14,1.23,0.28,4,part_2:8|voice_id:4|hostel_request:8,my roommate 😭,11.7,878,34
17917504517953713,image,27,2026-08-31,00:40,Mon,0,pov: you're the friend with a car,33,0,8,#viral #brainrot #reelsindia #funny #collegememes #memes #lol #comedy,1,551854,173736,31.5,251909,10969,306,216,1874,3184,427,13365,7.69,0.12,1.08,0.246,5,part_2:11|hostel_request:5,need the next part,15.0,1748,39
17917684341877239,reel,27,2026-08-31,01:40,Mon,1,pov: hostel mess serves paneer once a month,43,0,8,#comedy #relatable #funny #collegememes #lol #viral #fyp #memesdaily,1,552281,175039,31.7,318626,9129,264,162,1171,2969,345,10726,6.13,0.09,0.67,0.197,3,part_2:9|hostel_request:7,i'm crying,13.3,1748,39
17910900356754028,story,27,2026-08-31,09:37,Mon,9,sneak peek: tonight's reel,26,0,0,none,1,551854,42484,7.7,51318,0,360,0,127,424,42,487,1.15,0.0,0.3,0.099,0,none,none,0.0,1748,39
17914119775302496,image,27,2026-08-31,19:40,Mon,19,pov: you opened the fridge for the 9th time 😍 ✨,47,2,12,#reelsindia #comedy #brainrot #desimemes #viral #relatable #memesdaily #memes #funny #lol #fyp #collegememes,1,552626,141676,25.6,213111,8199,202,157,1263,2147,292,9821,6.93,0.11,0.89,0.206,0,part_2:6|hostel_request:8,why is this so real,11.7,1748,39
17971629279625084,reel,27,2026-08-31,21:10,Mon,21,my inner monologue at 3am 😂 ✨ 💯 👀 😭 💀,37,6,8,#memesdaily #brainrot #comedy #memes #viral #lol #collegememes #funny,1,552918,291337,52.7,734922,16218,403,310,2209,4429,681,19140,6.57,0.11,0.76,0.234,4,part_2:8|voice_id:6|hostel_request:10,why is this so real,8.3,1748,39
