content_id,content_type,week_number,date_ist,time_ist,weekday,hour_ist,caption,caption_length,emoji_count,hashtag_count,hashtags,media_items,followers_at_post,reach,reach_pct_of_followers,views,likes,comments,saves,shares,profile_visits,follows,total_interactions,engagement_rate_pct,save_rate_pct,share_rate_pct,follow_rate_pct,question_comments,comment_themes,top_comment,brand_reply_rate_pct,account_net_follows_that_day,account_unfollows_that_day
17978889746892294,carousel,1,2023-09-01,09:30,Fri,9,"wore a boxy blazer in soft grey for late class; used the same pieces I wore last week, finished it with ballet flats and a canvas tote. I finally understand why this silhouette keeps showing up on my feed. The olive detail was the part I nearly skipped. the fabric moved nicely in the afternoon light, for the morning.",318,0,7,#blazerstyle #tailoredstyle #smartcasual #streetstyle #workwear #fashioncreator #everydaystyle,1,48000,11700,24.4,29031,621,15,5,66,176,4,707,6.04,0.04,0.56,2.273,0,styling_question:15,saving this for my next brunch,6.7,59,14
17901816060453810,story,1,2023-09-01,11:00,Fri,11,"today's coffee run outfit was built around a maxi skirt in chocolate brown; played with proportions rather than prints. I almost changed the outfit, then decided the slightly undone look was better. the fabric moved nicely in the afternoon light, for the afternoon.",265,0,8,#femininefashion #everydayfashion #outfitinspiration #styleideas #urbanstyle #trendalert #streetstyle #hyderabadfashion,1,48004,1965,4.1,2635,115,3,1,9,31,0,128,6.51,0.05,0.46,0.0,0,repeat_outfit:3,how would you style this for a wedding?,0.0,59,14
17915282853186839,reel,1,2023-09-01,17:40,Fri,17,"trying a scarf top for college fest without making the look feel too styled; layered it for the unpredictable weather. the camera makes it look dressier than it felt in real life. the fabric moved nicely in the afternoon light, for golden hour.",244,0,9,#stylingtips #ootd #styleinspo #fashionindia #punefashion #festivefashion #coastalstyle #scarfstyle #scarftop,1,48004,18861,39.3,34535,1189,35,41,240,293,13,1505,7.98,0.22,1.27,4.437,0,styling_question:35,the second look is my favourite,11.4,59,14
17951459758977161,carousel,1,2023-09-01,19:30,Fri,19,"the plan was simple: a crochet top in cobalt blue, mules, and silver hoops for airport morning; added a scarf because the outfit needed something softer. the fabric moved nicely in the afternoon light, for a long day out.",221,0,10,#wardrobe #bangalorefashion #weekendstyle #tailoredstyle #crochetstyle #summerknits #handmadefashion #resortstyle #texturedfashion #fashionindia,1,48017,43071,89.7,90513,2426,61,112,376,759,56,2975,6.91,0.26,0.87,7.378,0,repeat_outfit:61,need the jeans link,16.7,59,14
17903354561768558,reel,1,2023-09-02,02:50,Sat,2,"one of those outfits that looked better once I stopped overthinking it: a linen shirt in butter yellow for Sunday brunch, with mixed an Indian piece with western basics. the fabric moved nicely in the afternoon light, for the first coffee run.",243,0,11,#slowfashion #linenstyle #summerstyle #linenlook #resortwear #minimalstyle #wardrobe #fashiondiaries #fashionreels #reelsindia #genzfashion,1,48075,27584,57.4,53873,1610,59,16,211,411,11,1896,6.87,0.06,0.76,2.676,1,styling_question:59,okay the bag is everything,10.2,190,9
17962003497065818,reel,1,2023-09-02,09:30,Sat,9,"for office-to-dinner plans, I wanted something current but still practical, so I paired a fitted tank with an oversized shirt with ankle boots and a silk scarf; I would genuinely repeat this instead of saving it and forgetting about it. the fabric moved nicely in the afternoon light, for the walk home.",303,0,7,#oversizedstyle #streetwearindia #casualstyle #genzfashion #styleblogger #indianfashion #outfitideas,1,48086,18777,39.0,40278,1073,25,19,196,266,12,1313,6.99,0.1,1.04,4.511,0,repeat_outfit:25,this is exactly my style,8.0,190,9
17944435346441848,reel,1,2023-09-02,11:20,Sat,11,"repeating pieces from my wardrobe again: a handloom kurta in ivory for a last-minute house party, styled around added a belt to give the outfit some shape. the fabric moved nicely in the afternoon light, for a warm evening.",223,0,8,#personalstyle #fashioncreator #everydaystyle #fashioncontent #ootdindia #chennaistyle #weddinggueststyle #thriftedfashion,1,48098,20976,43.6,51311,1104,43,64,141,287,20,1352,6.45,0.31,0.67,6.969,2,styling_question:43,this is actually wearable,9.3,190,9
17930654390836752,reel,1,2023-09-02,13:57,Sat,13,"if I had to make a cotton saree work for a rainy commute, this is how I would do it: balanced the oversized shape with a cleaner bottom, then loafers and small sunglasses. The ink black detail was the part I nearly skipped. the fabric moved nicely in the afternoon light, for the cooler part of the day.",303,0,9,#urbanstyle #trendalert #delhistyle #dateoutfit #oversizedstyle #cottonsaree #sareestyle #indianfashion #contemporarysaree,1,48075,3023,6.3,3639,0,19,0,9,30,3,28,0.93,0.0,0.3,10.0,0,repeat_outfit:19,this is such a good repeat outfit,0.0,190,9
17950506070715522,reel,1,2023-09-02,14:00,Sat,14,"the outfit started with a halter top and somehow became my favourite look for a friend's birthday; repeated an old favourite instead of buying something new. this feels much more like real-life fashion than a perfectly styled shoot. the fabric moved nicely in the afternoon light, before the plans started.",306,0,10,#casualoutfit #statementaccessories #haltertop #eveningstyle #summerfashion #goingoutlook #trendstyle #trendalert #streetstyle #stylingtips,1,48118,10945,22.7,23936,591,23,20,89,222,10,723,6.61,0.18,0.81,4.505,0,styling_question:23,adding this to my outfit board,21.7,190,9
17930615356539888,reel,1,2023-09-02,17:11,Sat,17,"not a full trend overhaul, just a straight-leg jean in forest green for a casual date; went for comfort instead of forcing the trend. I wanted something current without looking like I copied a mood board. the fabric moved nicely in the afternoon light, after the plans changed.",277,0,11,#denimstyle #jeansandate #casualstyle #wardrobestaples #styleinspo #fashionindia #desifashion #fashionreelsindia #indianstyle #punefashion #traveloutfit,1,48075,3626,7.5,4102,0,23,0,10,36,3,33,0.91,0.0,0.28,8.333,0,repeat_outfit:23,the shoes made the outfit,0.0,190,9
17990115722794954,reel,1,2023-09-02,17:20,Sat,17,"wore a denim jacket in dusty pink for a family dinner; used a thrifted piece as the hero, finished it with kitten heels and a structured shoulder bag. I finally understand why this silhouette keeps showing up on my feed. the fabric moved nicely in the afternoon light, while travelling.",286,0,7,#casualfashion #indianstyle #wardrobe #fashiondiaries #fashionreels #reelsindia #bangalorefashion,1,48128,48194,100.1,108666,2565,56,137,333,981,83,3091,6.41,0.28,0.69,8.461,0,styling_question:56,where are the trousers from?,7.1,190,9
17993281165328564,carousel,1,2023-09-02,17:28,Sat,17,"today's a gallery visit outfit was built around a printed skirt in tomato red; changed only the shoes and it completely shifted the look. I almost changed the outfit, then decided the slightly undone look was better. the fabric moved nicely in the afternoon light, between two meetings.",286,0,8,#styleblogger #indianfashion #outfitideas #mumbaistyle #collegeoutfit #modernprep #printedskirt #printmixing,1,48075,3407,7.1,3902,0,38,0,10,34,3,48,1.41,0.0,0.29,8.824,38,repeat_outfit:38,the scarf detail is so good,0.0,190,9
17982198508251860,carousel,1,2023-09-02,19:50,Sat,19,"trying a lightweight trench for a weekend in Goa without making the look feel too styled; made the outfit work for both daytime and evening. the camera makes it look dressier than it felt in real life. the fabric moved nicely in the afternoon light, before dinner.",264,0,9,#indianstreetstyle #festivefashion #linenstyle #trenchcoat #layering #transitionalstyle #citystyle #outerwear #outfitideas,1,48211,15528,32.2,29276,1038,42,37,115,284,7,1232,7.93,0.24,0.74,2.465,0,styling_question:42,can you do a budget version?,7.1,190,9
17918298393271985,carousel,1,2023-09-02,20:09,Sat,20,"the plan was simple: a relaxed kurta in off-white, ankle boots, and layered necklaces for a quick trip to Bengaluru; kept the colours tonal. the fabric moved nicely in the afternoon light, on the way to brunch.",210,0,10,#desistyle #everydayethnic #fashioncontent #ootdindia #outfitinspiration #styleideas #urbanstyle #chennaistyle #weekendstyle #kurta,1,48075,2179,4.5,2415,0,12,0,6,21,2,18,0.83,0.0,0.28,9.524,0,repeat_outfit:12,the layering is perfect,0.0,190,9
17902277067299955,carousel,1,2023-09-02,20:14,Sat,20,"one of those outfits that looked better once I stopped overthinking it: a vintage tee in sage for a wedding function, with wore it with flats because looking good and being comfortable can coexist. The mustard detail was the part I nearly skipped. the fabric moved nicely in the afternoon light, during a quick city stop.",321,0,11,#streetwear #retrofashion #urbanstyle #trendalert #streetstyle #stylingtips #ootd #delhistyle #brunchoutfit #resortwear #vintagestyle,1,48075,3612,7.5,4441,0,8,0,10,36,3,18,0.5,0.0,0.28,8.333,0,styling_question:8,where is the shirt from?,0.0,190,9
17975247600417475,image,1,2023-09-02,20:58,Sat,20,"for a rooftop dinner, I wanted something current but still practical, so I paired a lightweight bomber with loafers and a leather belt; I would genuinely repeat this instead of saving it and forgetting about it. the fabric moved nicely in the afternoon light, before the rain arrived.",284,0,7,#styleinspo #fashionindia #desifashion #fashionreelsindia #hyderabadfashion #nightoutfit #capsulewardrobe,1,48075,2291,4.8,2656,0,13,0,6,22,2,19,0.83,0.0,0.26,9.091,0,repeat_outfit:13,love the colour combination,0.0,190,9
17987547870798383,reel,1,2023-09-02,22:27,Sat,22,"repeating pieces from my wardrobe again: a wide-leg trouser in deep burgundy for a movie night, styled around added one statement accessory. the fabric moved nicely in the afternoon light, after sunset.",202,0,8,#fashionreels #punefashion #weddinggueststyle #baggyfits #widelegpants #widelegtrousers #relaxedtailoring #streetstyle,1,48075,2192,4.6,2436,0,20,0,6,21,2,26,1.19,0.0,0.27,9.524,0,styling_question:20,would this work with flats?,0.0,190,9
17919606522772039,reel,1,2023-09-02,23:30,Sat,23,"if I had to make a cropped cardigan work for a day of errands, this is how I would do it: swapped heels for sneakers at the last minute, then sneakers and a slim belt. the fabric moved nicely in the afternoon light, for the second half of the day.",247,0,9,#layeringstyle #cardiganstyle #layering #preppystyle #knitwear #everydaystyle #fashionreels #reelsindia #genzfashion,1,48218,47106,97.7,95841,2800,88,62,339,912,38,3289,6.98,0.13,0.72,4.167,0,repeat_outfit:88,the proportions are so good,11.7,190,9
17922912590080917,reel,1,2023-09-03,02:50,Sun,2,"the outfit started with a pleated trouser and somehow became my favourite look for a client meeting; mixed it with something I already owned. this feels much more like real-life fashion than a perfectly styled shoot. the fabric moved nicely in the afternoon light, before heading back home.",290,0,10,#smartcasual #menswearinspired #modernclassic #indianfashion #outfitideas #personalstyle #fashioncreator #everydaystyle #mumbaistyle #casualoutfit,1,48262,19551,40.5,49084,1285,30,12,187,355,9,1514,7.74,0.06,0.96,2.535,1,styling_question:30,this feels very current,13.3,81,10
17914996439663470,reel,1,2023-09-03,09:20,Sun,9,"not a full trend overhaul, just a cargo trouser in olive for a music gig; kept the accessories intentionally minimal. I wanted something current without looking like I copied a mood board. the fabric moved nicely in the afternoon light, for a casual photo walk.",261,0,11,#everydaystyle #fashioncontent #ootdindia #outfitinspiration #styleideas #indianstreetstyle #traveloutfit #scarfstyle #cargopants #streetwearindia #utilitystyle,1,48271,3686,7.6,7251,247,10,2,29,73,2,288,7.81,0.05,0.79,2.74,0,repeat_outfit:10,please do more everyday outfits,10.0,81,10
17913099945537933,reel,1,2023-09-03,09:43,Sun,9,"wore a structured mini bag in soft grey for a flea market afternoon; used the same pieces I wore last week, finished it with retro trainers and a simple ring stack. I finally understand why this silhouette keeps showing up on my feed. the fit was much better after a small tuck, for the morning.",295,0,7,#streetstyle #stylingtips #chennaistyle #workwear #y2kfashion #minibag #bagstyle,1,48262,2117,4.4,2471,0,8,0,6,21,2,14,0.66,0.0,0.28,9.524,0,styling_question:8,saving this for my next brunch,0.0,81,10
17975006819869179,reel,1,2023-09-03,10:17,Sun,10,"today's a long travel day outfit was built around baggy denim in chocolate brown; played with proportions rather than prints. I almost changed the outfit, then decided the slightly undone look was better. The powder blue detail was the part I nearly skipped. the fit was much better after a small tuck, for the afternoon.",321,0,8,#streetstyle #everydaydenim #stylingtips #ootd #styleinspo #fashionindia #desifashion #delhistyle,1,48262,3442,7.1,3869,0,33,0,10,34,3,43,1.25,0.0,0.29,8.824,0,repeat_outfit:33,how would you style this for a wedding?,0.0,81,10
17933284627492716,reel,1,2023-09-03,10:46,Sun,10,"trying a co-ord set for a beach evening without making the look feel too styled; layered it for the unpredictable weather. the camera makes it look dressier than it felt in real life. the fit was much better after a small tuck, for golden hour.",244,0,9,#coords #matchingset #summerstyle #easyoutfits #desifashion #fashionreelsindia #indianstyle #wardrobe #fashiondiaries,1,48262,3101,6.4,3832,0,28,0,9,31,3,37,1.19,0.0,0.29,9.677,0,styling_question:28,the second look is my favourite,0.0,81,10
17987470547630248,image,1,2023-09-03,13:48,Sun,13,"the plan was simple: a slip dress in cobalt blue, loafers, and chunky earrings for a first-date outfit; added a scarf because the outfit needed something softer. the fit was much better after a small tuck, for a long day out.",225,0,10,#dateoutfit #fashiondiaries #fashionreels #reelsindia #genzfashion #styleblogger #punefashion #weekendstyle #tailoredstyle #slipdress,1,48262,2907,6.0,3742,0,26,0,8,29,2,34,1.17,0.0,0.28,6.897,0,repeat_outfit:26,need the jeans link,0.0,81,10
17975078847814985,carousel,1,2023-09-03,13:56,Sun,13,"one of those outfits that looked better once I stopped overthinking it: a tailored vest in butter yellow for a regular Monday, with mixed an Indian piece with western basics. the fit was much better after a small tuck, for the first coffee run.",244,0,11,#outfitideas #personalstyle #fashioncreator #bangalorefashion #brunchoutfit #slowfashion #tailoredvest #veststyle #suiting #modernstyle #minimalfashion,1,48262,2450,5.1,2617,0,8,0,7,24,2,15,0.61,0.0,0.29,8.333,0,styling_question:8,okay the bag is everything,0.0,81,10
17905934918938015,image,1,2023-09-03,14:00,Sun,14,"for a festive lunch, I wanted something current but still practical, so I paired a knit polo with sneakers and silver hoops; I would genuinely repeat this instead of saving it and forgetting about it. the fit was much better after a small tuck, for the walk home.",263,0,7,#mumbaistyle #nightoutfit #handloom #knitpolo #polostyle #preppystyle #smartcasual,1,48273,10338,21.4,25594,703,29,12,111,145,5,855,8.27,0.12,1.07,3.448,1,repeat_outfit:29,this is exactly my style,17.2,81,10
17967546721409876,carousel,1,2023-09-03,17:01,Sun,17,"repeating pieces from my wardrobe again: a satin skirt in ivory for a night out, styled around added a belt to give the outfit some shape. the fit was much better after a small tuck, for a warm evening.",202,0,8,#satinskirt #eveningstyle #femininefashion #skirtstyle #styleinspo #outfitinspiration #styleideas #urbanstyle,1,48262,3766,7.8,4474,0,31,0,11,37,3,42,1.12,0.0,0.29,8.108,0,styling_question:31,this is actually wearable,0.0,81,10
17972035187500407,image,1,2023-09-03,17:28,Sun,17,"if I had to make a striped button-down work for a work presentation, this is how I would do it: balanced the oversized shape with a cleaner bottom, then mules and a silk scarf. the fit was much better after a small tuck, for the cooler part of the day.",252,0,9,#classicstyle #outfitideas #streetstyle #stylingtips #ootd #styleinspo #fashionindia #chennaistyle #dateoutfit,1,48262,3801,7.9,4214,0,15,0,11,38,3,26,0.68,0.0,0.29,7.895,0,repeat_outfit:15,this is such a good repeat outfit,0.0,81,10
17979238652377300,reel,1,2023-09-03,19:50,Sun,19,"the outfit started with a simple white shirt and somehow became my favourite look for a Sunday family lunch; repeated an old favourite instead of buying something new. this feels much more like real-life fashion than a perfectly styled shoot. The tomato red detail was the part I nearly skipped. the fit was much better after a small tuck, before the plans started.",365,0,10,#desifashion #fashionreelsindia #indianstyle #wardrobe #delhistyle #casualoutfit #statementaccessories #whiteshirt #wardrobestaples #capsulewardrobe,1,48278,14062,29.1,32629,847,20,18,104,224,9,989,7.03,0.13,0.74,4.018,0,styling_question:20,adding this to my outfit board,5.0,81,10
17939671705839804,reel,1,2023-09-03,20:14,Sun,20,"not a full trend overhaul, just a rugby shirt in forest green for a content shoot; went for comfort instead of forcing the trend. I wanted something current without looking like I copied a mood board. the fit was much better after a small tuck, after the plans changed.",269,0,11,#genzfashion #hyderabadfashion #traveloutfit #desimaximalism #rugbyshirt #preppyfashion #sportystyle #casualstyle #collegestyle #wardrobe #fashiondiaries,1,48262,3123,6.5,3628,0,8,0,9,31,3,17,0.54,0.0,0.29,9.677,0,repeat_outfit:8,the shoes made the outfit,0.0,81,10
17911887912156868,reel,1,2023-09-03,20:43,Sun,20,"wore a boxy blazer in dusty pink for late class; used a thrifted piece as the hero, finished it with strappy sandals and a vintage watch. I finally understand why this silhouette keeps showing up on my feed. the fit was much better after a small tuck, while travelling.",269,0,7,#styleblogger #indianfashion #outfitideas #personalstyle #punefashion #coordset #blazerstyle,1,48262,2506,5.2,2725,0,19,0,7,25,2,26,1.04,0.0,0.28,8.0,0,styling_question:19,where are the trousers from?,0.0,81,10
17943449892304256,reel,1,2023-09-03,22:05,Sun,22,"today's coffee run outfit was built around a maxi skirt in tomato red; changed only the shoes and it completely shifted the look. I almost changed the outfit, then decided the slightly undone look was better. the fit was much better after a small tuck, between two meetings.",274,0,8,#summeroutfits #femininefashion #everydayfashion #personalstyle #fashioncreator #everydaystyle #fashioncontent #ootdindia,1,48262,2047,4.2,2194,0,23,0,6,20,2,29,1.42,0.0,0.29,10.0,0,repeat_outfit:23,the scarf detail is so good,0.0,81,10
17922629427719391,carousel,1,2023-09-03,22:30,Sun,22,"trying a scarf top for college fest without making the look feel too styled; made the outfit work for both daytime and evening. the camera makes it look dressier than it felt in real life. the fit was much better after a small tuck, before dinner.",247,0,9,#ootdindia #outfitinspiration #styleideas #urbanstyle #trendalert #mumbaistyle #festivefashion #linenstyle #scarfstyle,1,48287,29381,60.8,77049,1619,38,35,296,517,21,1988,6.77,0.12,1.01,4.062,0,styling_question:38,can you do a budget version?,7.9,81,10
17915885736821572,reel,1,2023-09-03,22:39,Sun,22,"the plan was simple: a crochet top in off-white, sneakers, and a canvas tote for airport morning; kept the colours tonal. the fit was much better after a small tuck, on the way to brunch.",187,0,10,#ootd #styleinspo #indianstreetstyle #weekendstyle #indowestern #crochetstyle #summerknits #handmadefashion #resortstyle #texturedfashion,1,48262,3565,7.4,4378,0,36,0,10,35,3,46,1.29,0.0,0.28,8.571,0,repeat_outfit:36,the layering is perfect,0.0,81,10
17929691877853908,carousel,1,2023-09-03,23:00,Sun,23,"one of those outfits that looked better once I stopped overthinking it: a linen shirt in sage for Sunday brunch, with wore it with flats because looking good and being comfortable can coexist. the fit was much better after a small tuck, during a quick city stop.",262,0,11,#fashionindia #desifashion #fashionreelsindia #indianstyle #chennaistyle #brunchoutfit #linenstyle #summerstyle #linenlook #resortwear #minimalstyle,1,48308,41109,85.1,74352,2650,99,28,327,562,17,3104,7.55,0.07,0.8,3.025,0,styling_question:99,where is the shirt from?,11.7,81,10
17976804334701102,story,1,2023-09-04,00:30,Mon,0,"for office-to-dinner plans, I wanted something current but still practical, so I paired a fitted tank with an oversized shirt with mules and layered necklaces; I would genuinely repeat this instead of saving it and forgetting about it. The butter yellow detail was the part I nearly skipped. the fit was much better after a small tuck, before the rain arrived.",360,0,7,#tanktop #oversizedstyle #streetwearindia #casualstyle #indianstyle #wardrobe #fashiondiaries,1,48344,39479,81.7,99049,2371,70,54,330,570,19,2825,7.16,0.14,0.84,3.333,0,repeat_outfit:70,love the colour combination,11.7,158,13
17925375515477209,reel,1,2023-09-04,02:20,Mon,2,"repeating pieces from my wardrobe again: a handloom kurta in deep burgundy for a last-minute house party, styled around added one statement accessory. the fit was much better after a small tuck, after sunset.",208,0,8,#craftsmanship #reelsindia #genzfashion #styleblogger #indianfashion #outfitideas #hyderabadfashion #weddinggueststyle,1,48363,23388,48.4,50923,1291,27,47,146,436,11,1511,6.46,0.2,0.62,2.523,0,styling_question:27,would this work with flats?,14.8,158,13
17924709417189219,reel,1,2023-09-04,09:03,Mon,9,"if I had to make a cotton saree work for a rainy commute, this is how I would do it: swapped heels for sneakers at the last minute, then ankle boots and a leather belt. the fit was much better after a small tuck, for the second half of the day.",244,0,9,#fashioncreator #everydaystyle #fashioncontent #punefashion #dateoutfit #layeringstyle #cottonsaree #sareestyle #indianfashion,1,48344,2484,5.1,2633,0,9,0,7,24,2,16,0.64,0.0,0.28,8.333,0,repeat_outfit:9,the proportions are so good,0.0,158,13
17922562564193437,reel,1,2023-09-04,09:43,Mon,9,"the outfit started with a halter top and somehow became my favourite look for a friend's birthday; mixed it with something I already owned. this feels much more like real-life fashion than a perfectly styled shoot. the fit was much better after a small tuck, before heading back home.",284,0,10,#bangalorefashion #casualoutfit #quietluxury #haltertop #eveningstyle #summerfashion #goingoutlook #trendstyle #fashioncontent #ootdindia,1,48344,3670,7.6,3967,0,29,0,11,36,3,40,1.09,0.0,0.3,8.333,0,styling_question:29,this feels very current,0.0,158,13
17952762779806367,reel,1,2023-09-04,10:01,Mon,10,"not a full trend overhaul, just a straight-leg jean in olive for a casual date; kept the accessories intentionally minimal. I wanted something current without looking like I copied a mood board. the fit was much better after a small tuck, for a casual photo walk.",263,0,11,#straightlegjeans #denimstyle #jeansandate #casualstyle #wardrobestaples #urbanstyle #trendalert #streetstyle #stylingtips #ootd #mumbaistyle,1,48344,3721,7.7,4602,0,36,0,11,37,3,47,1.26,0.0,0.3,8.108,0,repeat_outfit:36,please do more everyday outfits,0.0,158,13
17910867176537633,reel,1,2023-09-04,10:04,Mon,10,"wore a denim jacket in soft grey for a family dinner; used the same pieces I wore last week, finished it with ballet flats and small sunglasses. I finally understand why this silhouette keeps showing up on my feed. I kept the jewellery almost invisible, for the morning.",270,0,7,#streetstyle #casualfashion #ootd #styleinspo #fashionindia #desifashion #fashionreelsindia,1,48344,2875,5.9,3289,0,24,0,8,28,2,32,1.11,0.0,0.28,7.143,0,styling_question:24,saving this for my next brunch,0.0,158,13
17962421713629514,reel,1,2023-09-04,13:00,Mon,13,"today's a gallery visit outfit was built around a printed skirt in chocolate brown; played with proportions rather than prints. I almost changed the outfit, then decided the slightly undone look was better. I kept the jewellery almost invisible, for the afternoon.",264,0,8,#outfitinspo #fashionreels #fashionreelsindia #indianstyle #wardrobe #fashiondiaries #chennaistyle #collegeoutfit,1,48374,8189,16.9,17987,545,22,5,66,143,3,638,7.79,0.06,0.81,2.098,1,repeat_outfit:22,how would you style this for a wedding?,18.2,158,13
17903531897821182,reel,1,2023-09-04,13:05,Mon,13,"trying a lightweight trench for a weekend in Goa without making the look feel too styled; layered it for the unpredictable weather. the camera makes it look dressier than it felt in real life. The cream detail was the part I nearly skipped. I kept the jewellery almost invisible, for golden hour.",296,0,9,#indianfashion #delhistyle #festivefashion #coastalstyle #trenchcoat #layering #transitionalstyle #citystyle #outerwear,1,48344,3461,7.2,4097,0,18,0,10,34,3,28,0.81,0.0,0.29,8.824,0,styling_question:18,the second look is my favourite,0.0,158,13
17972949653809978,image,1,2023-09-04,14:10,Mon,14,"the plan was simple: a relaxed kurta in cobalt blue, mules, and a structured shoulder bag for a quick trip to Bengaluru; added a scarf because the outfit needed something softer. I kept the jewellery almost invisible, for a long day out.",237,0,10,#tailoredstyle #kurta #indianwear #indowestern #desistyle #everydayethnic #indianfashion #outfitideas #personalstyle #fashioncreator,1,48377,11241,23.2,28215,708,28,33,62,164,4,831,7.39,0.29,0.55,2.439,0,repeat_outfit:28,need the jeans link,14.3,158,13
17923088745359356,reel,1,2023-09-04,17:38,Mon,17,"one of those outfits that looked better once I stopped overthinking it: a vintage tee in butter yellow for a wedding function, with mixed an Indian piece with western basics. I kept the jewellery almost invisible, for the first coffee run.",239,0,11,#thriftstyle #streetwear #retrofashion #everydaystyle #fashioncontent #ootdindia #outfitinspiration #styleideas #punefashion #brunchoutfit #slowfashion,1,48344,3171,6.6,3441,0,26,0,9,31,3,35,1.1,0.0,0.28,9.677,0,styling_question:26,okay the bag is everything,0.0,158,13
17904363873688617,carousel,1,2023-09-04,17:57,Mon,17,"for a rooftop dinner, I wanted something current but still practical, so I paired a lightweight bomber with ankle boots and chunky earrings; I would genuinely repeat this instead of saving it and forgetting about it. I kept the jewellery almost invisible, for the walk home.",274,0,7,#urbanstyle #casualfits #styleideas #trendalert #streetstyle #stylingtips #bangalorefashion,1,48344,2087,4.3,2509,0,22,0,6,20,2,28,1.34,0.0,0.29,10.0,0,repeat_outfit:22,this is exactly my style,0.0,158,13
17959096408563694,carousel,1,2023-09-04,20:21,Mon,20,"repeating pieces from my wardrobe again: a wide-leg trouser in ivory for a movie night, styled around added a belt to give the outfit some shape. I kept the jewellery almost invisible, for a warm evening.",204,0,8,#fashionindia #desifashion #mumbaistyle #weddinggueststyle #thriftedfashion #widelegpants #widelegtrousers #relaxedtailoring,1,48344,3523,7.3,4140,0,16,0,10,35,3,26,0.74,0.0,0.28,8.571,0,styling_question:16,this is actually wearable,0.0,158,13
17950185080919844,reel,1,2023-09-04,22:50,Mon,22,"if I had to make a cropped cardigan work for a day of errands, this is how I would do it: balanced the oversized shape with a cleaner bottom, then loafers and silver hoops. I kept the jewellery almost invisible, for the cooler part of the day.",243,0,9,#dateoutfit #oversizedstyle #cardiganstyle #layering #preppystyle #knitwear #everydaystyle #desifashion #fashionreelsindia,1,48381,7989,16.5,9899,449,18,18,51,115,3,536,6.71,0.23,0.64,2.609,0,repeat_outfit:18,this is such a good repeat outfit,11.1,158,13
17913232812520245,reel,1,2023-09-04,23:00,Mon,23,"the outfit started with a pleated trouser and somehow became my favourite look for a client meeting; repeated an old favourite instead of buying something new. this feels much more like real-life fashion than a perfectly styled shoot. I kept the jewellery almost invisible, before the plans started.",299,0,10,#tailoredstyle #smartcasual #menswearinspired #modernclassic #fashiondiaries #fashionreels #reelsindia #genzfashion #styleblogger #chennaistyle,1,48384,92997,192.2,225916,6251,163,368,810,1434,110,7592,8.16,0.4,0.87,7.671,0,styling_question:163,adding this to my outfit board,15.0,158,13
17987270659450491,reel,1,2023-09-05,00:40,Tue,0,"not a full trend overhaul, just a cargo trouser in forest green for a music gig; went for comfort instead of forcing the trend. I wanted something current without looking like I copied a mood board. The dusty pink detail was the part I nearly skipped. I kept the jewellery almost invisible, after the plans changed.",315,0,11,#streetstyle #styleblogger #indianfashion #outfitideas #personalstyle #fashioncreator #delhistyle #traveloutfit #desimaximalism #cargopants #streetwearindia,1,48510,10190,21.0,15587,588,21,5,76,143,4,690,6.77,0.05,0.75,2.797,0,repeat_outfit:21,the shoes made the outfit,19.0,146,12
17921574114801086,carousel,1,2023-09-05,01:50,Tue,1,"wore a structured mini bag in dusty pink for a flea market afternoon; used a thrifted piece as the hero, finished it with kitten heels and a slim belt. I finally understand why this silhouette keeps showing up on my feed. I kept the jewellery almost invisible, while travelling.",278,0,7,#fashioncontent #ootdindia #outfitinspiration #hyderabadfashion #workwear #coordset #minibag,1,48514,9683,20.0,19863,514,11,4,79,163,4,608,6.28,0.04,0.82,2.454,1,styling_question:11,where are the trousers from?,9.1,146,12
17914694491663735,image,1,2023-09-05,02:30,Tue,2,"today's a long travel day outfit was built around baggy denim in tomato red; changed only the shoes and it completely shifted the look. I almost changed the outfit, then decided the slightly undone look was better. I kept the jewellery almost invisible, between two meetings.",275,0,8,#punefashion #collegeoutfit #modernprep #baggyjeans #denimstyle #denimfit #streetstyle #everydaydenim,1,48518,59458,122.5,110564,3991,98,203,636,1185,103,4928,8.29,0.34,1.07,8.692,2,repeat_outfit:98,the scarf detail is so good,11.7,146,12
17987497170210448,image,1,2023-09-05,09:43,Tue,9,"trying a co-ord set for a beach evening without making the look feel too styled; made the outfit work for both daytime and evening. the camera makes it look dressier than it felt in real life. I kept the jewellery almost invisible, before dinner.",246,0,9,#coordset #coords #matchingset #summerstyle #easyoutfits #streetstyle #stylingtips #ootd #styleinspo,1,48510,2575,5.3,3192,0,28,0,7,25,2,35,1.36,0.0,0.27,8.0,0,styling_question:28,can you do a budget version?,0.0,146,12
17962261664955767,reel,1,2023-09-05,09:56,Tue,9,"the plan was simple: a slip dress in off-white, ankle boots, and a simple ring stack for a first-date outfit; kept the colours tonal. I kept the jewellery almost invisible, on the way to brunch.",194,0,10,#minimalfashion #dateoutfit #fashionindia #desifashion #fashionreelsindia #indianstyle #wardrobe #mumbaistyle #weekendstyle #indowestern,1,48510,3700,7.6,4160,0,22,0,11,37,3,33,0.89,0.0,0.3,8.108,0,repeat_outfit:22,the layering is perfect,0.0,146,12
17987061184263718,carousel,1,2023-09-05,10:50,Tue,10,"one of those outfits that looked better once I stopped overthinking it: a tailored vest in sage for a regular Monday, with wore it with flats because looking good and being comfortable can coexist. I kept the jewellery almost invisible, during a quick city stop.",262,0,11,#fashiondiaries #fashionreels #reelsindia #genzfashion #indianstreetstyle #brunchoutfit #resortwear #tailoredvest #veststyle #suiting #modernstyle,1,48510,2613,5.4,3279,0,5,0,7,26,2,12,0.46,0.0,0.27,7.692,5,styling_question:5,where is the shirt from?,0.0,146,12
17944546253789019,reel,1,2023-09-05,10:51,Tue,10,"for a festive lunch, I wanted something current but still practical, so I paired a knit polo with loafers and a canvas tote; I would genuinely repeat this instead of saving it and forgetting about it. I kept the jewellery almost invisible, before the rain arrived.",264,0,7,#personalstyle #chennaistyle #nightoutfit #capsulewardrobe #knitpolo #polostyle #preppystyle,1,48510,2723,5.6,2917,0,19,0,8,27,2,27,0.99,0.0,0.29,7.407,0,repeat_outfit:19,love the colour combination,0.0,146,12
17948940210716514,reel,1,2023-09-05,13:45,Tue,13,"repeating pieces from my wardrobe again: a satin skirt in deep burgundy for a night out, styled around added one statement accessory. The cobalt blue detail was the part I nearly skipped. I kept the jewellery almost invisible, after sunset.",240,0,8,#baggyfits #satinskirt #eveningstyle #femininefashion #skirtstyle #styleinspo #personalstyle #fashioncreator,1,48510,3701,7.6,3945,0,32,0,11,37,3,43,1.16,0.0,0.3,8.108,0,styling_question:32,would this work with flats?,0.0,146,12
17952111537710084,carousel,1,2023-09-05,13:46,Tue,13,"if I had to make a striped button-down work for a work presentation, this is how I would do it: swapped heels for sneakers at the last minute, then sneakers and layered necklaces. I kept the jewellery almost invisible, for the second half of the day.",250,0,9,#preppystyle #classicstyle #outfitideas #ootdindia #outfitinspiration #styleideas #urbanstyle #trendalert #hyderabadfashion,1,48510,3829,7.9,4241,0,13,0,11,38,3,24,0.63,0.0,0.29,7.895,13,repeat_outfit:13,the proportions are so good,0.0,146,12
17956800063008277,carousel,1,2023-09-05,13:55,Tue,13,"the outfit started with a simple white shirt and somehow became my favourite look for a Sunday family lunch; mixed it with something I already owned. this feels much more like real-life fashion than a perfectly styled shoot. I kept the jewellery almost invisible, before heading back home.",289,0,10,#trendalert #streetstyle #stylingtips #ootd #styleinspo #punefashion #casualoutfit #quietluxury #whiteshirt #wardrobestaples,1,48510,2012,4.1,2134,0,18,0,6,20,2,24,1.19,0.0,0.3,10.0,0,styling_question:18,this feels very current,0.0,146,12
17978924445252081,reel,1,2023-09-05,19:30,Tue,19,"not a full trend overhaul, just a rugby shirt in olive for a content shoot; kept the accessories intentionally minimal. I wanted something current without looking like I copied a mood board. I kept the jewellery almost invisible, for a casual photo walk.",254,0,11,#fashionreelsindia #indianstyle #bangalorefashion #traveloutfit #scarfstyle #rugbyshirt #preppyfashion #sportystyle #casualstyle #collegestyle #styleinspo,1,48621,20048,41.2,54726,1358,55,53,124,274,7,1590,7.93,0.26,0.62,2.555,1,repeat_outfit:55,please do more everyday outfits,14.5,146,12
17902031293674694,reel,1,2023-09-05,20:11,Tue,20,"wore a boxy blazer in soft grey for late class; used the same pieces I wore last week, finished it with retro trainers and a silk scarf. I finally understand why this silhouette keeps showing up on my feed. the old sneakers stayed in the rotation, for the morning.",264,0,7,#blazerstyle #tailoredstyle #smartcasual #streetstyle #workwear #indianstyle #wardrobe,1,48510,2945,6.1,3183,0,34,0,8,29,2,42,1.43,0.0,0.27,6.897,0,styling_question:34,saving this for my next brunch,0.0,146,12
17913175668496445,reel,1,2023-09-05,20:32,Tue,20,"today's coffee run outfit was built around a maxi skirt in chocolate brown; played with proportions rather than prints. I almost changed the outfit, then decided the slightly undone look was better. I would wear this one again. the old sneakers stayed in the rotation, for the afternoon.",287,0,8,#skirtstyle #summeroutfits #femininefashion #everydayfashion #reelsindia #genzfashion #styleblogger #indianfashion,1,48510,2338,4.8,3022,0,25,0,7,23,2,32,1.37,0.0,0.3,8.696,25,repeat_outfit:25,how would you style this for a wedding?,0.0,146,12
17913436884251034,reel,1,2023-09-05,22:00,Tue,22,"trying a scarf top for college fest without making the look feel too styled; layered it for the unpredictable weather. the camera makes it look dressier than it felt in real life. I would wear this one again. the old sneakers stayed in the rotation, for golden hour.",266,0,9,#stylingideas #outfitideas #personalstyle #fashioncreator #everydaystyle #fashioncontent #chennaistyle #festivefashion #coastalstyle,1,48510,2842,5.9,3121,0,27,0,8,28,2,35,1.23,0.0,0.28,7.143,0,styling_question:27,the second look is my favourite,0.0,146,12
17941052363535968,reel,1,2023-09-05,23:50,Tue,23,"the plan was simple: a crochet top in cobalt blue, loafers, and a vintage watch for airport morning; added a scarf because the outfit needed something softer. The deep burgundy detail was the part I nearly skipped. the old sneakers stayed in the rotation, for a long day out.",275,0,10,#outfitinspiration #styleideas #urbanstyle #delhistyle #weekendstyle #tailoredstyle #crochetstyle #summerknits #handmadefashion #resortstyle,1,48628,24999,51.4,59817,1556,42,32,224,430,17,1854,7.42,0.13,0.9,3.953,1,repeat_outfit:42,need the jeans link,9.5,146,12
17901187701104852,carousel,1,2023-09-06,00:40,Wed,0,"one of those outfits that looked better once I stopped overthinking it: a linen shirt in butter yellow for Sunday brunch, with mixed an Indian piece with western basics. I would wear this one again. the old sneakers stayed in the rotation, for the first coffee run.",265,0,11,#hyderabadfashion #brunchoutfit #slowfashion #linenstyle #summerstyle #linenlook #resortwear #minimalstyle #urbanstyle #trendalert #streetstyle,1,48639,19293,39.7,47666,990,21,19,192,392,19,1222,6.33,0.1,1.0,4.847,2,styling_question:21,okay the bag is everything,19.0,85,12
17935536622927937,reel,1,2023-09-06,02:30,Wed,2,"for office-to-dinner plans, I wanted something current but still practical, so I paired a fitted tank with an oversized shirt with sneakers and a structured shoulder bag; I would genuinely repeat this instead of saving it and forgetting about it. the old sneakers stayed in the rotation, for the walk home.",306,0,7,#layeredlook #tanktop #oversizedstyle #streetwearindia #casualstyle #ootd #styleinspo,1,48658,13684,28.1,27758,823,23,18,116,246,11,980,7.16,0.13,0.85,4.472,1,repeat_outfit:23,this is exactly my style,13.0,85,12
17940527412635776,carousel,1,2023-09-06,09:01,Wed,9,"repeating pieces from my wardrobe again: a handloom kurta in ivory for a last-minute house party, styled around added a belt to give the outfit some shape. I would wear this one again. the old sneakers stayed in the rotation, for a warm evening.",245,0,8,#indianwear #craftsmanship #fashionreelsindia #indianstyle #wardrobe #fashiondiaries #fashionreels #bangalorefashion,1,48639,3271,6.7,4032,0,16,0,9,32,3,25,0.76,0.0,0.28,9.375,0,styling_question:16,this is actually wearable,0.0,85,12
17901012442200612,carousel,1,2023-09-06,09:40,Wed,9,"if I had to make a cotton saree work for a rainy commute, this is how I would do it: balanced the oversized shape with a cleaner bottom, then mules and chunky earrings. the old sneakers stayed in the rotation, for the cooler part of the day.",241,0,9,#mumbaistyle #dateoutfit #oversizedstyle #cottonsaree #sareestyle #indianfashion #contemporarysaree #desifashion #fashionreels,1,48669,15664,32.2,32436,832,29,23,141,235,10,1025,6.54,0.15,0.9,4.255,0,repeat_outfit:29,this is such a good repeat outfit,17.2,85,12
17932232692250495,carousel,1,2023-09-06,10:22,Wed,10,"the outfit started with a halter top and somehow became my favourite look for a friend's birthday; repeated an old favourite instead of buying something new. this feels much more like real-life fashion than a perfectly styled shoot. I would wear this one again. the old sneakers stayed in the rotation, before the plans started.",328,0,10,#everydaystyle #indianstreetstyle #casualoutfit #statementaccessories #haltertop #eveningstyle #summerfashion #goingoutlook #trendstyle #indianfashion,1,48639,3367,6.9,4278,0,16,0,10,33,3,26,0.77,0.0,0.3,9.091,0,styling_question:16,adding this to my outfit board,0.0,85,12
17934404466145534,carousel,1,2023-09-06,13:14,Wed,13,"not a full trend overhaul, just a straight-leg jean in forest green for a casual date; went for comfort instead of forcing the trend. I wanted something current without looking like I copied a mood board. I would wear this one again. the old sneakers stayed in the rotation, after the plans changed.",299,0,11,#desimaximalism #straightlegjeans #denimstyle #jeansandate #casualstyle #wardrobestaples #everydaystyle #fashioncontent #ootdindia #outfitinspiration #styleideas,1,48639,3215,6.6,3506,0,20,0,9,32,3,29,0.9,0.0,0.28,9.375,0,repeat_outfit:20,the shoes made the outfit,0.0,85,12
17910046181966829,reel,1,2023-09-06,13:40,Wed,13,"wore a denim jacket in dusty pink for a family dinner; used a thrifted piece as the hero, finished it with strappy sandals and a leather belt. I finally understand why this silhouette keeps showing up on my feed. The forest green detail was the part I nearly skipped. the old sneakers stayed in the rotation, while travelling.",326,0,7,#urbanstyle #trendalert #stylingtips #delhistyle #workwear #coordset #denimjacket,1,48679,5803,11.9,8220,400,10,14,39,85,2,463,7.98,0.24,0.67,2.353,0,styling_question:10,where are the trousers from?,20.0,85,12
17962713242895676,reel,1,2023-09-06,13:57,Wed,13,"today's a gallery visit outfit was built around a printed skirt in tomato red; changed only the shoes and it completely shifted the look. I almost changed the outfit, then decided the slightly undone look was better. I would wear this one again. the old sneakers stayed in the rotation, between two meetings.",308,0,8,#stylingtips #ootd #styleinspo #fashionindia #desifashion #hyderabadfashion #collegeoutfit #modernprep,1,48639,2859,5.9,3366,0,6,0,8,28,2,14,0.49,0.0,0.28,7.143,0,repeat_outfit:6,the scarf detail is so good,0.0,85,12
17996469375654618,reel,1,2023-09-06,14:20,Wed,14,"trying a lightweight trench for a weekend in Goa without making the look feel too styled; made the outfit work for both daytime and evening. the camera makes it look dressier than it felt in real life. I would wear this one again. the old sneakers stayed in the rotation, before dinner.",286,0,9,#wardrobe #fashiondiaries #punefashion #festivefashion #linenstyle #trenchcoat #layering #transitionalstyle #citystyle,1,48681,9169,18.8,24025,619,17,27,65,154,3,728,7.94,0.29,0.71,1.948,1,styling_question:17,can you do a budget version?,5.9,85,12
17901463579624451,carousel,1,2023-09-06,17:20,Wed,17,"the plan was simple: a relaxed kurta in off-white, sneakers, and small sunglasses for a quick trip to Bengaluru; kept the colours tonal. the old sneakers stayed in the rotation, on the way to brunch.",199,0,10,#desistyle #everydayethnic #fashiondiaries #fashionreels #reelsindia #genzfashion #styleblogger #bangalorefashion #weekendstyle #kurta,1,48684,10135,20.8,27460,539,12,5,50,194,4,606,5.98,0.05,0.49,2.062,0,repeat_outfit:12,the layering is perfect,25.0,85,12
17963923367551806,reel,1,2023-09-06,17:24,Wed,17,"one of those outfits that looked better once I stopped overthinking it: a vintage tee in sage for a wedding function, with wore it with flats because looking good and being comfortable can coexist. the old sneakers stayed in the rotation, during a quick city stop.",264,0,11,#graphictee #thriftstyle #streetwear #retrofashion #styleblogger #indianfashion #outfitideas #personalstyle #fashioncreator #mumbaistyle #brunchoutfit,1,48639,2703,5.6,3162,0,10,0,8,27,2,18,0.67,0.0,0.3,7.407,0,styling_question:10,where is the shirt from?,0.0,85,12
17999909077520073,reel,1,2023-09-06,17:48,Wed,17,"for a rooftop dinner, I wanted something current but still practical, so I paired a lightweight bomber with mules and a simple ring stack; I would genuinely repeat this instead of saving it and forgetting about it. the old sneakers stayed in the rotation, before the rain arrived.",280,0,7,#casualfits #fashioncreator #everydaystyle #fashioncontent #ootdindia #outfitinspiration #indianstreetstyle,1,48639,3049,6.3,3776,0,22,0,9,30,3,31,1.02,0.0,0.3,10.0,0,repeat_outfit:22,love the colour combination,0.0,85,12
17923244167642182,image,1,2023-09-06,19:30,Wed,19,"repeating pieces from my wardrobe again: a wide-leg trouser in deep burgundy for a movie night, styled around added one statement accessory. I would wear this one again. the old sneakers stayed in the rotation, after sunset.",224,0,8,#widelegpants #widelegtrousers #relaxedtailoring #streetstyle #everydaystyle #outfitinspiration #styleideas #urbanstyle,1,48688,30564,62.8,77582,2097,45,37,334,580,22,2513,8.22,0.12,1.09,3.793,1,styling_question:45,would this work with flats?,11.1,85,12
17962382407869627,reel,1,2023-09-06,20:38,Wed,20,"if I had to make a cropped cardigan work for a day of errands, this is how I would do it: swapped heels for sneakers at the last minute, then ankle boots and a canvas tote. The cherry red detail was the part I nearly skipped. the old sneakers stayed in the rotation, for the second half of the day.",298,0,9,#delhistyle #dateoutfit #layeringstyle #cardiganstyle #layering #preppystyle #knitwear #everydaystyle #streetstyle,1,48639,3458,7.1,3654,0,8,0,10,34,3,18,0.52,0.0,0.29,8.824,0,repeat_outfit:8,the proportions are so good,0.0,85,12
17907200479795367,reel,1,2023-09-06,20:42,Wed,20,"the outfit started with a pleated trouser and somehow became my favourite look for a client meeting; mixed it with something I already owned. this feels much more like real-life fashion than a perfectly styled shoot. I would wear this one again. the old sneakers stayed in the rotation, before heading back home.",312,0,10,#pleatedtrousers #tailoredstyle #smartcasual #menswearinspired #modernclassic #fashionindia #desifashion #fashionreelsindia #indianstyle #wardrobe,1,48639,2501,5.1,2677,0,13,0,7,25,2,20,0.8,0.0,0.28,8.0,0,styling_question:13,this feels very current,0.0,85,12
17909986669112766,image,1,2023-09-06,22:40,Wed,22,"not a full trend overhaul, just a cargo trouser in olive for a music gig; kept the accessories intentionally minimal. I wanted something current without looking like I copied a mood board. I would wear this one again. the old sneakers stayed in the rotation, for a casual photo walk.",283,0,11,#baggyfits #streetstyle #wardrobe #fashiondiaries #fashionreels #reelsindia #genzfashion #punefashion #traveloutfit #scarfstyle #cargopants,1,48639,3250,6.7,4086,0,24,0,9,32,3,33,1.02,0.0,0.28,9.375,24,repeat_outfit:24,please do more everyday outfits,0.0,85,12
17903975637086646,reel,1,2023-09-06,22:51,Wed,22,"wore a structured mini bag in soft grey for a flea market afternoon; used the same pieces I wore last week, finished it with ballet flats and silver hoops. I finally understand why this silhouette keeps showing up on my feed. I liked the slightly oversized finish, for the morning.",281,0,7,#styleblogger #indianfashion #outfitideas #personalstyle #bangalorefashion #workwear #y2kfashion,1,48639,2179,4.5,2748,0,20,0,6,21,2,26,1.19,0.0,0.28,9.524,0,styling_question:20,saving this for my next brunch,0.0,85,12
17948290871745367,reel,1,2023-09-07,00:40,Thu,0,"today's a long travel day outfit was built around baggy denim in chocolate brown; played with proportions rather than prints. I almost changed the outfit, then decided the slightly undone look was better. I liked the slightly oversized finish, for the afternoon.",262,0,8,#streetstyle #everydaydenim #personalstyle #fashioncreator #everydaystyle #fashioncontent #ootdindia #mumbaistyle,1,48710,123789,254.1,297110,6722,264,272,845,2131,156,8103,6.55,0.22,0.68,7.321,1,repeat_outfit:264,how would you style this for a wedding?,10.0,231,5
17983087808727262,carousel,1,2023-09-07,02:10,Thu,2,"trying a co-ord set for a beach evening without making the look feel too styled; layered it for the unpredictable weather. the camera makes it look dressier than it felt in real life. I would wear this one again. I liked the slightly oversized finish, for golden hour.",268,0,9,#coastalstyle #coordset #coords #matchingset #summerstyle #easyoutfits #ootdindia #outfitinspiration #styleideas,1,48866,11620,23.8,21390,747,21,7,115,166,5,890,7.66,0.06,0.99,3.012,1,styling_question:21,the second look is my favourite,28.6,231,5
17935655980421395,reel,1,2023-09-07,10:03,Thu,10,"the plan was simple: a slip dress in cobalt blue, mules, and a slim belt for a first-date outfit; added a scarf because the outfit needed something softer. I liked the slightly oversized finish, for a long day out.",214,0,10,#eveninglook #minimalfashion #dateoutfit #trendalert #streetstyle #stylingtips #ootd #styleinspo #chennaistyle #weekendstyle,1,48710,2094,4.3,2673,0,11,0,6,20,2,17,0.81,0.0,0.29,10.0,0,repeat_outfit:11,need the jeans link,0.0,231,5
17920860617798849,reel,1,2023-09-07,10:50,Thu,10,"one of those outfits that looked better once I stopped overthinking it: a tailored vest in butter yellow for a regular Monday, with mixed an Indian piece with western basics. The terracotta detail was the part I nearly skipped. I liked the slightly oversized finish, for the first coffee run.",292,0,11,#styleinspo #fashionindia #desifashion #fashionreelsindia #indianstyle #delhistyle #brunchoutfit #slowfashion #tailoredvest #veststyle #suiting,1,48710,2129,4.4,2667,0,17,0,6,21,2,23,1.08,0.0,0.28,9.524,0,styling_question:17,okay the bag is everything,0.0,231,5
17985692274701850,reel,1,2023-09-07,13:10,Thu,13,"for a festive lunch, I wanted something current but still practical, so I paired a knit polo with ankle boots and a vintage watch; I would genuinely repeat this instead of saving it and forgetting about it. I liked the slightly oversized finish, for the walk home.",264,0,7,#fashionreels #reelsindia #hyderabadfashion #nightoutfit #handloom #knitpolo #polostyle,1,48871,11454,23.4,26005,731,25,15,94,181,7,865,7.55,0.13,0.82,3.867,0,repeat_outfit:25,this is exactly my style,8.0,231,5
17958025247916762,reel,1,2023-09-07,13:13,Thu,13,"repeating pieces from my wardrobe again: a satin skirt in ivory for a night out, styled around added a belt to give the outfit some shape. I would wear this one again. I liked the slightly oversized finish, for a warm evening.",226,0,8,#weddinggueststyle #thriftedfashion #satinskirt #eveningstyle #femininefashion #skirtstyle #styleinspo #reelsindia,1,48710,2286,4.7,2551,0,16,0,6,22,2,22,0.96,0.0,0.26,9.091,0,styling_question:16,this is actually wearable,0.0,231,5
17953800091117621,carousel,1,2023-09-07,13:41,Thu,13,"if I had to make a striped button-down work for a work presentation, this is how I would do it: balanced the oversized shape with a cleaner bottom, then loafers and a structured shoulder bag. I liked the slightly oversized finish, for the cooler part of the day.",262,0,9,#bangalorefashion #dateoutfit #oversizedstyle #stripedshirt #buttondown #preppystyle #classicstyle #outfitideas #personalstyle,1,48710,3874,8.0,4923,0,10,0,11,38,3,21,0.54,0.0,0.28,7.895,0,repeat_outfit:10,this is such a good repeat outfit,0.0,231,5
17945357147295787,reel,1,2023-09-07,13:42,Thu,13,"the outfit started with a simple white shirt and somehow became my favourite look for a Sunday family lunch; repeated an old favourite instead of buying something new. this feels much more like real-life fashion than a perfectly styled shoot. I liked the slightly oversized finish, before the plans started.",307,0,10,#classicfashion #fashioncontent #ootdindia #outfitinspiration #styleideas #urbanstyle #mumbaistyle #casualoutfit #statementaccessories #whiteshirt,1,48710,3263,6.7,4196,0,12,0,9,32,3,21,0.64,0.0,0.28,9.375,0,styling_question:12,adding this to my outfit board,0.0,231,5
17925670234861573,reel,1,2023-09-07,13:50,Thu,13,"not a full trend overhaul, just a rugby shirt in forest green for a content shoot; went for comfort instead of forcing the trend. I wanted something current without looking like I copied a mood board. I would wear this one again. I liked the slightly oversized finish, after the plans changed.",293,0,11,#streetstyle #stylingtips #ootd #indianstreetstyle #traveloutfit #desimaximalism #rugbyshirt #preppyfashion #sportystyle #casualstyle #collegestyle,1,48710,2747,5.6,3070,0,5,0,8,27,2,13,0.47,0.0,0.29,7.407,0,repeat_outfit:5,the shoes made the outfit,0.0,231,5
17945541417933832,carousel,1,2023-09-07,14:00,Thu,14,"wore a boxy blazer in dusty pink for late class; used a thrifted piece as the hero, finished it with kitten heels and layered necklaces. I finally understand why this silhouette keeps showing up on my feed. I liked the slightly oversized finish, while travelling.",263,0,7,#styleinspo #fashionindia #desifashion #fashionreelsindia #chennaistyle #coordset #blazerstyle,1,48878,14760,30.2,20879,852,27,18,164,226,10,1061,7.19,0.12,1.11,4.425,3,styling_question:27,where are the trousers from?,11.1,231,5
17962007348658434,reel,1,2023-09-07,17:30,Thu,17,"today's coffee run outfit was built around a maxi skirt in tomato red; changed only the shoes and it completely shifted the look. I almost changed the outfit, then decided the slightly undone look was better. The washed blue detail was the part I nearly skipped. I liked the slightly oversized finish, between two meetings.",323,0,8,#maxiskirt #skirtstyle #summeroutfits #femininefashion #everydayfashion #fashionreelsindia #indianstyle #wardrobe,1,48888,10446,21.4,15681,596,12,14,97,194,6,719,6.88,0.13,0.93,3.093,0,repeat_outfit:12,the scarf detail is so good,0.0,231,5
17970740593415736,reel,1,2023-09-07,17:47,Thu,17,"trying a scarf top for college fest without making the look feel too styled; made the outfit work for both daytime and evening. the camera makes it look dressier than it felt in real life. I would wear this one again. I liked the slightly oversized finish, before dinner.",271,0,9,#2026fashion #stylingideas #fashionreels #reelsindia #genzfashion #styleblogger #indianfashion #hyderabadfashion #festivefashion,1,48710,2087,4.3,2475,0,13,0,6,20,2,19,0.91,0.0,0.29,10.0,0,styling_question:13,can you do a budget version?,0.0,231,5
17931751686089140,reel,1,2023-09-07,20:22,Thu,20,"the plan was simple: a crochet top in off-white, ankle boots, and a silk scarf for airport morning; kept the colours tonal. I liked the slightly oversized finish, on the way to brunch.",184,0,10,#outfitideas #personalstyle #fashioncreator #everydaystyle #punefashion #weekendstyle #indowestern #crochetstyle #summerknits #handmadefashion,1,48710,3044,6.2,3255,0,34,0,9,30,3,43,1.41,0.0,0.3,10.0,0,repeat_outfit:34,the layering is perfect,0.0,231,5
17900499586339848,image,1,2023-09-07,20:40,Thu,20,"one of those outfits that looked better once I stopped overthinking it: a linen shirt in sage for Sunday brunch, with wore it with flats because looking good and being comfortable can coexist. I would wear this one again. I liked the slightly oversized finish, during a quick city stop.",286,0,11,#fashioncontent #ootdindia #outfitinspiration #styleideas #bangalorefashion #brunchoutfit #linenstyle #summerstyle #linenlook #resortwear #minimalstyle,1,48710,1969,4.0,2487,0,17,0,5,19,1,22,1.12,0.0,0.25,5.263,0,styling_question:17,where is the shirt from?,0.0,231,5
17905355357830265,carousel,1,2023-09-07,21:00,Thu,21,"for office-to-dinner plans, I wanted something current but still practical, so I paired a fitted tank with an oversized shirt with loafers and small sunglasses; I would genuinely repeat this instead of saving it and forgetting about it. I liked the slightly oversized finish, before the rain arrived.",300,0,7,#capsulewardrobe #layeredlook #tanktop #oversizedstyle #streetwearindia #casualstyle #styleideas,1,48894,19899,40.7,52379,1232,48,21,179,354,14,1480,7.44,0.11,0.9,3.955,1,repeat_outfit:48,love the colour combination,18.8,231,5
17937897886294492,image,1,2023-09-07,23:10,Thu,23,"repeating pieces from my wardrobe again: a handloom kurta in deep burgundy for a last-minute house party, styled around added one statement accessory. I would wear this one again. I liked the slightly oversized finish, after sunset.",232,0,8,#slowfashion #indianwear #craftsmanship #stylingtips #ootd #styleinspo #fashionindia #desifashion,1,48908,33630,68.8,62519,1716,48,40,294,562,18,2098,6.24,0.12,0.87,3.203,0,styling_question:48,would this work with flats?,14.6,231,5
17940079205903869,reel,2,2023-09-08,09:10,Fri,9,"if I had to make a cotton saree work for a rainy commute, this is how I would do it: swapped heels for sneakers at the last minute, then sneakers and a simple ring stack. I liked the slightly oversized finish, for the second half of the day.",241,0,9,#contemporarysaree #desifashion #fashionreelsindia #indianstyle #wardrobe #fashiondiaries #chennaistyle #dateoutfit #layeringstyle,1,48932,8662,17.7,22764,554,12,6,57,123,2,629,7.26,0.07,0.66,1.626,0,repeat_outfit:12,the proportions are so good,8.3,57,8
17906804820601384,carousel,2,2023-09-08,09:47,Fri,9,"the outfit started with a halter top and somehow became my favourite look for a friend's birthday; mixed it with something I already owned. this feels much more like real-life fashion than a perfectly styled shoot. The chocolate brown detail was the part I nearly skipped. I liked the slightly oversized finish, before heading back home.",337,0,10,#genzfashion #styleblogger #delhistyle #casualoutfit #quietluxury #haltertop #eveningstyle #summerfashion #goingoutlook #trendstyle,1,48932,2236,4.6,2700,0,14,0,6,22,2,20,0.89,0.0,0.27,9.091,0,styling_question:14,this feels very current,0.0,57,8
17946804256609002,reel,2,2023-09-08,11:10,Fri,11,"not a full trend overhaul, just a straight-leg jean in olive for a casual date; kept the accessories intentionally minimal. I wanted something current without looking like I copied a mood board. I would wear this one again. I liked the slightly oversized finish, for a casual photo walk.",287,0,11,#traveloutfit #scarfstyle #straightlegjeans #denimstyle #jeansandate #casualstyle #wardrobestaples #styleblogger #indianfashion #outfitideas #personalstyle,1,48934,11144,22.8,24243,748,24,6,114,181,5,892,8.0,0.05,1.02,2.762,1,repeat_outfit:24,please do more everyday outfits,12.5,57,8
17971398739190185,reel,2,2023-09-08,13:11,Fri,13,"wore a denim jacket in soft grey for a family dinner; used the same pieces I wore last week, finished it with retro trainers and chunky earrings. I finally understand why this silhouette keeps showing up on my feed. the colour looked different indoors, for the morning.",269,0,7,#layeringseason #denimstyle #streetstyle #casualfashion #fashioncreator #everydaystyle #fashioncontent,1,48932,2985,6.1,3523,0,33,0,8,29,2,41,1.37,0.0,0.27,6.897,0,styling_question:33,saving this for my next brunch,0.0,57,8
17906194904108044,reel,2,2023-09-08,17:40,Fri,17,"today's a gallery visit outfit was built around a printed skirt in chocolate brown; played with proportions rather than prints. I almost changed the outfit, then decided the slightly undone look was better. I would wear this one again. the colour looked different indoors, for the afternoon.",291,0,8,#fashionreels #outfitinspiration #styleideas #urbanstyle #trendalert #streetstyle #bangalorefashion #collegeoutfit,1,48939,18872,38.6,49837,1074,25,24,209,352,16,1332,7.06,0.13,1.11,4.545,1,repeat_outfit:25,how would you style this for a wedding?,20.0,57,8
17953419149266927,story,2,2023-09-08,20:00,Fri,20,"trying a lightweight trench for a weekend in Goa without making the look feel too styled; layered it for the unpredictable weather. the camera makes it look dressier than it felt in real life. the colour looked different indoors, for golden hour.",246,0,9,#ootd #styleinspo #fashionindia #mumbaistyle #festivefashion #coastalstyle #trenchcoat #layering #transitionalstyle,1,48932,2204,4.5,2690,0,16,0,6,22,2,22,1.0,0.0,0.27,9.091,16,styling_question:16,the second look is my favourite,0.0,57,8
17943111039386753,reel,2,2023-09-08,21:20,Fri,21,"the plan was simple: a relaxed kurta in cobalt blue, loafers, and a leather belt for a quick trip to Bengaluru; added a scarf because the outfit needed something softer. the colour looked different indoors, for a long day out.",226,0,10,#indianstreetstyle #weekendstyle #tailoredstyle #kurta #indianwear #indowestern #desistyle #everydayethnic #fashionindia #desifashion,1,48955,36903,75.4,95303,1893,54,44,308,732,25,2299,6.23,0.12,0.83,3.415,0,repeat_outfit:54,need the jeans link,16.7,57,8
17935521640017492,reel,2,2023-09-08,22:16,Fri,22,"one of those outfits that looked better once I stopped overthinking it: a vintage tee in butter yellow for a wedding function, with mixed an Indian piece with western basics. I would wear this one again. the colour looked different indoors, for the first coffee run.",266,0,11,#vintagestyle #graphictee #thriftstyle #streetwear #retrofashion #wardrobe #fashiondiaries #fashionreels #reelsindia #genzfashion #chennaistyle,1,48932,2136,4.4,2714,0,11,0,6,21,2,17,0.8,0.0,0.28,9.524,11,styling_question:11,okay the bag is everything,0.0,57,8
17903866846757668,carousel,2,2023-09-08,22:36,Fri,22,"for a rooftop dinner, I wanted something current but still practical, so I paired a lightweight bomber with sneakers and a slim belt; I would genuinely repeat this instead of saving it and forgetting about it. The sage detail was the part I nearly skipped. the colour looked different indoors, for the walk home.",312,0,7,#urbanstyle #casualfits #genzfashion #styleblogger #indianfashion #outfitideas #personalstyle,1,48932,3142,6.4,4002,0,14,0,9,31,3,23,0.73,0.0,0.29,9.677,14,repeat_outfit:14,this is exactly my style,0.0,57,8
17961317215760231,reel,2,2023-09-08,22:59,Fri,22,"repeating pieces from my wardrobe again: a wide-leg trouser in ivory for a movie night, styled around added a belt to give the outfit some shape. I would wear this one again. the colour looked different indoors, for a warm evening.",231,0,8,#fashioncreator #fashioncontent #ootdindia #hyderabadfashion #weddinggueststyle #thriftedfashion #widelegpants #widelegtrousers,1,48932,2301,4.7,2531,0,25,0,6,23,2,31,1.35,0.0,0.26,8.696,0,styling_question:25,this is actually wearable,0.0,57,8
17969530239417418,reel,2,2023-09-08,23:50,Fri,23,"if I had to make a cropped cardigan work for a day of errands, this is how I would do it: balanced the oversized shape with a cleaner bottom, then mules and a vintage watch. the colour looked different indoors, for the cooler part of the day.",242,0,9,#trendalert #punefashion #dateoutfit #oversizedstyle #cardiganstyle #layering #preppystyle #knitwear #everydaystyle,1,48980,13502,27.6,37088,774,24,7,64,185,4,869,6.44,0.05,0.47,2.162,0,repeat_outfit:24,this is such a good repeat outfit,0.0,57,8
17928902128421511,reel,2,2023-09-09,01:20,Sat,1,"the outfit started with a pleated trouser and somehow became my favourite look for a client meeting; repeated an old favourite instead of buying something new. this feels much more like real-life fashion than a perfectly styled shoot. I would wear this one again. the colour looked different indoors, before the plans started.",326,0,10,#statementaccessories #pleatedtrousers #tailoredstyle #smartcasual #menswearinspired #modernclassic #trendalert #streetstyle #stylingtips #ootd,1,48987,73455,149.9,139753,4542,159,269,695,1411,106,5665,7.71,0.37,0.95,7.512,1,styling_question:159,adding this to my outfit board,8.3,156,13
17933010741206980,carousel,2,2023-09-09,10:06,Sat,10,"not a full trend overhaul, just a cargo trouser in forest green for a music gig; went for comfort instead of forcing the trend. I wanted something current without looking like I copied a mood board. the colour looked different indoors, after the plans changed.",260,0,11,#utilitystyle #baggyfits #streetstyle #styleinspo #fashionindia #desifashion #fashionreelsindia #indianstyle #mumbaistyle #traveloutfit #desimaximalism,1,48987,3223,6.6,4134,0,35,0,9,32,3,44,1.37,0.0,0.28,9.375,35,repeat_outfit:35,the shoes made the outfit,0.0,156,13
17984226206190308,reel,2,2023-09-09,13:53,Sat,13,"wore a structured mini bag in dusty pink for a flea market afternoon; used a thrifted piece as the hero, finished it with strappy sandals and a canvas tote. I finally understand why this silhouette keeps showing up on my feed. the colour looked different indoors, while travelling.",281,0,7,#indianstyle #wardrobe #fashiondiaries #fashionreels #reelsindia #indianstreetstyle #workwear,1,48987,2906,5.9,3530,0,27,0,8,29,2,35,1.2,0.0,0.28,6.897,0,styling_question:27,where are the trousers from?,0.0,156,13
17980016639713790,carousel,2,2023-09-09,14:10,Sat,14,"today's a long travel day outfit was built around baggy denim in tomato red; changed only the shoes and it completely shifted the look. I almost changed the outfit, then decided the slightly undone look was better. I would wear this one again. the colour looked different indoors, between two meetings.",302,0,8,#indianfashion #outfitideas #chennaistyle #collegeoutfit #modernprep #baggyjeans #denimstyle #denimfit,5,49093,2542,5.2,3688,148,3,1,11,35,0,163,6.41,0.04,0.43,0.0,0,repeat_outfit:3,the scarf detail is so good,33.3,156,13
17935859495409763,carousel,2,2023-09-09,17:14,Sat,17,"trying a co-ord set for a beach evening without making the look feel too styled; made the outfit work for both daytime and evening. the camera makes it look dressier than it felt in real life. The charcoal detail was the part I nearly skipped. the colour looked different indoors, before dinner.",295,0,9,#festivefashion #linenstyle #coordset #coords #matchingset #summerstyle #easyoutfits #outfitideas #personalstyle,1,48987,2365,4.8,2512,0,11,0,7,23,2,18,0.76,0.0,0.3,8.696,11,styling_question:11,can you do a budget version?,0.0,156,13
17999344038534835,image,2,2023-09-09,17:36,Sat,17,"the plan was simple: a slip dress in off-white, sneakers, and silver hoops for a first-date outfit; kept the colours tonal. the colour looked different indoors, on the way to brunch.",182,0,10,#dressstyle #eveninglook #minimalfashion #dateoutfit #fashioncontent #ootdindia #outfitinspiration #styleideas #urbanstyle #hyderabadfashion,1,48987,3461,7.1,4154,0,21,0,10,34,3,31,0.9,0.0,0.29,8.824,0,repeat_outfit:21,the layering is perfect,0.0,156,13
17903209445844917,carousel,2,2023-09-09,19:50,Sat,19,"one of those outfits that looked better once I stopped overthinking it: a tailored vest in sage for a regular Monday, with wore it with flats because looking good and being comfortable can coexist. I would wear this one again. the colour looked different indoors, during a quick city stop.",289,0,11,#minimalfashion #urbanstyle #trendalert #streetstyle #stylingtips #ootd #punefashion #brunchoutfit #resortwear #tailoredvest #veststyle,1,49093,26857,54.7,71895,1432,43,23,203,375,17,1701,6.33,0.09,0.76,4.533,1,styling_question:43,where is the shirt from?,7.0,156,13
17936320739784347,reel,2,2023-09-09,20:42,Sat,20,"for a festive lunch, I wanted something current but still practical, so I paired a knit polo with mules and a silk scarf; I would genuinely repeat this instead of saving it and forgetting about it. the colour looked different indoors, before the rain arrived.",259,0,7,#fashionindia #desifashion #fashionreelsindia #bangalorefashion #nightoutfit #capsulewardrobe #knitpolo,1,48987,2694,5.5,2929,0,24,0,8,26,2,32,1.19,0.0,0.3,7.692,0,repeat_outfit:24,love the colour combination,0.0,156,13
17958066842907961,reel,2,2023-09-09,22:20,Sat,22,"repeating pieces from my wardrobe again: a satin skirt in deep burgundy for a night out, styled around added one statement accessory. the colour looked different indoors, after sunset.",184,0,8,#mumbaistyle #weddinggueststyle #baggyfits #satinskirt #eveningstyle #femininefashion #skirtstyle #styleinspo,1,49110,19008,38.7,48647,1265,28,13,97,316,7,1403,7.38,0.07,0.51,2.215,0,styling_question:28,would this work with flats?,3.6,156,13
17937408685227285,reel,2,2023-09-09,23:40,Sat,23,"if I had to make a striped button-down work for a work presentation, this is how I would do it: swapped heels for sneakers at the last minute, then ankle boots and small sunglasses. the colour looked different indoors, for the second half of the day.",250,0,9,#stripedshirt #buttondown #preppystyle #classicstyle #outfitideas #fashionreels #reelsindia #genzfashion #styleblogger,1,49117,56609,115.3,158135,3820,103,81,482,788,27,4486,7.92,0.14,0.85,3.426,1,repeat_outfit:103,the proportions are so good,13.3,156,13
17942659905457377,reel,2,2023-09-10,00:00,Sun,0,"the outfit started with a simple white shirt and somehow became my favourite look for a Sunday family lunch; mixed it with something I already owned. this feels much more like real-life fashion than a perfectly styled shoot. I would wear this one again. the colour looked different indoors, before heading back home.",316,0,10,#minimalstyle #classicfashion #indianfashion #outfitideas #personalstyle #fashioncreator #everydaystyle #chennaistyle #casualoutfit #quietluxury,1,49154,18774,38.2,46643,1001,20,16,130,307,13,1167,6.22,0.09,0.69,4.235,0,styling_question:20,this feels very current,10.0,136,6
17955165736948262,reel,2,2023-09-10,09:32,Sun,9,"not a full trend overhaul, just a rugby shirt in olive for a content shoot; kept the accessories intentionally minimal. I wanted something current without looking like I copied a mood board. The soft grey detail was the part I nearly skipped. the colour looked different indoors, for a casual photo walk.",304,0,11,#fashioncontent #ootdindia #outfitinspiration #styleideas #delhistyle #traveloutfit #scarfstyle #rugbyshirt #preppyfashion #sportystyle #casualstyle,1,49154,3188,6.5,4010,0,30,0,9,31,3,39,1.22,0.0,0.28,9.677,0,repeat_outfit:30,please do more everyday outfits,0.0,136,6
17990409869150348,reel,2,2023-09-10,10:05,Sun,10,"wore a boxy blazer in soft grey for late class; used the same pieces I wore last week, finished it with ballet flats and a structured shoulder bag. I finally understand why this silhouette keeps showing up on my feed. I wore the same bag I have had for months, for the morning.",277,0,7,#stylingtips #hyderabadfashion #y2kfashion #blazerstyle #tailoredstyle #smartcasual #streetstyle,1,49154,3797,7.7,4332,0,21,0,11,37,3,32,0.84,0.0,0.29,8.108,0,styling_question:21,saving this for my next brunch,0.0,136,6
17909511549216999,reel,2,2023-09-10,10:35,Sun,10,"today's coffee run outfit was built around a maxi skirt in chocolate brown; played with proportions rather than prints. I almost changed the outfit, then decided the slightly undone look was better. This one made the final cut. I wore the same bag I have had for months, for the afternoon.",289,0,8,#denimstyle #maxiskirt #skirtstyle #summeroutfits #femininefashion #everydayfashion #stylingtips #ootd,1,49154,1991,4.1,2161,0,21,0,5,19,1,26,1.31,0.0,0.25,5.263,21,repeat_outfit:21,how would you style this for a wedding?,0.0,136,6
17962088642658243,reel,2,2023-09-10,10:59,Sun,10,"trying a scarf top for college fest without making the look feel too styled; layered it for the unpredictable weather. the camera makes it look dressier than it felt in real life. This one made the final cut. I wore the same bag I have had for months, for golden hour.",268,0,9,#silkstyle #2026fashion #stylingideas #desifashion #fashionreelsindia #indianstyle #wardrobe #fashiondiaries #bangalorefashion,1,49154,2657,5.4,3106,0,20,0,7,26,2,27,1.02,0.0,0.26,7.692,0,styling_question:20,the second look is my favourite,0.0,136,6
17908708257488437,carousel,2,2023-09-10,17:20,Sun,17,"the plan was simple: a crochet top in cobalt blue, mules, and layered necklaces for airport morning; added a scarf because the outfit needed something softer. I wore the same bag I have had for months, for a long day out.",221,0,10,#fashiondiaries #fashionreels #reelsindia #genzfashion #styleblogger #mumbaistyle #weekendstyle #tailoredstyle #crochetstyle #summerknits,1,49154,2843,5.8,3226,0,16,0,8,28,2,24,0.84,0.0,0.28,7.143,0,repeat_outfit:16,need the jeans link,0.0,136,6
17951991210071202,reel,2,2023-09-10,17:24,Sun,17,"one of those outfits that looked better once I stopped overthinking it: a linen shirt in butter yellow for Sunday brunch, with mixed an Indian piece with western basics. This one made the final cut. I wore the same bag I have had for months, for the first coffee run.",267,0,11,#personalstyle #fashioncreator #indianstreetstyle #brunchoutfit #slowfashion #linenstyle #summerstyle #linenlook #resortwear #minimalstyle #styleblogger,1,49154,2215,4.5,2473,0,24,0,6,22,2,30,1.35,0.0,0.27,9.091,0,styling_question:24,okay the bag is everything,0.0,136,6
17963659067013188,reel,2,2023-09-10,17:30,Sun,17,"for office-to-dinner plans, I wanted something current but still practical, so I paired a fitted tank with an oversized shirt with ankle boots and a leather belt; I would genuinely repeat this instead of saving it and forgetting about it. I wore the same bag I have had for months, for the walk home.",300,0,7,#nightoutfit #handloom #layeredlook #tanktop #oversizedstyle #streetwearindia #casualstyle,1,49167,39615,80.6,85455,2099,71,95,320,720,64,2585,6.53,0.24,0.81,8.889,1,repeat_outfit:71,this is exactly my style,11.7,136,6
17915496600380140,reel,2,2023-09-10,17:40,Sun,17,"repeating pieces from my wardrobe again: a handloom kurta in ivory for a last-minute house party, styled around added a belt to give the outfit some shape. The off-white detail was the part I nearly skipped. I wore the same bag I have had for months, for a warm evening.",270,0,8,#indiantextiles #slowfashion #indianwear #craftsmanship #outfitinspiration #styleideas #urbanstyle #trendalert,1,49154,3064,6.2,3254,0,34,0,9,30,3,43,1.4,0.0,0.29,10.0,0,styling_question:34,this is actually wearable,0.0,136,6
17987633747696526,reel,2,2023-09-10,17:50,Sun,17,"if I had to make a cotton saree work for a rainy commute, this is how I would do it: balanced the oversized shape with a cleaner bottom, then loafers and a slim belt. I wore the same bag I have had for months, for the cooler part of the day.",241,0,9,#desifashion #streetstyle #stylingtips #ootd #styleinspo #fashionindia #hyderabadfashion #dateoutfit #oversizedstyle,1,49154,3239,6.6,3892,0,36,0,9,32,3,45,1.39,0.0,0.28,9.375,0,repeat_outfit:36,this is such a good repeat outfit,0.0,136,6
17993741857529248,carousel,2,2023-09-10,20:08,Sun,20,"the outfit started with a halter top and somehow became my favourite look for a friend's birthday; repeated an old favourite instead of buying something new. this feels much more like real-life fashion than a perfectly styled shoot. This one made the final cut. I wore the same bag I have had for months, before the plans started.",330,0,10,#fashionreelsindia #indianstyle #wardrobe #punefashion #casualoutfit #statementaccessories #haltertop #eveningstyle #summerfashion #goingoutlook,1,49154,2284,4.6,2461,0,20,0,6,22,2,26,1.14,0.0,0.26,9.091,0,styling_question:20,adding this to my outfit board,0.0,136,6
17982725504933751,reel,2,2023-09-10,21:10,Sun,21,"not a full trend overhaul, just a straight-leg jean in forest green for a casual date; went for comfort instead of forcing the trend. I wanted something current without looking like I copied a mood board. This one made the final cut. I wore the same bag I have had for months, after the plans changed.",301,0,11,#bangalorefashion #traveloutfit #desimaximalism #straightlegjeans #denimstyle #jeansandate #casualstyle #wardrobestaples #wardrobe #fashiondiaries #fashionreels,1,49231,25811,52.4,53875,1592,36,33,217,371,16,1878,7.28,0.13,0.84,4.313,2,repeat_outfit:36,the shoes made the outfit,11.1,136,6
17974959339095308,carousel,2,2023-09-10,22:02,Sun,22,"wore a denim jacket in dusty pink for a family dinner; used a thrifted piece as the hero, finished it with kitten heels and a simple ring stack. I finally understand why this silhouette keeps showing up on my feed. I wore the same bag I have had for months, while travelling.",275,0,7,#denimjacket #layeringseason #denimstyle #streetstyle #casualfashion #genzfashion #styleblogger,1,49154,2107,4.3,2709,0,14,0,6,21,2,20,0.95,0.0,0.28,9.524,0,styling_question:14,where are the trousers from?,0.0,136,6
17911296425415618,image,2,2023-09-10,22:26,Sun,22,"today's a gallery visit outfit was built around a printed skirt in tomato red; changed only the shoes and it completely shifted the look. I almost changed the outfit, then decided the slightly undone look was better. This one made the final cut. I wore the same bag I have had for months, between two meetings.",310,0,8,#outfitinspo #fashionreels #personalstyle #fashioncreator #everydaystyle #fashioncontent #ootdindia #indianstreetstyle,1,49154,3544,7.2,4265,0,42,0,10,35,3,52,1.47,0.0,0.28,8.571,0,repeat_outfit:42,the scarf detail is so good,0.0,136,6
17915417858874851,reel,2,2023-09-10,22:36,Sun,22,"trying a lightweight trench for a weekend in Goa without making the look feel too styled; made the outfit work for both daytime and evening. the camera makes it look dressier than it felt in real life. This one made the final cut. I wore the same bag I have had for months, before dinner.",288,0,9,#outfitinspiration #styleideas #urbanstyle #trendalert #chennaistyle #festivefashion #linenstyle #trenchcoat #layering,1,49154,3061,6.2,3325,0,14,0,9,30,3,23,0.75,0.0,0.29,10.0,0,styling_question:14,can you do a budget version?,0.0,136,6
17903404136286877,story,2,2023-09-10,22:56,Sun,22,"the plan was simple: a relaxed kurta in off-white, ankle boots, and chunky earrings for a quick trip to Bengaluru; kept the colours tonal. The ivory detail was the part I nearly skipped. I wore the same bag I have had for months, on the way to brunch.",251,0,10,#desistyle #everydayethnic #trendalert #streetstyle #stylingtips #ootd #styleinspo #delhistyle #weekendstyle #kurta,1,49154,3702,7.5,4280,0,11,0,11,37,3,22,0.59,0.0,0.3,8.108,0,repeat_outfit:11,the layering is perfect,0.0,136,6
17932365644794376,image,2,2023-09-10,23:50,Sun,23,"one of those outfits that looked better once I stopped overthinking it: a vintage tee in sage for a wedding function, with wore it with flats because looking good and being comfortable can coexist. I would wear this one again. I wore the same bag I have had for months, during a quick city stop.",295,0,11,#resortwear #vintagestyle #graphictee #thriftstyle #streetwear #retrofashion #styleinspo #fashionindia #desifashion #fashionreelsindia #indianstyle,1,49247,31758,64.5,72208,2078,51,43,358,456,17,2530,7.97,0.14,1.13,3.728,2,styling_question:51,where is the shirt from?,9.8,136,6
17930088819394420,reel,2,2023-09-11,02:20,Mon,2,"for a rooftop dinner, I wanted something current but still practical, so I paired a lightweight bomber with loafers and silver hoops; I would genuinely repeat this instead of saving it and forgetting about it. I wore the same bag I have had for months, before the rain arrived.",277,0,7,#layeringstyle #urbanstyle #casualfits #indianstyle #wardrobe #fashiondiaries #fashionreels,1,49288,32875,66.7,78582,1770,61,40,260,662,26,2131,6.48,0.12,0.79,3.927,2,repeat_outfit:61,love the colour combination,6.7,97,5
17969318404602341,carousel,2,2023-09-11,11:00,Mon,11,"repeating pieces from my wardrobe again: a wide-leg trouser in deep burgundy for a movie night, styled around added one statement accessory. This one made the final cut. I wore the same bag I have had for months, after sunset.",226,0,8,#reelsindia #genzfashion #styleblogger #indianfashion #outfitideas #bangalorefashion #weddinggueststyle #baggyfits,1,49314,11762,23.9,16426,638,12,11,88,215,8,749,6.37,0.09,0.75,3.721,1,styling_question:12,would this work with flats?,25.0,97,5
17994513187929539,reel,2,2023-09-11,13:00,Mon,13,"if I had to make a cropped cardigan work for a day of errands, this is how I would do it: swapped heels for sneakers at the last minute, then sneakers and a silk scarf. I wore the same bag I have had for months, for the second half of the day.",243,0,9,#knitwear #everydaystyle #outfitideas #personalstyle #fashioncreator #fashioncontent #mumbaistyle #dateoutfit #layeringstyle,1,49322,31172,63.2,83887,1776,40,80,299,564,44,2195,7.04,0.26,0.96,7.801,1,repeat_outfit:40,the proportions are so good,7.5,97,5
17936129032915958,image,2,2023-09-11,17:15,Mon,17,"the outfit started with a pleated trouser and somehow became my favourite look for a client meeting; mixed it with something I already owned. this feels much more like real-life fashion than a perfectly styled shoot. This one made the final cut. I wore the same bag I have had for months, before heading back home.",314,0,10,#casualoutfit #quietluxury #pleatedtrousers #tailoredstyle #smartcasual #menswearinspired #modernclassic #fashioncontent #ootdindia #outfitinspiration,1,49288,2045,4.1,2525,0,6,0,6,20,2,12,0.59,0.0,0.29,10.0,0,styling_question:6,this feels very current,0.0,97,5
17953605368165977,reel,2,2023-09-11,17:17,Mon,17,"not a full trend overhaul, just a cargo trouser in olive for a music gig; kept the accessories intentionally minimal. I wanted something current without looking like I copied a mood board. This one made the final cut. I wore the same bag I have had for months, for a casual photo walk.",285,0,11,#chennaistyle #traveloutfit #scarfstyle #cargopants #streetwearindia #utilitystyle #baggyfits #streetstyle #urbanstyle #trendalert #stylingtips,1,49288,3564,7.2,4209,0,19,0,10,35,3,29,0.81,0.0,0.28,8.571,0,repeat_outfit:19,please do more everyday outfits,0.0,97,5
17956570949040344,reel,2,2023-09-11,20:10,Mon,20,"wore a structured mini bag in soft grey for a flea market afternoon; used the same pieces I wore last week, finished it with retro trainers and a vintage watch. I finally understand why this silhouette keeps showing up on my feed. The olive detail was the part I nearly skipped. the sleeves made the whole look feel softer, for the morning.",340,0,7,#fashiondetails #ootd #styleinspo #fashionindia #desifashion #fashionreelsindia #delhistyle,1,49288,2061,4.2,2327,0,12,0,6,20,2,18,0.87,0.0,0.29,10.0,0,styling_question:12,saving this for my next brunch,0.0,97,5
17974794191569347,reel,2,2023-09-11,20:20,Mon,20,"today's a long travel day outfit was built around baggy denim in chocolate brown; played with proportions rather than prints. I almost changed the outfit, then decided the slightly undone look was better. I would wear this one again. the sleeves made the whole look feel softer, for the afternoon.",297,0,8,#streetstyle #everydaydenim #fashionreelsindia #indianstyle #wardrobe #fashiondiaries #fashionreels #hyderabadfashion,1,49288,2029,4.1,2468,0,13,0,6,20,2,19,0.94,0.0,0.3,10.0,0,repeat_outfit:13,how would you style this for a wedding?,0.0,97,5
17989584572095483,carousel,2,2023-09-11,22:00,Mon,22,"trying a co-ord set for a beach evening without making the look feel too styled; layered it for the unpredictable weather. the camera makes it look dressier than it felt in real life. This one made the final cut. the sleeves made the whole look feel softer, for golden hour.",274,0,9,#punefashion #festivefashion #coastalstyle #coordset #coords #matchingset #summerstyle #easyoutfits #fashionreels,1,49366,9375,19.0,12143,630,17,7,77,139,3,731,7.8,0.07,0.82,2.158,2,styling_question:17,the second look is my favourite,0.0,97,5
17953284001848337,carousel,2,2023-09-11,23:20,Mon,23,"the plan was simple: a slip dress in cobalt blue, loafers, and a canvas tote for a first-date outfit; added a scarf because the outfit needed something softer. the sleeves made the whole look feel softer, for a long day out.",224,0,10,#slipdress #dressstyle #eveninglook #minimalfashion #dateoutfit #indianfashion #outfitideas #personalstyle #fashioncreator #everydaystyle,1,49369,29732,60.2,77803,1669,30,53,186,523,12,1938,6.52,0.18,0.63,2.294,1,repeat_outfit:30,need the jeans link,13.3,97,5
17961969554708765,reel,2,2023-09-12,00:30,Tue,0,"one of those outfits that looked better once I stopped overthinking it: a tailored vest in butter yellow for a regular Monday, with mixed an Indian piece with western basics. I would wear this one again. the sleeves made the whole look feel softer, for the first coffee run.",274,0,11,#modernstyle #minimalfashion #everydaystyle #fashioncontent #ootdindia #outfitinspiration #styleideas #mumbaistyle #brunchoutfit #slowfashion #tailoredvest,1,49402,34582,70.0,53914,2268,90,81,392,695,28,2831,8.19,0.23,1.13,4.029,0,styling_question:90,okay the bag is everything,18.3,122,9
17951665390153841,reel,2,2023-09-12,09:26,Tue,9,"for a festive lunch, I wanted something current but still practical, so I paired a knit polo with sneakers and layered necklaces; I would genuinely repeat this instead of saving it and forgetting about it. the sleeves made the whole look feel softer, for the walk home.",269,0,7,#urbanstyle #trendalert #streetstyle #stylingtips #indianstreetstyle #nightoutfit #handloom,1,49402,2230,4.5,2407,0,23,0,6,22,2,29,1.3,0.0,0.27,9.091,0,repeat_outfit:23,this is exactly my style,0.0,122,9
17928816287488207,reel,2,2023-09-12,10:49,Tue,10,"repeating pieces from my wardrobe again: a satin skirt in ivory for a night out, styled around added a belt to give the outfit some shape. This one made the final cut. the sleeves made the whole look feel softer, for a warm evening.",232,0,8,#ootd #fashionindia #desifashion #chennaistyle #weddinggueststyle #thriftedfashion #satinskirt #eveningstyle,1,49402,2636,5.3,3142,0,8,0,7,26,2,15,0.57,0.0,0.27,7.692,0,styling_question:8,this is actually wearable,0.0,122,9
17902718820421051,image,2,2023-09-12,13:52,Tue,13,"if I had to make a striped button-down work for a work presentation, this is how I would do it: balanced the oversized shape with a cleaner bottom, then mules and a leather belt. The ink black detail was the part I nearly skipped. the sleeves made the whole look feel softer, for the cooler part of the day.",307,0,9,#oversizedstyle #stripedshirt #buttondown #preppystyle #classicstyle #outfitideas #desifashion #fashionreelsindia #indianstyle,1,49402,3141,6.4,3442,0,18,0,9,31,3,27,0.86,0.0,0.29,9.677,0,repeat_outfit:18,this is such a good repeat outfit,0.0,122,9
17990940301330480,reel,2,2023-09-12,14:10,Tue,14,"the outfit started with a simple white shirt and somehow became my favourite look for a Sunday family lunch; repeated an old favourite instead of buying something new. this feels much more like real-life fashion than a perfectly styled shoot. I would wear this one again. the sleeves made the whole look feel softer, before the plans started.",342,0,10,#capsulewardrobe #minimalstyle #classicfashion #fashiondiaries #fashionreels #reelsindia #genzfashion #styleblogger #hyderabadfashion #casualoutfit,1,49430,23355,47.2,49244,1226,29,26,201,419,18,1482,6.35,0.11,0.86,4.296,2,styling_question:29,adding this to my outfit board,17.2,122,9
17940209791959133,reel,2,2023-09-12,17:45,Tue,17,"not a full trend overhaul, just a rugby shirt in forest green for a content shoot; went for comfort instead of forcing the trend. I wanted something current without looking like I copied a mood board. This one made the final cut. the sleeves made the whole look feel softer, after the plans changed.",299,0,11,#styleblogger #indianfashion #outfitideas #personalstyle #fashioncreator #punefashion #traveloutfit #desimaximalism #rugbyshirt #preppyfashion #sportystyle,1,49402,3794,7.7,4919,0,11,0,11,37,3,22,0.58,0.0,0.29,8.108,0,repeat_outfit:11,the shoes made the outfit,0.0,122,9
17939739699729864,carousel,2,2023-09-12,19:00,Tue,19,"wore a boxy blazer in dusty pink for late class; used a thrifted piece as the hero, finished it with strappy sandals and small sunglasses. I finally understand why this silhouette keeps showing up on my feed. the sleeves made the whole look feel softer, while travelling.",271,0,7,#everydaystyle #fashioncontent #ootdindia #outfitinspiration #bangalorefashion #coordset #blazerstyle,1,49448,20523,41.5,42664,1253,39,50,117,294,9,1459,7.11,0.24,0.57,3.061,0,styling_question:39,where are the trousers from?,10.3,122,9
17972397133244124,reel,2,2023-09-12,20:51,Tue,20,"today's coffee run outfit was built around a maxi skirt in tomato red; changed only the shoes and it completely shifted the look. I almost changed the outfit, then decided the slightly undone look was better. I would wear this one again. the sleeves made the whole look feel softer, between two meetings.",304,0,8,#collegeoutfit #modernprep #maxiskirt #skirtstyle #summeroutfits #femininefashion #everydayfashion #outfitinspiration,1,49402,3770,7.6,4209,0,23,0,11,37,3,34,0.9,0.0,0.29,8.108,0,repeat_outfit:23,the scarf detail is so good,0.0,122,9
17983668077705058,carousel,2,2023-09-12,21:40,Tue,21,"trying a scarf top for college fest without making the look feel too styled; made the outfit work for both daytime and evening. the camera makes it look dressier than it felt in real life. This one made the final cut. the sleeves made the whole look feel softer, before dinner.",277,0,9,#scarftop #silkstyle #2026fashion #stylingideas #streetstyle #stylingtips #ootd #styleinspo #fashionindia,7,49457,10294,20.8,14208,661,27,17,98,171,9,803,7.8,0.17,0.95,5.263,0,styling_question:27,can you do a budget version?,11.1,122,9
17981957619528959,carousel,2,2023-09-12,22:30,Tue,22,"the plan was simple: a crochet top in off-white, sneakers, and a structured shoulder bag for airport morning; kept the colours tonal. the sleeves made the whole look feel softer, on the way to brunch.",200,0,10,#texturedfashion #fashionindia #desifashion #fashionreelsindia #indianstyle #wardrobe #chennaistyle #weekendstyle #indowestern #crochetstyle,1,49466,44467,89.9,97549,2611,73,55,359,648,31,3098,6.97,0.12,0.81,4.784,2,repeat_outfit:73,the layering is perfect,18.3,122,9
17907519150675789,reel,2,2023-09-12,22:52,Tue,22,"one of those outfits that looked better once I stopped overthinking it: a linen shirt in sage for Sunday brunch, with wore it with flats because looking good and being comfortable can coexist. The mustard detail was the part I nearly skipped. the sleeves made the whole look feel softer, during a quick city stop.",313,0,11,#fashiondiaries #fashionreels #reelsindia #genzfashion #delhistyle #brunchoutfit #linenstyle #summerstyle #linenlook #resortwear #minimalstyle,1,49402,2825,5.7,3012,0,32,0,8,28,2,40,1.42,0.0,0.28,7.143,32,styling_question:32,where is the shirt from?,0.0,122,9
17988831460184342,carousel,2,2023-09-12,23:30,Tue,23,"for office-to-dinner plans, I wanted something current but still practical, so I paired a fitted tank with an oversized shirt with mules and chunky earrings; I would genuinely repeat this instead of saving it and forgetting about it. the sleeves made the whole look feel softer, before the rain arrived.",303,0,7,#hyderabadfashion #nightoutfit #capsulewardrobe #layeredlook #tanktop #oversizedstyle #streetwearindia,1,49497,27552,55.7,58316,1409,33,25,205,479,21,1672,6.07,0.09,0.74,4.384,1,repeat_outfit:33,love the colour combination,9.1,122,9
17943781027409125,carousel,2,2023-09-13,02:20,Wed,2,"repeating pieces from my wardrobe again: a handloom kurta in deep burgundy for a last-minute house party, styled around added one statement accessory. This one made the final cut. the sleeves made the whole look feel softer, after sunset.",238,0,8,#handloom #indiantextiles #slowfashion #indianwear #craftsmanship #personalstyle #fashioncreator #everydaystyle,1,49535,8542,17.2,13292,439,10,7,71,133,5,527,6.17,0.08,0.83,3.759,0,styling_question:10,would this work with flats?,20.0,43,11
17914002656360764,reel,2,2023-09-13,09:30,Wed,9,"if I had to make a cotton saree work for a rainy commute, this is how I would do it: swapped heels for sneakers at the last minute, then ankle boots and silver hoops. the sleeves made the whole look feel softer, for the second half of the day.",243,0,9,#contemporarysaree #desifashion #ootdindia #outfitinspiration #styleideas #urbanstyle #trendalert #bangalorefashion #dateoutfit,1,49540,14285,28.8,26264,894,33,7,137,250,8,1071,7.5,0.05,0.96,3.2,0,repeat_outfit:33,the proportions are so good,9.1,43,11
17913382935713181,reel,2,2023-09-13,13:26,Wed,13,"the outfit started with a halter top and somehow became my favourite look for a friend's birthday; mixed it with something I already owned. this feels much more like real-life fashion than a perfectly styled shoot. I would wear this one again. the sleeves made the whole look feel softer, before heading back home.",314,0,10,#streetstyle #stylingtips #ootd #styleinspo #mumbaistyle #casualoutfit #quietluxury #haltertop #eveningstyle #summerfashion,1,49535,2306,4.7,2745,0,13,0,6,23,2,19,0.82,0.0,0.26,8.696,0,styling_question:13,this feels very current,0.0,43,11
17927626649663666,reel,2,2023-09-13,13:30,Wed,13,"not a full trend overhaul, just a straight-leg jean in olive for a casual date; kept the accessories intentionally minimal. I wanted something current without looking like I copied a mood board. This one made the final cut. the sleeves made the whole look feel softer, for a casual photo walk.",293,0,11,#indianstyle #indianstreetstyle #traveloutfit #scarfstyle #straightlegjeans #denimstyle #jeansandate #casualstyle #wardrobestaples #styleinspo #fashionindia,1,49548,13869,28.0,28166,853,34,39,78,267,8,1004,7.24,0.28,0.56,2.996,0,repeat_outfit:34,please do more everyday outfits,11.8,43,11
17923752399862559,reel,2,2023-09-13,17:00,Wed,17,"wore a denim jacket in soft grey for a family dinner; used the same pieces I wore last week, finished it with ballet flats and a slim belt. I finally understand why this silhouette keeps showing up on my feed. I changed the shoes just before leaving, for the morning.",267,0,7,#y2kfashion #denimjacket #layeringseason #denimstyle #streetstyle #casualfashion #indianstyle,1,49556,10269,20.7,27893,630,21,24,66,192,5,741,7.22,0.23,0.64,2.604,0,styling_question:21,saving this for my next brunch,19.0,43,11
17968062919642805,story,2,2023-09-13,17:18,Wed,17,"today's a gallery visit outfit was built around a printed skirt in chocolate brown; played with proportions rather than prints. I almost changed the outfit, then decided the slightly undone look was better. The powder blue detail was the part I nearly skipped. I changed the shoes just before leaving, for the afternoon.",320,0,8,#statementstyle #outfitinspo #fashionreels #reelsindia #genzfashion #styleblogger #indianfashion #outfitideas,1,49535,2860,5.8,3414,0,13,0,8,28,2,21,0.73,0.0,0.28,7.143,0,repeat_outfit:13,how would you style this for a wedding?,0.0,43,11
17986286385163638,image,2,2023-09-13,17:36,Wed,17,"trying a lightweight trench for a weekend in Goa without making the look feel too styled; layered it for the unpredictable weather. the camera makes it look dressier than it felt in real life. I would wear this one again. I changed the shoes just before leaving, for golden hour.",279,0,9,#outfitideas #personalstyle #fashioncreator #everydaystyle #fashioncontent #hyderabadfashion #festivefashion #coastalstyle #trenchcoat,1,49535,2573,5.2,2982,0,8,0,7,25,2,15,0.58,0.0,0.27,8.0,0,styling_question:8,the second look is my favourite,0.0,43,11
17910469496089201,carousel,2,2023-09-13,19:10,Wed,19,"the plan was simple: a relaxed kurta in cobalt blue, mules, and a simple ring stack for a quick trip to Bengaluru; added a scarf because the outfit needed something softer. I changed the shoes just before leaving, for a long day out.",233,0,10,#styleideas #urbanstyle #punefashion #weekendstyle #tailoredstyle #kurta #indianwear #indowestern #desistyle #everydayethnic,1,49561,23581,47.6,60590,1387,44,13,151,380,13,1595,6.76,0.06,0.64,3.421,3,repeat_outfit:44,need the jeans link,6.8,43,11
17990631195437038,reel,2,2023-09-13,20:00,Wed,20,"one of those outfits that looked better once I stopped overthinking it: a vintage tee in butter yellow for a wedding function, with mixed an Indian piece with western basics. This one made the final cut. I changed the shoes just before leaving, for the first coffee run.",270,0,11,#brunchoutfit #slowfashion #vintagestyle #graphictee #thriftstyle #streetwear #retrofashion #urbanstyle #trendalert #streetstyle #stylingtips,1,49535,3846,7.8,4199,0,33,0,11,38,3,44,1.14,0.0,0.29,7.895,0,styling_question:33,okay the bag is everything,0.0,43,11
17932996535495322,reel,2,2023-09-13,20:19,Wed,20,"for a rooftop dinner, I wanted something current but still practical, so I paired a lightweight bomber with ankle boots and a canvas tote; I would genuinely repeat this instead of saving it and forgetting about it. I changed the shoes just before leaving, for the walk home.",274,0,7,#streetwear #layeringstyle #urbanstyle #casualfits #ootd #styleinspo #fashionindia,1,49535,3623,7.3,4389,0,10,0,10,36,3,20,0.55,0.0,0.28,8.333,0,repeat_outfit:10,this is exactly my style,0.0,43,11
17981438087724567,reel,2,2023-09-13,20:47,Wed,20,"repeating pieces from my wardrobe again: a wide-leg trouser in ivory for a movie night, styled around added a belt to give the outfit some shape. This one made the final cut. I changed the shoes just before leaving, for a warm evening.",235,0,8,#everydaystyle #fashionreelsindia #indianstyle #wardrobe #fashiondiaries #fashionreels #indianstreetstyle #weddinggueststyle,1,49535,3441,6.9,4301,0,36,0,10,34,3,46,1.34,0.0,0.29,8.824,0,styling_question:36,this is actually wearable,0.0,43,11
17965600408852085,carousel,2,2023-09-14,01:30,Thu,1,"if I had to make a cropped cardigan work for a day of errands, this is how I would do it: balanced the oversized shape with a cleaner bottom, then loafers and layered necklaces. I changed the shoes just before leaving, for the cooler part of the day.",250,0,9,#genzfashion #styleblogger #indianfashion #chennaistyle #dateoutfit #oversizedstyle #cardiganstyle #layering #preppystyle,1,49580,22786,46.0,53697,1295,36,46,231,349,14,1608,7.06,0.2,1.01,4.011,0,repeat_outfit:36,this is such a good repeat outfit,5.6,114,12
17950906692048757,image,2,2023-09-14,09:20,Thu,9,"the outfit started with a pleated trouser and somehow became my favourite look for a client meeting; repeated an old favourite instead of buying something new. this feels much more like real-life fashion than a perfectly styled shoot. The tomato red detail was the part I nearly skipped. I changed the shoes just before leaving, before the plans started.",354,0,10,#delhistyle #casualoutfit #statementaccessories #pleatedtrousers #tailoredstyle #smartcasual #menswearinspired #modernclassic #indianfashion #outfitideas,1,49594,39408,79.5,90189,2080,51,108,272,767,68,2511,6.37,0.27,0.69,8.866,0,styling_question:51,adding this to my outfit board,2.0,114,12
17996246660164914,carousel,2,2023-09-14,10:22,Thu,10,"not a full trend overhaul, just a cargo trouser in forest green for a music gig; went for comfort instead of forcing the trend. I wanted something current without looking like I copied a mood board. I would wear this one again. I changed the shoes just before leaving, after the plans changed.",293,0,11,#cargopants #streetwearindia #utilitystyle #baggyfits #streetstyle #everydaystyle #fashioncontent #ootdindia #outfitinspiration #styleideas #hyderabadfashion,1,49580,2712,5.5,3295,0,27,0,8,27,2,35,1.29,0.0,0.29,7.407,0,repeat_outfit:27,the shoes made the outfit,0.0,114,12
17977785774675278,reel,2,2023-09-14,13:31,Thu,13,"wore a structured mini bag in dusty pink for a flea market afternoon; used a thrifted piece as the hero, finished it with kitten heels and a silk scarf. I finally understand why this silhouette keeps showing up on my feed. I changed the shoes just before leaving, while travelling.",281,0,7,#everydayluxury #fashiondetails #styleideas #urbanstyle #trendalert #streetstyle #stylingtips,1,49580,3269,6.6,4096,0,35,0,9,32,3,44,1.35,0.0,0.28,9.375,35,styling_question:35,where are the trousers from?,0.0,114,12
17953080798557214,story,2,2023-09-14,13:36,Thu,13,"today's a long travel day outfit was built around baggy denim in tomato red; changed only the shoes and it completely shifted the look. I almost changed the outfit, then decided the slightly undone look was better. This one made the final cut. I changed the shoes just before leaving, between two meetings.",306,0,8,#ootd #styleinspo #fashionindia #desifashion #bangalorefashion #collegeoutfit #modernprep #baggyjeans,1,49580,2706,5.5,3007,0,16,0,8,27,2,24,0.89,0.0,0.3,7.407,0,repeat_outfit:16,the scarf detail is so good,0.0,114,12
17931381325917531,reel,2,2023-09-14,13:40,Thu,13,"trying a co-ord set for a beach evening without making the look feel too styled; made the outfit work for both daytime and evening. the camera makes it look dressier than it felt in real life. I would wear this one again. I changed the shoes just before leaving, before dinner.",277,0,9,#fashiondiaries #mumbaistyle #festivefashion #linenstyle #coordset #coords #matchingset #summerstyle #easyoutfits,1,49662,11679,23.5,23456,803,26,18,95,182,7,942,8.07,0.15,0.81,3.846,1,styling_question:26,can you do a budget version?,3.8,114,12
17982882667576087,reel,2,2023-09-14,17:44,Thu,17,"the plan was simple: a slip dress in off-white, ankle boots, and a vintage watch for a first-date outfit; kept the colours tonal. I changed the shoes just before leaving, on the way to brunch.",192,0,10,#indowestern #slipdress #dressstyle #eveninglook #minimalfashion #dateoutfit #fashiondiaries #fashionreels #reelsindia #genzfashion,1,49580,2148,4.3,2475,0,18,0,6,21,2,24,1.12,0.0,0.28,9.524,0,repeat_outfit:18,the layering is perfect,0.0,114,12
17914952966054967,reel,2,2023-09-14,17:50,Thu,17,"one of those outfits that looked better once I stopped overthinking it: a tailored vest in sage for a regular Monday, with wore it with flats because looking good and being comfortable can coexist. This one made the final cut. I changed the shoes just before leaving, during a quick city stop.",293,0,11,#suiting #modernstyle #minimalfashion #styleblogger #indianfashion #outfitideas #personalstyle #fashioncreator #chennaistyle #brunchoutfit #resortwear,4,49669,8037,16.2,12425,471,9,16,82,160,7,578,7.19,0.2,1.02,4.375,0,styling_question:9,where is the shirt from?,11.1,114,12
17902132490222201,reel,2,2023-09-14,19:40,Thu,19,"for a festive lunch, I wanted something current but still practical, so I paired a knit polo with loafers and a structured shoulder bag; I would genuinely repeat this instead of saving it and forgetting about it. The butter yellow detail was the part I nearly skipped. I changed the shoes just before leaving, before the rain arrived.",334,0,7,#fashioncreator #everydaystyle #fashioncontent #ootdindia #outfitinspiration #delhistyle #nightoutfit,1,49676,15997,32.2,30752,842,25,9,130,307,9,1006,6.29,0.06,0.81,2.932,2,repeat_outfit:25,love the colour combination,4.0,114,12
17916760766057140,reel,2,2023-09-14,20:04,Thu,20,"repeating pieces from my wardrobe again: a satin skirt in deep burgundy for a night out, styled around added one statement accessory. I would wear this one again. I changed the shoes just before leaving, after sunset.",217,0,8,#trendalert #streetstyle #hyderabadfashion #weddinggueststyle #baggyfits #satinskirt #eveningstyle #femininefashion,1,49580,2355,4.7,2774,0,23,0,7,23,2,30,1.27,0.0,0.3,8.696,0,styling_question:23,would this work with flats?,0.0,114,12
17933789501222453,reel,2,2023-09-14,20:09,Thu,20,"if I had to make a striped button-down work for a work presentation, this is how I would do it: swapped heels for sneakers at the last minute, then sneakers and chunky earrings. I changed the shoes just before leaving, for the second half of the day.",250,0,9,#dateoutfit #layeringstyle #stripedshirt #buttondown #preppystyle #classicstyle #outfitideas #streetstyle #stylingtips,1,49580,2808,5.7,2959,0,19,0,8,28,2,27,0.96,0.0,0.28,7.143,0,repeat_outfit:19,the proportions are so good,0.0,114,12
17975827688227199,carousel,2,2023-09-14,20:22,Thu,20,"the outfit started with a simple white shirt and somehow became my favourite look for a Sunday family lunch; mixed it with something I already owned. this feels much more like real-life fashion than a perfectly styled shoot. This one made the final cut. I changed the shoes just before leaving, before heading back home.",320,0,10,#wardrobestaples #capsulewardrobe #minimalstyle #classicfashion #fashionindia #desifashion #fashionreelsindia #indianstyle #wardrobe #bangalorefashion,1,49580,3427,6.9,3695,0,10,0,10,34,3,20,0.58,0.0,0.29,8.824,0,styling_question:10,this feels very current,0.0,114,12
17904940363293699,reel,2,2023-09-14,22:07,Thu,22,"not a full trend overhaul, just a rugby shirt in olive for a content shoot; kept the accessories intentionally minimal. I wanted something current without looking like I copied a mood board. I would wear this one again. I changed the shoes just before leaving, for a casual photo walk.",285,0,11,#collegestyle #wardrobe #fashiondiaries #fashionreels #reelsindia #genzfashion #mumbaistyle #traveloutfit #scarfstyle #rugbyshirt #preppyfashion,1,49580,3942,8.0,5112,0,28,0,11,39,3,39,0.99,0.0,0.28,7.692,0,repeat_outfit:28,please do more everyday outfits,0.0,114,12
17949222948873256,reel,2,2023-09-14,22:14,Thu,22,"wore a boxy blazer in soft grey for late class; used the same pieces I wore last week, finished it with retro trainers and a leather belt. I finally understand why this silhouette keeps showing up on my feed. the belt was a last-minute decision, for the morning.",262,0,7,#blazerstyle #tailoredstyle #smartcasual #streetstyle #workwear #genzfashion #styleblogger,1,49580,2638,5.3,3424,0,10,0,7,26,2,17,0.64,0.0,0.27,7.692,0,styling_question:10,saving this for my next brunch,0.0,114,12
17949292103943759,reel,3,2023-09-15,02:20,Fri,2,"today's coffee run outfit was built around a maxi skirt in chocolate brown; played with proportions rather than prints. I almost changed the outfit, then decided the slightly undone look was better. This one made the final cut. the belt was a last-minute decision, for the afternoon.",283,0,8,#chennaistyle #collegeoutfit #denimstyle #maxiskirt #skirtstyle #summeroutfits #femininefashion #everydayfashion,1,49700,18878,38.0,36730,1065,20,18,126,263,10,1229,6.51,0.1,0.67,3.802,0,repeat_outfit:20,how would you style this for a wedding?,25.0,158,13
17973522372471454,reel,3,2023-09-15,09:00,Fri,9,"trying a scarf top for college fest without making the look feel too styled; layered it for the unpredictable weather. the camera makes it look dressier than it felt in real life. The cream detail was the part I nearly skipped. the belt was a last-minute decision, for golden hour.",281,0,9,#scarfstyle #scarftop #silkstyle #2026fashion #stylingideas #ootdindia #outfitinspiration #styleideas #urbanstyle,1,49710,8398,16.9,15315,537,14,4,71,126,3,626,7.45,0.05,0.85,2.381,0,styling_question:14,the second look is my favourite,21.4,158,13
17972751872252200,reel,3,2023-09-15,10:29,Fri,10,"the plan was simple: a crochet top in cobalt blue, loafers, and small sunglasses for airport morning; added a scarf because the outfit needed something softer. the belt was a last-minute decision, for a long day out.",216,0,10,#resortstyle #texturedfashion #trendalert #streetstyle #stylingtips #ootd #styleinspo #hyderabadfashion #weekendstyle #tailoredstyle,1,49700,2996,6.0,3791,0,11,0,8,29,2,19,0.63,0.0,0.27,6.897,0,repeat_outfit:11,need the jeans link,0.0,158,13
17953325095143144,reel,3,2023-09-15,13:02,Fri,13,"one of those outfits that looked better once I stopped overthinking it: a linen shirt in butter yellow for Sunday brunch, with mixed an Indian piece with western basics. This one made the final cut. the belt was a last-minute decision, for the first coffee run.",261,0,11,#fashionindia #desifashion #fashionreelsindia #indianstyle #punefashion #brunchoutfit #slowfashion #linenstyle #summerstyle #linenlook #resortwear,1,49700,3495,7.0,3724,0,31,0,10,34,3,41,1.17,0.0,0.29,8.824,0,styling_question:31,okay the bag is everything,0.0,158,13
17929295052059226,reel,3,2023-09-15,13:41,Fri,13,"for office-to-dinner plans, I wanted something current but still practical, so I paired a fitted tank with an oversized shirt with sneakers and a simple ring stack; I would genuinely repeat this instead of saving it and forgetting about it. the belt was a last-minute decision, for the walk home.",296,0,7,#reelsindia #bangalorefashion #nightoutfit #handloom #layeredlook #tanktop #oversizedstyle,1,49700,2370,4.8,2752,0,7,0,7,23,2,14,0.59,0.0,0.3,8.696,0,repeat_outfit:7,this is exactly my style,0.0,158,13
17950867991911239,carousel,3,2023-09-15,13:45,Fri,13,"repeating pieces from my wardrobe again: a handloom kurta in ivory for a last-minute house party, styled around added a belt to give the outfit some shape. This one made the final cut. the belt was a last-minute decision, for a warm evening.",241,0,8,#thriftedfashion #handloom #indiantextiles #slowfashion #indianwear #craftsmanship #reelsindia #genzfashion,1,49700,3398,6.8,4357,0,40,0,10,33,3,50,1.47,0.0,0.29,9.091,0,styling_question:40,this is actually wearable,0.0,158,13
17957009649786764,reel,3,2023-09-15,14:00,Fri,14,"if I had to make a cotton saree work for a rainy commute, this is how I would do it: balanced the oversized shape with a cleaner bottom, then mules and a canvas tote. the belt was a last-minute decision, for the cooler part of the day.",235,0,9,#indianfashion #contemporarysaree #desifashion #outfitideas #personalstyle #fashioncreator #everydaystyle #fashioncontent #indianstreetstyle,1,49713,10517,21.2,23180,568,11,20,112,171,7,711,6.76,0.19,1.06,4.094,0,repeat_outfit:11,this is such a good repeat outfit,0.0,158,13
17981996119674880,reel,3,2023-09-15,19:30,Fri,19,"the outfit started with a halter top and somehow became my favourite look for a friend's birthday; repeated an old favourite instead of buying something new. this feels much more like real-life fashion than a perfectly styled shoot. This one made the final cut. the belt was a last-minute decision, before the plans started.",324,0,10,#fashioncontent #ootdindia #outfitinspiration #styleideas #urbanstyle #chennaistyle #casualoutfit #statementaccessories #haltertop #eveningstyle,1,49720,88072,177.1,242679,4838,95,198,640,1468,113,5771,6.55,0.22,0.73,7.698,0,styling_question:95,adding this to my outfit board,13.3,158,13
17992015024658121,reel,3,2023-09-15,20:11,Fri,20,"not a full trend overhaul, just a straight-leg jean in forest green for a casual date; went for comfort instead of forcing the trend. I wanted something current without looking like I copied a mood board. The dusty pink detail was the part I nearly skipped. the belt was a last-minute decision, after the plans changed.",319,0,11,#stylingtips #ootd #delhistyle #traveloutfit #desimaximalism #straightlegjeans #denimstyle #jeansandate #casualstyle #wardrobestaples #urbanstyle,1,49700,3210,6.5,3401,0,26,0,9,32,3,35,1.09,0.0,0.28,9.375,26,repeat_outfit:26,the shoes made the outfit,0.0,158,13
17998831339927120,story,3,2023-09-15,20:26,Fri,20,"wore a denim jacket in dusty pink for a family dinner; used a thrifted piece as the hero, finished it with strappy sandals and silver hoops. I finally understand why this silhouette keeps showing up on my feed. the belt was a last-minute decision, while travelling.",265,0,7,#workwear #coordset #denimjacket #layeringseason #denimstyle #streetstyle #casualfashion,1,49700,2372,4.8,2530,0,15,0,7,23,2,22,0.93,0.0,0.3,8.696,0,styling_question:15,where are the trousers from?,0.0,158,13
17925535453549552,reel,3,2023-09-15,20:28,Fri,20,"today's a gallery visit outfit was built around a printed skirt in tomato red; changed only the shoes and it completely shifted the look. I almost changed the outfit, then decided the slightly undone look was better. This one made the final cut. the belt was a last-minute decision, between two meetings.",304,0,8,#punefashion #collegeoutfit #modernprep #printedskirt #printmixing #statementstyle #outfitinspo #fashionreels,1,49700,3928,7.9,4680,0,11,0,11,39,3,22,0.56,0.0,0.28,7.692,0,repeat_outfit:11,the scarf detail is so good,0.0,158,13
17913559932899090,reel,3,2023-09-15,20:54,Fri,20,"trying a lightweight trench for a weekend in Goa without making the look feel too styled; made the outfit work for both daytime and evening. the camera makes it look dressier than it felt in real life. This one made the final cut. the belt was a last-minute decision, before dinner.",282,0,9,#outerwear #fashionreels #reelsindia #genzfashion #styleblogger #indianfashion #bangalorefashion #festivefashion #linenstyle,1,49700,2711,5.5,3289,0,14,0,8,27,2,22,0.81,0.0,0.3,7.407,14,styling_question:14,can you do a budget version?,0.0,158,13
17991570793810998,reel,3,2023-09-15,22:50,Fri,22,"the plan was simple: a relaxed kurta in off-white, sneakers, and a slim belt for a quick trip to Bengaluru; kept the colours tonal. the belt was a last-minute decision, on the way to brunch.",190,0,10,#desistyle #everydayethnic #indianfashion #outfitideas #personalstyle #fashioncreator #everydaystyle #mumbaistyle #weekendstyle #kurta,1,49833,21955,44.1,60493,1495,31,32,254,396,16,1812,8.25,0.15,1.16,4.04,1,repeat_outfit:31,the layering is perfect,6.5,158,13
17936084034172992,story,3,2023-09-15,22:50,Fri,22,"one of those outfits that looked better once I stopped overthinking it: a vintage tee in sage for a wedding function, with wore it with flats because looking good and being comfortable can coexist. This one made the final cut. the belt was a last-minute decision, during a quick city stop.",289,0,11,#indianstreetstyle #brunchoutfit #resortwear #vintagestyle #graphictee #thriftstyle #streetwear #retrofashion #everydaystyle #fashioncontent #ootdindia,1,49700,2586,5.2,3234,0,28,0,7,25,2,35,1.35,0.0,0.27,8.0,28,styling_question:28,where is the shirt from?,0.0,158,13
17924489460081457,reel,3,2023-09-16,00:30,Sat,0,"for a rooftop dinner, I wanted something current but still practical, so I paired a lightweight bomber with mules and a vintage watch; I would genuinely repeat this instead of saving it and forgetting about it. the belt was a last-minute decision, before the rain arrived.",272,0,7,#chennaistyle #nightoutfit #capsulewardrobe #bomberjacket #streetwear #layeringstyle #urbanstyle,1,49866,43148,86.5,93380,2575,82,50,398,797,30,3105,7.2,0.12,0.92,3.764,1,repeat_outfit:82,love the colour combination,16.7,90,8
17969947759137835,carousel,3,2023-09-16,01:00,Sat,1,"repeating pieces from my wardrobe again: a wide-leg trouser in deep burgundy for a movie night, styled around added one statement accessory. The cobalt blue detail was the part I nearly skipped. the belt was a last-minute decision, after sunset.",245,0,8,#streetstyle #everydaystyle #stylingtips #ootd #styleinspo #fashionindia #desifashion #delhistyle,1,49896,13401,26.9,31730,874,17,9,67,267,6,967,7.22,0.07,0.5,2.247,0,styling_question:17,would this work with flats?,17.6,90,8
17917792436078183,story,3,2023-09-16,09:08,Sat,9,"if I had to make a cropped cardigan work for a day of errands, this is how I would do it: swapped heels for sneakers at the last minute, then ankle boots and a structured shoulder bag. the belt was a last-minute decision, for the second half of the day.",253,0,9,#fashionreelsindia #indianstyle #wardrobe #fashiondiaries #hyderabadfashion #dateoutfit #layeringstyle #cardiganstyle #layering,1,49866,2706,5.4,3198,0,11,0,8,27,2,19,0.7,0.0,0.3,7.407,11,repeat_outfit:11,the proportions are so good,0.0,90,8
17978230082803869,carousel,3,2023-09-16,09:10,Sat,9,"the outfit started with a pleated trouser and somehow became my favourite look for a client meeting; mixed it with something I already owned. this feels much more like real-life fashion than a perfectly styled shoot. This one made the final cut. the belt was a last-minute decision, before heading back home.",308,0,10,#styleblogger #punefashion #casualoutfit #quietluxury #pleatedtrousers #tailoredstyle #smartcasual #menswearinspired #modernclassic #fashiondiaries,1,49902,6587,13.2,10014,411,7,11,88,129,5,517,7.85,0.17,1.34,3.876,0,styling_question:7,this feels very current,14.3,90,8
17979209791797171,image,3,2023-09-16,10:04,Sat,10,"not a full trend overhaul, just a cargo trouser in olive for a music gig; kept the accessories intentionally minimal. I wanted something current without looking like I copied a mood board. This one made the final cut. the belt was a last-minute decision, for a casual photo walk.",279,0,11,#scarfstyle #cargopants #streetwearindia #utilitystyle #baggyfits #streetstyle #styleblogger #indianfashion #outfitideas #personalstyle #fashioncreator,1,49866,2535,5.1,2991,0,17,0,7,25,2,24,0.95,0.0,0.28,8.0,0,repeat_outfit:17,please do more everyday outfits,0.0,90,8
17944162647807665,image,3,2023-09-16,11:50,Sat,11,"wore a structured mini bag in soft grey for a flea market afternoon; used the same pieces I wore last week, finished it with ballet flats and layered necklaces. I finally understand why this silhouette keeps showing up on my feed. the neckline worked better than expected, for the morning.",289,0,7,#accessories #everydayluxury #fashiondetails #fashioncreator #everydaystyle #fashioncontent #ootdindia,8,49907,3041,6.1,4761,204,8,7,37,54,2,256,8.42,0.23,1.22,3.704,0,styling_question:8,saving this for my next brunch,25.0,90,8
17946656114612479,reel,3,2023-09-16,14:20,Sat,14,"today's a long travel day outfit was built around baggy denim in chocolate brown; played with proportions rather than prints. I almost changed the outfit, then decided the slightly undone look was better. This one made the final cut. the neckline worked better than expected, for the afternoon.",294,0,8,#indianstreetstyle #collegeoutfit #baggyjeans #denimstyle #denimfit #streetstyle #everydaydenim #outfitinspiration,1,49909,24826,49.7,67420,1652,43,29,227,435,20,1951,7.86,0.12,0.91,4.598,1,repeat_outfit:43,how would you style this for a wedding?,7.0,90,8
17920563548365077,reel,3,2023-09-16,17:00,Sat,17,"trying a co-ord set for a beach evening without making the look feel too styled; layered it for the unpredictable weather. the camera makes it look dressier than it felt in real life. This one made the final cut. the neckline worked better than expected, for golden hour.",271,0,9,#styleinspo #fashionindia #chennaistyle #festivefashion #coastalstyle #coordset #coords #matchingset #summerstyle,1,49866,2644,5.3,2856,0,19,0,7,26,2,26,0.98,0.0,0.26,7.692,0,styling_question:19,the second look is my favourite,0.0,90,8
17921292537065584,reel,3,2023-09-16,17:16,Sat,17,"the plan was simple: a slip dress in cobalt blue, mules, and a silk scarf for a first-date outfit; added a scarf because the outfit needed something softer. The deep burgundy detail was the part I nearly skipped. the neckline worked better than expected, for a long day out.",274,0,10,#weekendstyle #tailoredstyle #slipdress #dressstyle #eveninglook #minimalfashion #dateoutfit #fashionindia #desifashion #fashionreelsindia,1,49866,3035,6.1,3755,0,30,0,9,30,3,39,1.29,0.0,0.3,10.0,0,repeat_outfit:30,need the jeans link,0.0,90,8
17974589368408332,image,3,2023-09-16,17:17,Sat,17,"one of those outfits that looked better once I stopped overthinking it: a tailored vest in butter yellow for a regular Monday, with mixed an Indian piece with western basics. This one made the final cut. the neckline worked better than expected, for the first coffee run.",271,0,11,#veststyle #suiting #modernstyle #minimalfashion #wardrobe #fashiondiaries #fashionreels #reelsindia #genzfashion #hyderabadfashion #brunchoutfit,1,49866,3143,6.3,4082,0,30,0,9,31,3,39,1.24,0.0,0.29,9.677,0,styling_question:30,okay the bag is everything,0.0,90,8
17925306059665895,carousel,3,2023-09-16,17:44,Sat,17,"for a festive lunch, I wanted something current but still practical, so I paired a knit polo with ankle boots and small sunglasses; I would genuinely repeat this instead of saving it and forgetting about it. the neckline worked better than expected, for the walk home.",268,0,7,#everydaymenswear #genzfashion #styleblogger #indianfashion #outfitideas #personalstyle #punefashion,1,49866,3630,7.3,4166,0,18,0,10,36,3,28,0.77,0.0,0.28,8.333,0,repeat_outfit:18,this is exactly my style,0.0,90,8
17949373011127582,carousel,3,2023-09-16,17:59,Sat,17,"repeating pieces from my wardrobe again: a satin skirt in ivory for a night out, styled around added a belt to give the outfit some shape. This one made the final cut. the neckline worked better than expected, for a warm evening.",229,0,8,#everydaystyle #fashioncontent #ootdindia #bangalorefashion #weddinggueststyle #thriftedfashion #satinskirt #eveningstyle,1,49866,2052,4.1,2227,0,5,0,6,20,2,11,0.54,0.0,0.29,10.0,0,styling_question:5,this is actually wearable,0.0,90,8
17958841578759619,reel,3,2023-09-16,19:00,Sat,19,"if I had to make a striped button-down work for a work presentation, this is how I would do it: balanced the oversized shape with a cleaner bottom, then loafers and a simple ring stack. the neckline worked better than expected, for the cooler part of the day.",259,0,9,#mumbaistyle #dateoutfit #oversizedstyle #stripedshirt #buttondown #preppystyle #classicstyle #outfitideas #ootdindia,1,49929,19121,38.3,51441,1128,46,46,114,375,11,1334,6.98,0.24,0.6,2.933,2,repeat_outfit:46,this is such a good repeat outfit,8.7,90,8
17906884834797143,reel,3,2023-09-16,20:12,Sat,20,"the outfit started with a simple white shirt and somehow became my favourite look for a Sunday family lunch; repeated an old favourite instead of buying something new. this feels much more like real-life fashion than a perfectly styled shoot. This one made the final cut. the neckline worked better than expected, before the plans started.",339,0,10,#whiteshirt #wardrobestaples #capsulewardrobe #minimalstyle #classicfashion #trendalert #streetstyle #stylingtips #ootd #styleinspo,1,49866,3225,6.5,3908,0,9,0,9,32,3,18,0.56,0.0,0.28,9.375,0,styling_question:9,adding this to my outfit board,0.0,90,8
17954614578491922,reel,3,2023-09-16,20:30,Sat,20,"not a full trend overhaul, just a rugby shirt in forest green for a content shoot; went for comfort instead of forcing the trend. I wanted something current without looking like I copied a mood board. This one made the final cut. the neckline worked better than expected, after the plans changed.",296,0,11,#casualstyle #collegestyle #styleinspo #fashionindia #desifashion #fashionreelsindia #indianstyle #chennaistyle #traveloutfit #desimaximalism #rugbyshirt,1,49866,2863,5.7,3341,0,29,0,8,28,2,37,1.29,0.0,0.28,7.143,0,repeat_outfit:29,the shoes made the outfit,0.0,90,8
17995919453364314,carousel,3,2023-09-16,20:37,Sat,20,"wore a boxy blazer in dusty pink for late class; used a thrifted piece as the hero, finished it with kitten heels and chunky earrings. I finally understand why this silhouette keeps showing up on my feed. The forest green detail was the part I nearly skipped. the neckline worked better than expected, while travelling.",319,0,7,#wardrobe #fashiondiaries #fashionreels #reelsindia #delhistyle #coordset #blazerstyle,1,49866,2249,4.5,2588,0,19,0,6,22,2,25,1.11,0.0,0.27,9.091,0,styling_question:19,where are the trousers from?,0.0,90,8
17947255078129838,reel,3,2023-09-17,09:18,Sun,9,"today's coffee run outfit was built around a maxi skirt in tomato red; changed only the shoes and it completely shifted the look. I almost changed the outfit, then decided the slightly undone look was better. This one made the final cut. the neckline worked better than expected, between two meetings.",301,0,8,#outfitideas #hyderabadfashion #collegeoutfit #modernprep #maxiskirt #skirtstyle #summeroutfits #femininefashion,1,49954,2447,4.9,2583,0,14,0,7,24,2,21,0.86,0.0,0.29,8.333,0,repeat_outfit:14,the scarf detail is so good,0.0,62,14
17998011276148182,reel,3,2023-09-17,10:15,Sun,10,"trying a scarf top for college fest without making the look feel too styled; made the outfit work for both daytime and evening. the camera makes it look dressier than it felt in real life. This one made the final cut. the neckline worked better than expected, before dinner.",274,0,9,#linenstyle #scarfstyle #scarftop #silkstyle #2026fashion #stylingideas #outfitideas #personalstyle #fashioncreator,1,49954,3193,6.4,4039,0,25,0,9,31,3,34,1.06,0.0,0.28,9.677,0,styling_question:25,can you do a budget version?,0.0,62,14
17925291730204562,reel,3,2023-09-17,10:59,Sun,10,"the plan was simple: a crochet top in off-white, ankle boots, and a leather belt for airport morning; kept the colours tonal. the neckline worked better than expected, on the way to brunch.",189,0,10,#handmadefashion #resortstyle #texturedfashion #fashioncontent #ootdindia #outfitinspiration #styleideas #urbanstyle #bangalorefashion #weekendstyle,1,49954,2075,4.2,2284,0,15,0,6,20,2,21,1.01,0.0,0.29,10.0,15,repeat_outfit:15,the layering is perfect,0.0,62,14
17942246451252714,image,3,2023-09-17,11:30,Sun,11,"one of those outfits that looked better once I stopped overthinking it: a linen shirt in sage for Sunday brunch, with wore it with flats because looking good and being comfortable can coexist. This one made the final cut. the neckline worked better than expected, during a quick city stop.",289,0,11,#trendalert #streetstyle #stylingtips #ootd #mumbaistyle #brunchoutfit #linenstyle #summerstyle #linenlook #resortwear #minimalstyle,1,49954,10632,21.3,26761,690,16,8,107,184,4,821,7.72,0.08,1.01,2.174,0,styling_question:16,where is the shirt from?,18.8,62,14
17973438268297524,carousel,3,2023-09-17,13:11,Sun,13,"for office-to-dinner plans, I wanted something current but still practical, so I paired a fitted tank with an oversized shirt with loafers and a slim belt; I would genuinely repeat this instead of saving it and forgetting about it. the neckline worked better than expected, before the rain arrived.",298,0,7,#desifashion #fashionreelsindia #indianstreetstyle #nightoutfit #capsulewardrobe #layeredlook #tanktop,1,49954,3074,6.2,3566,0,25,0,9,30,3,34,1.11,0.0,0.29,10.0,0,repeat_outfit:25,love the colour combination,0.0,62,14
17990111076586310,reel,3,2023-09-17,13:32,Sun,13,"repeating pieces from my wardrobe again: a handloom kurta in deep burgundy for a last-minute house party, styled around added one statement accessory. This one made the final cut. the neckline worked better than expected, after sunset.",235,0,8,#weddinggueststyle #baggyfits #handloom #indiantextiles #slowfashion #indianwear #craftsmanship #fashionreelsindia,1,49954,3715,7.4,4391,0,41,0,11,37,3,52,1.4,0.0,0.3,8.108,0,styling_question:41,would this work with flats?,0.0,62,14
17917821686611801,reel,3,2023-09-17,13:35,Sun,13,"if I had to make a cotton saree work for a rainy commute, this is how I would do it: swapped heels for sneakers at the last minute, then sneakers and a vintage watch. The cherry red detail was the part I nearly skipped. the neckline worked better than expected, for the second half of the day.",293,0,9,#contemporarysaree #desifashion #fashionreels #reelsindia #genzfashion #styleblogger #delhistyle #dateoutfit #layeringstyle,1,49954,3818,7.6,4576,0,41,0,11,38,3,52,1.36,0.0,0.29,7.895,0,repeat_outfit:41,the proportions are so good,0.0,62,14
17913851344796440,reel,3,2023-09-17,13:38,Sun,13,"the outfit started with a halter top and somehow became my favourite look for a friend's birthday; mixed it with something I already owned. this feels much more like real-life fashion than a perfectly styled shoot. This one made the final cut. the neckline worked better than expected, before heading back home.",311,0,10,#trendstyle #indianfashion #outfitideas #personalstyle #fashioncreator #everydaystyle #hyderabadfashion #casualoutfit #quietluxury #haltertop,1,49954,2637,5.3,3376,0,10,0,7,26,2,17,0.64,0.0,0.27,7.692,0,styling_question:10,this feels very current,0.0,62,14
17936275644276758,story,3,2023-09-17,14:20,Sun,14,"not a full trend overhaul, just a straight-leg jean in olive for a casual date; kept the accessories intentionally minimal. I wanted something current without looking like I copied a mood board. This one made the final cut. the neckline worked better than expected, for a casual photo walk.",290,0,11,#ootdindia #outfitinspiration #styleideas #punefashion #traveloutfit #scarfstyle #straightlegjeans #denimstyle #jeansandate #casualstyle #wardrobestaples,1,49958,11122,22.3,20744,711,22,15,120,213,8,868,7.8,0.13,1.08,3.756,0,repeat_outfit:22,please do more everyday outfits,9.1,62,14
17962648309999075,reel,3,2023-09-17,17:30,Sun,17,"wore a denim jacket in soft grey for a family dinner; used the same pieces I wore last week, finished it with retro trainers and a canvas tote. I finally understand why this silhouette keeps showing up on my feed. I wanted the outfit to breathe in the heat, for the morning.",274,0,7,#denimjacket #layeringseason #denimstyle #streetstyle #casualfashion #styleideas #urbanstyle,1,49966,17209,34.4,42371,1176,27,25,195,299,11,1423,8.27,0.15,1.13,3.679,1,styling_question:27,saving this for my next brunch,18.5,62,14
17925046257650297,carousel,3,2023-09-17,19:30,Sun,19,"today's a gallery visit outfit was built around a printed skirt in chocolate brown; played with proportions rather than prints. I almost changed the outfit, then decided the slightly undone look was better. This one made the final cut. I wanted the outfit to breathe in the heat, for the afternoon.",298,0,8,#printedskirt #printmixing #statementstyle #outfitinspo #fashionreels #stylingtips #ootd #styleinspo,1,49977,21271,42.6,27919,1443,26,42,265,339,17,1776,8.35,0.2,1.25,5.015,0,repeat_outfit:26,how would you style this for a wedding?,7.7,62,14
17942372724792761,carousel,3,2023-09-17,20:50,Sun,20,"trying a lightweight trench for a weekend in Goa without making the look feel too styled; layered it for the unpredictable weather. the camera makes it look dressier than it felt in real life. This one made the final cut. I wanted the outfit to breathe in the heat, for golden hour.",282,0,9,#citystyle #outerwear #desifashion #fashionreelsindia #indianstyle #wardrobe #fashiondiaries #indianstreetstyle #festivefashion,1,49954,2818,5.6,3408,0,16,0,8,28,2,24,0.85,0.0,0.28,7.143,0,styling_question:16,the second look is my favourite,0.0,62,14
17906023737744056,reel,3,2023-09-17,21:10,Sun,21,"the plan was simple: a relaxed kurta in cobalt blue, loafers, and silver hoops for a quick trip to Bengaluru; added a scarf because the outfit needed something softer. I wanted the outfit to breathe in the heat, for a long day out.",231,0,10,#fashionreels #reelsindia #genzfashion #styleblogger #chennaistyle #weekendstyle #tailoredstyle #kurta #indianwear #indowestern,1,49994,16087,32.2,37585,822,20,19,119,219,8,980,6.09,0.12,0.74,3.653,0,repeat_outfit:20,need the jeans link,5.0,62,14
17900575722840936,reel,3,2023-09-17,22:24,Sun,22,"one of those outfits that looked better once I stopped overthinking it: a vintage tee in butter yellow for a wedding function, with mixed an Indian piece with western basics. The terracotta detail was the part I nearly skipped. I wanted the outfit to breathe in the heat, for the first coffee run.",297,0,11,#fashioncreator #delhistyle #brunchoutfit #slowfashion #vintagestyle #graphictee #thriftstyle #streetwear #retrofashion #styleblogger #indianfashion,1,49954,3849,7.7,4345,0,45,0,11,38,3,56,1.45,0.0,0.29,7.895,0,styling_question:45,okay the bag is everything,0.0,62,14
17935405260464132,reel,3,2023-09-17,23:40,Sun,23,"for a rooftop dinner, I wanted something current but still practical, so I paired a lightweight bomber with sneakers and a silk scarf; I would genuinely repeat this instead of saving it and forgetting about it. I wanted the outfit to breathe in the heat, for the walk home.",273,0,7,#handloom #bomberjacket #streetwear #layeringstyle #urbanstyle #casualfits #fashioncreator,1,50002,16819,33.6,38357,1003,30,8,107,239,5,1148,6.83,0.05,0.64,2.092,0,repeat_outfit:30,this is exactly my style,16.7,62,14
17939174820200291,carousel,3,2023-09-18,00:40,Mon,0,"repeating pieces from my wardrobe again: a wide-leg trouser in ivory for a movie night, styled around added a belt to give the outfit some shape. This one made the final cut. I wanted the outfit to breathe in the heat, for a warm evening.",238,0,8,#styleideas #urbanstyle #trendalert #punefashion #weddinggueststyle #thriftedfashion #widelegpants #widelegtrousers,1,50015,24371,48.7,48708,1503,30,17,161,401,11,1711,7.02,0.07,0.66,2.743,2,styling_question:30,this is actually wearable,23.3,87,6
17913362532562413,carousel,3,2023-09-18,09:15,Mon,9,"if I had to make a cropped cardigan work for a day of errands, this is how I would do it: balanced the oversized shape with a cleaner bottom, then mules and small sunglasses. I wanted the outfit to breathe in the heat, for the cooler part of the day.",250,0,9,#streetstyle #stylingtips #ootd #styleinspo #fashionindia #bangalorefashion #dateoutfit #oversizedstyle #cardiganstyle,1,50015,2168,4.3,2552,0,23,0,6,21,2,29,1.34,0.0,0.28,9.524,0,repeat_outfit:23,this is such a good repeat outfit,0.0,87,6
17926360683893502,reel,3,2023-09-18,09:30,Mon,9,"the outfit started with a pleated trouser and somehow became my favourite look for a client meeting; repeated an old favourite instead of buying something new. this feels much more like real-life fashion than a perfectly styled shoot. This one made the final cut. I wanted the outfit to breathe in the heat, before the plans started.",333,0,10,#indianstyle #wardrobe #mumbaistyle #casualoutfit #statementaccessories #pleatedtrousers #tailoredstyle #smartcasual #menswearinspired #modernclassic,1,50026,4199,8.4,9984,260,8,2,37,82,2,307,7.31,0.05,0.88,2.439,0,styling_question:8,adding this to my outfit board,12.5,87,6
17923865828551658,reel,3,2023-09-18,10:47,Mon,10,"not a full trend overhaul, just a cargo trouser in forest green for a music gig; went for comfort instead of forcing the trend. I wanted something current without looking like I copied a mood board. This one made the final cut. I wanted the outfit to breathe in the heat, after the plans changed.",296,0,11,#traveloutfit #desimaximalism #cargopants #streetwearindia #utilitystyle #baggyfits #streetstyle #wardrobe #fashiondiaries #fashionreels #reelsindia,1,50015,2148,4.3,2685,0,21,0,6,21,2,27,1.26,0.0,0.28,9.524,21,repeat_outfit:21,the shoes made the outfit,0.0,87,6
17950136608871884,carousel,3,2023-09-18,13:10,Mon,13,"wore a structured mini bag in dusty pink for a flea market afternoon; used a thrifted piece as the hero, finished it with strappy sandals and a structured shoulder bag. I finally understand why this silhouette keeps showing up on my feed. I wanted the outfit to breathe in the heat, while travelling.",300,0,7,#bagstyle #accessories #everydayluxury #fashiondetails #genzfashion #styleblogger #indianfashion,1,50028,18418,36.8,40253,1187,49,23,207,328,15,1466,7.96,0.12,1.12,4.573,2,styling_question:49,where are the trousers from?,12.2,87,6
17905976535728375,reel,3,2023-09-18,17:31,Mon,17,"today's a long travel day outfit was built around baggy denim in tomato red; changed only the shoes and it completely shifted the look. I almost changed the outfit, then decided the slightly undone look was better. The washed blue detail was the part I nearly skipped. I wanted the outfit to breathe in the heat, between two meetings.",334,0,8,#everydaydenim #personalstyle #fashioncreator #everydaystyle #fashioncontent #ootdindia #delhistyle #collegeoutfit,1,50015,3912,7.8,4317,0,28,0,11,39,3,39,1.0,0.0,0.28,7.692,0,repeat_outfit:28,the scarf detail is so good,0.0,87,6
17914518131034724,reel,3,2023-09-18,17:38,Mon,17,"trying a co-ord set for a beach evening without making the look feel too styled; made the outfit work for both daytime and evening. the camera makes it look dressier than it felt in real life. This one made the final cut. I wanted the outfit to breathe in the heat, before dinner.",280,0,9,#styleideas #urbanstyle #trendalert #hyderabadfashion #festivefashion #linenstyle #coordset #coords #matchingset,1,50015,3858,7.7,4157,0,41,0,11,38,3,52,1.35,0.0,0.29,7.895,0,styling_question:41,can you do a budget version?,0.0,87,6
17946761093082300,reel,3,2023-09-18,20:58,Mon,20,"the plan was simple: a slip dress in off-white, sneakers, and layered necklaces for a first-date outfit; kept the colours tonal. I wanted the outfit to breathe in the heat, on the way to brunch.",194,0,10,#punefashion #weekendstyle #indowestern #slipdress #dressstyle #eveninglook #minimalfashion #dateoutfit #trendalert #streetstyle,1,50015,2549,5.1,2865,0,26,0,7,25,2,33,1.29,0.0,0.27,8.0,0,repeat_outfit:26,the layering is perfect,0.0,87,6
17968518973606776,reel,3,2023-09-18,22:10,Mon,22,"one of those outfits that looked better once I stopped overthinking it: a tailored vest in sage for a regular Monday, with wore it with flats because looking good and being comfortable can coexist. This one made the final cut. I wanted the outfit to breathe in the heat, during a quick city stop.",296,0,11,#tailoredvest #veststyle #suiting #modernstyle #minimalfashion #styleinspo #fashionindia #desifashion #fashionreelsindia #indianstyle #bangalorefashion,1,50043,28357,56.7,76319,1771,45,20,221,474,16,2057,7.25,0.07,0.78,3.376,1,styling_question:45,where is the shirt from?,13.3,87,6
17968174264352502,reel,3,2023-09-18,22:11,Mon,22,"for a festive lunch, I wanted something current but still practical, so I paired a knit polo with mules and a leather belt; I would genuinely repeat this instead of saving it and forgetting about it. I wanted the outfit to breathe in the heat, before the rain arrived.",268,0,7,#smartcasual #everydaymenswear #indianstyle #wardrobe #fashiondiaries #fashionreels #reelsindia,1,50015,3161,6.3,3960,0,10,0,9,31,3,19,0.6,0.0,0.28,9.677,0,repeat_outfit:10,love the colour combination,0.0,87,6
17900668025009152,reel,3,2023-09-18,22:15,Mon,22,"repeating pieces from my wardrobe again: a satin skirt in deep burgundy for a night out, styled around added one statement accessory. This one made the final cut. I wanted the outfit to breathe in the heat, after sunset.",220,0,8,#genzfashion #styleblogger #indianfashion #outfitideas #indianstreetstyle #weddinggueststyle #baggyfits #satinskirt,1,50015,2412,4.8,2954,0,10,0,7,24,2,17,0.7,0.0,0.29,8.333,0,styling_question:10,would this work with flats?,0.0,87,6
17997571921667090,carousel,3,2023-09-18,23:40,Mon,23,"if I had to make a striped button-down work for a work presentation, this is how I would do it: swapped heels for sneakers at the last minute, then ankle boots and a slim belt. I wanted the outfit to breathe in the heat, for the second half of the day.",252,0,9,#classicstyle #outfitideas #personalstyle #fashioncreator #everydaystyle #fashioncontent #chennaistyle #dateoutfit #layeringstyle,1,50059,47717,95.3,112864,2536,97,44,404,796,32,3081,6.46,0.09,0.85,4.02,0,repeat_outfit:97,the proportions are so good,6.7,87,6
17960213440709752,carousel,3,2023-09-19,01:30,Tue,1,"the outfit started with a simple white shirt and somehow became my favourite look for a Sunday family lunch; mixed it with something I already owned. this feels much more like real-life fashion than a perfectly styled shoot. The chocolate brown detail was the part I nearly skipped. I wanted the outfit to breathe in the heat, before heading back home.",352,0,10,#quietluxury #whiteshirt #wardrobestaples #capsulewardrobe #minimalstyle #classicfashion #fashioncontent #ootdindia #outfitinspiration #styleideas,1,50104,36545,72.9,67086,2368,76,45,313,506,21,2802,7.67,0.12,0.86,4.15,2,styling_question:76,this feels very current,11.7,79,10
17983736862435645,reel,3,2023-09-19,09:00,Tue,9,"not a full trend overhaul, just a rugby shirt in olive for a content shoot; kept the accessories intentionally minimal. I wanted something current without looking like I copied a mood board. This one made the final cut. I wanted the outfit to breathe in the heat, for a casual photo walk.",288,0,11,#sportystyle #casualstyle #collegestyle #urbanstyle #trendalert #streetstyle #stylingtips #ootd #hyderabadfashion #traveloutfit #scarfstyle,1,50125,16828,33.6,37783,1066,41,9,168,243,8,1284,7.63,0.05,1.0,3.292,0,repeat_outfit:41,please do more everyday outfits,9.8,79,10
17939960453443216,carousel,3,2023-09-19,09:07,Tue,9,"wore a boxy blazer in soft grey for late class; used the same pieces I wore last week, finished it with ballet flats and a simple ring stack. I finally understand why this silhouette keeps showing up on my feed. the jacket came off once the sun was out, for the morning.",270,0,7,#blazerstyle #tailoredstyle #smartcasual #streetstyle #workwear #ootd #styleinspo,1,50104,2086,4.2,2412,0,4,0,6,20,2,10,0.48,0.0,0.29,10.0,0,styling_question:4,saving this for my next brunch,0.0,79,10
17933431086327447,carousel,3,2023-09-19,09:23,Tue,9,"today's coffee run outfit was built around a maxi skirt in chocolate brown; played with proportions rather than prints. I almost changed the outfit, then decided the slightly undone look was better. This one made the final cut. the jacket came off once the sun was out, for the afternoon.",288,0,8,#fashiondiaries #fashionreels #bangalorefashion #collegeoutfit #denimstyle #maxiskirt #skirtstyle #summeroutfits,1,50104,2607,5.2,3246,0,17,0,7,26,2,24,0.92,0.0,0.27,7.692,0,repeat_outfit:17,how would you style this for a wedding?,0.0,79,10
17991417261582860,reel,3,2023-09-19,13:01,Tue,13,"trying a scarf top for college fest without making the look feel too styled; layered it for the unpredictable weather. the camera makes it look dressier than it felt in real life. This one made the final cut. the jacket came off once the sun was out, for golden hour.",267,0,9,#festivefashion #coastalstyle #scarfstyle #scarftop #silkstyle #2026fashion #stylingideas #fashionreels #reelsindia,1,50104,3278,6.5,3997,0,9,0,9,32,3,18,0.55,0.0,0.27,9.375,0,styling_question:9,the second look is my favourite,0.0,79,10
17980722160683086,reel,3,2023-09-19,13:43,Tue,13,"the plan was simple: a crochet top in cobalt blue, mules, and chunky earrings for airport morning; added a scarf because the outfit needed something softer. the jacket came off once the sun was out, for a long day out.",218,0,10,#summerknits #handmadefashion #resortstyle #texturedfashion #indianfashion #outfitideas #personalstyle #fashioncreator #everydaystyle #indianstreetstyle,1,50104,2148,4.3,2352,0,12,0,6,21,2,18,0.84,0.0,0.28,9.524,0,repeat_outfit:12,need the jeans link,0.0,79,10
17963480749247606,reel,3,2023-09-19,13:53,Tue,13,"one of those outfits that looked better once I stopped overthinking it: a linen shirt in butter yellow for Sunday brunch, with mixed an Indian piece with western basics. This one made the final cut. the jacket came off once the sun was out, for the first coffee run.",266,0,11,#minimalstyle #everydaystyle #fashioncontent #ootdindia #outfitinspiration #styleideas #chennaistyle #brunchoutfit #slowfashion #linenstyle #summerstyle,1,50104,3246,6.5,3861,0,27,0,9,32,3,36,1.11,0.0,0.28,9.375,0,styling_question:27,okay the bag is everything,0.0,79,10
17915464051219989,carousel,3,2023-09-19,17:00,Tue,17,"for office-to-dinner plans, I wanted something current but still practical, so I paired a fitted tank with an oversized shirt with ankle boots and silver hoops; I would genuinely repeat this instead of saving it and forgetting about it. The sage detail was the part I nearly skipped. the jacket came off once the sun was out, for the walk home.",344,0,7,#trendalert #streetstyle #stylingtips #delhistyle #nightoutfit #handloom #layeredlook,1,50133,8975,17.9,21593,543,20,4,74,148,4,641,7.14,0.04,0.82,2.703,0,repeat_outfit:20,this is exactly my style,15.0,79,10
17963751462164662,reel,3,2023-09-19,17:19,Tue,17,"repeating pieces from my wardrobe again: a handloom kurta in ivory for a last-minute house party, styled around added a belt to give the outfit some shape. This one made the final cut. the jacket came off once the sun was out, for a warm evening.",246,0,8,#hyderabadfashion #weddinggueststyle #thriftedfashion #handloom #indiantextiles #slowfashion #indianwear #craftsmanship,1,50104,2732,5.5,2952,0,12,0,8,27,2,20,0.73,0.0,0.29,7.407,0,styling_question:12,this is actually wearable,0.0,79,10
17976763990161583,story,3,2023-09-19,17:24,Tue,17,"if I had to make a cotton saree work for a rainy commute, this is how I would do it: balanced the oversized shape with a cleaner bottom, then loafers and a silk scarf. the jacket came off once the sun was out, for the cooler part of the day.",241,0,9,#punefashion #dateoutfit #oversizedstyle #cottonsaree #sareestyle #indianfashion #contemporarysaree #desifashion #fashionreelsindia,1,50104,2430,4.8,3095,0,24,0,7,24,2,31,1.28,0.0,0.29,8.333,0,repeat_outfit:24,this is such a good repeat outfit,0.0,79,10
17936033605991218,reel,3,2023-09-19,17:30,Tue,17,"the outfit started with a halter top and somehow became my favourite look for a friend's birthday; repeated an old favourite instead of buying something new. this feels much more like real-life fashion than a perfectly styled shoot. This one made the final cut. the jacket came off once the sun was out, before the plans started.",329,0,10,#goingoutlook #trendstyle #fashiondiaries #fashionreels #reelsindia #genzfashion #styleblogger #bangalorefashion #casualoutfit #statementaccessories,1,50104,3035,6.1,3891,0,34,0,9,30,3,43,1.42,0.0,0.3,10.0,34,styling_question:34,adding this to my outfit board,0.0,79,10
17989170236542665,carousel,3,2023-09-19,17:38,Tue,17,"not a full trend overhaul, just a straight-leg jean in forest green for a casual date; went for comfort instead of forcing the trend. I wanted something current without looking like I copied a mood board. This one made the final cut. the jacket came off once the sun was out, after the plans changed.",300,0,11,#indianfashion #outfitideas #personalstyle #fashioncreator #mumbaistyle #traveloutfit #desimaximalism #straightlegjeans #denimstyle #jeansandate #casualstyle,1,50104,3635,7.3,4073,0,14,0,10,36,3,24,0.66,0.0,0.28,8.333,0,repeat_outfit:14,the shoes made the outfit,0.0,79,10
17933756764268531,image,3,2023-09-19,22:00,Tue,22,"wore a denim jacket in dusty pink for a family dinner; used a thrifted piece as the hero, finished it with kitten heels and a vintage watch. I finally understand why this silhouette keeps showing up on my feed. the jacket came off once the sun was out, while travelling.",270,0,7,#outfitinspiration #indianstreetstyle #workwear #coordset #denimjacket #layeringseason #denimstyle,6,50137,11301,22.5,14957,652,23,11,103,216,10,789,6.98,0.1,0.91,4.63,0,styling_question:23,where are the trousers from?,26.1,79,10
17961221350837649,reel,3,2023-09-19,23:10,Tue,23,"today's a gallery visit outfit was built around a printed skirt in tomato red; changed only the shoes and it completely shifted the look. I almost changed the outfit, then decided the slightly undone look was better. This one made the final cut. the jacket came off once the sun was out, between two meetings.",309,0,8,#modernprep #printedskirt #printmixing #statementstyle #outfitinspo #fashionreels #outfitinspiration #styleideas,1,50147,35660,71.1,92955,2367,86,83,341,602,24,2877,8.07,0.23,0.96,3.987,0,repeat_outfit:86,the scarf detail is so good,10.0,79,10
17912333105126248,image,3,2023-09-20,02:30,Wed,2,"trying a lightweight trench for a weekend in Goa without making the look feel too styled; made the outfit work for both daytime and evening. the camera makes it look dressier than it felt in real life. The charcoal detail was the part I nearly skipped. the jacket came off once the sun was out, before dinner.",309,0,9,#transitionalstyle #citystyle #outerwear #streetstyle #stylingtips #ootd #styleinspo #fashionindia #delhistyle,1,50170,18337,36.5,43576,1192,49,26,234,301,11,1501,8.19,0.14,1.28,3.654,2,styling_question:49,can you do a budget version?,16.3,35,13
17957022145671666,carousel,3,2023-09-20,09:46,Wed,9,"the plan was simple: a relaxed kurta in off-white, ankle boots, and a canvas tote for a quick trip to Bengaluru; kept the colours tonal. the jacket came off once the sun was out, on the way to brunch.",200,0,10,#desistyle #everydayethnic #fashionindia #desifashion #fashionreelsindia #indianstyle #wardrobe #hyderabadfashion #weekendstyle #kurta,1,50170,2338,4.7,2486,0,16,0,7,23,2,23,0.98,0.0,0.3,8.696,0,repeat_outfit:16,the layering is perfect,0.0,35,13
17973740648228712,story,3,2023-09-20,10:20,Wed,10,"one of those outfits that looked better once I stopped overthinking it: a vintage tee in sage for a wedding function, with wore it with flats because looking good and being comfortable can coexist. This one made the final cut. the jacket came off once the sun was out, during a quick city stop.",294,0,11,#reelsindia #genzfashion #punefashion #brunchoutfit #resortwear #vintagestyle #graphictee #thriftstyle #streetwear #retrofashion #wardrobe,1,50170,2888,5.8,3257,0,21,0,8,28,2,29,1.0,0.0,0.28,7.143,0,styling_question:21,where is the shirt from?,0.0,35,13
17915522138580737,reel,3,2023-09-20,13:41,Wed,13,"for a rooftop dinner, I wanted something current but still practical, so I paired a lightweight bomber with loafers and layered necklaces; I would genuinely repeat this instead of saving it and forgetting about it. the jacket came off once the sun was out, before the rain arrived.",281,0,7,#nightoutfit #capsulewardrobe #bomberjacket #streetwear #layeringstyle #urbanstyle #casualfits,1,50170,2877,5.7,3110,0,10,0,8,28,2,18,0.63,0.0,0.28,7.143,0,repeat_outfit:10,love the colour combination,0.0,35,13
17998614954522788,reel,3,2023-09-20,17:13,Wed,17,"repeating pieces from my wardrobe again: a wide-leg trouser in deep burgundy for a movie night, styled around added one statement accessory. This one made the final cut. the jacket came off once the sun was out, after sunset.",225,0,8,#widelegpants #widelegtrousers #relaxedtailoring #streetstyle #everydaystyle #personalstyle #fashioncreator #fashioncontent,1,50170,2951,5.9,3751,0,21,0,8,29,2,29,0.98,0.0,0.27,6.897,21,styling_question:21,would this work with flats?,0.0,35,13
17903390923247257,reel,3,2023-09-20,17:20,Wed,17,"if I had to make a cropped cardigan work for a day of errands, this is how I would do it: swapped heels for sneakers at the last minute, then sneakers and a leather belt. the jacket came off once the sun was out, for the second half of the day.",244,0,9,#everydaystyle #ootdindia #outfitinspiration #styleideas #urbanstyle #trendalert #indianstreetstyle #dateoutfit #layeringstyle,1,50181,5960,11.9,7867,396,12,7,72,82,3,487,8.17,0.12,1.21,3.659,0,repeat_outfit:12,the proportions are so good,33.3,35,13
17922552887683286,carousel,3,2023-09-20,19:20,Wed,19,"the outfit started with a pleated trouser and somehow became my favourite look for a client meeting; mixed it with something I already owned. this feels much more like real-life fashion than a perfectly styled shoot. This one made the final cut. the jacket came off once the sun was out, before heading back home.",313,0,10,#stylingtips #ootd #styleinspo #chennaistyle #casualoutfit #quietluxury #pleatedtrousers #tailoredstyle #smartcasual #menswearinspired,1,50184,8549,17.0,12263,446,14,4,46,128,3,510,5.97,0.05,0.54,2.344,0,styling_question:14,this feels very current,14.3,35,13
17967332950062314,reel,3,2023-09-20,20:47,Wed,20,"not a full trend overhaul, just a cargo trouser in olive for a music gig; kept the accessories intentionally minimal. I wanted something current without looking like I copied a mood board. The soft grey detail was the part I nearly skipped. the jacket came off once the sun was out, for a casual photo walk.",307,0,11,#delhistyle #traveloutfit #scarfstyle #cargopants #streetwearindia #utilitystyle #baggyfits #streetstyle #styleinspo #fashionindia #desifashion,1,50170,4010,8.0,4369,0,12,0,12,40,4,24,0.6,0.0,0.3,10.0,12,repeat_outfit:12,please do more everyday outfits,0.0,35,13
17958586231106346,carousel,3,2023-09-20,22:10,Wed,22,"wore a structured mini bag in soft grey for a flea market afternoon; used the same pieces I wore last week, finished it with retro trainers and small sunglasses. I finally understand why this silhouette keeps showing up on my feed. I kept the makeup and accessories low-key, for the morning.",291,0,7,#minibag #bagstyle #accessories #everydayluxury #fashiondetails #indianstyle #wardrobe,6,50187,10404,20.7,14088,544,17,18,116,173,7,695,6.68,0.17,1.11,4.046,0,styling_question:17,saving this for my next brunch,23.5,35,13
17904247570279219,story,3,2023-09-20,22:10,Wed,22,"today's a long travel day outfit was built around baggy denim in chocolate brown; played with proportions rather than prints. I almost changed the outfit, then decided the slightly undone look was better. This one made the final cut. I kept the makeup and accessories low-key, for the afternoon.",295,0,8,#streetstyle #everydaydenim #reelsindia #genzfashion #styleblogger #indianfashion #outfitideas #punefashion,1,50170,3237,6.5,3906,0,32,0,9,32,3,41,1.27,0.0,0.28,9.375,0,repeat_outfit:32,how would you style this for a wedding?,0.0,35,13
17975369708497887,reel,3,2023-09-20,22:11,Wed,22,"trying a co-ord set for a beach evening without making the look feel too styled; layered it for the unpredictable weather. the camera makes it look dressier than it felt in real life. This one made the final cut. I kept the makeup and accessories low-key, for golden hour.",272,0,9,#personalstyle #fashioncreator #everydaystyle #fashioncontent #bangalorefashion #festivefashion #coastalstyle #coordset #coords,1,50170,3324,6.6,4019,0,12,0,9,33,3,21,0.63,0.0,0.27,9.091,0,styling_question:12,the second look is my favourite,0.0,35,13
17902409968395465,carousel,3,2023-09-20,22:14,Wed,22,"the plan was simple: a slip dress in cobalt blue, loafers, and a structured shoulder bag for a first-date outfit; added a scarf because the outfit needed something softer. I kept the makeup and accessories low-key, for a long day out.",234,0,10,#urbanstyle #mumbaistyle #weekendstyle #tailoredstyle #slipdress #dressstyle #eveninglook #minimalfashion #dateoutfit #fashioncontent,1,50170,3676,7.3,4554,0,27,0,11,36,3,38,1.03,0.0,0.3,8.333,0,repeat_outfit:27,need the jeans link,0.0,35,13
17984238897851178,carousel,3,2023-09-20,22:53,Wed,22,"one of those outfits that looked better once I stopped overthinking it: a tailored vest in butter yellow for a regular Monday, with mixed an Indian piece with western basics. This one made the final cut. I kept the makeup and accessories low-key, for the first coffee run.",272,0,11,#slowfashion #tailoredvest #veststyle #suiting #modernstyle #minimalfashion #urbanstyle #trendalert #streetstyle #stylingtips #ootd,1,50170,3773,7.5,4104,0,14,0,11,37,3,25,0.66,0.0,0.29,8.108,0,styling_question:14,okay the bag is everything,0.0,35,13
17966840747457603,reel,3,2023-09-21,00:30,Thu,0,"for a festive lunch, I wanted something current but still practical, so I paired a knit polo with sneakers and chunky earrings; I would genuinely repeat this instead of saving it and forgetting about it. I kept the makeup and accessories low-key, for the walk home.",265,0,7,#preppystyle #smartcasual #everydaymenswear #ootd #styleinspo #fashionindia #desifashion,1,50190,12699,25.3,19461,811,16,24,139,221,9,990,7.8,0.19,1.09,4.072,0,repeat_outfit:16,this is exactly my style,18.8,80,11
17908792681329134,carousel,3,2023-09-21,01:00,Thu,1,"repeating pieces from my wardrobe again: a satin skirt in ivory for a night out, styled around added a belt to give the outfit some shape. The off-white detail was the part I nearly skipped. I kept the makeup and accessories low-key, for a warm evening.",253,0,8,#fashionreelsindia #indianstyle #wardrobe #fashiondiaries #fashionreels #delhistyle #weddinggueststyle #thriftedfashion,1,50199,27548,54.9,52018,1667,52,35,312,552,22,2066,7.5,0.13,1.13,3.986,3,styling_question:52,this is actually wearable,17.3,80,11
17970019749094173,reel,3,2023-09-21,09:10,Thu,9,"if I had to make a striped button-down work for a work presentation, this is how I would do it: balanced the oversized shape with a cleaner bottom, then mules and silver hoops. I kept the makeup and accessories low-key, for the cooler part of the day.",251,0,9,#styleblogger #indianfashion #hyderabadfashion #dateoutfit #oversizedstyle #stripedshirt #buttondown #preppystyle #classicstyle,1,50190,2551,5.1,2914,0,24,0,7,25,2,31,1.22,0.0,0.27,8.0,0,repeat_outfit:24,this is such a good repeat outfit,0.0,80,11
17948522168789844,reel,3,2023-09-21,09:28,Thu,9,"the outfit started with a simple white shirt and somehow became my favourite look for a Sunday family lunch; repeated an old favourite instead of buying something new. this feels much more like real-life fashion than a perfectly styled shoot. This one made the final cut. I kept the makeup and accessories low-key, before the plans started.",340,0,10,#casualoutfit #statementaccessories #whiteshirt #wardrobestaples #capsulewardrobe #minimalstyle #classicfashion #indianfashion #outfitideas #personalstyle,1,50190,3943,7.9,4792,0,36,0,11,39,3,47,1.19,0.0,0.28,7.692,0,styling_question:36,adding this to my outfit board,0.0,80,11
17934952610588969,reel,3,2023-09-21,09:51,Thu,9,"not a full trend overhaul, just a rugby shirt in forest green for a content shoot; went for comfort instead of forcing the trend. I wanted something current without looking like I copied a mood board. This one made the final cut. I kept the makeup and accessories low-key, after the plans changed.",297,0,11,#preppyfashion #sportystyle #casualstyle #collegestyle #everydaystyle #fashioncontent #ootdindia #outfitinspiration #styleideas #bangalorefashion #traveloutfit,1,50190,2679,5.3,3277,0,18,0,8,26,2,26,0.97,0.0,0.3,7.692,0,repeat_outfit:18,the shoes made the outfit,0.0,80,11
17901995529004489,carousel,3,2023-09-21,13:01,Thu,13,"wore a boxy blazer in dusty pink for late class; used a thrifted piece as the hero, finished it with strappy sandals and a slim belt. I finally understand why this silhouette keeps showing up on my feed. I kept the makeup and accessories low-key, while travelling.",264,0,7,#trendalert #stylingtips #mumbaistyle #coordset #blazerstyle #tailoredstyle #smartcasual,1,50190,2834,5.6,3337,0,30,0,8,28,2,38,1.34,0.0,0.28,7.143,0,styling_question:30,where are the trousers from?,0.0,80,11
17903038795030582,reel,3,2023-09-21,13:11,Thu,13,"today's coffee run outfit was built around a maxi skirt in tomato red; changed only the shoes and it completely shifted the look. I almost changed the outfit, then decided the slightly undone look was better. This one made the final cut. I kept the makeup and accessories low-key, between two meetings.",302,0,8,#styleinspo #fashionindia #desifashion #indianstreetstyle #collegeoutfit #modernprep #maxiskirt #skirtstyle,1,50190,3151,6.3,3870,0,34,0,9,31,3,43,1.36,0.0,0.29,9.677,0,repeat_outfit:34,the scarf detail is so good,0.0,80,11
17914128701456351,reel,3,2023-09-21,14:50,Thu,14,"trying a scarf top for college fest without making the look feel too styled; made the outfit work for both daytime and evening. the camera makes it look dressier than it felt in real life. This one made the final cut. I kept the makeup and accessories low-key, before dinner.",275,0,9,#chennaistyle #festivefashion #linenstyle #scarfstyle #scarftop #silkstyle #2026fashion #stylingideas #desifashion,1,50221,8744,17.4,20547,546,10,10,95,149,6,661,7.56,0.11,1.09,4.027,0,styling_question:10,can you do a budget version?,0.0,80,11
17908568386246615,reel,3,2023-09-21,17:20,Thu,17,"the plan was simple: a crochet top in off-white, sneakers, and a simple ring stack for airport morning; kept the colours tonal. The ivory detail was the part I nearly skipped. I kept the makeup and accessories low-key, on the way to brunch.",240,0,10,#crochetstyle #summerknits #handmadefashion #resortstyle #texturedfashion #fashiondiaries #fashionreels #reelsindia #genzfashion #styleblogger,1,50227,24631,49.0,66594,1375,57,30,198,409,18,1660,6.74,0.12,0.8,4.401,3,repeat_outfit:57,the layering is perfect,8.8,80,11
17983335323130649,reel,3,2023-09-21,19:30,Thu,19,"one of those outfits that looked better once I stopped overthinking it: a linen shirt in sage for Sunday brunch, with wore it with flats because looking good and being comfortable can coexist. This one made the final cut. I kept the makeup and accessories low-key, during a quick city stop.",290,0,11,#indianfashion #outfitideas #personalstyle #fashioncreator #hyderabadfashion #brunchoutfit #linenstyle #summerstyle #linenlook #resortwear #minimalstyle,1,50245,31710,63.1,76606,1686,48,36,286,459,16,2056,6.48,0.11,0.9,3.486,0,styling_question:48,where is the shirt from?,12.5,80,11
17927956839772409,reel,3,2023-09-21,20:16,Thu,20,"for office-to-dinner plans, I wanted something current but still practical, so I paired a fitted tank with an oversized shirt with mules and a canvas tote; I would genuinely repeat this instead of saving it and forgetting about it. I kept the makeup and accessories low-key, before the rain arrived.",299,0,7,#everydaystyle #fashioncontent #ootdindia #outfitinspiration #punefashion #nightoutfit #capsulewardrobe,1,50190,3943,7.9,4431,0,46,0,11,39,3,57,1.45,0.0,0.28,7.692,0,repeat_outfit:46,love the colour combination,0.0,80,11
17973371183560974,image,3,2023-09-21,22:15,Thu,22,"repeating pieces from my wardrobe again: a handloom kurta in deep burgundy for a last-minute house party, styled around added one statement accessory. This one made the final cut. I kept the makeup and accessories low-key, after sunset.",236,0,8,#streetstyle #bangalorefashion #weddinggueststyle #baggyfits #handloom #indiantextiles #slowfashion #indianwear,1,50190,2090,4.2,2480,0,11,0,6,20,2,17,0.81,0.0,0.29,10.0,0,styling_question:11,would this work with flats?,0.0,80,11
17966144833211132,reel,3,2023-09-21,22:15,Thu,22,"if I had to make a cotton saree work for a rainy commute, this is how I would do it: swapped heels for sneakers at the last minute, then ankle boots and layered necklaces. I kept the makeup and accessories low-key, for the second half of the day.",246,0,9,#layeringstyle #cottonsaree #sareestyle #indianfashion #contemporarysaree #desifashion #streetstyle #stylingtips #ootd,1,50190,3227,6.4,3505,0,14,0,9,32,3,23,0.71,0.0,0.28,9.375,0,repeat_outfit:14,the proportions are so good,0.0,80,11
17977319722163210,reel,4,2023-09-22,00:00,Fri,0,"the outfit started with a halter top and somehow became my favourite look for a friend's birthday; mixed it with something I already owned. this feels much more like real-life fashion than a perfectly styled shoot. This one made the final cut. I kept the makeup and accessories low-key, before heading back home.",312,0,10,#summerfashion #goingoutlook #trendstyle #fashionindia #desifashion #fashionreelsindia #indianstyle #wardrobe #indianstreetstyle #casualoutfit,1,50256,18943,37.7,30075,1239,37,22,204,374,15,1502,7.93,0.12,1.08,4.011,0,styling_question:37,this feels very current,5.4,135,12
17981580750278526,reel,4,2023-09-22,09:08,Fri,9,"not a full trend overhaul, just a straight-leg jean in olive for a casual date; kept the accessories intentionally minimal. I wanted something current without looking like I copied a mood board. This one made the final cut. I kept the makeup and accessories low-key, for a casual photo walk.",291,0,11,#wardrobe #fashiondiaries #fashionreels #reelsindia #genzfashion #chennaistyle #traveloutfit #scarfstyle #straightlegjeans #denimstyle #jeansandate,1,50256,2986,5.9,3392,0,13,0,8,29,2,21,0.7,0.0,0.27,6.897,0,repeat_outfit:13,please do more everyday outfits,0.0,135,12
17982849349125472,reel,4,2023-09-22,09:50,Fri,9,"wore a denim jacket in soft grey for a family dinner; used the same pieces I wore last week, finished it with ballet flats and a silk scarf. I finally understand why this silhouette keeps showing up on my feed. The olive detail was the part I nearly skipped. the trousers finally got the wear they deserved, for the morning.",324,0,7,#outfitideas #personalstyle #delhistyle #workwear #y2kfashion #denimjacket #layeringseason,1,50271,5182,10.3,6893,268,10,9,40,98,5,327,6.31,0.17,0.77,5.102,0,styling_question:10,saving this for my next brunch,0.0,135,12
17976146957077633,image,4,2023-09-22,11:10,Fri,11,"today's a gallery visit outfit was built around a printed skirt in chocolate brown; played with proportions rather than prints. I almost changed the outfit, then decided the slightly undone look was better. This one made the final cut. the trousers finally got the wear they deserved, for the afternoon.",303,0,8,#collegeoutfit #denimstyle #printedskirt #printmixing #statementstyle #outfitinspo #fashionreels #personalstyle,1,50276,10620,21.1,24812,645,26,12,81,145,5,764,7.19,0.11,0.76,3.448,0,repeat_outfit:26,how would you style this for a wedding?,3.8,135,12
17972675746842333,reel,4,2023-09-22,13:15,Fri,13,"trying a lightweight trench for a weekend in Goa without making the look feel too styled; layered it for the unpredictable weather. the camera makes it look dressier than it felt in real life. This one made the final cut. the trousers finally got the wear they deserved, for golden hour.",287,0,9,#layering #transitionalstyle #citystyle #outerwear #ootdindia #outfitinspiration #styleideas #urbanstyle #trendalert,1,50256,3959,7.9,4649,0,40,0,11,39,3,51,1.29,0.0,0.28,7.692,0,styling_question:40,the second look is my favourite,0.0,135,12
17911850150543896,reel,4,2023-09-22,13:30,Fri,13,"the plan was simple: a relaxed kurta in cobalt blue, mules, and a vintage watch for a quick trip to Bengaluru; added a scarf because the outfit needed something softer. the trousers finally got the wear they deserved, for a long day out.",237,0,10,#everydayethnic #trendalert #streetstyle #stylingtips #ootd #styleinspo #bangalorefashion #weekendstyle #tailoredstyle #kurta,1,50281,6700,13.3,10420,387,8,8,74,133,5,477,7.12,0.12,1.1,3.759,0,repeat_outfit:8,need the jeans link,25.0,135,12
17969060268797316,reel,4,2023-09-22,13:51,Fri,13,"one of those outfits that looked better once I stopped overthinking it: a vintage tee in butter yellow for a wedding function, with mixed an Indian piece with western basics. This one made the final cut. the trousers finally got the wear they deserved, for the first coffee run.",278,0,11,#desifashion #fashionreelsindia #indianstyle #mumbaistyle #brunchoutfit #slowfashion #vintagestyle #graphictee #thriftstyle #streetwear #retrofashion,1,50256,3782,7.5,4898,0,10,0,11,37,3,21,0.56,0.0,0.29,8.108,0,styling_question:10,okay the bag is everything,0.0,135,12
17900083740166586,reel,4,2023-09-22,17:42,Fri,17,"for a rooftop dinner, I wanted something current but still practical, so I paired a lightweight bomber with ankle boots and a structured shoulder bag; I would genuinely repeat this instead of saving it and forgetting about it. the trousers finally got the wear they deserved, for the walk home.",294,0,7,#indianstreetstyle #nightoutfit #handloom #bomberjacket #streetwear #layeringstyle #urbanstyle,1,50256,2149,4.3,2740,0,18,0,6,21,2,24,1.12,0.0,0.28,9.524,0,repeat_outfit:18,this is exactly my style,0.0,135,12
17958353458606682,carousel,4,2023-09-22,20:32,Fri,20,"repeating pieces from my wardrobe again: a wide-leg trouser in ivory for a movie night, styled around added a belt to give the outfit some shape. This one made the final cut. the trousers finally got the wear they deserved, for a warm evening.",243,0,8,#widelegpants #widelegtrousers #relaxedtailoring #streetstyle #everydaystyle #reelsindia #genzfashion #styleblogger,1,50256,3183,6.3,3411,0,16,0,9,31,3,25,0.79,0.0,0.28,9.677,16,styling_question:16,this is actually wearable,0.0,135,12
17967326001205754,reel,4,2023-09-22,20:40,Fri,20,"if I had to make a cropped cardigan work for a day of errands, this is how I would do it: balanced the oversized shape with a cleaner bottom, then loafers and chunky earrings. The ink black detail was the part I nearly skipped. the trousers finally got the wear they deserved, for the cooler part of the day.",308,0,9,#delhistyle #dateoutfit #oversizedstyle #cardiganstyle #layering #preppystyle #knitwear #everydaystyle #outfitideas,1,50256,3421,6.8,4079,0,31,0,10,34,3,41,1.2,0.0,0.29,8.824,31,repeat_outfit:31,this is such a good repeat outfit,0.0,135,12
17950937949514742,carousel,4,2023-09-22,21:50,Fri,21,"the outfit started with a pleated trouser and somehow became my favourite look for a client meeting; repeated an old favourite instead of buying something new. this feels much more like real-life fashion than a perfectly styled shoot. This one made the final cut. the trousers finally got the wear they deserved, before the plans started.",338,0,10,#ootdindia #outfitinspiration #styleideas #urbanstyle #hyderabadfashion #casualoutfit #statementaccessories #pleatedtrousers #tailoredstyle #smartcasual,1,50286,46891,93.2,97709,2407,91,110,344,793,64,2952,6.3,0.23,0.73,8.071,5,styling_question:91,adding this to my outfit board,5.0,135,12
17981791293200497,carousel,4,2023-09-22,23:00,Fri,23,"not a full trend overhaul, just a cargo trouser in forest green for a music gig; went for comfort instead of forcing the trend. I wanted something current without looking like I copied a mood board. This one made the final cut. the trousers finally got the wear they deserved, after the plans changed.",301,0,11,#baggyfits #streetstyle #urbanstyle #trendalert #stylingtips #ootd #punefashion #traveloutfit #desimaximalism #cargopants #streetwearindia,1,50350,47167,93.7,98469,2852,84,61,484,833,37,3481,7.38,0.13,1.03,4.442,0,repeat_outfit:84,the shoes made the outfit,15.0,135,12
17985916576135537,reel,4,2023-09-23,02:20,Sat,2,"wore a structured mini bag in dusty pink for a flea market afternoon; used a thrifted piece as the hero, finished it with kitten heels and a leather belt. I finally understand why this silhouette keeps showing up on my feed. the trousers finally got the wear they deserved, while travelling.",291,0,7,#coordset #minibag #bagstyle #accessories #everydayluxury #fashiondetails #ootd,1,50387,27145,53.9,54472,1486,51,17,197,428,12,1751,6.45,0.06,0.73,2.804,1,styling_question:51,where are the trousers from?,9.8,60,13
17983970218974507,reel,4,2023-09-23,09:20,Sat,9,"today's a long travel day outfit was built around baggy denim in tomato red; changed only the shoes and it completely shifted the look. I almost changed the outfit, then decided the slightly undone look was better. This one made the final cut. the trousers finally got the wear they deserved, between two meetings.",314,0,8,#denimfit #streetstyle #everydaydenim #fashionreelsindia #indianstyle #wardrobe #fashiondiaries #fashionreels,1,50399,11102,22.0,30669,718,16,22,143,184,9,899,8.1,0.2,1.29,4.891,0,repeat_outfit:16,the scarf detail is so good,12.5,60,13
17959588373941472,image,4,2023-09-23,10:14,Sat,10,"trying a co-ord set for a beach evening without making the look feel too styled; made the outfit work for both daytime and evening. the camera makes it look dressier than it felt in real life. This one made the final cut. the trousers finally got the wear they deserved, before dinner.",285,0,9,#fashionreels #reelsindia #genzfashion #styleblogger #indianfashion #indianstreetstyle #festivefashion #linenstyle #coordset,1,50387,3100,6.2,3452,0,20,0,9,31,3,29,0.94,0.0,0.29,9.677,0,styling_question:20,can you do a budget version?,0.0,60,13
17975753450021659,carousel,4,2023-09-23,13:03,Sat,13,"the plan was simple: a slip dress in off-white, ankle boots, and small sunglasses for a first-date outfit; kept the colours tonal. the trousers finally got the wear they deserved, on the way to brunch.",201,0,10,#fashioncreator #everydaystyle #chennaistyle #weekendstyle #indowestern #slipdress #dressstyle #eveninglook #minimalfashion #dateoutfit,1,50387,2390,4.7,2771,0,9,0,7,23,2,16,0.67,0.0,0.29,8.696,0,repeat_outfit:9,the layering is perfect,0.0,60,13
17984176827924578,story,4,2023-09-23,13:03,Sat,13,"one of those outfits that looked better once I stopped overthinking it: a tailored vest in sage for a regular Monday, with wore it with flats because looking good and being comfortable can coexist. The mustard detail was the part I nearly skipped. the trousers finally got the wear they deserved, during a quick city stop.",322,0,11,#brunchoutfit #resortwear #tailoredvest #veststyle #suiting #modernstyle #minimalfashion #everydaystyle #fashioncontent #ootdindia #outfitinspiration,1,50387,2792,5.5,3020,0,15,0,8,27,2,23,0.82,0.0,0.29,7.407,0,styling_question:15,where is the shirt from?,0.0,60,13
17901875046151638,reel,4,2023-09-23,13:08,Sat,13,"for a festive lunch, I wanted something current but still practical, so I paired a knit polo with loafers and a simple ring stack; I would genuinely repeat this instead of saving it and forgetting about it. the trousers finally got the wear they deserved, before the rain arrived.",280,0,7,#polostyle #preppystyle #smartcasual #everydaymenswear #styleideas #urbanstyle #trendalert,1,50387,2143,4.3,2459,0,11,0,6,21,2,17,0.79,0.0,0.28,9.524,0,repeat_outfit:11,love the colour combination,0.0,60,13
17941607084400908,carousel,4,2023-09-23,13:09,Sat,13,"repeating pieces from my wardrobe again: a satin skirt in deep burgundy for a night out, styled around added one statement accessory. This one made the final cut. the trousers finally got the wear they deserved, after sunset.",225,0,8,#satinskirt #eveningstyle #femininefashion #skirtstyle #styleinspo #stylingtips #ootd #fashionindia,1,50387,3318,6.6,4239,0,32,0,9,33,3,41,1.24,0.0,0.27,9.091,0,styling_question:32,would this work with flats?,0.0,60,13
17965808710688356,reel,4,2023-09-23,13:29,Sat,13,"if I had to make a striped button-down work for a work presentation, this is how I would do it: swapped heels for sneakers at the last minute, then sneakers and a canvas tote. the trousers finally got the wear they deserved, for the second half of the day.",256,0,9,#indianstyle #wardrobe #fashiondiaries #bangalorefashion #dateoutfit #layeringstyle #stripedshirt #buttondown #preppystyle,1,50387,3079,6.1,3999,0,10,0,9,30,3,19,0.62,0.0,0.29,10.0,0,repeat_outfit:10,the proportions are so good,0.0,60,13
17977553148695577,image,4,2023-09-23,17:24,Sat,17,"the outfit started with a simple white shirt and somehow became my favourite look for a Sunday family lunch; mixed it with something I already owned. this feels much more like real-life fashion than a perfectly styled shoot. This one made the final cut. the trousers finally got the wear they deserved, before heading back home.",328,0,10,#mumbaistyle #casualoutfit #quietluxury #whiteshirt #wardrobestaples #capsulewardrobe #minimalstyle #classicfashion #fashiondiaries #fashionreels,1,50387,2537,5.0,2763,0,8,0,7,25,2,15,0.59,0.0,0.28,8.0,0,styling_question:8,this feels very current,0.0,60,13
17909955217517264,reel,4,2023-09-23,17:38,Sat,17,"not a full trend overhaul, just a rugby shirt in olive for a content shoot; kept the accessories intentionally minimal. I wanted something current without looking like I copied a mood board. This one made the final cut. the trousers finally got the wear they deserved, for a casual photo walk.",293,0,11,#rugbyshirt #preppyfashion #sportystyle #casualstyle #collegestyle #styleblogger #indianfashion #outfitideas #personalstyle #fashioncreator #indianstreetstyle,1,50387,3503,7.0,4286,0,8,0,10,35,3,18,0.51,0.0,0.29,8.571,0,repeat_outfit:8,please do more everyday outfits,0.0,60,13
17999378068015463,reel,4,2023-09-23,20:49,Sat,20,"wore a boxy blazer in soft grey for late class; used the same pieces I wore last week, finished it with retro trainers and silver hoops. I finally understand why this silhouette keeps showing up on my feed. I borrowed the sunglasses from my sister, for the morning.",265,0,8,#blazerstyle #tailoredstyle #smartcasual #streetstyle #workwear #fashioncreator #everydaystyle#styleedit,1,50387,3095,6.1,3524,0,27,0,9,30,3,36,1.16,0.0,0.29,10.0,0,styling_question:27,saving this for my next brunch,0.0,60,13
17929930983779560,image,4,2023-09-23,21:20,Sat,21,"today's coffee run outfit was built around a maxi skirt in chocolate brown; played with proportions rather than prints. I almost changed the outfit, then decided the slightly undone look was better. The powder blue detail was the part I nearly skipped. I borrowed the sunglasses from my sister, for the afternoon.",313,0,8,#styleideas #urbanstyle #trendalert #streetstyle #delhistyle #collegeoutfit #denimstyle #maxiskirt,1,50408,9359,18.6,25090,480,14,4,39,171,3,537,5.74,0.04,0.42,1.754,0,repeat_outfit:14,how would you style this for a wedding?,14.3,60,13
17993657977120945,reel,4,2023-09-23,23:10,Sat,23,"trying a scarf top for college fest without making the look feel too styled; layered it for the unpredictable weather. the camera makes it look dressier than it felt in real life. This one made the final cut. I borrowed the sunglasses from my sister, for golden hour.",267,0,9,#fashionindia #hyderabadfashion #festivefashion #coastalstyle #scarfstyle #scarftop #silkstyle #2026fashion #stylingideas,1,50411,39968,79.3,75086,2195,41,21,265,760,26,2522,6.31,0.05,0.66,3.421,3,styling_question:41,the second look is my favourite,9.8,60,13
17952222419700645,reel,4,2023-09-24,02:40,Sun,2,"the plan was simple: a crochet top in cobalt blue, loafers, and a slim belt for airport morning; added a scarf because the outfit needed something softer. I borrowed the sunglasses from my sister, for a long day out.",216,0,10,#tailoredstyle #crochetstyle #summerknits #handmadefashion #resortstyle #texturedfashion #fashionindia #desifashion #fashionreelsindia #indianstyle,1,50452,41616,82.5,99840,2554,69,88,454,598,27,3165,7.61,0.21,1.09,4.515,0,repeat_outfit:69,need the jeans link,8.3,105,12
17903893802178194,reel,4,2023-09-24,09:58,Sun,9,"one of those outfits that looked better once I stopped overthinking it: a linen shirt in butter yellow for Sunday brunch, with mixed an Indian piece with western basics. This one made the final cut. I borrowed the sunglasses from my sister, for the first coffee run.",266,0,11,#linenlook #resortwear #minimalstyle #wardrobe #fashiondiaries #fashionreels #reelsindia #genzfashion #bangalorefashion #brunchoutfit #slowfashion,1,50452,2340,4.6,2917,0,8,0,7,23,2,15,0.64,0.0,0.3,8.696,0,styling_question:8,okay the bag is everything,0.0,105,12
17957514782454477,reel,4,2023-09-24,13:10,Sun,13,"for office-to-dinner plans, I wanted something current but still practical, so I paired a fitted tank with an oversized shirt with sneakers and a vintage watch; I would genuinely repeat this instead of saving it and forgetting about it. I borrowed the sunglasses from my sister, for the walk home.",297,0,7,#genzfashion #styleblogger #indianfashion #outfitideas #personalstyle #mumbaistyle #nightoutfit,1,50479,32466,64.3,66844,1850,41,59,229,509,15,2179,6.71,0.18,0.71,2.947,2,repeat_outfit:41,this is exactly my style,12.2,105,12
17980284753481378,reel,4,2023-09-24,13:37,Sun,13,"repeating pieces from my wardrobe again: a handloom kurta in ivory for a last-minute house party, styled around added a belt to give the outfit some shape. This one made the final cut. I borrowed the sunglasses from my sister, for a warm evening.",246,0,8,#fashioncontent #ootdindia #indianstreetstyle #weddinggueststyle #thriftedfashion #handloom #indiantextiles #slowfashion,1,50452,3296,6.5,4272,0,27,0,9,32,3,36,1.09,0.0,0.27,9.375,0,styling_question:27,this is actually wearable,0.0,105,12
17904572821305947,reel,4,2023-09-24,17:50,Sun,17,"if I had to make a cotton saree work for a rainy commute, this is how I would do it: balanced the oversized shape with a cleaner bottom, then mules and a structured shoulder bag. I borrowed the sunglasses from my sister, for the cooler part of the day.",252,0,9,#dateoutfit #oversizedstyle #cottonsaree #sareestyle #indianfashion #contemporarysaree #desifashion #ootdindia #outfitinspiration,1,50452,3019,6.0,3766,0,8,0,9,30,3,17,0.56,0.0,0.3,10.0,0,repeat_outfit:8,this is such a good repeat outfit,0.0,105,12
17947712629226177,reel,4,2023-09-24,17:51,Sun,17,"the outfit started with a halter top and somehow became my favourite look for a friend's birthday; repeated an old favourite instead of buying something new. this feels much more like real-life fashion than a perfectly styled shoot. The tomato red detail was the part I nearly skipped. I borrowed the sunglasses from my sister, before the plans started.",353,0,10,#eveningstyle #summerfashion #goingoutlook #trendstyle #trendalert #streetstyle #stylingtips #ootd #styleinspo #delhistyle,1,50452,3684,7.3,4054,0,20,0,11,36,3,31,0.84,0.0,0.3,8.333,0,styling_question:20,adding this to my outfit board,0.0,105,12
17931353611395109,reel,4,2023-09-24,20:27,Sun,20,"not a full trend overhaul, just a straight-leg jean in forest green for a casual date; went for comfort instead of forcing the trend. I wanted something current without looking like I copied a mood board. This one made the final cut. I borrowed the sunglasses from my sister, after the plans changed.",300,0,11,#wardrobestaples #styleinspo #fashionindia #desifashion #fashionreelsindia #indianstyle #hyderabadfashion #traveloutfit #desimaximalism #straightlegjeans #denimstyle,1,50452,2786,5.5,3237,0,6,0,8,27,2,14,0.5,0.0,0.29,7.407,0,repeat_outfit:6,the shoes made the outfit,0.0,105,12
17937637108503752,carousel,4,2023-09-24,20:32,Sun,20,"wore a denim jacket in dusty pink for a family dinner; used a thrifted piece as the hero, finished it with strappy sandals and layered necklaces. I finally understand why this silhouette keeps showing up on my feed. I borrowed the sunglasses from my sister, while travelling.",275,0,7,#fashiondiaries #fashionreels #reelsindia #punefashion #workwear #coordset #denimjacket,1,50452,2741,5.4,3217,0,12,0,8,27,2,20,0.73,0.0,0.29,7.407,0,styling_question:12,where are the trousers from?,0.0,105,12
17966292536287645,carousel,4,2023-09-24,20:50,Sun,20,"today's a gallery visit outfit was built around a printed skirt in tomato red; changed only the shoes and it completely shifted the look. I almost changed the outfit, then decided the slightly undone look was better. This one made the final cut. I borrowed the sunglasses from my sister, between two meetings.",309,0,8,#bangalorefashion #collegeoutfit #modernprep #printedskirt #printmixing #statementstyle #outfitinspo #fashionreels,1,50452,3736,7.4,4738,0,29,0,11,37,3,40,1.07,0.0,0.29,8.108,29,repeat_outfit:29,the scarf detail is so good,0.0,105,12
17968672801628331,reel,4,2023-09-24,21:00,Sun,21,"trying a lightweight trench for a weekend in Goa without making the look feel too styled; made the outfit work for both daytime and evening. the camera makes it look dressier than it felt in real life. This one made the final cut. I borrowed the sunglasses from my sister, before dinner.",287,0,9,#trenchcoat #layering #transitionalstyle #citystyle #outerwear #outfitideas #personalstyle #fashioncreator #everydaystyle,1,50494,27754,55.0,71680,1476,34,41,271,500,23,1822,6.56,0.15,0.98,4.6,0,styling_question:34,can you do a budget version?,20.6,105,12
17906230938016366,reel,4,2023-09-24,22:32,Sun,22,"the plan was simple: a relaxed kurta in off-white, sneakers, and a silk scarf for a quick trip to Bengaluru; kept the colours tonal. I borrowed the sunglasses from my sister, on the way to brunch.",196,0,10,#desistyle #everydayethnic #fashioncontent #ootdindia #outfitinspiration #styleideas #urbanstyle #indianstreetstyle #weekendstyle #kurta,1,50452,2382,4.7,2543,0,23,0,7,23,2,30,1.26,0.0,0.29,8.696,23,repeat_outfit:23,the layering is perfect,0.0,105,12
17977287832560947,reel,4,2023-09-24,22:56,Sun,22,"one of those outfits that looked better once I stopped overthinking it: a vintage tee in sage for a wedding function, with wore it with flats because looking good and being comfortable can coexist. This one made the final cut. I borrowed the sunglasses from my sister, during a quick city stop.",294,0,11,#trendalert #streetstyle #stylingtips #ootd #chennaistyle #brunchoutfit #resortwear #vintagestyle #graphictee #thriftstyle #streetwear,1,50452,3860,7.7,4366,0,33,0,11,38,3,44,1.14,0.0,0.28,7.895,0,styling_question:33,where is the shirt from?,0.0,105,12
17923227802937686,carousel,4,2023-09-24,23:40,Sun,23,"for a rooftop dinner, I wanted something current but still practical, so I paired a lightweight bomber with mules and small sunglasses; I would genuinely repeat this instead of saving it and forgetting about it. The butter yellow detail was the part I nearly skipped. I borrowed the sunglasses from my sister, before the rain arrived.",334,0,7,#fashionreelsindia #delhistyle #nightoutfit #capsulewardrobe #bomberjacket #streetwear #layeringstyle,1,50517,41400,82.0,89050,2428,74,19,324,840,29,2845,6.87,0.05,0.78,3.452,1,repeat_outfit:74,love the colour combination,6.7,105,12
17947997164957198,reel,4,2023-09-25,09:00,Mon,9,"repeating pieces from my wardrobe again: a wide-leg trouser in deep burgundy for a movie night, styled around added one statement accessory. This one made the final cut. I borrowed the sunglasses from my sister, after sunset.",225,0,8,#baggyfits #widelegpants #widelegtrousers #relaxedtailoring #streetstyle #everydaystyle #fashionreelsindia #indianstyle,1,50564,5542,11.0,10381,328,7,3,40,108,3,378,6.82,0.05,0.72,2.778,0,styling_question:7,would this work with flats?,28.6,130,6
17950343766647998,reel,4,2023-09-25,10:02,Mon,10,"if I had to make a cropped cardigan work for a day of errands, this is how I would do it: swapped heels for sneakers at the last minute, then ankle boots and a simple ring stack. I borrowed the sunglasses from my sister, for the second half of the day.",252,0,9,#preppystyle #knitwear #everydaystyle #fashionreels #reelsindia #genzfashion #styleblogger #indianfashion #punefashion,1,50564,3564,7.0,4469,0,7,0,10,35,3,17,0.48,0.0,0.28,8.571,7,repeat_outfit:7,the proportions are so good,0.0,130,6
17948740785323797,reel,4,2023-09-25,10:50,Mon,10,"the outfit started with a pleated trouser and somehow became my favourite look for a client meeting; mixed it with something I already owned. this feels much more like real-life fashion than a perfectly styled shoot. This one made the final cut. I borrowed the sunglasses from my sister, before heading back home.",313,0,10,#indianfashion #outfitideas #personalstyle #fashioncreator #everydaystyle #bangalorefashion #casualoutfit #quietluxury #pleatedtrousers #tailoredstyle,1,50564,3057,6.0,3274,0,36,0,9,30,3,45,1.47,0.0,0.29,10.0,0,styling_question:36,this feels very current,0.0,130,6
17987041448921556,reel,4,2023-09-25,13:40,Mon,13,"not a full trend overhaul, just a cargo trouser in olive for a music gig; kept the accessories intentionally minimal. I wanted something current without looking like I copied a mood board. This one made the final cut. I borrowed the sunglasses from my sister, for a casual photo walk.",284,0,11,#outfitinspiration #styleideas #mumbaistyle #traveloutfit #scarfstyle #cargopants #streetwearindia #utilitystyle #baggyfits #streetstyle #everydaystyle,1,50567,6852,13.6,13759,442,16,4,51,133,4,513,7.49,0.06,0.74,3.008,0,repeat_outfit:16,please do more everyday outfits,12.5,130,6
17944608219354237,reel,4,2023-09-25,17:39,Mon,17,"wore a structured mini bag in soft grey for a flea market afternoon; used the same pieces I wore last week, finished it with ballet flats and chunky earrings. I finally understand why this silhouette keeps showing up on my feed. the texture was the reason I kept this piece, for the morning.",291,0,7,#workwear #y2kfashion #minibag #bagstyle #accessories #everydayluxury #fashiondetails,1,50564,3380,6.7,3947,0,17,0,10,33,3,27,0.8,0.0,0.3,9.091,0,styling_question:17,saving this for my next brunch,0.0,130,6
17999075462818001,story,4,2023-09-25,17:45,Mon,17,"today's a long travel day outfit was built around baggy denim in chocolate brown; played with proportions rather than prints. I almost changed the outfit, then decided the slightly undone look was better. This one made the final cut. the texture was the reason I kept this piece, for the afternoon.",298,0,8,#streetstyle #everydaydenim #stylingtips #ootd #styleinspo #fashionindia #desifashion #chennaistyle,1,50564,3621,7.2,4489,0,29,0,10,36,3,39,1.08,0.0,0.28,8.333,0,repeat_outfit:29,how would you style this for a wedding?,0.0,130,6
17932656148799951,image,4,2023-09-25,19:20,Mon,19,"trying a co-ord set for a beach evening without making the look feel too styled; layered it for the unpredictable weather. the camera makes it look dressier than it felt in real life. The cream detail was the part I nearly skipped. the texture was the reason I kept this piece, for golden hour.",294,0,9,#easyoutfits #desifashion #fashionreelsindia #indianstyle #wardrobe #fashiondiaries #delhistyle #festivefashion #coastalstyle,5,50571,9043,17.9,13027,490,18,16,49,133,3,573,6.34,0.18,0.54,2.256,0,styling_question:18,the second look is my favourite,5.6,130,6
17995599559075650,reel,4,2023-09-25,20:41,Mon,20,"the plan was simple: a slip dress in cobalt blue, mules, and a leather belt for a first-date outfit; added a scarf because the outfit needed something softer. the texture was the reason I kept this piece, for a long day out.",224,0,10,#reelsindia #genzfashion #styleblogger #hyderabadfashion #weekendstyle #tailoredstyle #slipdress #dressstyle #eveninglook #minimalfashion,1,50564,3893,7.7,4806,0,10,0,11,38,3,21,0.54,0.0,0.28,7.895,0,repeat_outfit:10,need the jeans link,0.0,130,6
17952545482983232,reel,4,2023-09-25,21:30,Mon,21,"one of those outfits that looked better once I stopped overthinking it: a tailored vest in butter yellow for a regular Monday, with mixed an Indian piece with western basics. This one made the final cut. the texture was the reason I kept this piece, for the first coffee run.",275,0,11,#punefashion #brunchoutfit #slowfashion #tailoredvest #veststyle #suiting #modernstyle #minimalfashion #styleblogger #indianfashion #outfitideas,1,50574,16930,33.5,38368,1107,26,21,204,271,12,1358,8.02,0.12,1.2,4.428,1,styling_question:26,okay the bag is everything,19.2,130,6
17916737509767951,reel,4,2023-09-25,22:04,Mon,22,"for a festive lunch, I wanted something current but still practical, so I paired a knit polo with ankle boots and a slim belt; I would genuinely repeat this instead of saving it and forgetting about it. the texture was the reason I kept this piece, for the walk home.",267,0,7,#knitpolo #polostyle #preppystyle #smartcasual #everydaymenswear #fashioncreator #everydaystyle,1,50564,3804,7.5,4639,0,22,0,11,38,3,33,0.87,0.0,0.29,7.895,0,repeat_outfit:22,this is exactly my style,0.0,130,6
17956032315835080,carousel,4,2023-09-25,22:08,Mon,22,"repeating pieces from my wardrobe again: a satin skirt in ivory for a night out, styled around added a belt to give the outfit some shape. This one made the final cut. the texture was the reason I kept this piece, for a warm evening.",233,0,8,#skirtstyle #styleinspo #outfitinspiration #styleideas #urbanstyle #trendalert #streetstyle #mumbaistyle,1,50564,3935,7.8,4979,0,18,0,11,39,3,29,0.74,0.0,0.28,7.692,0,styling_question:18,this is actually wearable,0.0,130,6
17948797138906305,reel,4,2023-09-25,22:10,Mon,22,"if I had to make a striped button-down work for a work presentation, this is how I would do it: balanced the oversized shape with a cleaner bottom, then loafers and a vintage watch. the texture was the reason I kept this piece, for the cooler part of the day.",259,0,9,#stylingtips #ootd #styleinspo #fashionindia #indianstreetstyle #dateoutfit #oversizedstyle #stripedshirt #buttondown,1,50586,57684,114.0,111397,3383,137,201,483,968,72,4204,7.29,0.35,0.84,7.438,2,repeat_outfit:137,this is such a good repeat outfit,15.0,130,6
17963702560167250,reel,4,2023-09-25,22:28,Mon,22,"the outfit started with a simple white shirt and somehow became my favourite look for a Sunday family lunch; repeated an old favourite instead of buying something new. this feels much more like real-life fashion than a perfectly styled shoot. This one made the final cut. the texture was the reason I kept this piece, before the plans started.",343,0,10,#wardrobe #chennaistyle #casualoutfit #statementaccessories #whiteshirt #wardrobestaples #capsulewardrobe #minimalstyle #classicfashion #fashionindia,1,50564,2900,5.7,3136,0,21,0,8,29,2,29,1.0,0.0,0.28,6.897,21,styling_question:21,adding this to my outfit board,0.0,130,6
17960114248114386,reel,4,2023-09-25,22:28,Mon,22,"not a full trend overhaul, just a rugby shirt in forest green for a content shoot; went for comfort instead of forcing the trend. I wanted something current without looking like I copied a mood board. The dusty pink detail was the part I nearly skipped. the texture was the reason I kept this piece, after the plans changed.",324,0,11,#desimaximalism #rugbyshirt #preppyfashion #sportystyle #casualstyle #collegestyle #wardrobe #fashiondiaries #fashionreels #reelsindia #genzfashion,1,50564,2110,4.2,2466,0,7,0,6,21,2,13,0.62,0.0,0.28,9.524,0,repeat_outfit:7,the shoes made the outfit,0.0,130,6
17980435469906723,reel,4,2023-09-25,22:31,Mon,22,"wore a boxy blazer in dusty pink for late class; used a thrifted piece as the hero, finished it with kitten heels and a canvas tote. I finally understand why this silhouette keeps showing up on my feed. the texture was the reason I kept this piece, while travelling.",266,0,7,#styleblogger #indianfashion #outfitideas #personalstyle #hyderabadfashion #coordset #blazerstyle,1,50564,2628,5.2,3400,0,15,0,7,26,2,22,0.84,0.0,0.27,7.692,0,styling_question:15,where are the trousers from?,0.0,130,6
17918317431259679,reel,4,2023-09-25,23:50,Mon,23,"today's coffee run outfit was built around a maxi skirt in tomato red; changed only the shoes and it completely shifted the look. I almost changed the outfit, then decided the slightly undone look was better. This one made the final cut. the texture was the reason I kept this piece, between two meetings.",305,0,8,#personalstyle #fashioncreator #everydaystyle #fashioncontent #ootdindia #punefashion #collegeoutfit #modernprep,1,50658,24040,47.5,63166,1401,33,11,210,444,15,1655,6.88,0.05,0.87,3.378,1,repeat_outfit:33,the scarf detail is so good,6.1,130,6
17998410259063757,reel,4,2023-09-26,09:40,Tue,9,"trying a scarf top for college fest without making the look feel too styled; made the outfit work for both daytime and evening. the camera makes it look dressier than it felt in real life. This one made the final cut. the texture was the reason I kept this piece, before dinner.",278,0,9,#urbanstyle #trendalert #bangalorefashion #festivefashion #linenstyle #scarfstyle #scarftop #silkstyle #2026fashion,1,50693,12257,24.2,33015,734,14,11,135,187,7,894,7.29,0.09,1.1,3.743,0,styling_question:14,can you do a budget version?,7.1,153,10
17933099121184981,image,4,2023-09-26,09:58,Tue,9,"the plan was simple: a crochet top in off-white, ankle boots, and silver hoops for airport morning; kept the colours tonal. the texture was the reason I kept this piece, on the way to brunch.",191,0,10,#weekendstyle #indowestern #crochetstyle #summerknits #handmadefashion #resortstyle #texturedfashion #trendalert #streetstyle #stylingtips,1,50693,3658,7.2,4429,0,37,0,10,36,3,47,1.28,0.0,0.27,8.333,37,repeat_outfit:37,the layering is perfect,0.0,153,10
17900806340401186,carousel,4,2023-09-26,10:04,Tue,10,"one of those outfits that looked better once I stopped overthinking it: a linen shirt in sage for Sunday brunch, with wore it with flats because looking good and being comfortable can coexist. This one made the final cut. the texture was the reason I kept this piece, during a quick city stop.",293,0,11,#fashionindia #desifashion #fashionreelsindia #indianstyle #indianstreetstyle #brunchoutfit #linenstyle #summerstyle #linenlook #resortwear #minimalstyle,1,50693,2379,4.7,2770,0,15,0,7,23,2,22,0.92,0.0,0.29,8.696,0,styling_question:15,where is the shirt from?,0.0,153,10
17928000780844531,carousel,4,2023-09-26,10:19,Tue,10,"for office-to-dinner plans, I wanted something current but still practical, so I paired a fitted tank with an oversized shirt with loafers and a silk scarf; I would genuinely repeat this instead of saving it and forgetting about it. the texture was the reason I kept this piece, before the rain arrived.",303,0,7,#casualstyle #indianstyle #wardrobe #fashiondiaries #fashionreels #reelsindia #chennaistyle,1,50693,3635,7.2,4463,0,15,0,10,36,3,25,0.69,0.0,0.28,8.333,0,repeat_outfit:15,love the colour combination,0.0,153,10
17981746661788020,image,4,2023-09-26,10:20,Tue,10,"repeating pieces from my wardrobe again: a handloom kurta in deep burgundy for a last-minute house party, styled around added one statement accessory. The cobalt blue detail was the part I nearly skipped. the texture was the reason I kept this piece, after sunset.",264,0,8,#styleblogger #indianfashion #outfitideas #delhistyle #weddinggueststyle #baggyfits #handloom #indiantextiles,1,50693,3400,6.7,3898,0,30,0,10,34,3,40,1.18,0.0,0.29,8.824,0,styling_question:30,would this work with flats?,0.0,153,10
17968785103574905,image,4,2023-09-26,10:39,Tue,10,"if I had to make a cotton saree work for a rainy commute, this is how I would do it: swapped heels for sneakers at the last minute, then sneakers and small sunglasses. the texture was the reason I kept this piece, for the second half of the day.",245,0,9,#hyderabadfashion #dateoutfit #layeringstyle #cottonsaree #sareestyle #indianfashion #contemporarysaree #desifashion #outfitideas,1,50693,2158,4.3,2792,0,24,0,6,21,2,30,1.39,0.0,0.28,9.524,0,repeat_outfit:24,the proportions are so good,0.0,153,10
17974668971891410,reel,4,2023-09-26,10:51,Tue,10,"the outfit started with a halter top and somehow became my favourite look for a friend's birthday; mixed it with something I already owned. this feels much more like real-life fashion than a perfectly styled shoot. This one made the final cut. the texture was the reason I kept this piece, before heading back home.",315,0,10,#haltertop #eveningstyle #summerfashion #goingoutlook #trendstyle #fashioncontent #ootdindia #outfitinspiration #styleideas #urbanstyle,1,50693,3538,7.0,3835,0,29,0,10,35,3,39,1.1,0.0,0.28,8.571,0,styling_question:29,this feels very current,0.0,153,10
17991653105273335,carousel,4,2023-09-26,13:08,Tue,13,"not a full trend overhaul, just a straight-leg jean in olive for a casual date; kept the accessories intentionally minimal. I wanted something current without looking like I copied a mood board. This one made the final cut. the texture was the reason I kept this piece, for a casual photo walk.",294,0,11,#casualstyle #wardrobestaples #urbanstyle #trendalert #streetstyle #stylingtips #ootd #bangalorefashion #traveloutfit #scarfstyle #straightlegjeans,1,50693,3848,7.6,4446,0,43,0,11,38,3,54,1.4,0.0,0.29,7.895,0,repeat_outfit:43,please do more everyday outfits,0.0,153,10
17979137721246846,story,4,2023-09-26,13:31,Tue,13,"wore a denim jacket in soft grey for a family dinner; used the same pieces I wore last week, finished it with retro trainers and a structured shoulder bag. I finally understand why this silhouette keeps showing up on my feed. I did not want the outfit to feel too polished, for the morning.",290,0,7,#styleinspo #fashionindia #desifashion #fashionreelsindia #mumbaistyle #workwear #y2kfashion,1,50693,3500,6.9,4545,0,24,0,10,35,3,34,0.97,0.0,0.29,8.571,0,styling_question:24,saving this for my next brunch,0.0,153,10
17993211110961687,image,4,2023-09-26,13:44,Tue,13,"today's a gallery visit outfit was built around a printed skirt in chocolate brown; played with proportions rather than prints. I almost changed the outfit, then decided the slightly undone look was better. This one made the final cut. I did not want the outfit to feel too polished, for the afternoon.",302,0,8,#outfitinspo #fashionreels #fashionreelsindia #indianstyle #wardrobe #fashiondiaries #indianstreetstyle #collegeoutfit,1,50693,2060,4.1,2612,0,17,0,6,20,2,23,1.12,0.0,0.29,10.0,0,repeat_outfit:17,how would you style this for a wedding?,0.0,153,10
17989522715077895,carousel,4,2023-09-26,17:40,Tue,17,"trying a lightweight trench for a weekend in Goa without making the look feel too styled; layered it for the unpredictable weather. the camera makes it look dressier than it felt in real life. This one made the final cut. I did not want the outfit to feel too polished, for golden hour.",286,0,9,#coastalstyle #trenchcoat #layering #transitionalstyle #citystyle #outerwear #fashionreels #reelsindia #genzfashion,1,50700,12458,24.6,17423,845,17,9,121,198,6,992,7.96,0.07,0.97,3.03,0,styling_question:17,the second look is my favourite,17.6,153,10
17969697537029946,carousel,4,2023-09-26,19:50,Tue,19,"the plan was simple: a relaxed kurta in cobalt blue, loafers, and layered necklaces for a quick trip to Bengaluru; added a scarf because the outfit needed something softer. The deep burgundy detail was the part I nearly skipped. I did not want the outfit to feel too polished, for a long day out.",296,0,10,#indowestern #desistyle #everydayethnic #indianfashion #outfitideas #personalstyle #fashioncreator #everydaystyle #delhistyle #weekendstyle,1,50706,8593,16.9,21326,507,12,5,56,158,5,580,6.75,0.06,0.65,3.165,0,repeat_outfit:12,need the jeans link,0.0,153,10
17911777372554054,reel,4,2023-09-26,20:05,Tue,20,"one of those outfits that looked better once I stopped overthinking it: a vintage tee in butter yellow for a wedding function, with mixed an Indian piece with western basics. This one made the final cut. I did not want the outfit to feel too polished, for the first coffee run.",277,0,11,#everydaystyle #fashioncontent #ootdindia #outfitinspiration #styleideas #hyderabadfashion #brunchoutfit #slowfashion #vintagestyle #graphictee #thriftstyle,1,50693,3625,7.2,4666,0,33,0,10,36,3,43,1.19,0.0,0.28,8.333,0,styling_question:33,okay the bag is everything,0.0,153,10
17903174635154257,reel,4,2023-09-26,21:40,Tue,21,"for a rooftop dinner, I wanted something current but still practical, so I paired a lightweight bomber with sneakers and a leather belt; I would genuinely repeat this instead of saving it and forgetting about it. I did not want the outfit to feel too polished, for the walk home.",279,0,7,#urbanstyle #casualfits #styleideas #trendalert #streetstyle #stylingtips #punefashion,1,50711,49492,97.6,121387,3025,90,123,413,898,71,3651,7.38,0.25,0.83,7.906,2,repeat_outfit:90,this is exactly my style,10.0,153,10
17980085664204702,carousel,4,2023-09-26,22:00,Tue,22,"repeating pieces from my wardrobe again: a wide-leg trouser in ivory for a movie night, styled around added a belt to give the outfit some shape. This one made the final cut. I did not want the outfit to feel too polished, for a warm evening.",242,0,8,#weddinggueststyle #thriftedfashion #widelegpants #widelegtrousers #relaxedtailoring #streetstyle #everydaystyle #stylingtips,1,50693,2633,5.2,3165,0,7,0,7,26,2,14,0.53,0.0,0.27,7.692,7,styling_question:7,this is actually wearable,0.0,153,10
17907729648317396,reel,4,2023-09-26,22:23,Tue,22,"if I had to make a cropped cardigan work for a day of errands, this is how I would do it: balanced the oversized shape with a cleaner bottom, then mules and a slim belt. I did not want the outfit to feel too polished, for the cooler part of the day.",249,0,9,#layering #preppystyle #knitwear #everydaystyle #desifashion #fashionreelsindia #indianstyle #wardrobe #fashiondiaries,1,50693,2180,4.3,2597,0,9,0,6,21,2,15,0.69,0.0,0.28,9.524,0,repeat_outfit:9,this is such a good repeat outfit,0.0,153,10
17981814486478237,story,4,2023-09-26,22:40,Tue,22,"the outfit started with a pleated trouser and somehow became my favourite look for a client meeting; repeated an old favourite instead of buying something new. this feels much more like real-life fashion than a perfectly styled shoot. This one made the final cut. I did not want the outfit to feel too polished, before the plans started.",337,0,10,#modernclassic #fashiondiaries #fashionreels #reelsindia #genzfashion #styleblogger #indianstreetstyle #casualoutfit #statementaccessories #pleatedtrousers,1,50782,24247,47.7,60723,1637,48,30,324,395,18,2039,8.41,0.12,1.34,4.557,2,styling_question:48,adding this to my outfit board,14.6,153,10
17960151009759734,reel,4,2023-09-26,22:47,Tue,22,"not a full trend overhaul, just a cargo trouser in forest green for a music gig; went for comfort instead of forcing the trend. I wanted something current without looking like I copied a mood board. This one made the final cut. I did not want the outfit to feel too polished, after the plans changed.",300,0,11,#outfitideas #personalstyle #fashioncreator #chennaistyle #traveloutfit #desimaximalism #cargopants #streetwearindia #utilitystyle #baggyfits #streetstyle,1,50693,3128,6.2,3759,0,29,0,9,31,3,38,1.21,0.0,0.29,9.677,0,repeat_outfit:29,the shoes made the outfit,0.0,153,10
17964253801527912,reel,4,2023-09-26,22:57,Tue,22,"wore a structured mini bag in dusty pink for a flea market afternoon; used a thrifted piece as the hero, finished it with strappy sandals and a simple ring stack. I finally understand why this silhouette keeps showing up on my feed. The forest green detail was the part I nearly skipped. I did not want the outfit to feel too polished, while travelling.",353,0,7,#delhistyle #workwear #coordset #minibag #bagstyle #accessories #everydayluxury,1,50693,3458,6.8,3913,0,23,0,10,34,3,33,0.95,0.0,0.29,8.824,23,styling_question:23,where are the trousers from?,0.0,153,10
17966545888849528,carousel,4,2023-09-26,23:10,Tue,23,"today's a long travel day outfit was built around baggy denim in tomato red; changed only the shoes and it completely shifted the look. I almost changed the outfit, then decided the slightly undone look was better. This one made the final cut. I did not want the outfit to feel too polished, between two meetings.",313,0,8,#hyderabadfashion #collegeoutfit #modernprep #baggyjeans #denimstyle #denimfit #streetstyle #everydaydenim,1,50800,29671,58.4,70800,1749,33,36,276,473,19,2094,7.06,0.12,0.93,4.017,0,repeat_outfit:33,the scarf detail is so good,12.1,153,10
17941516353255401,story,4,2023-09-27,09:00,Wed,9,"trying a co-ord set for a beach evening without making the look feel too styled; made the outfit work for both daytime and evening. the camera makes it look dressier than it felt in real life. This one made the final cut. I did not want the outfit to feel too polished, before dinner.",284,0,9,#summerstyle #easyoutfits #streetstyle #stylingtips #ootd #styleinspo #fashionindia #punefashion #festivefashion,1,50818,12780,25.1,29038,704,13,13,110,176,7,840,6.57,0.1,0.86,3.977,1,styling_question:13,can you do a budget version?,7.7,66,9
17924856672127802,story,4,2023-09-27,09:17,Wed,9,"the plan was simple: a slip dress in off-white, sneakers, and chunky earrings for a first-date outfit; kept the colours tonal. I did not want the outfit to feel too polished, on the way to brunch.",196,0,10,#desifashion #fashionreelsindia #indianstyle #wardrobe #bangalorefashion #weekendstyle #indowestern #slipdress #dressstyle #eveninglook,1,50818,2245,4.4,2726,0,14,0,6,22,2,20,0.89,0.0,0.27,9.091,0,repeat_outfit:14,the layering is perfect,0.0,66,9
17908386364041292,story,4,2023-09-27,10:12,Wed,10,"one of those outfits that looked better once I stopped overthinking it: a tailored vest in sage for a regular Monday, with wore it with flats because looking good and being comfortable can coexist. This one made the final cut. I did not want the outfit to feel too polished, during a quick city stop.",300,0,11,#genzfashion #mumbaistyle #brunchoutfit #resortwear #tailoredvest #veststyle #suiting #modernstyle #minimalfashion #wardrobe #fashiondiaries,1,50818,3341,6.6,3554,0,25,0,10,33,3,35,1.05,0.0,0.3,9.091,0,styling_question:25,where is the shirt from?,0.0,66,9
17982586142943859,reel,4,2023-09-27,10:29,Wed,10,"for a festive lunch, I wanted something current but still practical, so I paired a knit polo with mules and silver hoops; I would genuinely repeat this instead of saving it and forgetting about it. I did not want the outfit to feel too polished, before the rain arrived.",270,0,7,#capsulewardrobe #knitpolo #polostyle #preppystyle #smartcasual #everydaymenswear #genzfashion,1,50818,3907,7.7,4992,0,46,0,11,39,3,57,1.46,0.0,0.28,7.692,0,repeat_outfit:46,love the colour combination,0.0,66,9
17999277986338034,reel,4,2023-09-27,11:00,Wed,11,"repeating pieces from my wardrobe again: a satin skirt in deep burgundy for a night out, styled around added one statement accessory. This one made the final cut. I did not want the outfit to feel too polished, after sunset.",224,0,8,#femininefashion #skirtstyle #styleinspo #personalstyle #fashioncreator #everydaystyle #fashioncontent #ootdindia,1,50825,18391,36.2,36016,1234,28,67,165,334,26,1494,8.12,0.36,0.9,7.784,1,styling_question:28,would this work with flats?,10.7,66,9
17902756159447222,carousel,4,2023-09-27,13:55,Wed,13,"if I had to make a striped button-down work for a work presentation, this is how I would do it: swapped heels for sneakers at the last minute, then ankle boots and a silk scarf. The cherry red detail was the part I nearly skipped. I did not want the outfit to feel too polished, for the second half of the day.",310,0,9,#ootdindia #outfitinspiration #styleideas #urbanstyle #trendalert #delhistyle #dateoutfit #layeringstyle #stripedshirt,1,50818,3927,7.7,4606,0,20,0,11,39,3,31,0.79,0.0,0.28,7.692,0,repeat_outfit:20,the proportions are so good,0.0,66,9
17920103396639948,carousel,4,2023-09-27,17:05,Wed,17,"the outfit started with a simple white shirt and somehow became my favourite look for a Sunday family lunch; mixed it with something I already owned. this feels much more like real-life fashion than a perfectly styled shoot. This one made the final cut. I did not want the outfit to feel too polished, before heading back home.",327,0,10,#ootd #styleinspo #hyderabadfashion #casualoutfit #quietluxury #whiteshirt #wardrobestaples #capsulewardrobe #minimalstyle #classicfashion,1,50818,2553,5.0,3038,0,22,0,7,25,2,29,1.14,0.0,0.27,8.0,0,styling_question:22,this feels very current,0.0,66,9
17907914089153195,reel,4,2023-09-27,17:29,Wed,17,"not a full trend overhaul, just a rugby shirt in olive for a content shoot; kept the accessories intentionally minimal. I wanted something current without looking like I copied a mood board. This one made the final cut. I did not want the outfit to feel too polished, for a casual photo walk.",292,0,11,#traveloutfit #scarfstyle #rugbyshirt #preppyfashion #sportystyle #casualstyle #collegestyle #styleinspo #fashionindia #desifashion #fashionreelsindia,1,50818,3137,6.2,3478,0,13,0,9,31,3,22,0.7,0.0,0.29,9.677,0,repeat_outfit:13,please do more everyday outfits,0.0,66,9
17909372514080443,reel,4,2023-09-27,17:30,Wed,17,"wore a boxy blazer in soft grey for late class; used the same pieces I wore last week, finished it with ballet flats and a vintage watch. I finally understand why this silhouette keeps showing up on my feed. the colour combination grew on me after a few minutes, for the morning.",279,0,8,#blazerstyle #tailoredstyle #smartcasual #streetstyle #workwear #indianstyle #wardrobe#styleedit,1,50851,18687,36.7,48923,1198,35,52,129,338,8,1414,7.57,0.28,0.69,2.367,0,styling_question:35,saving this for my next brunch,17.1,66,9
17911984763490003,carousel,4,2023-09-27,17:30,Wed,17,"today's coffee run outfit was built around a maxi skirt in chocolate brown; played with proportions rather than prints. I almost changed the outfit, then decided the slightly undone look was better. This one made the final cut. the colour combination grew on me after a few minutes, for the afternoon.",301,0,8,#everydayfashion #reelsindia #genzfashion #styleblogger #indianfashion #outfitideas #mumbaistyle #collegeoutfit,1,50818,3372,6.6,3973,0,22,0,10,33,3,32,0.95,0.0,0.3,9.091,0,repeat_outfit:22,how would you style this for a wedding?,0.0,66,9
17953098115306259,carousel,4,2023-09-27,19:30,Wed,19,"trying a scarf top for college fest without making the look feel too styled; layered it for the unpredictable weather. the camera makes it look dressier than it felt in real life. This one made the final cut. the colour combination grew on me after a few minutes, for golden hour.",280,0,9,#fashioncreator #everydaystyle #fashioncontent #indianstreetstyle #festivefashion #coastalstyle #scarfstyle #scarftop #silkstyle,1,50859,17778,35.0,41008,1183,22,46,134,252,7,1385,7.79,0.26,0.75,2.778,3,styling_question:22,the second look is my favourite,18.2,66,9
17959937286880988,reel,4,2023-09-27,20:21,Wed,20,"the plan was simple: a crochet top in cobalt blue, mules, and a canvas tote for airport morning; added a scarf because the outfit needed something softer. the colour combination grew on me after a few minutes, for a long day out.",229,0,10,#chennaistyle #weekendstyle #tailoredstyle #crochetstyle #summerknits #handmadefashion #resortstyle #texturedfashion #fashioncontent #ootdindia,1,50818,3841,7.6,4374,0,10,0,11,38,3,21,0.55,0.0,0.29,7.895,0,repeat_outfit:10,need the jeans link,0.0,66,9
17959918359999470,reel,4,2023-09-27,20:44,Wed,20,"one of those outfits that looked better once I stopped overthinking it: a linen shirt in butter yellow for Sunday brunch, with mixed an Indian piece with western basics. The terracotta detail was the part I nearly skipped. the colour combination grew on me after a few minutes, for the first coffee run.",303,0,11,#linenstyle #summerstyle #linenlook #resortwear #minimalstyle #urbanstyle #trendalert #streetstyle #stylingtips #ootd #delhistyle,1,50818,2067,4.1,2671,0,24,0,6,20,2,30,1.45,0.0,0.29,10.0,0,styling_question:24,okay the bag is everything,0.0,66,9
17912288758479178,carousel,4,2023-09-27,22:07,Wed,22,"for office-to-dinner plans, I wanted something current but still practical, so I paired a fitted tank with an oversized shirt with ankle boots and layered necklaces; I would genuinely repeat this instead of saving it and forgetting about it. the colour combination grew on me after a few minutes, for the walk home.",315,0,7,#streetwearindia #casualstyle #ootd #styleinspo #fashionindia #desifashion #fashionreelsindia,1,50818,3831,7.5,4642,0,26,0,11,38,3,37,0.97,0.0,0.29,7.895,0,repeat_outfit:26,this is exactly my style,0.0,66,9
17978878298843235,reel,4,2023-09-28,00:10,Thu,0,"repeating pieces from my wardrobe again: a handloom kurta in ivory for a last-minute house party, styled around added a belt to give the outfit some shape. This one made the final cut. the colour combination grew on me after a few minutes, for a warm evening.",259,0,8,#indianstyle #wardrobe #fashiondiaries #fashionreels #punefashion #weddinggueststyle #thriftedfashion #handloom,1,50874,17549,34.5,35030,1072,40,10,92,295,7,1214,6.92,0.06,0.52,2.373,0,styling_question:40,this is actually wearable,5.0,226,12
17950380133922854,reel,4,2023-09-28,01:40,Thu,1,"if I had to make a cotton saree work for a rainy commute, this is how I would do it: balanced the oversized shape with a cleaner bottom, then loafers and a leather belt. the colour combination grew on me after a few minutes, for the cooler part of the day.",256,0,9,#bangalorefashion #dateoutfit #oversizedstyle #cottonsaree #sareestyle #indianfashion #contemporarysaree #desifashion #fashionreels,1,50881,59920,117.8,111681,3069,109,179,493,1206,103,3850,6.43,0.3,0.82,8.541,2,repeat_outfit:109,this is such a good repeat outfit,13.3,226,12
17962185055761553,reel,4,2023-09-28,10:23,Thu,10,"the outfit started with a halter top and somehow became my favourite look for a friend's birthday; repeated an old favourite instead of buying something new. this feels much more like real-life fashion than a perfectly styled shoot. This one made the final cut. the colour combination grew on me after a few minutes, before the plans started.",342,0,10,#statementaccessories #haltertop #eveningstyle #summerfashion #goingoutlook #trendstyle #indianfashion #outfitideas #personalstyle #fashioncreator,1,50874,2430,4.8,2956,0,22,0,7,24,2,29,1.19,0.0,0.29,8.333,0,styling_question:22,adding this to my outfit board,0.0,226,12
17982294944746067,carousel,4,2023-09-28,10:32,Thu,10,"not a full trend overhaul, just a straight-leg jean in forest green for a casual date; went for comfort instead of forcing the trend. I wanted something current without looking like I copied a mood board. This one made the final cut. the colour combination grew on me after a few minutes, after the plans changed.",313,0,11,#jeansandate #casualstyle #wardrobestaples #everydaystyle #fashioncontent #ootdindia #outfitinspiration #styleideas #indianstreetstyle #traveloutfit #desimaximalism,1,50874,2420,4.8,2552,0,19,0,7,24,2,26,1.07,0.0,0.29,8.333,19,repeat_outfit:19,the shoes made the outfit,0.0,226,12
17940451522917742,reel,4,2023-09-28,11:00,Thu,11,"wore a denim jacket in dusty pink for a family dinner; used a thrifted piece as the hero, finished it with kitten heels and small sunglasses. I finally understand why this silhouette keeps showing up on my feed. the colour combination grew on me after a few minutes, while travelling.",284,0,7,#urbanstyle #trendalert #stylingtips #chennaistyle #workwear #coordset #denimjacket,4,50984,2248,4.4,3061,134,5,1,10,34,0,150,6.67,0.04,0.44,0.0,0,styling_question:5,where are the trousers from?,0.0,226,12
17967827016691349,reel,4,2023-09-28,13:00,Thu,13,"today's a gallery visit outfit was built around a printed skirt in tomato red; changed only the shoes and it completely shifted the look. I almost changed the outfit, then decided the slightly undone look was better. The washed blue detail was the part I nearly skipped. the colour combination grew on me after a few minutes, between two meetings.",347,0,8,#fashionindia #desifashion #delhistyle #collegeoutfit #modernprep #printedskirt #printmixing #statementstyle,8,50984,5240,10.3,8329,303,9,7,48,86,4,367,7.0,0.13,0.92,4.651,0,repeat_outfit:9,the scarf detail is so good,22.2,226,12
17947634002446221,reel,4,2023-09-28,13:38,Thu,13,"trying a lightweight trench for a weekend in Goa without making the look feel too styled; made the outfit work for both daytime and evening. the camera makes it look dressier than it felt in real life. This one made the final cut. the colour combination grew on me after a few minutes, before dinner.",300,0,9,#festivefashion #linenstyle #trenchcoat #layering #transitionalstyle #citystyle #outerwear #desifashion #fashionreelsindia,1,50874,3736,7.3,3947,0,23,0,11,37,3,34,0.91,0.0,0.29,8.108,0,styling_question:23,can you do a budget version?,0.0,226,12
17923293404650662,carousel,4,2023-09-28,14:50,Thu,14,"the plan was simple: a relaxed kurta in off-white, ankle boots, and a structured shoulder bag for a quick trip to Bengaluru; kept the colours tonal. the colour combination grew on me after a few minutes, on the way to brunch.",225,0,10,#desistyle #everydayethnic #fashiondiaries #fashionreels #reelsindia #genzfashion #styleblogger #punefashion #weekendstyle #kurta,1,50988,36251,71.1,87666,2002,47,113,259,564,55,2421,6.68,0.31,0.71,9.752,1,repeat_outfit:47,the layering is perfect,8.5,226,12
17943232543296412,reel,4,2023-09-28,17:25,Thu,17,"one of those outfits that looked better once I stopped overthinking it: a vintage tee in sage for a wedding function, with wore it with flats because looking good and being comfortable can coexist. This one made the final cut. the colour combination grew on me after a few minutes, during a quick city stop.",307,0,11,#retrofashion #styleblogger #indianfashion #outfitideas #personalstyle #fashioncreator #bangalorefashion #brunchoutfit #resortwear #vintagestyle #graphictee,1,50874,2862,5.6,3320,0,21,0,8,28,2,29,1.01,0.0,0.28,7.143,0,styling_question:21,where is the shirt from?,0.0,226,12
17910186442097490,reel,4,2023-09-28,17:44,Thu,17,"for a rooftop dinner, I wanted something current but still practical, so I paired a lightweight bomber with loafers and chunky earrings; I would genuinely repeat this instead of saving it and forgetting about it. the colour combination grew on me after a few minutes, before the rain arrived.",292,0,7,#fashioncontent #ootdindia #outfitinspiration #mumbaistyle #nightoutfit #capsulewardrobe #bomberjacket,1,50874,2135,4.2,2741,0,12,0,6,21,2,18,0.84,0.0,0.28,9.524,0,repeat_outfit:12,love the colour combination,0.0,226,12
17961851358465364,reel,4,2023-09-28,19:40,Thu,19,"repeating pieces from my wardrobe again: a wide-leg trouser in deep burgundy for a movie night, styled around added one statement accessory. This one made the final cut. the colour combination grew on me after a few minutes, after sunset.",238,0,9,#widelegpants #widelegtrousers #relaxedtailoring #streetstyle #everydaystyle #outfitinspiration #styleideas #urbanstyle#dailyoutfit,1,51043,18969,37.2,41417,1221,27,10,127,300,6,1385,7.3,0.05,0.67,2.0,0,styling_question:27,would this work with flats?,11.1,226,12
17914747457250987,reel,4,2023-09-28,20:05,Thu,20,"if I had to make a cropped cardigan work for a day of errands, this is how I would do it: swapped heels for sneakers at the last minute, then sneakers and silver hoops. the colour combination grew on me after a few minutes, for the second half of the day.",255,0,9,#cardiganstyle #layering #preppystyle #knitwear #everydaystyle #streetstyle #stylingtips #ootd #styleinspo,1,50874,3036,6.0,3746,0,28,0,9,30,3,37,1.22,0.0,0.3,10.0,0,repeat_outfit:28,the proportions are so good,0.0,226,12
17909749750354701,reel,4,2023-09-28,22:15,Thu,22,"the outfit started with a pleated trouser and somehow became my favourite look for a client meeting; mixed it with something I already owned. this feels much more like real-life fashion than a perfectly styled shoot. The chocolate brown detail was the part I nearly skipped. the colour combination grew on me after a few minutes, before heading back home.",355,0,10,#menswearinspired #modernclassic #fashionindia #desifashion #fashionreelsindia #indianstyle #wardrobe #delhistyle #casualoutfit #quietluxury,1,50874,3912,7.7,4532,0,21,0,11,39,3,32,0.82,0.0,0.28,7.692,0,styling_question:21,this feels very current,0.0,226,12
17962699934087843,image,4,2023-09-28,23:30,Thu,23,"not a full trend overhaul, just a cargo trouser in olive for a music gig; kept the accessories intentionally minimal. I wanted something current without looking like I copied a mood board. This one made the final cut. the colour combination grew on me after a few minutes, for a casual photo walk.",297,0,11,#fashiondiaries #fashionreels #reelsindia #genzfashion #hyderabadfashion #traveloutfit #scarfstyle #cargopants #streetwearindia #utilitystyle #baggyfits,1,51049,77278,151.4,177934,5262,166,90,633,1238,46,6151,7.96,0.12,0.82,3.716,0,repeat_outfit:166,please do more everyday outfits,18.3,226,12
17981839882548560,reel,5,2023-09-29,00:10,Fri,0,"wore a structured mini bag in soft grey for a flea market afternoon; used the same pieces I wore last week, finished it with retro trainers and a slim belt. I finally understand why this silhouette keeps showing up on my feed. I repeated the bag because it simply worked, for the morning.",288,0,7,#personalstyle #punefashion #workwear #y2kfashion #minibag #bagstyle #accessories,1,51090,181881,356.0,418973,10790,333,625,1425,3182,246,13173,7.24,0.34,0.78,7.731,1,styling_question:333,saving this for my next brunch,6.7,353,11
17996871475884814,carousel,5,2023-09-29,01:30,Fri,1,"today's a long travel day outfit was built around baggy denim in chocolate brown; played with proportions rather than prints. I almost changed the outfit, then decided the slightly undone look was better. This one made the final cut. I repeated the bag because it simply worked, for the afternoon.",297,0,8,#streetstyle #everydaydenim #personalstyle #fashioncreator #everydaystyle #fashioncontent #ootdindia #bangalorefashion,1,51336,28635,55.8,75995,1489,52,14,219,440,12,1774,6.2,0.05,0.76,2.727,0,repeat_outfit:52,how would you style this for a wedding?,9.6,353,11
17916042209507400,carousel,5,2023-09-29,02:30,Fri,2,"trying a co-ord set for a beach evening without making the look feel too styled; layered it for the unpredictable weather. the camera makes it look dressier than it felt in real life. This one made the final cut. I repeated the bag because it simply worked, for golden hour.",274,0,9,#matchingset #summerstyle #easyoutfits #ootdindia #outfitinspiration #styleideas #urbanstyle #trendalert #mumbaistyle,1,51348,5668,11.0,8706,335,10,3,39,101,2,387,6.83,0.05,0.69,1.98,1,styling_question:10,the second look is my favourite,10.0,353,11
17901588550688887,reel,5,2023-09-29,09:40,Fri,9,"the plan was simple: a slip dress in cobalt blue, loafers, and a simple ring stack for a first-date outfit; added a scarf because the outfit needed something softer. I repeated the bag because it simply worked, for a long day out.",230,0,10,#trendalert #streetstyle #stylingtips #ootd #styleinspo #indianstreetstyle #weekendstyle #tailoredstyle #slipdress #dressstyle,1,51350,6406,12.5,10098,340,10,7,63,117,4,420,6.56,0.11,0.98,3.419,0,repeat_outfit:10,need the jeans link,10.0,353,11
17910197718613280,carousel,5,2023-09-29,10:00,Fri,10,"one of those outfits that looked better once I stopped overthinking it: a tailored vest in butter yellow for a regular Monday, with mixed an Indian piece with western basics. This one made the final cut. I repeated the bag because it simply worked, for the first coffee run.",274,0,11,#fashionreelsindia #indianstyle #chennaistyle #brunchoutfit #slowfashion #tailoredvest #veststyle #suiting #modernstyle #minimalfashion #styleinspo,1,51090,2608,5.1,3185,0,7,0,7,26,2,14,0.54,0.0,0.27,7.692,0,styling_question:7,okay the bag is everything,0.0,353,11
17997959151385137,reel,5,2023-09-29,10:17,Fri,10,"for a festive lunch, I wanted something current but still practical, so I paired a knit polo with sneakers and a canvas tote; I would genuinely repeat this instead of saving it and forgetting about it. The sage detail was the part I nearly skipped. I repeated the bag because it simply worked, for the walk home.",312,0,7,#nightoutfit #handloom #knitpolo #polostyle #preppystyle #smartcasual #everydaymenswear,1,51090,2227,4.4,2370,0,8,0,6,22,2,14,0.63,0.0,0.27,9.091,0,repeat_outfit:8,this is exactly my style,0.0,353,11
17934549526927197,reel,5,2023-09-29,10:39,Fri,10,"repeating pieces from my wardrobe again: a satin skirt in ivory for a night out, styled around added a belt to give the outfit some shape. This one made the final cut. I repeated the bag because it simply worked, for a warm evening.",232,0,8,#eveningstyle #femininefashion #skirtstyle #styleinspo #reelsindia #genzfashion #styleblogger #indianfashion,1,51090,3992,7.8,5063,0,21,0,11,39,3,32,0.8,0.0,0.28,7.692,0,styling_question:21,this is actually wearable,0.0,353,11
17947556525051947,reel,5,2023-09-29,11:10,Fri,11,"if I had to make a striped button-down work for a work presentation, this is how I would do it: balanced the oversized shape with a cleaner bottom, then mules and layered necklaces. I repeated the bag because it simply worked, for the cooler part of the day.",258,0,9,#punefashion #dateoutfit #oversizedstyle #stripedshirt #buttondown #preppystyle #classicstyle #outfitideas #personalstyle,1,51354,14246,27.7,28707,821,27,15,125,277,9,988,6.94,0.11,0.88,3.249,1,repeat_outfit:27,this is such a good repeat outfit,11.1,353,11
17977614764470351,carousel,5,2023-09-29,13:04,Fri,13,"the outfit started with a simple white shirt and somehow became my favourite look for a Sunday family lunch; repeated an old favourite instead of buying something new. this feels much more like real-life fashion than a perfectly styled shoot. This one made the final cut. I repeated the bag because it simply worked, before the plans started.",342,0,10,#outfitinspiration #styleideas #urbanstyle #bangalorefashion #casualoutfit #statementaccessories #whiteshirt #wardrobestaples #capsulewardrobe #minimalstyle,1,51090,3919,7.7,4542,0,19,0,11,39,3,30,0.77,0.0,0.28,7.692,19,styling_question:19,adding this to my outfit board,0.0,353,11
17962702302480250,reel,5,2023-09-29,13:15,Fri,13,"not a full trend overhaul, just a rugby shirt in forest green for a content shoot; went for comfort instead of forcing the trend. I wanted something current without looking like I copied a mood board. This one made the final cut. I repeated the bag because it simply worked, after the plans changed.",299,0,11,#mumbaistyle #traveloutfit #desimaximalism #rugbyshirt #preppyfashion #sportystyle #casualstyle #collegestyle #urbanstyle #trendalert #streetstyle,1,51090,3116,6.1,3358,0,19,0,9,31,3,28,0.9,0.0,0.29,9.677,19,repeat_outfit:19,the shoes made the outfit,0.0,353,11
17981523259940916,image,5,2023-09-29,13:20,Fri,13,"wore a boxy blazer in dusty pink for late class; used a thrifted piece as the hero, finished it with strappy sandals and a silk scarf. I finally understand why this silhouette keeps showing up on my feed. I repeated the bag because it simply worked, while travelling.",267,0,7,#styleinspo #fashionindia #desifashion #fashionreelsindia #indianstreetstyle #coordset #blazerstyle,1,51363,33102,64.4,88286,1703,37,74,264,612,52,2078,6.28,0.22,0.8,8.497,1,styling_question:37,where are the trousers from?,16.2,353,11
17993140714404169,carousel,5,2023-09-29,17:11,Fri,17,"today's coffee run outfit was built around a maxi skirt in tomato red; changed only the shoes and it completely shifted the look. I almost changed the outfit, then decided the slightly undone look was better. This one made the final cut. I repeated the bag because it simply worked, between two meetings.",304,0,8,#femininefashion #everydayfashion #fashionreelsindia #indianstyle #wardrobe #fashiondiaries #fashionreels #chennaistyle,1,51090,3955,7.7,4992,0,30,0,11,39,3,41,1.04,0.0,0.28,7.692,0,repeat_outfit:30,the scarf detail is so good,0.0,353,11
17997155047859078,story,5,2023-09-29,20:08,Fri,20,"trying a scarf top for college fest without making the look feel too styled; made the outfit work for both daytime and evening. the camera makes it look dressier than it felt in real life. The charcoal detail was the part I nearly skipped. I repeated the bag because it simply worked, before dinner.",299,0,9,#reelsindia #genzfashion #styleblogger #indianfashion #delhistyle #festivefashion #linenstyle #scarfstyle #scarftop,1,51090,2886,5.6,3380,0,29,0,8,28,2,37,1.28,0.0,0.28,7.143,0,styling_question:29,can you do a budget version?,0.0,353,11
17963556614235076,reel,5,2023-09-29,20:39,Fri,20,"the plan was simple: a crochet top in off-white, sneakers, and a vintage watch for airport morning; kept the colours tonal. I repeated the bag because it simply worked, on the way to brunch.",190,0,10,#everydaystyle #hyderabadfashion #weekendstyle #indowestern #crochetstyle #summerknits #handmadefashion #resortstyle #texturedfashion #indianfashion,1,51090,2463,4.8,2790,0,18,0,7,24,2,25,1.02,0.0,0.28,8.333,0,repeat_outfit:18,the layering is perfect,0.0,353,11
17912155279268477,image,5,2023-09-29,20:59,Fri,20,"one of those outfits that looked better once I stopped overthinking it: a linen shirt in sage for Sunday brunch, with wore it with flats because looking good and being comfortable can coexist. This one made the final cut. I repeated the bag because it simply worked, during a quick city stop.",292,0,11,#fashioncontent #ootdindia #outfitinspiration #styleideas #punefashion #brunchoutfit #linenstyle #summerstyle #linenlook #resortwear #minimalstyle,1,51090,3958,7.7,4864,0,23,0,11,39,3,34,0.86,0.0,0.28,7.692,23,styling_question:23,where is the shirt from?,0.0,353,11
17958565694776419,image,5,2023-09-29,22:20,Fri,22,"for office-to-dinner plans, I wanted something current but still practical, so I paired a fitted tank with an oversized shirt with mules and a structured shoulder bag; I would genuinely repeat this instead of saving it and forgetting about it. I repeated the bag because it simply worked, before the rain arrived.",313,0,7,#oversizedstyle #streetwearindia #casualstyle #styleideas #urbanstyle #trendalert #streetstyle,1,51415,25296,49.2,33488,1426,48,65,131,473,11,1670,6.6,0.26,0.52,2.326,0,repeat_outfit:48,love the colour combination,6.2,353,11
17931065558762496,reel,5,2023-09-29,22:46,Fri,22,"repeating pieces from my wardrobe again: a handloom kurta in deep burgundy for a last-minute house party, styled around added one statement accessory. This one made the final cut. I repeated the bag because it simply worked, after sunset.",238,0,8,#stylingtips #ootd #styleinspo #fashionindia #desifashion #mumbaistyle #weddinggueststyle #baggyfits,1,51090,2773,5.4,3394,0,16,0,8,27,2,24,0.87,0.0,0.29,7.407,0,styling_question:16,would this work with flats?,0.0,353,11
17954550387366304,reel,5,2023-09-29,22:49,Fri,22,"if I had to make a cotton saree work for a rainy commute, this is how I would do it: swapped heels for sneakers at the last minute, then ankle boots and chunky earrings. I repeated the bag because it simply worked, for the second half of the day.",246,0,9,#contemporarysaree #desifashion #fashionreelsindia #indianstyle #wardrobe #fashiondiaries #indianstreetstyle #dateoutfit #layeringstyle,1,51090,3476,6.8,4050,0,40,0,10,34,3,50,1.44,0.0,0.29,8.824,0,repeat_outfit:40,the proportions are so good,0.0,353,11
17939073605015334,story,5,2023-09-30,02:30,Sat,2,"the outfit started with a halter top and somehow became my favourite look for a friend's birthday; mixed it with something I already owned. this feels much more like real-life fashion than a perfectly styled shoot. This one made the final cut. I repeated the bag because it simply worked, before heading back home.",314,0,10,#casualoutfit #quietluxury #haltertop #eveningstyle #summerfashion #goingoutlook #trendstyle #fashiondiaries #fashionreels #reelsindia,1,51427,31832,61.9,58953,1832,70,37,338,616,23,2277,7.15,0.12,1.06,3.734,3,styling_question:70,this feels very current,11.7,265,14
17901822866031345,carousel,5,2023-09-30,09:00,Sat,9,"not a full trend overhaul, just a straight-leg jean in olive for a casual date; kept the accessories intentionally minimal. I wanted something current without looking like I copied a mood board. The soft grey detail was the part I nearly skipped. I repeated the bag because it simply worked, for a casual photo walk.",316,0,11,#denimstyle #jeansandate #casualstyle #wardrobestaples #styleblogger #indianfashion #outfitideas #personalstyle #fashioncreator #delhistyle #traveloutfit,1,51450,8827,17.2,21653,488,10,10,96,123,4,604,6.84,0.11,1.09,3.252,0,repeat_outfit:10,please do more everyday outfits,20.0,265,14
17918721551413728,image,5,2023-09-30,09:14,Sat,9,"wore a denim jacket in soft grey for a family dinner; used the same pieces I wore last week, finished it with ballet flats and a leather belt. I finally understand why this silhouette keeps showing up on my feed. the sleeves stayed rolled up all day, for the morning.",267,0,7,#casualfashion #fashioncreator #everydaystyle #fashioncontent #ootdindia #outfitinspiration #hyderabadfashion,1,51427,2172,4.2,2290,0,15,0,6,21,2,21,0.97,0.0,0.28,9.524,0,styling_question:15,saving this for my next brunch,0.0,265,14
17905409757736451,carousel,5,2023-09-30,11:40,Sat,11,"today's a gallery visit outfit was built around a printed skirt in chocolate brown; played with proportions rather than prints. I almost changed the outfit, then decided the slightly undone look was better. This one made the final cut. the sleeves stayed rolled up all day, for the afternoon.",292,0,8,#urbanstyle #trendalert #streetstyle #punefashion #collegeoutfit #denimstyle #printedskirt #printmixing,1,51454,14924,29.0,28516,1015,39,27,186,222,11,1267,8.49,0.18,1.25,4.955,0,repeat_outfit:39,how would you style this for a wedding?,15.4,265,14
17985350358865419,reel,5,2023-09-30,13:47,Sat,13,"trying a lightweight trench for a weekend in Goa without making the look feel too styled; layered it for the unpredictable weather. the camera makes it look dressier than it felt in real life. This one made the final cut. the sleeves stayed rolled up all day, for golden hour.",276,0,9,#bangalorefashion #festivefashion #coastalstyle #trenchcoat #layering #transitionalstyle #citystyle #outerwear #streetstyle,1,51427,3671,7.1,4502,0,11,0,11,36,3,22,0.6,0.0,0.3,8.333,0,styling_question:11,the second look is my favourite,0.0,265,14
17924910452418280,reel,5,2023-09-30,14:50,Sat,14,"the plan was simple: a relaxed kurta in cobalt blue, mules, and small sunglasses for a quick trip to Bengaluru; added a scarf because the outfit needed something softer. the sleeves stayed rolled up all day, for a long day out.",227,0,10,#kurta #indianwear #indowestern #desistyle #everydayethnic #fashionindia #desifashion #fashionreelsindia #indianstyle #wardrobe,1,51465,12610,24.5,30436,768,15,7,97,203,5,887,7.03,0.06,0.77,2.463,0,repeat_outfit:15,need the jeans link,26.7,265,14
17988934134820334,reel,5,2023-09-30,17:25,Sat,17,"one of those outfits that looked better once I stopped overthinking it: a vintage tee in butter yellow for a wedding function, with mixed an Indian piece with western basics. This one made the final cut. the sleeves stayed rolled up all day, for the first coffee run.",267,0,11,#streetwear #retrofashion #wardrobe #fashiondiaries #fashionreels #reelsindia #genzfashion #indianstreetstyle #brunchoutfit #slowfashion #vintagestyle,1,51427,2911,5.7,3496,0,33,0,8,29,2,41,1.41,0.0,0.27,6.897,0,styling_question:33,okay the bag is everything,0.0,265,14
17953786030233351,reel,5,2023-09-30,17:50,Sat,17,"for a rooftop dinner, I wanted something current but still practical, so I paired a lightweight bomber with ankle boots and a simple ring stack; I would genuinely repeat this instead of saving it and forgetting about it. the sleeves stayed rolled up all day, for the walk home.",277,0,7,#styleblogger #indianfashion #outfitideas #personalstyle #chennaistyle #nightoutfit #handloom,1,51470,24282,47.2,62822,1611,47,27,243,463,15,1928,7.94,0.11,1.0,3.24,0,repeat_outfit:47,this is exactly my style,17.0,265,14
17950761556586347,reel,5,2023-09-30,19:30,Sat,19,"repeating pieces from my wardrobe again: a wide-leg trouser in ivory for a movie night, styled around added a belt to give the outfit some shape. The off-white detail was the part I nearly skipped. the sleeves stayed rolled up all day, for a warm evening.",255,0,8,#fashioncreator #fashioncontent #ootdindia #delhistyle #weddinggueststyle #thriftedfashion #widelegpants #widelegtrousers,1,51485,26462,51.4,69080,1728,48,39,343,522,19,2158,8.16,0.15,1.3,3.64,1,styling_question:48,this is actually wearable,6.2,265,14
17934439358485993,reel,5,2023-09-30,20:01,Sat,20,"if I had to make a cropped cardigan work for a day of errands, this is how I would do it: balanced the oversized shape with a cleaner bottom, then loafers and a canvas tote. the sleeves stayed rolled up all day, for the cooler part of the day.",243,0,9,#oversizedstyle #cardiganstyle #layering #preppystyle #knitwear #everydaystyle #ootdindia #outfitinspiration #styleideas,1,51427,3375,6.6,3698,0,13,0,10,33,3,23,0.68,0.0,0.3,9.091,13,repeat_outfit:13,this is such a good repeat outfit,0.0,265,14
17973674297572553,image,5,2023-09-30,23:20,Sat,23,"the outfit started with a pleated trouser and somehow became my favourite look for a client meeting; repeated an old favourite instead of buying something new. this feels much more like real-life fashion than a perfectly styled shoot. This one made the final cut. the sleeves stayed rolled up all day, before the plans started.",327,0,10,#smartcasual #menswearinspired #modernclassic #trendalert #streetstyle #stylingtips #ootd #styleinspo #punefashion #casualoutfit,1,51504,106834,207.4,243894,7357,137,343,1171,2065,192,9008,8.43,0.32,1.1,9.298,0,styling_question:137,adding this to my outfit board,10.0,265,14
17976345681183395,reel,5,2023-10-01,00:00,Sun,0,"not a full trend overhaul, just a cargo trouser in forest green for a music gig; went for comfort instead of forcing the trend. I wanted something current without looking like I copied a mood board. This one made the final cut. the sleeves stayed rolled up all day, after the plans changed.",290,0,11,#styleinspo #fashionindia #desifashion #fashionreelsindia #indianstyle #bangalorefashion #traveloutfit #desimaximalism #cargopants #streetwearindia #utilitystyle,1,51690,33085,64.0,88157,2040,70,16,257,557,15,2383,7.2,0.05,0.78,2.693,0,repeat_outfit:70,the shoes made the outfit,13.3,63,13
17977755879528930,carousel,5,2023-10-01,01:20,Sun,1,"wore a structured mini bag in dusty pink for a flea market afternoon; used a thrifted piece as the hero, finished it with kitten heels and silver hoops. I finally understand why this silhouette keeps showing up on my feed. the sleeves stayed rolled up all day, while travelling.",278,0,7,#fashionreels #reelsindia #mumbaistyle #workwear #coordset #minibag #bagstyle,1,51705,10954,21.2,24464,734,14,8,103,186,5,859,7.84,0.07,0.94,2.688,0,styling_question:14,where are the trousers from?,14.3,63,13
17971556292235482,image,5,2023-10-01,09:10,Sun,9,"today's a long travel day outfit was built around baggy denim in tomato red; changed only the shoes and it completely shifted the look. I almost changed the outfit, then decided the slightly undone look was better. This one made the final cut. the sleeves stayed rolled up all day, between two meetings.",303,0,8,#collegeoutfit #modernprep #baggyjeans #denimstyle #denimfit #streetstyle #everydaydenim #reelsindia,1,51710,18470,35.7,40481,1083,20,33,189,295,14,1325,7.17,0.18,1.02,4.746,0,repeat_outfit:20,the scarf detail is so good,10.0,63,13
17935736249118313,reel,5,2023-10-01,09:16,Sun,9,"trying a co-ord set for a beach evening without making the look feel too styled; made the outfit work for both daytime and evening. the camera makes it look dressier than it felt in real life. This one made the final cut. the sleeves stayed rolled up all day, before dinner.",274,0,9,#coords #matchingset #summerstyle #easyoutfits #outfitideas #personalstyle #fashioncreator #everydaystyle #fashioncontent,1,51690,3175,6.1,3634,0,7,0,9,31,3,16,0.5,0.0,0.28,9.677,0,styling_question:7,can you do a budget version?,0.0,63,13
17934989187811110,reel,5,2023-10-01,10:11,Sun,10,"the plan was simple: a slip dress in off-white, ankle boots, and a slim belt for a first-date outfit; kept the colours tonal. The ivory detail was the part I nearly skipped. the sleeves stayed rolled up all day, on the way to brunch.",233,0,10,#dateoutfit #fashioncontent #ootdindia #outfitinspiration #styleideas #urbanstyle #delhistyle #weekendstyle #indowestern #slipdress,1,51690,2081,4.0,2354,0,19,0,6,20,2,25,1.2,0.0,0.29,10.0,0,repeat_outfit:19,the layering is perfect,0.0,63,13
17990684109174495,reel,5,2023-10-01,10:47,Sun,10,"one of those outfits that looked better once I stopped overthinking it: a tailored vest in sage for a regular Monday, with wore it with flats because looking good and being comfortable can coexist. This one made the final cut. the sleeves stayed rolled up all day, during a quick city stop.",290,0,11,#streetstyle #stylingtips #ootd #hyderabadfashion #brunchoutfit #resortwear #tailoredvest #veststyle #suiting #modernstyle #minimalfashion,1,51690,3272,6.3,3644,0,29,0,9,32,3,38,1.16,0.0,0.28,9.375,0,styling_question:29,where is the shirt from?,0.0,63,13
17943155860143127,carousel,5,2023-10-01,11:20,Sun,11,"for a festive lunch, I wanted something current but still practical, so I paired a knit polo with loafers and a vintage watch; I would genuinely repeat this instead of saving it and forgetting about it. the sleeves stayed rolled up all day, before the rain arrived.",265,0,7,#punefashion #nightoutfit #capsulewardrobe #knitpolo #polostyle #preppystyle #smartcasual,1,51724,6497,12.6,12932,334,11,3,32,101,2,380,5.85,0.05,0.49,1.98,0,repeat_outfit:11,love the colour combination,9.1,63,13
17948797977673923,carousel,5,2023-10-01,13:30,Sun,13,"repeating pieces from my wardrobe again: a satin skirt in deep burgundy for a night out, styled around added one statement accessory. This one made the final cut. the sleeves stayed rolled up all day, after sunset.",214,0,8,#satinskirt #eveningstyle #femininefashion #skirtstyle #styleinspo #fashionreelsindia #indianstyle #wardrobe,1,51726,12265,23.7,16886,743,26,19,136,208,8,924,7.53,0.15,1.11,3.846,0,styling_question:26,would this work with flats?,11.5,63,13
17999910533316768,reel,5,2023-10-01,17:22,Sun,17,"if I had to make a striped button-down work for a work presentation, this is how I would do it: swapped heels for sneakers at the last minute, then sneakers and a structured shoulder bag. the sleeves stayed rolled up all day, for the second half of the day.",257,0,9,#classicstyle #outfitideas #fashionreels #reelsindia #genzfashion #styleblogger #indianfashion #mumbaistyle #dateoutfit,1,51690,3972,7.7,4363,0,38,0,11,39,3,49,1.23,0.0,0.28,7.692,0,repeat_outfit:38,the proportions are so good,0.0,63,13
17960925975330924,reel,5,2023-10-01,17:30,Sun,17,"the outfit started with a simple white shirt and somehow became my favourite look for a Sunday family lunch; mixed it with something I already owned. this feels much more like real-life fashion than a perfectly styled shoot. This one made the final cut. the sleeves stayed rolled up all day, before heading back home.",317,0,10,#outfitideas #personalstyle #fashioncreator #everydaystyle #indianstreetstyle #casualoutfit #quietluxury #whiteshirt #wardrobestaples #capsulewardrobe,1,51734,11618,22.5,32112,618,23,4,53,179,4,698,6.01,0.03,0.46,2.235,0,styling_question:23,this feels very current,13.0,63,13
17978371846055572,reel,5,2023-10-01,17:57,Sun,17,"not a full trend overhaul, just a rugby shirt in olive for a content shoot; kept the accessories intentionally minimal. I wanted something current without looking like I copied a mood board. This one made the final cut. the sleeves stayed rolled up all day, for a casual photo walk.",282,0,11,#styleideas #chennaistyle #traveloutfit #scarfstyle #rugbyshirt #preppyfashion #sportystyle #casualstyle #collegestyle #everydaystyle #fashioncontent,1,51690,2765,5.3,3540,0,5,0,8,27,2,13,0.47,0.0,0.29,7.407,0,repeat_outfit:5,please do more everyday outfits,0.0,63,13
17936394595329654,image,5,2023-10-01,19:30,Sun,19,"wore a boxy blazer in soft grey for late class; used the same pieces I wore last week, finished it with retro trainers and layered necklaces. I finally understand why this silhouette keeps showing up on my feed. The olive detail was the part I nearly skipped. the outfit survived a surprisingly long commute, for the morning.",325,0,7,#urbanstyle #trendalert #stylingtips #delhistyle #y2kfashion #blazerstyle #tailoredstyle,1,51738,18225,35.2,42402,963,35,15,174,320,13,1187,6.51,0.08,0.95,4.062,4,styling_question:35,saving this for my next brunch,11.4,63,13
17966238265545534,reel,5,2023-10-01,22:01,Sun,22,"today's coffee run outfit was built around a maxi skirt in chocolate brown; played with proportions rather than prints. I almost changed the outfit, then decided the slightly undone look was better. This one made the final cut. the outfit survived a surprisingly long commute, for the afternoon.",295,0,8,#summeroutfits #femininefashion #everydayfashion #stylingtips #ootd #styleinspo #fashionindia #desifashion,1,51690,2865,5.5,3195,0,31,0,8,28,2,39,1.36,0.0,0.28,7.143,0,repeat_outfit:31,how would you style this for a wedding?,0.0,63,13
17959406262045027,reel,5,2023-10-02,09:30,Mon,9,"trying a scarf top for college fest without making the look feel too styled; layered it for the unpredictable weather. the camera makes it look dressier than it felt in real life. This one made the final cut. the outfit survived a surprisingly long commute, for golden hour.",274,0,9,#desifashion #fashionreelsindia #indianstyle #wardrobe #fashiondiaries #punefashion #festivefashion #coastalstyle #scarfstyle,1,51751,7813,15.1,19996,523,14,4,71,129,3,612,7.83,0.05,0.91,2.326,0,styling_question:14,the second look is my favourite,0.0,58,9
17980276100504192,reel,5,2023-10-02,10:41,Mon,10,"the plan was simple: a crochet top in cobalt blue, loafers, and a silk scarf for airport morning; added a scarf because the outfit needed something softer. the outfit survived a surprisingly long commute, for a long day out.",224,0,10,#genzfashion #styleblogger #bangalorefashion #weekendstyle #tailoredstyle #crochetstyle #summerknits #handmadefashion #resortstyle #texturedfashion,1,51751,3665,7.1,4381,0,7,0,10,36,3,17,0.46,0.0,0.27,8.333,0,repeat_outfit:7,need the jeans link,0.0,58,9
17973879925716002,reel,5,2023-10-02,11:50,Mon,11,"one of those outfits that looked better once I stopped overthinking it: a linen shirt in butter yellow for Sunday brunch, with mixed an Indian piece with western basics. This one made the final cut. the outfit survived a surprisingly long commute, for the first coffee run.",273,0,11,#brunchoutfit #slowfashion #linenstyle #summerstyle #linenlook #resortwear #minimalstyle #styleblogger #indianfashion #outfitideas #personalstyle,1,51754,18909,36.5,37145,1195,36,37,215,367,15,1483,7.84,0.2,1.14,4.087,0,styling_question:36,okay the bag is everything,11.1,58,9
17940379581323871,reel,5,2023-10-02,13:10,Mon,13,"for office-to-dinner plans, I wanted something current but still practical, so I paired a fitted tank with an oversized shirt with sneakers and small sunglasses; I would genuinely repeat this instead of saving it and forgetting about it. the outfit survived a surprisingly long commute, for the walk home.",305,0,7,#tanktop #oversizedstyle #streetwearindia #casualstyle #fashioncreator #everydaystyle #fashioncontent,1,51769,25821,49.9,64237,1552,49,36,272,450,20,1909,7.39,0.14,1.05,4.444,1,repeat_outfit:49,this is exactly my style,10.2,58,9
17902164062361325,reel,5,2023-10-02,13:15,Mon,13,"repeating pieces from my wardrobe again: a handloom kurta in ivory for a last-minute house party, styled around added a belt to give the outfit some shape. This one made the final cut. the outfit survived a surprisingly long commute, for a warm evening.",253,0,8,#craftsmanship #outfitinspiration #styleideas #urbanstyle #trendalert #streetstyle #chennaistyle #weddinggueststyle,1,51751,2079,4.0,2316,0,11,0,6,20,2,17,0.82,0.0,0.29,10.0,0,styling_question:11,this is actually wearable,0.0,58,9
17948740554538297,reel,5,2023-10-02,17:00,Mon,17,"if I had to make a cotton saree work for a rainy commute, this is how I would do it: balanced the oversized shape with a cleaner bottom, then mules and a simple ring stack. The ink black detail was the part I nearly skipped. the outfit survived a surprisingly long commute, for the cooler part of the day.",305,0,9,#ootd #styleinspo #fashionindia #delhistyle #dateoutfit #oversizedstyle #cottonsaree #sareestyle #indianfashion,1,51789,14408,27.8,33013,871,16,17,122,254,9,1026,7.12,0.12,0.85,3.543,0,repeat_outfit:16,this is such a good repeat outfit,0.0,58,9
17928277683067469,carousel,5,2023-10-02,20:22,Mon,20,"the outfit started with a halter top and somehow became my favourite look for a friend's birthday; repeated an old favourite instead of buying something new. this feels much more like real-life fashion than a perfectly styled shoot. This one made the final cut. the outfit survived a surprisingly long commute, before the plans started.",336,0,10,#hyderabadfashion #casualoutfit #statementaccessories #haltertop #eveningstyle #summerfashion #goingoutlook #trendstyle #fashionindia #desifashion,1,51751,2720,5.3,3175,0,32,0,8,27,2,40,1.47,0.0,0.29,7.407,0,styling_question:32,adding this to my outfit board,0.0,58,9
17956862855074047,carousel,5,2023-10-02,20:24,Mon,20,"not a full trend overhaul, just a straight-leg jean in forest green for a casual date; went for comfort instead of forcing the trend. I wanted something current without looking like I copied a mood board. This one made the final cut. the outfit survived a surprisingly long commute, after the plans changed.",307,0,11,#straightlegjeans #denimstyle #jeansandate #casualstyle #wardrobestaples #wardrobe #fashiondiaries #fashionreels #reelsindia #genzfashion #punefashion,1,51751,4081,7.9,5109,0,11,0,12,40,4,23,0.56,0.0,0.29,10.0,0,repeat_outfit:11,the shoes made the outfit,0.0,58,9
17996556492387580,reel,5,2023-10-02,22:20,Mon,22,"wore a denim jacket in dusty pink for a family dinner; used a thrifted piece as the hero, finished it with strappy sandals and chunky earrings. I finally understand why this silhouette keeps showing up on my feed. the outfit survived a surprisingly long commute, while travelling.",280,0,7,#streetstyle #casualfashion #genzfashion #styleblogger #indianfashion #outfitideas #personalstyle,1,51798,17381,33.6,38713,980,21,9,126,284,9,1136,6.54,0.05,0.72,3.169,2,styling_question:21,where are the trousers from?,4.8,58,9
17976285294796052,reel,5,2023-10-03,02:00,Tue,2,"today's a gallery visit outfit was built around a printed skirt in tomato red; changed only the shoes and it completely shifted the look. I almost changed the outfit, then decided the slightly undone look was better. This one made the final cut. the outfit survived a surprisingly long commute, between two meetings.",316,0,8,#fashioncreator #everydaystyle #fashioncontent #ootdindia #mumbaistyle #collegeoutfit #modernprep #printedskirt,1,51809,16192,31.3,37389,938,36,21,140,260,10,1135,7.01,0.13,0.86,3.846,1,repeat_outfit:36,the scarf detail is so good,5.6,145,7
17979584013457087,reel,5,2023-10-03,09:19,Tue,9,"trying a lightweight trench for a weekend in Goa without making the look feel too styled; made the outfit work for both daytime and evening. the camera makes it look dressier than it felt in real life. This one made the final cut. the outfit survived a surprisingly long commute, before dinner.",294,0,9,#trendalert #indianstreetstyle #festivefashion #linenstyle #trenchcoat #layering #transitionalstyle #citystyle #outerwear,1,51809,2173,4.2,2769,0,10,0,6,21,2,16,0.74,0.0,0.28,9.524,0,styling_question:10,can you do a budget version?,0.0,145,7
17962554012778522,reel,5,2023-10-03,09:20,Tue,9,"the plan was simple: a relaxed kurta in off-white, sneakers, and a leather belt for a quick trip to Bengaluru; kept the colours tonal. the outfit survived a surprisingly long commute, on the way to brunch.",205,0,10,#desistyle #everydayethnic #trendalert #streetstyle #stylingtips #ootd #styleinspo #chennaistyle #weekendstyle #kurta,1,51819,14548,28.1,39712,818,31,8,87,285,9,944,6.49,0.05,0.6,3.158,0,repeat_outfit:31,the layering is perfect,12.9,145,7
17974167212110555,image,5,2023-10-03,09:30,Tue,9,"one of those outfits that looked better once I stopped overthinking it: a vintage tee in sage for a wedding function, with wore it with flats because looking good and being comfortable can coexist. The mustard detail was the part I nearly skipped. I would wear this one again. the outfit survived a surprisingly long commute, during a quick city stop.",351,0,11,#thriftstyle #streetwear #retrofashion #styleinspo #fashionindia #desifashion #fashionreelsindia #indianstyle #delhistyle #brunchoutfit #resortwear,1,51809,2075,4.0,2506,0,9,0,6,20,2,15,0.72,0.0,0.29,10.0,0,styling_question:9,where is the shirt from?,0.0,145,7
17925988398754993,reel,5,2023-10-03,09:36,Tue,9,"for a rooftop dinner, I wanted something current but still practical, so I paired a lightweight bomber with mules and a slim belt; I would genuinely repeat this instead of saving it and forgetting about it. the outfit survived a surprisingly long commute, before the rain arrived.",280,0,7,#indianstyle #wardrobe #fashiondiaries #fashionreels #reelsindia #hyderabadfashion #nightoutfit,1,51809,3999,7.7,5146,0,29,0,11,39,3,40,1.0,0.0,0.28,7.692,0,repeat_outfit:29,love the colour combination,0.0,145,7
17914863535091786,reel,5,2023-10-03,09:53,Tue,9,"repeating pieces from my wardrobe again: a wide-leg trouser in deep burgundy for a movie night, styled around added one statement accessory. This one made the final cut. the outfit survived a surprisingly long commute, after sunset.",232,0,8,#indianfashion #outfitideas #punefashion #weddinggueststyle #baggyfits #widelegpants #widelegtrousers #relaxedtailoring,1,51809,2442,4.7,3154,0,10,0,7,24,2,17,0.7,0.0,0.29,8.333,0,styling_question:10,would this work with flats?,0.0,145,7
17957427015107458,reel,5,2023-10-03,13:11,Tue,13,"if I had to make a cropped cardigan work for a day of errands, this is how I would do it: swapped heels for sneakers at the last minute, then ankle boots and a vintage watch. the outfit survived a surprisingly long commute, for the second half of the day.",255,0,9,#knitwear #everydaystyle #outfitideas #personalstyle #fashioncreator #fashioncontent #bangalorefashion #dateoutfit #layeringstyle,1,51809,2508,4.8,2914,0,18,0,7,25,2,25,1.0,0.0,0.28,8.0,0,repeat_outfit:18,the proportions are so good,0.0,145,7
17967239053146635,image,5,2023-10-03,13:30,Tue,13,"the outfit started with a pleated trouser and somehow became my favourite look for a client meeting; mixed it with something I already owned. this feels much more like real-life fashion than a perfectly styled shoot. This one made the final cut. the outfit survived a surprisingly long commute, before heading back home.",320,0,10,#tailoredstyle #smartcasual #menswearinspired #modernclassic #fashioncontent #ootdindia #outfitinspiration #styleideas #urbanstyle #mumbaistyle,1,51828,51578,99.5,99322,2849,62,143,428,812,79,3482,6.75,0.28,0.83,9.729,1,styling_question:62,this feels very current,3.3,145,7
17936603110646644,reel,5,2023-10-03,17:20,Tue,17,"not a full trend overhaul, just a cargo trouser in olive for a music gig; kept the accessories intentionally minimal. I wanted something current without looking like I copied a mood board. This one made the final cut. the outfit survived a surprisingly long commute, for a casual photo walk.",291,0,11,#indianstreetstyle #traveloutfit #scarfstyle #cargopants #streetwearindia #utilitystyle #baggyfits #streetstyle #urbanstyle #trendalert #stylingtips,1,51907,28185,54.3,64333,1604,62,29,268,405,15,1963,6.96,0.1,0.95,3.704,0,repeat_outfit:62,please do more everyday outfits,5.0,145,7
17916413920286201,reel,5,2023-10-03,19:00,Tue,19,"wore a structured mini bag in soft grey for a flea market afternoon; used the same pieces I wore last week, finished it with ballet flats and a canvas tote. I finally understand why this silhouette keeps showing up on my feed. I nearly wore a different pair of shoes, for the morning.",284,0,7,#fashionindia #desifashion #fashionreelsindia #chennaistyle #workwear #y2kfashion #minibag,1,51922,23094,44.5,47193,1368,34,25,198,320,12,1625,7.04,0.11,0.86,3.75,0,styling_question:34,saving this for my next brunch,8.8,145,7
17913435028398040,reel,5,2023-10-03,21:00,Tue,21,"today's a long travel day outfit was built around baggy denim in chocolate brown; played with proportions rather than prints. I almost changed the outfit, then decided the slightly undone look was better. The powder blue detail was the part I nearly skipped. I would wear this one again. I nearly wore a different pair of shoes, for the afternoon.",347,0,8,#streetstyle #everydaydenim #fashionreelsindia #indianstyle #wardrobe #fashiondiaries #fashionreels #delhistyle,1,51934,18457,35.5,37772,1192,22,28,204,315,14,1446,7.83,0.15,1.11,4.444,0,repeat_outfit:22,how would you style this for a wedding?,13.6,145,7
17974680454538244,reel,5,2023-10-03,22:09,Tue,22,"trying a co-ord set for a beach evening without making the look feel too styled; layered it for the unpredictable weather. the camera makes it look dressier than it felt in real life. This one made the final cut. I nearly wore a different pair of shoes, for golden hour.",270,0,9,#coordset #coords #matchingset #summerstyle #easyoutfits #fashionreels #reelsindia #genzfashion #styleblogger,1,51809,2431,4.7,3124,0,14,0,7,24,2,21,0.86,0.0,0.29,8.333,0,styling_question:14,the second look is my favourite,0.0,145,7
17944417189377120,reel,5,2023-10-04,09:23,Wed,9,"the plan was simple: a slip dress in cobalt blue, mules, and silver hoops for a first-date outfit; added a scarf because the outfit needed something softer. I nearly wore a different pair of shoes, for a long day out.",217,0,10,#minimalfashion #dateoutfit #indianfashion #outfitideas #personalstyle #fashioncreator #everydaystyle #punefashion #weekendstyle #tailoredstyle,1,51955,3644,7.0,4266,0,21,0,10,36,3,31,0.85,0.0,0.27,8.333,0,repeat_outfit:21,need the jeans link,0.0,132,13
17995653598613098,reel,5,2023-10-04,09:30,Wed,9,"one of those outfits that looked better once I stopped overthinking it: a tailored vest in butter yellow for a regular Monday, with mixed an Indian piece with western basics. This one made the final cut. I nearly wore a different pair of shoes, for the first coffee run.",270,0,11,#fashioncontent #ootdindia #outfitinspiration #styleideas #bangalorefashion #brunchoutfit #slowfashion #tailoredvest #veststyle #suiting #modernstyle,1,51955,9420,18.1,23406,645,23,6,101,183,5,775,8.23,0.06,1.07,2.732,2,styling_question:23,okay the bag is everything,13.0,132,13
17994832467516422,reel,5,2023-10-04,09:34,Wed,9,"for a festive lunch, I wanted something current but still practical, so I paired a knit polo with ankle boots and a silk scarf; I would genuinely repeat this instead of saving it and forgetting about it. I nearly wore a different pair of shoes, for the walk home.",263,0,7,#stylingtips #mumbaistyle #nightoutfit #handloom #knitpolo #polostyle #preppystyle,1,51955,3692,7.1,4537,0,26,0,11,36,3,37,1.0,0.0,0.3,8.333,0,repeat_outfit:26,this is exactly my style,0.0,132,13
17962292924406888,reel,5,2023-10-04,09:37,Wed,9,"repeating pieces from my wardrobe again: a satin skirt in ivory for a night out, styled around added a belt to give the outfit some shape. This one made the final cut. I nearly wore a different pair of shoes, for a warm evening.",228,0,8,#ootd #fashionindia #desifashion #indianstreetstyle #weddinggueststyle #thriftedfashion #satinskirt #eveningstyle,1,51955,2460,4.7,3136,0,29,0,7,24,2,36,1.46,0.0,0.28,8.333,0,styling_question:29,this is actually wearable,0.0,132,13
17979518703685540,reel,5,2023-10-04,13:00,Wed,13,"if I had to make a striped button-down work for a work presentation, this is how I would do it: balanced the oversized shape with a cleaner bottom, then loafers and small sunglasses. I nearly wore a different pair of shoes, for the cooler part of the day.",255,0,9,#preppystyle #classicstyle #outfitideas #desifashion #fashionreelsindia #indianstyle #wardrobe #fashiondiaries #chennaistyle,1,51960,15354,29.5,35241,1023,35,21,191,265,12,1270,8.27,0.14,1.24,4.528,1,repeat_outfit:35,this is such a good repeat outfit,14.3,132,13
17992723416523694,reel,5,2023-10-04,13:01,Wed,13,"the outfit started with a simple white shirt and somehow became my favourite look for a Sunday family lunch; repeated an old favourite instead of buying something new. this feels much more like real-life fashion than a perfectly styled shoot. The tomato red detail was the part I nearly skipped. I would wear this one again. I nearly wore a different pair of shoes, before the plans started.",391,0,10,#fashiondiaries #fashionreels #reelsindia #genzfashion #styleblogger #delhistyle #casualoutfit #statementaccessories #whiteshirt #wardrobestaples,1,51955,2249,4.3,2703,0,12,0,6,22,2,18,0.8,0.0,0.27,9.091,0,styling_question:12,adding this to my outfit board,0.0,132,13
17917078862184422,reel,5,2023-10-04,13:18,Wed,13,"not a full trend overhaul, just a rugby shirt in forest green for a content shoot; went for comfort instead of forcing the trend. I wanted something current without looking like I copied a mood board. This one made the final cut. I nearly wore a different pair of shoes, after the plans changed.",295,0,11,#personalstyle #fashioncreator #hyderabadfashion #traveloutfit #desimaximalism #rugbyshirt #preppyfashion #sportystyle #casualstyle #collegestyle #styleblogger,1,51955,2652,5.1,3232,0,28,0,7,26,2,35,1.32,0.0,0.26,7.692,0,repeat_outfit:28,the shoes made the outfit,0.0,132,13
17901941413935198,reel,5,2023-10-04,13:32,Wed,13,"wore a boxy blazer in dusty pink for late class; used a thrifted piece as the hero, finished it with kitten heels and a structured shoulder bag. I finally understand why this silhouette keeps showing up on my feed. I nearly wore a different pair of shoes, while travelling.",273,0,7,#everydaystyle #fashioncontent #ootdindia #outfitinspiration #punefashion #coordset #blazerstyle,1,51955,2726,5.2,3062,0,28,0,8,27,2,36,1.32,0.0,0.29,7.407,0,styling_question:28,where are the trousers from?,0.0,132,13
17976089464807068,reel,5,2023-10-04,14:30,Wed,14,"today's coffee run outfit was built around a maxi skirt in tomato red; changed only the shoes and it completely shifted the look. I almost changed the outfit, then decided the slightly undone look was better. This one made the final cut. I nearly wore a different pair of shoes, between two meetings.",300,0,8,#skirtstyle #summeroutfits #femininefashion #everydayfashion #outfitinspiration #styleideas #urbanstyle #trendalert,1,51972,14288,27.5,25878,954,22,21,183,252,12,1180,8.26,0.15,1.28,4.762,2,repeat_outfit:22,the scarf detail is so good,18.2,132,13
17912271871214842,reel,5,2023-10-04,17:00,Wed,17,"trying a scarf top for college fest without making the look feel too styled; made the outfit work for both daytime and evening. the camera makes it look dressier than it felt in real life. This one made the final cut. I nearly wore a different pair of shoes, before dinner.",273,0,9,#stylingideas #streetstyle #stylingtips #ootd #styleinspo #fashionindia #mumbaistyle #festivefashion #linenstyle,1,51984,12672,24.4,31159,827,27,15,155,182,7,1024,8.08,0.12,1.22,3.846,1,styling_question:27,can you do a budget version?,22.2,132,13
17904924995647687,reel,5,2023-10-04,17:24,Wed,17,"the plan was simple: a crochet top in off-white, ankle boots, and layered necklaces for airport morning; kept the colours tonal. I nearly wore a different pair of shoes, on the way to brunch.",191,0,10,#fashionreelsindia #indianstyle #wardrobe #indianstreetstyle #weekendstyle #indowestern #crochetstyle #summerknits #handmadefashion #resortstyle,1,51955,2694,5.2,2868,0,27,0,8,26,2,35,1.3,0.0,0.3,7.692,0,repeat_outfit:27,the layering is perfect,0.0,132,13
17969399161662901,reel,5,2023-10-04,17:30,Wed,17,"one of those outfits that looked better once I stopped overthinking it: a linen shirt in sage for Sunday brunch, with wore it with flats because looking good and being comfortable can coexist. This one made the final cut. I nearly wore a different pair of shoes, during a quick city stop.",288,0,11,#fashiondiaries #fashionreels #reelsindia #genzfashion #chennaistyle #brunchoutfit #linenstyle #summerstyle #linenlook #resortwear #minimalstyle,1,51955,2243,4.3,2392,0,12,0,6,22,2,18,0.8,0.0,0.27,9.091,0,styling_question:12,where is the shirt from?,0.0,132,13
17971514109779557,carousel,5,2023-10-04,17:53,Wed,17,"for office-to-dinner plans, I wanted something current but still practical, so I paired a fitted tank with an oversized shirt with loafers and a leather belt; I would genuinely repeat this instead of saving it and forgetting about it. The butter yellow detail was the part I nearly skipped. I nearly wore a different pair of shoes, before the rain arrived.",356,0,7,#layeredlook #tanktop #oversizedstyle #streetwearindia #casualstyle #genzfashion #styleblogger,1,51955,3253,6.3,4172,0,28,0,9,32,3,37,1.14,0.0,0.28,9.375,0,repeat_outfit:28,love the colour combination,0.0,132,13
17938202658091690,reel,5,2023-10-04,21:00,Wed,21,"repeating pieces from my wardrobe again: a handloom kurta in deep burgundy for a last-minute house party, styled around added one statement accessory. This one made the final cut. I nearly wore a different pair of shoes, after sunset.",234,0,8,#indianwear #craftsmanship #personalstyle #fashioncreator #everydaystyle #fashioncontent #ootdindia #hyderabadfashion,1,51991,7471,14.4,16594,513,18,5,43,147,3,579,7.75,0.07,0.58,2.041,0,styling_question:18,would this work with flats?,0.0,132,13
17961522609387686,carousel,5,2023-10-04,22:30,Wed,22,"if I had to make a cotton saree work for a rainy commute, this is how I would do it: swapped heels for sneakers at the last minute, then sneakers and a slim belt. I nearly wore a different pair of shoes, for the second half of the day.",235,0,9,#outfitinspiration #styleideas #urbanstyle #trendalert #punefashion #dateoutfit #layeringstyle #cottonsaree #sareestyle,1,51994,55772,107.3,116554,3011,74,55,509,1006,39,3649,6.54,0.1,0.91,3.877,1,repeat_outfit:74,the proportions are so good,11.7,132,13
17903277276331504,carousel,5,2023-10-04,23:20,Wed,23,"the outfit started with a halter top and somehow became my favourite look for a friend's birthday; mixed it with something I already owned. this feels much more like real-life fashion than a perfectly styled shoot. This one made the final cut. I nearly wore a different pair of shoes, before heading back home.",310,0,10,#styleinspo #bangalorefashion #casualoutfit #quietluxury #haltertop #eveningstyle #summerfashion #goingoutlook #trendstyle #trendalert,1,52033,70383,135.3,161186,3946,97,76,682,1215,46,4801,6.82,0.11,0.97,3.786,3,styling_question:97,this feels very current,13.3,132,13
17942182082237969,reel,5,2023-10-05,02:10,Thu,2,"not a full trend overhaul, just a straight-leg jean in olive for a casual date; kept the accessories intentionally minimal. I wanted something current without looking like I copied a mood board. This one made the final cut. I nearly wore a different pair of shoes, for a casual photo walk.",289,0,11,#scarfstyle #straightlegjeans #denimstyle #jeansandate #casualstyle #wardrobestaples #styleinspo #fashionindia #desifashion #fashionreelsindia #indianstyle,1,52093,27567,52.9,64459,1876,40,32,374,460,21,2322,8.42,0.12,1.36,4.565,0,repeat_outfit:40,please do more everyday outfits,17.5,240,11
17901572787029931,image,5,2023-10-05,09:40,Thu,9,"wore a denim jacket in soft grey for a family dinner; used the same pieces I wore last week, finished it with retro trainers and a simple ring stack. I finally understand why this silhouette keeps showing up on my feed. the fabric made this much easier to wear, for the morning.",278,0,7,#denimstyle #streetstyle #casualfashion #indianstyle #wardrobe #fashiondiaries #fashionreels,1,52114,43557,83.6,106440,2285,62,134,289,626,58,2770,6.36,0.31,0.66,9.265,0,styling_question:62,saving this for my next brunch,11.7,240,11
17955032958866095,carousel,5,2023-10-05,10:54,Thu,10,"today's a gallery visit outfit was built around a printed skirt in chocolate brown; played with proportions rather than prints. I almost changed the outfit, then decided the slightly undone look was better. This one made the final cut. the fabric made this much easier to wear, for the afternoon.",296,0,8,#reelsindia #genzfashion #styleblogger #indianfashion #outfitideas #chennaistyle #collegeoutfit #denimstyle,1,52093,3319,6.4,4097,0,34,0,9,33,3,43,1.3,0.0,0.27,9.091,0,repeat_outfit:34,how would you style this for a wedding?,0.0,240,11
17903619946509433,carousel,5,2023-10-05,13:39,Thu,13,"trying a lightweight trench for a weekend in Goa without making the look feel too styled; layered it for the unpredictable weather. the camera makes it look dressier than it felt in real life. The cream detail was the part I nearly skipped. I would wear this one again. the fabric made this much easier to wear, for golden hour.",328,0,9,#everydaystyle #fashioncontent #delhistyle #festivefashion #coastalstyle #trenchcoat #layering #transitionalstyle #citystyle,1,52093,3443,6.6,3998,0,28,0,10,34,3,38,1.1,0.0,0.29,8.824,0,styling_question:28,the second look is my favourite,0.0,240,11
17973437949300001,image,5,2023-10-05,14:10,Thu,14,"the plan was simple: a relaxed kurta in cobalt blue, loafers, and chunky earrings for a quick trip to Bengaluru; added a scarf because the outfit needed something softer. the fabric made this much easier to wear, for a long day out.",232,0,10,#weekendstyle #tailoredstyle #kurta #indianwear #indowestern #desistyle #everydayethnic #fashioncontent #ootdindia #outfitinspiration,1,52172,14211,27.2,33063,730,25,24,146,250,10,925,6.51,0.17,1.03,4.0,0,repeat_outfit:25,need the jeans link,4.0,240,11
17950213505211996,reel,5,2023-10-05,17:37,Thu,17,"one of those outfits that looked better once I stopped overthinking it: a vintage tee in butter yellow for a wedding function, with mixed an Indian piece with western basics. This one made the final cut. the fabric made this much easier to wear, for the first coffee run.",271,0,11,#graphictee #thriftstyle #streetwear #retrofashion #urbanstyle #trendalert #streetstyle #stylingtips #ootd #punefashion #brunchoutfit,1,52093,3611,6.9,4129,0,37,0,10,36,3,47,1.3,0.0,0.28,8.333,0,styling_question:37,okay the bag is everything,0.0,240,11
17991113310962489,carousel,5,2023-10-05,17:50,Thu,17,"for a rooftop dinner, I wanted something current but still practical, so I paired a lightweight bomber with sneakers and silver hoops; I would genuinely repeat this instead of saving it and forgetting about it. the fabric made this much easier to wear, for the walk home.",271,0,7,#casualfits #ootd #styleinspo #fashionindia #desifashion #fashionreelsindia #bangalorefashion,1,52182,19454,37.3,50223,1189,40,21,219,346,14,1469,7.55,0.11,1.13,4.046,1,repeat_outfit:40,this is exactly my style,2.5,240,11
17984546081869349,reel,5,2023-10-05,19:10,Thu,19,"repeating pieces from my wardrobe again: a wide-leg trouser in ivory for a movie night, styled around added a belt to give the outfit some shape. This one made the final cut. the fabric made this much easier to wear, for a warm evening.",236,0,8,#wardrobe #fashiondiaries #fashionreels #mumbaistyle #weddinggueststyle #thriftedfashion #widelegpants #widelegtrousers,1,52196,20479,39.2,56249,1128,28,24,161,381,17,1341,6.55,0.12,0.79,4.462,0,styling_question:28,this is actually wearable,7.1,240,11
17979114901137298,story,5,2023-10-05,20:28,Thu,20,"if I had to make a cropped cardigan work for a day of errands, this is how I would do it: balanced the oversized shape with a cleaner bottom, then mules and a silk scarf. the fabric made this much easier to wear, for the cooler part of the day.",244,0,9,#indianstreetstyle #dateoutfit #oversizedstyle #cardiganstyle #layering #preppystyle #knitwear #everydaystyle #fashionreels,1,52093,3384,6.5,3824,0,37,0,10,33,3,47,1.39,0.0,0.3,9.091,0,repeat_outfit:37,this is such a good repeat outfit,0.0,240,11
17939540107503692,reel,5,2023-10-05,20:34,Thu,20,"the outfit started with a pleated trouser and somehow became my favourite look for a client meeting; repeated an old favourite instead of buying something new. this feels much more like real-life fashion than a perfectly styled shoot. This one made the final cut. the fabric made this much easier to wear, before the plans started.",331,0,10,#pleatedtrousers #tailoredstyle #smartcasual #menswearinspired #modernclassic #indianfashion #outfitideas #personalstyle #fashioncreator #everydaystyle,1,52093,3001,5.8,3261,0,25,0,9,30,3,34,1.13,0.0,0.3,10.0,0,styling_question:25,adding this to my outfit board,0.0,240,11
17987760436444815,carousel,5,2023-10-05,20:45,Thu,20,"not a full trend overhaul, just a cargo trouser in forest green for a music gig; went for comfort instead of forcing the trend. I wanted something current without looking like I copied a mood board. The dusty pink detail was the part I nearly skipped. I would wear this one again. the fabric made this much easier to wear, after the plans changed.",347,0,11,#baggyfits #streetstyle #everydaystyle #fashioncontent #ootdindia #outfitinspiration #styleideas #delhistyle #traveloutfit #desimaximalism #cargopants,1,52093,2385,4.6,2641,0,15,0,7,23,2,22,0.92,0.0,0.29,8.696,0,repeat_outfit:15,the shoes made the outfit,0.0,240,11
17984728867810342,carousel,5,2023-10-05,20:49,Thu,20,"wore a structured mini bag in dusty pink for a flea market afternoon; used a thrifted piece as the hero, finished it with strappy sandals and a vintage watch. I finally understand why this silhouette keeps showing up on my feed. the fabric made this much easier to wear, while travelling.",288,0,7,#urbanstyle #trendalert #streetstyle #stylingtips #hyderabadfashion #workwear #coordset,1,52093,3283,6.3,3578,0,38,0,9,32,3,47,1.43,0.0,0.27,9.375,38,styling_question:38,where are the trousers from?,0.0,240,11
17991752389443856,carousel,5,2023-10-05,20:55,Thu,20,"today's a long travel day outfit was built around baggy denim in tomato red; changed only the shoes and it completely shifted the look. I almost changed the outfit, then decided the slightly undone look was better. This one made the final cut. the fabric made this much easier to wear, between two meetings.",307,0,8,#desifashion #punefashion #collegeoutfit #modernprep #baggyjeans #denimstyle #denimfit #streetstyle,1,52093,3202,6.1,4053,0,14,0,9,32,3,23,0.72,0.0,0.28,9.375,0,repeat_outfit:14,the scarf detail is so good,0.0,240,11
17963747190680111,carousel,5,2023-10-05,20:59,Thu,20,"trying a co-ord set for a beach evening without making the look feel too styled; made the outfit work for both daytime and evening. the camera makes it look dressier than it felt in real life. This one made the final cut. the fabric made this much easier to wear, before dinner.",278,0,9,#linenstyle #coordset #coords #matchingset #summerstyle #easyoutfits #desifashion #fashionreelsindia #indianstyle,1,52093,3004,5.8,3839,0,31,0,9,30,3,40,1.33,0.0,0.3,10.0,0,styling_question:31,can you do a budget version?,0.0,240,11
17903652441190583,reel,5,2023-10-05,21:00,Thu,21,"the plan was simple: a slip dress in off-white, sneakers, and a canvas tote for a first-date outfit; kept the colours tonal. the fabric made this much easier to wear, on the way to brunch.",188,0,10,#eveninglook #minimalfashion #dateoutfit #fashiondiaries #fashionreels #reelsindia #genzfashion #styleblogger #mumbaistyle #weekendstyle,6,52213,7004,13.4,9388,473,12,4,56,101,3,545,7.78,0.06,0.8,2.97,0,repeat_outfit:12,the layering is perfect,16.7,240,11
17907469668458657,carousel,5,2023-10-05,22:30,Thu,22,"one of those outfits that looked better once I stopped overthinking it: a tailored vest in sage for a regular Monday, with wore it with flats because looking good and being comfortable can coexist. This one made the final cut. the fabric made this much easier to wear, during a quick city stop.",294,0,11,#styleblogger #indianfashion #outfitideas #personalstyle #fashioncreator #indianstreetstyle #brunchoutfit #resortwear #tailoredvest #veststyle #suiting,1,52216,93946,179.9,195008,6012,207,292,972,1392,102,7483,7.97,0.31,1.03,7.328,1,styling_question:207,where is the shirt from?,10.0,240,11
17930127181685400,reel,6,2023-10-06,01:10,Fri,1,"for a festive lunch, I wanted something current but still practical, so I paired a knit polo with mules and layered necklaces; I would genuinely repeat this instead of saving it and forgetting about it. the fabric made this much easier to wear, before the rain arrived.",269,0,7,#ootdindia #outfitinspiration #chennaistyle #nightoutfit #capsulewardrobe #knitpolo #polostyle,1,52332,29561,56.5,70131,1953,65,62,286,500,24,2366,8.0,0.21,0.97,4.8,0,repeat_outfit:65,love the colour combination,11.7,118,5
17940149750889289,reel,6,2023-10-06,02:30,Fri,2,"repeating pieces from my wardrobe again: a satin skirt in deep burgundy for a night out, styled around added one statement accessory. The cobalt blue detail was the part I nearly skipped. I would wear this one again. the fabric made this much easier to wear, after sunset.",272,0,8,#weddinggueststyle #baggyfits #satinskirt #eveningstyle #femininefashion #skirtstyle #styleinspo #outfitinspiration,1,52356,23952,45.7,58167,1562,47,39,230,447,19,1878,7.84,0.16,0.96,4.251,0,styling_question:47,would this work with flats?,14.9,118,5
17990196004647235,image,6,2023-10-06,09:08,Fri,9,"if I had to make a striped button-down work for a work presentation, this is how I would do it: swapped heels for sneakers at the last minute, then ankle boots and a leather belt. the fabric made this much easier to wear, for the second half of the day.",253,0,9,#buttondown #preppystyle #classicstyle #outfitideas #streetstyle #stylingtips #ootd #styleinspo #fashionindia,1,52332,2710,5.2,3357,0,18,0,8,27,2,26,0.96,0.0,0.3,7.407,0,repeat_outfit:18,the proportions are so good,0.0,118,5
17972930635160086,reel,6,2023-10-06,09:37,Fri,9,"the outfit started with a simple white shirt and somehow became my favourite look for a Sunday family lunch; mixed it with something I already owned. this feels much more like real-life fashion than a perfectly styled shoot. This one made the final cut. the fabric made this much easier to wear, before heading back home.",321,0,10,#classicfashion #fashionindia #desifashion #fashionreelsindia #indianstyle #wardrobe #punefashion #casualoutfit #quietluxury #whiteshirt,1,52332,2379,4.5,3051,0,12,0,7,23,2,19,0.8,0.0,0.29,8.696,0,styling_question:12,this feels very current,0.0,118,5
17986130887174661,carousel,6,2023-10-06,10:05,Fri,10,"not a full trend overhaul, just a rugby shirt in olive for a content shoot; kept the accessories intentionally minimal. I wanted something current without looking like I copied a mood board. This one made the final cut. the fabric made this much easier to wear, for a casual photo walk.",286,0,11,#fashionreels #reelsindia #genzfashion #bangalorefashion #traveloutfit #scarfstyle #rugbyshirt #preppyfashion #sportystyle #casualstyle #collegestyle,1,52332,2239,4.3,2588,0,26,0,6,22,2,32,1.43,0.0,0.27,9.091,0,repeat_outfit:26,please do more everyday outfits,0.0,118,5
17950882943941255,reel,6,2023-10-06,10:37,Fri,10,"wore a boxy blazer in soft grey for late class; used the same pieces I wore last week, finished it with ballet flats and small sunglasses. I finally understand why this silhouette keeps showing up on my feed. the little details were more noticeable in person, for the morning.",276,0,8,#blazerstyle #tailoredstyle #smartcasual #streetstyle #workwear #genzfashion #styleblogger#styleedit,1,52332,3703,7.1,4586,0,36,0,11,37,3,47,1.27,0.0,0.3,8.108,0,styling_question:36,saving this for my next brunch,0.0,118,5
17961360359026890,reel,6,2023-10-06,10:45,Fri,10,"today's coffee run outfit was built around a maxi skirt in chocolate brown; played with proportions rather than prints. I almost changed the outfit, then decided the slightly undone look was better. This one made the final cut. the little details were more noticeable in person, for the afternoon.",297,0,8,#maxiskirt #skirtstyle #summeroutfits #femininefashion #everydayfashion #personalstyle #fashioncreator #everydaystyle,1,52332,2166,4.1,2592,0,25,0,6,21,2,31,1.43,0.0,0.28,9.524,0,repeat_outfit:25,how would you style this for a wedding?,0.0,118,5
17904374676344571,image,6,2023-10-06,13:10,Fri,13,"trying a scarf top for college fest without making the look feel too styled; layered it for the unpredictable weather. the camera makes it look dressier than it felt in real life. This one made the final cut. the little details were more noticeable in person, for golden hour.",276,0,9,#2026fashion #stylingideas #ootdindia #outfitinspiration #styleideas #urbanstyle #trendalert #chennaistyle #festivefashion,1,52375,10733,20.5,29836,729,20,15,84,184,6,848,7.9,0.14,0.78,3.261,0,styling_question:20,the second look is my favourite,20.0,118,5
17901147240026073,reel,6,2023-10-06,13:53,Fri,13,"the plan was simple: a crochet top in cobalt blue, mules, and a structured shoulder bag for airport morning; added a scarf because the outfit needed something softer. The deep burgundy detail was the part I nearly skipped. the little details were more noticeable in person, for a long day out.",293,0,10,#streetstyle #stylingtips #ootd #styleinspo #delhistyle #weekendstyle #tailoredstyle #crochetstyle #summerknits #handmadefashion,1,52332,2666,5.1,3388,0,13,0,7,26,2,20,0.75,0.0,0.26,7.692,0,repeat_outfit:13,need the jeans link,0.0,118,5
17905917152872913,reel,6,2023-10-06,17:18,Fri,17,"one of those outfits that looked better once I stopped overthinking it: a linen shirt in butter yellow for Sunday brunch, with mixed an Indian piece with western basics. This one made the final cut. the little details were more noticeable in person, for the first coffee run.",275,0,11,#indianstyle #hyderabadfashion #brunchoutfit #slowfashion #linenstyle #summerstyle #linenlook #resortwear #minimalstyle #styleinspo #fashionindia,1,52332,3627,6.9,4524,0,16,0,10,36,3,26,0.72,0.0,0.28,8.333,0,styling_question:16,okay the bag is everything,0.0,118,5
17935573777494495,reel,6,2023-10-06,17:34,Fri,17,"for office-to-dinner plans, I wanted something current but still practical, so I paired a fitted tank with an oversized shirt with ankle boots and chunky earrings; I would genuinely repeat this instead of saving it and forgetting about it. the little details were more noticeable in person, for the walk home.",309,0,7,#handloom #layeredlook #tanktop #oversizedstyle #streetwearindia #casualstyle #indianstyle,1,52332,3313,6.3,3617,0,25,0,9,33,3,34,1.03,0.0,0.27,9.091,0,repeat_outfit:25,this is exactly my style,0.0,118,5
17941583500254773,story,6,2023-10-06,17:42,Fri,17,"repeating pieces from my wardrobe again: a handloom kurta in ivory for a last-minute house party, styled around added a belt to give the outfit some shape. This one made the final cut. the little details were more noticeable in person, for a warm evening.",255,0,8,#slowfashion #indianwear #craftsmanship #reelsindia #genzfashion #styleblogger #indianfashion #outfitideas,1,52332,2408,4.6,2791,0,18,0,7,24,2,25,1.04,0.0,0.29,8.333,0,styling_question:18,this is actually wearable,0.0,118,5
17990456351415927,reel,6,2023-10-06,19:20,Fri,19,"if I had to make a cotton saree work for a rainy commute, this is how I would do it: balanced the oversized shape with a cleaner bottom, then loafers and silver hoops. the little details were more noticeable in person, for the cooler part of the day.",250,0,9,#outfitideas #personalstyle #fashioncreator #everydaystyle #fashioncontent #mumbaistyle #dateoutfit #oversizedstyle #cottonsaree,1,52381,25542,48.8,70061,1713,52,33,332,367,16,2130,8.34,0.13,1.3,4.36,3,repeat_outfit:52,this is such a good repeat outfit,9.6,118,5
17901257638432256,reel,6,2023-10-06,20:13,Fri,20,"the outfit started with a halter top and somehow became my favourite look for a friend's birthday; repeated an old favourite instead of buying something new. this feels much more like real-life fashion than a perfectly styled shoot. This one made the final cut. the little details were more noticeable in person, before the plans started.",338,0,10,#styleideas #urbanstyle #indianstreetstyle #casualoutfit #statementaccessories #haltertop #eveningstyle #summerfashion #goingoutlook #trendstyle,1,52332,2620,5.0,2918,0,22,0,7,26,2,29,1.11,0.0,0.27,7.692,0,styling_question:22,adding this to my outfit board,0.0,118,5
17990412375505919,carousel,6,2023-10-06,22:09,Fri,22,"not a full trend overhaul, just a straight-leg jean in forest green for a casual date; went for comfort instead of forcing the trend. I wanted something current without looking like I copied a mood board. This one made the final cut. the little details were more noticeable in person, after the plans changed.",309,0,11,#traveloutfit #desimaximalism #straightlegjeans #denimstyle #jeansandate #casualstyle #wardrobestaples #urbanstyle #trendalert #streetstyle #stylingtips,1,52332,3345,6.4,3811,0,24,0,10,33,3,34,1.02,0.0,0.3,9.091,24,repeat_outfit:24,the shoes made the outfit,0.0,118,5
17938922521602522,reel,6,2023-10-06,22:20,Fri,22,"wore a denim jacket in dusty pink for a family dinner; used a thrifted piece as the hero, finished it with kitten heels and a slim belt. I finally understand why this silhouette keeps showing up on my feed. The forest green detail was the part I nearly skipped. the little details were more noticeable in person, while travelling.",330,0,7,#layeringseason #denimstyle #streetstyle #casualfashion #ootd #styleinspo #fashionindia,1,52397,51716,98.7,130237,3013,122,79,553,732,29,3767,7.28,0.15,1.07,3.962,0,styling_question:122,where are the trousers from?,26.7,118,5
17981378534937167,reel,6,2023-10-06,22:22,Fri,22,"today's a gallery visit outfit was built around a printed skirt in tomato red; changed only the shoes and it completely shifted the look. I almost changed the outfit, then decided the slightly undone look was better. This one made the final cut. the little details were more noticeable in person, between two meetings.",318,0,8,#hyderabadfashion #collegeoutfit #modernprep #printedskirt #printmixing #statementstyle #outfitinspo #fashionreels,1,52332,3580,6.8,3882,0,9,0,10,35,3,19,0.53,0.0,0.28,8.571,9,repeat_outfit:9,the scarf detail is so good,0.0,118,5
17950865841185553,reel,6,2023-10-07,00:20,Sat,0,"trying a lightweight trench for a weekend in Goa without making the look feel too styled; made the outfit work for both daytime and evening. the camera makes it look dressier than it felt in real life. This one made the final cut. the little details were more noticeable in person, before dinner.",296,0,9,#genzfashion #styleblogger #indianfashion #punefashion #festivefashion #linenstyle #trenchcoat #layering #transitionalstyle,1,52437,36977,70.5,88500,2166,85,75,369,611,28,2695,7.29,0.2,1.0,4.583,0,styling_question:85,can you do a budget version?,8.3,322,14
17917525207768279,carousel,6,2023-10-07,02:00,Sat,2,"the plan was simple: a relaxed kurta in off-white, ankle boots, and a simple ring stack for a quick trip to Bengaluru; kept the colours tonal. the little details were more noticeable in person, on the way to brunch.",215,0,10,#desistyle #everydayethnic #indianfashion #outfitideas #personalstyle #fashioncreator #everydaystyle #bangalorefashion #weekendstyle #kurta,1,52465,58466,111.4,152655,3639,89,72,689,964,46,4489,7.68,0.12,1.18,4.772,3,repeat_outfit:89,the layering is perfect,11.7,322,14
17930830820767312,carousel,6,2023-10-07,10:10,Sat,10,"one of those outfits that looked better once I stopped overthinking it: a vintage tee in sage for a wedding function, with wore it with flats because looking good and being comfortable can coexist. This one made the final cut. the little details were more noticeable in person, during a quick city stop.",303,0,11,#vintagestyle #graphictee #thriftstyle #streetwear #retrofashion #everydaystyle #fashioncontent #ootdindia #outfitinspiration #styleideas #mumbaistyle,1,52437,2499,4.8,2796,0,27,0,7,24,2,34,1.36,0.0,0.28,8.333,27,styling_question:27,where is the shirt from?,0.0,322,14
17962767157936491,reel,6,2023-10-07,10:48,Sat,10,"for a rooftop dinner, I wanted something current but still practical, so I paired a lightweight bomber with loafers and a canvas tote; I would genuinely repeat this instead of saving it and forgetting about it. the little details were more noticeable in person, before the rain arrived.",286,0,7,#indianstreetstyle #nightoutfit #capsulewardrobe #bomberjacket #streetwear #layeringstyle #urbanstyle,1,52437,4068,7.8,5002,0,24,0,12,40,4,36,0.88,0.0,0.29,10.0,0,repeat_outfit:24,love the colour combination,0.0,322,14
17975970060074807,reel,6,2023-10-07,13:10,Sat,13,"repeating pieces from my wardrobe again: a wide-leg trouser in deep burgundy for a movie night, styled around added one statement accessory. This one made the final cut. the little details were more noticeable in person, after sunset.",234,0,8,#ootd #styleinspo #fashionindia #desifashion #chennaistyle #weddinggueststyle #baggyfits #widelegpants,1,52511,10811,20.6,29750,698,16,6,95,211,7,815,7.54,0.06,0.88,3.318,1,styling_question:16,would this work with flats?,31.2,322,14
17958421544748059,reel,6,2023-10-07,14:20,Sat,14,"if I had to make a cropped cardigan work for a day of errands, this is how I would do it: swapped heels for sneakers at the last minute, then sneakers and layered necklaces. The cherry red detail was the part I nearly skipped. the little details were more noticeable in person, for the second half of the day.",309,0,9,#fashiondiaries #delhistyle #dateoutfit #layeringstyle #cardiganstyle #layering #preppystyle #knitwear #everydaystyle,1,52518,6713,12.8,15591,378,14,3,49,126,4,444,6.61,0.04,0.73,3.175,0,repeat_outfit:14,the proportions are so good,14.3,322,14
17975529891082378,story,6,2023-10-07,17:07,Sat,17,"the outfit started with a pleated trouser and somehow became my favourite look for a client meeting; mixed it with something I already owned. this feels much more like real-life fashion than a perfectly styled shoot. This one made the final cut. the little details were more noticeable in person, before heading back home.",322,0,10,#quietluxury #pleatedtrousers #tailoredstyle #smartcasual #menswearinspired #modernclassic #fashiondiaries #fashionreels #reelsindia #genzfashion,1,52437,3684,7.0,4544,0,16,0,11,36,3,27,0.73,0.0,0.3,8.333,16,styling_question:16,this feels very current,0.0,322,14
17973087437878383,carousel,6,2023-10-07,17:50,Sat,17,"not a full trend overhaul, just a cargo trouser in olive for a music gig; kept the accessories intentionally minimal. I wanted something current without looking like I copied a mood board. This one made the final cut. the little details were more noticeable in person, for a casual photo walk.",293,0,11,#utilitystyle #baggyfits #streetstyle #styleblogger #indianfashion #outfitideas #personalstyle #fashioncreator #punefashion #traveloutfit #scarfstyle,1,52522,89110,169.7,223913,5454,209,239,764,1710,137,6666,7.48,0.27,0.86,8.012,0,repeat_outfit:209,please do more everyday outfits,15.0,322,14
17928533913778261,carousel,6,2023-10-07,20:38,Sat,20,"wore a structured mini bag in soft grey for a flea market afternoon; used the same pieces I wore last week, finished it with retro trainers and a silk scarf. I finally understand why this silhouette keeps showing up on my feed. I wanted something that could handle the whole day, for the morning.",296,0,7,#fashioncreator #everydaystyle #fashioncontent #ootdindia #outfitinspiration #bangalorefashion #workwear,1,52437,2808,5.4,3076,0,7,0,8,28,2,15,0.53,0.0,0.28,7.143,0,styling_question:7,saving this for my next brunch,0.0,322,14
17967826297287672,carousel,6,2023-10-07,20:40,Sat,20,"today's a long travel day outfit was built around baggy denim in chocolate brown; played with proportions rather than prints. I almost changed the outfit, then decided the slightly undone look was better. This one made the final cut. I wanted something that could handle the whole day, for the afternoon.",304,0,8,#urbanstyle #trendalert #mumbaistyle #collegeoutfit #baggyjeans #denimstyle #denimfit #streetstyle,1,52437,3883,7.4,4913,0,44,0,11,38,3,55,1.42,0.0,0.28,7.895,0,repeat_outfit:44,how would you style this for a wedding?,0.0,322,14
17982312571768416,image,6,2023-10-07,22:04,Sat,22,"trying a co-ord set for a beach evening without making the look feel too styled; layered it for the unpredictable weather. the camera makes it look dressier than it felt in real life. This one made the final cut. I wanted something that could handle the whole day, for golden hour.",281,0,9,#festivefashion #coastalstyle #coordset #coords #matchingset #summerstyle #easyoutfits #streetstyle #stylingtips,1,52437,2387,4.6,2841,0,5,0,7,23,2,12,0.5,0.0,0.29,8.696,0,styling_question:5,the second look is my favourite,0.0,322,14
17960237562559040,reel,6,2023-10-07,22:44,Sat,22,"the plan was simple: a slip dress in cobalt blue, loafers, and a vintage watch for a first-date outfit; added a scarf because the outfit needed something softer. I wanted something that could handle the whole day, for a long day out.",233,0,10,#dressstyle #eveninglook #minimalfashion #dateoutfit #fashionindia #desifashion #fashionreelsindia #indianstyle #wardrobe #chennaistyle,1,52437,2457,4.7,2905,0,29,0,7,24,2,36,1.47,0.0,0.28,8.333,0,repeat_outfit:29,need the jeans link,0.0,322,14
17974256294158482,carousel,6,2023-10-07,22:50,Sat,22,"one of those outfits that looked better once I stopped overthinking it: a tailored vest in butter yellow for a regular Monday, with mixed an Indian piece with western basics. The terracotta detail was the part I nearly skipped. I would wear this one again. I wanted something that could handle the whole day, for the first coffee run.",334,0,11,#minimalfashion #wardrobe #fashiondiaries #fashionreels #reelsindia #genzfashion #delhistyle #brunchoutfit #slowfashion #tailoredvest #veststyle,1,52659,14992,28.5,18569,811,29,16,163,205,7,1019,6.8,0.11,1.09,3.415,4,styling_question:29,okay the bag is everything,10.3,322,14
17940618699902811,carousel,6,2023-10-07,22:57,Sat,22,"for a festive lunch, I wanted something current but still practical, so I paired a knit polo with sneakers and a structured shoulder bag; I would genuinely repeat this instead of saving it and forgetting about it. I wanted something that could handle the whole day, for the walk home.",284,0,7,#indianfashion #outfitideas #personalstyle #hyderabadfashion #nightoutfit #handloom #knitpolo,1,52437,3271,6.2,4051,0,28,0,9,32,3,37,1.13,0.0,0.28,9.375,0,repeat_outfit:28,this is exactly my style,0.0,322,14
17974347018237593,reel,6,2023-10-07,23:10,Sat,23,"repeating pieces from my wardrobe again: a satin skirt in ivory for a night out, styled around added a belt to give the outfit some shape. This one made the final cut. I wanted something that could handle the whole day, for a warm evening.",239,0,8,#punefashion #weddinggueststyle #thriftedfashion #satinskirt #eveningstyle #femininefashion #skirtstyle #styleinspo,1,52666,49088,93.2,128833,3302,100,182,423,987,86,4007,8.16,0.37,0.86,8.713,2,styling_question:100,this is actually wearable,18.3,322,14
17965011311728907,story,6,2023-10-08,02:10,Sun,2,"if I had to make a striped button-down work for a work presentation, this is how I would do it: balanced the oversized shape with a cleaner bottom, then mules and chunky earrings. I wanted something that could handle the whole day, for the cooler part of the day.",263,0,9,#stripedshirt #buttondown #preppystyle #classicstyle #outfitideas #ootdindia #outfitinspiration #styleideas #urbanstyle,1,52748,8074,15.3,12705,499,11,22,54,154,4,586,7.26,0.27,0.67,2.597,1,repeat_outfit:11,this is such a good repeat outfit,0.0,217,14
17919461489082967,reel,6,2023-10-08,09:40,Sun,9,"the outfit started with a simple white shirt and somehow became my favourite look for a Sunday family lunch; repeated an old favourite instead of buying something new. this feels much more like real-life fashion than a perfectly styled shoot. This one made the final cut. I wanted something that could handle the whole day, before the plans started.",349,0,10,#minimalstyle #classicfashion #trendalert #streetstyle #stylingtips #ootd #styleinspo #mumbaistyle #casualoutfit #statementaccessories,1,52752,20375,38.6,45834,1078,40,35,155,285,11,1308,6.42,0.17,0.76,3.86,0,styling_question:40,adding this to my outfit board,15.0,217,14
17935993901257354,reel,6,2023-10-08,10:05,Sun,10,"not a full trend overhaul, just a rugby shirt in forest green for a content shoot; went for comfort instead of forcing the trend. I wanted something current without looking like I copied a mood board. This one made the final cut. I wanted something that could handle the whole day, after the plans changed.",306,0,11,#fashionindia #desifashion #fashionreelsindia #indianstyle #indianstreetstyle #traveloutfit #desimaximalism #rugbyshirt #preppyfashion #sportystyle #casualstyle,1,52748,3854,7.3,4113,0,35,0,11,38,3,46,1.19,0.0,0.29,7.895,35,repeat_outfit:35,the shoes made the outfit,0.0,217,14
17917400446161874,story,6,2023-10-08,10:22,Sun,10,"wore a boxy blazer in dusty pink for late class; used a thrifted piece as the hero, finished it with strappy sandals and a leather belt. I finally understand why this silhouette keeps showing up on my feed. I wanted something that could handle the whole day, while travelling.",276,0,7,#wardrobe #fashiondiaries #fashionreels #reelsindia #chennaistyle #coordset #blazerstyle,1,52748,2350,4.5,3019,0,17,0,7,23,2,24,1.02,0.0,0.3,8.696,17,styling_question:17,where are the trousers from?,0.0,217,14
17971834555737684,carousel,6,2023-10-08,10:27,Sun,10,"today's coffee run outfit was built around a maxi skirt in tomato red; changed only the shoes and it completely shifted the look. I almost changed the outfit, then decided the slightly undone look was better. The washed blue detail was the part I nearly skipped. I would wear this one again. I wanted something that could handle the whole day, between two meetings.",365,0,8,#modernprep #maxiskirt #skirtstyle #summeroutfits #femininefashion #everydayfashion #reelsindia #genzfashion,1,52748,3729,7.1,4365,0,31,0,11,37,3,42,1.13,0.0,0.29,8.108,0,repeat_outfit:31,the scarf detail is so good,0.0,217,14
17924461717437989,reel,6,2023-10-08,11:10,Sun,11,"trying a scarf top for college fest without making the look feel too styled; made the outfit work for both daytime and evening. the camera makes it look dressier than it felt in real life. This one made the final cut. I wanted something that could handle the whole day, before dinner.",284,0,9,#silkstyle #2026fashion #stylingideas #outfitideas #personalstyle #fashioncreator #everydaystyle #fashioncontent #hyderabadfashion,1,52763,15690,29.7,35893,936,30,20,112,226,8,1098,7.0,0.13,0.71,3.54,1,styling_question:30,can you do a budget version?,16.7,217,14
17945044568047794,carousel,6,2023-10-08,13:39,Sun,13,"the plan was simple: a crochet top in off-white, sneakers, and small sunglasses for airport morning; kept the colours tonal. I wanted something that could handle the whole day, on the way to brunch.",198,0,10,#fashioncontent #ootdindia #outfitinspiration #styleideas #urbanstyle #punefashion #weekendstyle #indowestern #crochetstyle #summerknits,1,52748,4174,7.9,4853,0,26,0,12,41,4,38,0.91,0.0,0.29,9.756,0,repeat_outfit:26,the layering is perfect,0.0,217,14
17922416263189290,reel,6,2023-10-08,14:00,Sun,14,"one of those outfits that looked better once I stopped overthinking it: a linen shirt in sage for Sunday brunch, with wore it with flats because looking good and being comfortable can coexist. This one made the final cut. I wanted something that could handle the whole day, during a quick city stop.",299,0,11,#trendalert #streetstyle #stylingtips #ootd #bangalorefashion #brunchoutfit #linenstyle #summerstyle #linenlook #resortwear #minimalstyle,1,52771,47168,89.4,98488,2466,45,104,392,752,68,3007,6.38,0.22,0.83,9.043,0,styling_question:45,where is the shirt from?,11.1,217,14
17953398414985829,reel,6,2023-10-08,17:06,Sun,17,"for office-to-dinner plans, I wanted something current but still practical, so I paired a fitted tank with an oversized shirt with mules and a simple ring stack; I would genuinely repeat this instead of saving it and forgetting about it. I wanted something that could handle the whole day, before the rain arrived.",314,0,7,#nightoutfit #capsulewardrobe #layeredlook #tanktop #oversizedstyle #streetwearindia #casualstyle,1,52748,3206,6.1,3383,0,21,0,9,32,3,30,0.94,0.0,0.28,9.375,0,repeat_outfit:21,love the colour combination,0.0,217,14
17947704584057545,reel,6,2023-10-08,19:00,Sun,19,"repeating pieces from my wardrobe again: a handloom kurta in deep burgundy for a last-minute house party, styled around added one statement accessory. This one made the final cut. I wanted something that could handle the whole day, after sunset.",245,0,8,#indiantextiles #slowfashion #indianwear #craftsmanship #fashionreelsindia #indianstyle #wardrobe #fashiondiaries,1,52839,50816,96.2,102480,2812,71,134,422,918,75,3439,6.77,0.26,0.83,8.17,1,styling_question:71,would this work with flats?,10.0,217,14
17968136145517760,reel,6,2023-10-08,21:20,Sun,21,"if I had to make a cotton saree work for a rainy commute, this is how I would do it: swapped heels for sneakers at the last minute, then ankle boots and a canvas tote. I wanted something that could handle the whole day, for the second half of the day.",251,0,9,#contemporarysaree #desifashion #fashionreels #reelsindia #genzfashion #styleblogger #chennaistyle #dateoutfit #layeringstyle,1,52914,21192,40.0,49823,1187,47,32,197,292,12,1463,6.9,0.15,0.93,4.11,0,repeat_outfit:47,the proportions are so good,4.3,217,14
17992872684373554,reel,6,2023-10-08,22:21,Sun,22,"the outfit started with a halter top and somehow became my favourite look for a friend's birthday; mixed it with something I already owned. this feels much more like real-life fashion than a perfectly styled shoot. The chocolate brown detail was the part I nearly skipped. I would wear this one again. I wanted something that could handle the whole day, before heading back home.",379,0,10,#personalstyle #fashioncreator #everydaystyle #delhistyle #casualoutfit #quietluxury #haltertop #eveningstyle #summerfashion #goingoutlook,1,52748,2225,4.2,2653,0,4,0,6,22,2,10,0.45,0.0,0.27,9.091,0,styling_question:4,this feels very current,0.0,217,14
17942941762556510,reel,6,2023-10-08,22:25,Sun,22,"not a full trend overhaul, just a straight-leg jean in olive for a casual date; kept the accessories intentionally minimal. I wanted something current without looking like I copied a mood board. This one made the final cut. I wanted something that could handle the whole day, for a casual photo walk.",300,0,11,#hyderabadfashion #traveloutfit #scarfstyle #straightlegjeans #denimstyle #jeansandate #casualstyle #wardrobestaples #everydaystyle #fashioncontent #ootdindia,1,52748,3510,6.7,4553,0,29,0,10,35,3,39,1.11,0.0,0.28,8.571,0,repeat_outfit:29,please do more everyday outfits,0.0,217,14
17988315662726261,reel,6,2023-10-08,23:10,Sun,23,"wore a denim jacket in soft grey for a family dinner; used the same pieces I wore last week, finished it with ballet flats and silver hoops. I finally understand why this silhouette keeps showing up on my feed. the fit looked different from every angle, for the morning.",270,0,8,#denimjacket #layeringseason #denimstyle #streetstyle #casualfashion #styleideas #urbanstyle#styleedit,1,52926,37555,71.0,76319,1919,74,61,308,763,33,2362,6.29,0.16,0.82,4.325,0,styling_question:74,saving this for my next brunch,10.0,217,14
17950442910672239,reel,6,2023-10-09,00:30,Mon,0,"today's a gallery visit outfit was built around a printed skirt in chocolate brown; played with proportions rather than prints. I almost changed the outfit, then decided the slightly undone look was better. This one made the final cut. the fit looked different from every angle, for the afternoon.",297,0,8,#outfitinspo #fashionreels #stylingtips #ootd #styleinspo #fashionindia #desifashion #bangalorefashion,1,52969,33295,62.9,66236,1838,43,81,232,553,17,2194,6.59,0.24,0.7,3.074,0,repeat_outfit:43,how would you style this for a wedding?,20.9,160,9
17966622367177908,carousel,6,2023-10-09,09:26,Mon,9,"trying a lightweight trench for a weekend in Goa without making the look feel too styled; layered it for the unpredictable weather. the camera makes it look dressier than it felt in real life. This one made the final cut. the fit looked different from every angle, for golden hour.",281,0,9,#fashionreelsindia #indianstyle #wardrobe #fashiondiaries #mumbaistyle #festivefashion #coastalstyle #trenchcoat #layering,1,52969,4140,7.8,5176,0,25,0,12,41,4,37,0.89,0.0,0.29,9.756,25,styling_question:25,the second look is my favourite,0.0,160,9
17985669217520379,reel,6,2023-10-09,11:30,Mon,11,"the plan was simple: a relaxed kurta in cobalt blue, mules, and a slim belt for a quick trip to Bengaluru; added a scarf because the outfit needed something softer. the fit looked different from every angle, for a long day out.",227,0,10,#styleblogger #indianstreetstyle #weekendstyle #tailoredstyle #kurta #indianwear #indowestern #desistyle #everydayethnic #fashiondiaries,1,52986,14608,27.6,38561,864,36,19,146,295,14,1065,7.29,0.13,1.0,4.746,1,repeat_outfit:36,need the jeans link,8.3,160,9
17901018418545325,reel,6,2023-10-09,13:00,Mon,13,"one of those outfits that looked better once I stopped overthinking it: a vintage tee in butter yellow for a wedding function, with mixed an Indian piece with western basics. This one made the final cut. the fit looked different from every angle, for the first coffee run.",272,0,11,#slowfashion #vintagestyle #graphictee #thriftstyle #streetwear #retrofashion #styleblogger #indianfashion #outfitideas #personalstyle #fashioncreator,1,53000,11680,22.0,31148,775,26,22,112,165,8,935,8.01,0.19,0.96,4.848,0,styling_question:26,okay the bag is everything,15.4,160,9
17999607621050245,carousel,6,2023-10-09,14:30,Mon,14,"for a rooftop dinner, I wanted something current but still practical, so I paired a lightweight bomber with ankle boots and a vintage watch; I would genuinely repeat this instead of saving it and forgetting about it. The sage detail was the part I nearly skipped. the fit looked different from every angle, for the walk home.",325,0,7,#layeringstyle #urbanstyle #casualfits #fashioncreator #everydaystyle #fashioncontent #ootdindia,1,53008,7258,13.7,19053,397,13,4,46,143,3,460,6.34,0.06,0.63,2.098,0,repeat_outfit:13,this is exactly my style,15.4,160,9
17955394909773492,image,6,2023-10-09,19:50,Mon,19,"repeating pieces from my wardrobe again: a wide-leg trouser in ivory for a movie night, styled around added a belt to give the outfit some shape. This one made the final cut. the fit looked different from every angle, for a warm evening.",237,0,8,#styleideas #urbanstyle #trendalert #hyderabadfashion #weddinggueststyle #thriftedfashion #widelegpants #widelegtrousers,1,53011,53188,100.3,128675,3198,109,157,439,1069,95,3903,7.34,0.3,0.83,8.887,0,styling_question:109,this is actually wearable,6.7,160,9
17926344604401684,reel,6,2023-10-09,20:36,Mon,20,"if I had to make a cropped cardigan work for a day of errands, this is how I would do it: balanced the oversized shape with a cleaner bottom, then loafers and a structured shoulder bag. the fit looked different from every angle, for the cooler part of the day.",260,0,9,#styleinspo #fashionindia #punefashion #dateoutfit #oversizedstyle #cardiganstyle #layering #preppystyle #knitwear,1,52969,3391,6.4,4142,0,35,0,10,33,3,45,1.33,0.0,0.29,9.091,0,repeat_outfit:35,this is such a good repeat outfit,0.0,160,9
17933740736485255,reel,6,2023-10-09,20:44,Mon,20,"the outfit started with a pleated trouser and somehow became my favourite look for a client meeting; repeated an old favourite instead of buying something new. this feels much more like real-life fashion than a perfectly styled shoot. This one made the final cut. the fit looked different from every angle, before the plans started.",332,0,10,#casualoutfit #statementaccessories #pleatedtrousers #tailoredstyle #smartcasual #menswearinspired #modernclassic #fashionindia #desifashion #fashionreelsindia,1,52969,3965,7.5,4357,0,15,0,11,39,3,26,0.66,0.0,0.28,7.692,0,styling_question:15,adding this to my outfit board,0.0,160,9
17972353586492593,reel,6,2023-10-09,20:47,Mon,20,"not a full trend overhaul, just a cargo trouser in forest green for a music gig; went for comfort instead of forcing the trend. I wanted something current without looking like I copied a mood board. This one made the final cut. the fit looked different from every angle, after the plans changed.",295,0,11,#streetwearindia #utilitystyle #baggyfits #streetstyle #wardrobe #fashiondiaries #fashionreels #reelsindia #genzfashion #mumbaistyle #traveloutfit,1,52969,3294,6.2,4082,0,15,0,9,32,3,24,0.73,0.0,0.27,9.375,0,repeat_outfit:15,the shoes made the outfit,0.0,160,9
17985523559418558,reel,6,2023-10-09,22:10,Mon,22,"wore a structured mini bag in dusty pink for a flea market afternoon; used a thrifted piece as the hero, finished it with kitten heels and layered necklaces. I finally understand why this silhouette keeps showing up on my feed. the fit looked different from every angle, while travelling.",288,0,7,#fashiondetails #genzfashion #styleblogger #indianfashion #outfitideas #personalstyle #indianstreetstyle,1,53106,21788,41.0,34674,1207,44,20,183,433,16,1454,6.67,0.09,0.84,3.695,0,styling_question:44,where are the trousers from?,9.1,160,9
17936693035761619,reel,6,2023-10-09,22:49,Mon,22,"today's a long travel day outfit was built around baggy denim in tomato red; changed only the shoes and it completely shifted the look. I almost changed the outfit, then decided the slightly undone look was better. This one made the final cut. the fit looked different from every angle, between two meetings.",308,0,8,#everydaystyle #fashioncontent #ootdindia #chennaistyle #collegeoutfit #modernprep #baggyjeans #denimstyle,1,52969,3978,7.5,4467,0,16,0,11,39,3,27,0.68,0.0,0.28,7.692,0,repeat_outfit:16,the scarf detail is so good,0.0,160,9
17928686356288180,carousel,6,2023-10-10,09:00,Tue,9,"trying a co-ord set for a beach evening without making the look feel too styled; made the outfit work for both daytime and evening. the camera makes it look dressier than it felt in real life. The charcoal detail was the part I nearly skipped. I would wear this one again. the fit looked different from every angle, before dinner.",330,0,9,#delhistyle #festivefashion #linenstyle #coordset #coords #matchingset #summerstyle #easyoutfits #ootdindia,1,53137,12856,24.2,25901,837,25,13,103,196,8,978,7.61,0.1,0.8,4.082,0,styling_question:25,can you do a budget version?,28.0,93,11
17964192317781144,reel,6,2023-10-10,09:45,Tue,9,"the plan was simple: a slip dress in off-white, ankle boots, and a silk scarf for a first-date outfit; kept the colours tonal. the fit looked different from every angle, on the way to brunch.",191,0,10,#slipdress #dressstyle #eveninglook #minimalfashion #dateoutfit #trendalert #streetstyle #stylingtips #ootd #styleinspo,1,53137,2790,5.3,3001,0,18,0,8,27,2,26,0.93,0.0,0.29,7.407,0,repeat_outfit:18,the layering is perfect,0.0,93,11
17934396254434977,image,6,2023-10-10,10:31,Tue,10,"one of those outfits that looked better once I stopped overthinking it: a tailored vest in sage for a regular Monday, with wore it with flats because looking good and being comfortable can coexist. This one made the final cut. the fit looked different from every angle, during a quick city stop.",295,0,11,#modernstyle #minimalfashion #styleinspo #fashionindia #desifashion #fashionreelsindia #indianstyle #punefashion #brunchoutfit #resortwear #tailoredvest,1,53137,4031,7.6,5049,0,34,0,12,40,4,46,1.14,0.0,0.3,10.0,34,styling_question:34,where is the shirt from?,0.0,93,11
17963728134921903,reel,6,2023-10-10,10:53,Tue,10,"for a festive lunch, I wanted something current but still practical, so I paired a knit polo with loafers and small sunglasses; I would genuinely repeat this instead of saving it and forgetting about it. the fit looked different from every angle, before the rain arrived.",271,0,7,#wardrobe #fashiondiaries #fashionreels #reelsindia #bangalorefashion #nightoutfit #capsulewardrobe,1,53137,3222,6.1,3453,0,27,0,9,32,3,36,1.12,0.0,0.28,9.375,0,repeat_outfit:27,love the colour combination,0.0,93,11
17929086414182945,reel,6,2023-10-10,10:59,Tue,10,"repeating pieces from my wardrobe again: a satin skirt in deep burgundy for a night out, styled around added one statement accessory. This one made the final cut. the fit looked different from every angle, after sunset.",219,0,8,#outfitideas #mumbaistyle #weddinggueststyle #baggyfits #satinskirt #eveningstyle #femininefashion #skirtstyle,1,53137,4070,7.7,5043,0,47,0,12,40,4,59,1.45,0.0,0.29,10.0,0,styling_question:47,would this work with flats?,0.0,93,11
17921202614676876,carousel,6,2023-10-10,11:00,Tue,11,"if I had to make a striped button-down work for a work presentation, this is how I would do it: swapped heels for sneakers at the last minute, then sneakers and a simple ring stack. the fit looked different from every angle, for the second half of the day.",256,0,9,#classicstyle #outfitideas #personalstyle #fashioncreator #everydaystyle #fashioncontent #indianstreetstyle #dateoutfit #layeringstyle,1,53145,15956,30.0,41042,963,17,36,108,288,8,1124,7.04,0.23,0.68,2.778,0,repeat_outfit:17,the proportions are so good,11.8,93,11
17939021371281216,image,6,2023-10-10,13:00,Tue,13,"the outfit started with a simple white shirt and somehow became my favourite look for a Sunday family lunch; mixed it with something I already owned. this feels much more like real-life fashion than a perfectly styled shoot. This one made the final cut. the fit looked different from every angle, before heading back home.",322,0,10,#capsulewardrobe #minimalstyle #classicfashion #fashioncontent #ootdindia #outfitinspiration #styleideas #urbanstyle #chennaistyle #casualoutfit,1,53153,13062,24.6,28389,811,29,16,111,224,10,967,7.4,0.12,0.85,4.464,0,styling_question:29,this feels very current,13.8,93,11
17994901007583158,reel,6,2023-10-10,13:54,Tue,13,"not a full trend overhaul, just a rugby shirt in olive for a content shoot; kept the accessories intentionally minimal. I wanted something current without looking like I copied a mood board. The soft grey detail was the part I nearly skipped. I would wear this one again. the fit looked different from every angle, for a casual photo walk.",339,0,11,#urbanstyle #trendalert #streetstyle #stylingtips #ootd #delhistyle #traveloutfit #scarfstyle #rugbyshirt #preppyfashion #sportystyle,1,53137,3836,7.2,4058,0,45,0,11,38,3,56,1.46,0.0,0.29,7.895,0,repeat_outfit:45,please do more everyday outfits,0.0,93,11
17961928538628012,reel,6,2023-10-10,17:04,Tue,17,"wore a boxy blazer in soft grey for late class; used the same pieces I wore last week, finished it with retro trainers and chunky earrings. I finally understand why this silhouette keeps showing up on my feed. I kept one old piece to stop it feeling too new, for the morning.",275,0,8,#blazerstyle #tailoredstyle #smartcasual #streetstyle #workwear #ootd #styleinspo#styleedit,1,53137,3827,7.2,4909,0,43,0,11,38,3,54,1.41,0.0,0.29,7.895,43,styling_question:43,saving this for my next brunch,0.0,93,11
17956561311849879,reel,6,2023-10-10,17:23,Tue,17,"today's coffee run outfit was built around a maxi skirt in chocolate brown; played with proportions rather than prints. I almost changed the outfit, then decided the slightly undone look was better. This one made the final cut. I kept one old piece to stop it feeling too new, for the afternoon.",295,0,8,#collegeoutfit #denimstyle #maxiskirt #skirtstyle #summeroutfits #femininefashion #everydayfashion #fashionreelsindia,1,53137,3712,7.0,4661,0,33,0,11,37,3,44,1.19,0.0,0.3,8.108,0,repeat_outfit:33,how would you style this for a wedding?,0.0,93,11
17927564435584556,reel,6,2023-10-10,17:41,Tue,17,"trying a scarf top for college fest without making the look feel too styled; layered it for the unpredictable weather. the camera makes it look dressier than it felt in real life. This one made the final cut. I kept one old piece to stop it feeling too new, for golden hour.",274,0,9,#scarftop #silkstyle #2026fashion #stylingideas #fashionreels #reelsindia #genzfashion #styleblogger #indianfashion,1,53137,3395,6.4,4244,0,25,0,10,33,3,35,1.03,0.0,0.29,9.091,0,styling_question:25,the second look is my favourite,0.0,93,11
17936593309490624,reel,6,2023-10-10,17:51,Tue,17,"the plan was simple: a crochet top in cobalt blue, loafers, and a leather belt for airport morning; added a scarf because the outfit needed something softer. I kept one old piece to stop it feeling too new, for a long day out.",226,0,10,#texturedfashion #indianfashion #outfitideas #personalstyle #fashioncreator #everydaystyle #mumbaistyle #weekendstyle #tailoredstyle #crochetstyle,1,53137,2738,5.2,3136,0,30,0,8,27,2,38,1.39,0.0,0.29,7.407,0,repeat_outfit:30,need the jeans link,0.0,93,11
17937557022039930,reel,6,2023-10-10,20:03,Tue,20,"one of those outfits that looked better once I stopped overthinking it: a linen shirt in butter yellow for Sunday brunch, with mixed an Indian piece with western basics. This one made the final cut. I kept one old piece to stop it feeling too new, for the first coffee run.",273,0,11,#ootdindia #outfitinspiration #styleideas #indianstreetstyle #brunchoutfit #slowfashion #linenstyle #summerstyle #linenlook #resortwear #minimalstyle,1,53137,2929,5.5,3657,0,6,0,8,29,2,14,0.48,0.0,0.27,6.897,6,styling_question:6,okay the bag is everything,0.0,93,11
17975414578640956,reel,6,2023-10-10,20:09,Tue,20,"for office-to-dinner plans, I wanted something current but still practical, so I paired a fitted tank with an oversized shirt with sneakers and a slim belt; I would genuinely repeat this instead of saving it and forgetting about it. I kept one old piece to stop it feeling too new, for the walk home.",300,0,7,#chennaistyle #nightoutfit #handloom #layeredlook #tanktop #oversizedstyle #streetwearindia,1,53137,3190,6.0,3920,0,15,0,9,31,3,24,0.75,0.0,0.28,9.677,0,repeat_outfit:15,this is exactly my style,0.0,93,11
17935291586658154,reel,6,2023-10-10,20:49,Tue,20,"repeating pieces from my wardrobe again: a handloom kurta in ivory for a last-minute house party, styled around added a belt to give the outfit some shape. The off-white detail was the part I nearly skipped. I would wear this one again. I kept one old piece to stop it feeling too new, for a warm evening.",305,0,8,#handloom #indiantextiles #slowfashion #indianwear #craftsmanship #stylingtips #ootd #styleinspo,1,53137,2581,4.9,2827,0,13,0,7,25,2,20,0.77,0.0,0.27,8.0,0,styling_question:13,this is actually wearable,0.0,93,11
17977456892285660,reel,6,2023-10-10,21:00,Tue,21,"if I had to make a cotton saree work for a rainy commute, this is how I would do it: balanced the oversized shape with a cleaner bottom, then mules and a vintage watch. I kept one old piece to stop it feeling too new, for the cooler part of the day.",249,0,9,#hyderabadfashion #dateoutfit #oversizedstyle #cottonsaree #sareestyle #indianfashion #contemporarysaree #desifashion #fashionreelsindia,1,53163,26475,49.8,68049,1764,52,38,218,414,18,2072,7.83,0.14,0.82,4.348,1,repeat_outfit:52,this is such a good repeat outfit,15.4,93,11
17999095476193529,reel,6,2023-10-10,22:23,Tue,22,"the outfit started with a halter top and somehow became my favourite look for a friend's birthday; repeated an old favourite instead of buying something new. this feels much more like real-life fashion than a perfectly styled shoot. This one made the final cut. I kept one old piece to stop it feeling too new, before the plans started.",336,0,10,#fashionreels #reelsindia #genzfashion #styleblogger #punefashion #casualoutfit #statementaccessories #haltertop #eveningstyle #summerfashion,1,53137,2547,4.8,2763,0,12,0,7,25,2,19,0.75,0.0,0.27,8.0,0,styling_question:12,adding this to my outfit board,0.0,93,11
17905058326839247,reel,6,2023-10-10,22:49,Tue,22,"not a full trend overhaul, just a straight-leg jean in forest green for a casual date; went for comfort instead of forcing the trend. I wanted something current without looking like I copied a mood board. This one made the final cut. I kept one old piece to stop it feeling too new, after the plans changed.",307,0,11,#fashioncreator #bangalorefashion #traveloutfit #desimaximalism #straightlegjeans #denimstyle #jeansandate #casualstyle #wardrobestaples #styleblogger #indianfashion,1,53137,3429,6.5,4391,0,31,0,10,34,3,41,1.2,0.0,0.29,8.824,0,repeat_outfit:31,the shoes made the outfit,0.0,93,11
17933482889315159,reel,6,2023-10-10,23:40,Tue,23,"wore a denim jacket in dusty pink for a family dinner; used a thrifted piece as the hero, finished it with strappy sandals and a canvas tote. I finally understand why this silhouette keeps showing up on my feed. I kept one old piece to stop it feeling too new, while travelling.",278,0,7,#coordset #denimjacket #layeringseason #denimstyle #streetstyle #casualfashion #fashioncreator,1,53181,58299,109.6,144649,3322,111,128,386,804,21,3947,6.77,0.22,0.66,2.612,0,styling_question:111,where are the trousers from?,3.3,93,11
17914566309893096,reel,6,2023-10-11,00:50,Wed,0,"today's a gallery visit outfit was built around a printed skirt in tomato red; changed only the shoes and it completely shifted the look. I almost changed the outfit, then decided the slightly undone look was better. This one made the final cut. I kept one old piece to stop it feeling too new, between two meetings.",316,0,8,#statementstyle #outfitinspo #fashionreels #outfitinspiration #styleideas #urbanstyle #trendalert #streetstyle,1,53203,130651,245.6,289310,6692,160,358,919,2590,215,8129,6.22,0.27,0.7,8.301,1,repeat_outfit:160,the scarf detail is so good,11.7,256,10
17999132850785284,carousel,6,2023-10-11,02:50,Wed,2,"trying a lightweight trench for a weekend in Goa without making the look feel too styled; made the outfit work for both daytime and evening. the camera makes it look dressier than it felt in real life. This one made the final cut. I kept one old piece to stop it feeling too new, before dinner.",294,0,9,#streetstyle #stylingtips #ootd #styleinspo #fashionindia #chennaistyle #festivefashion #linenstyle #trenchcoat,1,53418,8413,15.7,11470,487,11,4,73,131,4,575,6.83,0.05,0.87,3.053,0,styling_question:11,can you do a budget version?,0.0,256,10
17937417492493113,reel,6,2023-10-11,10:17,Wed,10,"the plan was simple: a relaxed kurta in off-white, sneakers, and silver hoops for a quick trip to Bengaluru; kept the colours tonal. The ivory detail was the part I nearly skipped. I kept one old piece to stop it feeling too new, on the way to brunch.",251,0,10,#desistyle #everydayethnic #fashionindia #desifashion #fashionreelsindia #indianstyle #wardrobe #delhistyle #weekendstyle #kurta,1,53203,2580,4.8,2812,0,24,0,7,25,2,31,1.2,0.0,0.27,8.0,0,repeat_outfit:24,the layering is perfect,0.0,256,10
17957498163434149,reel,6,2023-10-11,10:57,Wed,10,"one of those outfits that looked better once I stopped overthinking it: a vintage tee in sage for a wedding function, with wore it with flats because looking good and being comfortable can coexist. This one made the final cut. I kept one old piece to stop it feeling too new, during a quick city stop.",301,0,11,#brunchoutfit #resortwear #vintagestyle #graphictee #thriftstyle #streetwear #retrofashion #wardrobe #fashiondiaries #fashionreels #reelsindia,1,53203,2279,4.3,2724,0,19,0,6,22,2,25,1.1,0.0,0.26,9.091,0,styling_question:19,where is the shirt from?,0.0,256,10
17975101889718074,reel,6,2023-10-11,13:20,Wed,13,"for a rooftop dinner, I wanted something current but still practical, so I paired a lightweight bomber with mules and a silk scarf; I would genuinely repeat this instead of saving it and forgetting about it. I kept one old piece to stop it feeling too new, before the rain arrived.",281,0,7,#streetwear #layeringstyle #urbanstyle #casualfits #genzfashion #styleblogger #indianfashion,1,53422,13659,25.6,27438,758,25,34,84,274,8,901,6.6,0.25,0.61,2.92,2,repeat_outfit:25,love the colour combination,8.0,256,10
17974003258614223,image,6,2023-10-11,13:38,Wed,13,"repeating pieces from my wardrobe again: a wide-leg trouser in deep burgundy for a movie night, styled around added one statement accessory. This one made the final cut. I kept one old piece to stop it feeling too new, after sunset.",232,0,9,#widelegpants #widelegtrousers #relaxedtailoring #streetstyle #everydaystyle #personalstyle #fashioncreator #fashioncontent#dailyoutfit,1,53203,2200,4.1,2812,0,16,0,6,22,2,22,1.0,0.0,0.27,9.091,0,styling_question:16,would this work with flats?,0.0,256,10
17930255888824951,reel,6,2023-10-11,13:49,Wed,13,"if I had to make a cropped cardigan work for a day of errands, this is how I would do it: swapped heels for sneakers at the last minute, then ankle boots and small sunglasses. I kept one old piece to stop it feeling too new, for the second half of the day.",256,0,9,#styleideas #urbanstyle #trendalert #mumbaistyle #dateoutfit #layeringstyle #cardiganstyle #layering #preppystyle,1,53203,3668,6.9,4003,0,18,0,11,36,3,29,0.79,0.0,0.3,8.333,18,repeat_outfit:18,the proportions are so good,0.0,256,10
17953706589345566,reel,6,2023-10-11,20:28,Wed,20,"the outfit started with a pleated trouser and somehow became my favourite look for a client meeting; mixed it with something I already owned. this feels much more like real-life fashion than a perfectly styled shoot. This one made the final cut. I kept one old piece to stop it feeling too new, before heading back home.",320,0,10,#indianstreetstyle #casualoutfit #quietluxury #pleatedtrousers #tailoredstyle #smartcasual #menswearinspired #modernclassic #trendalert #streetstyle,1,53203,3796,7.1,4515,0,23,0,11,37,3,34,0.9,0.0,0.29,8.108,23,styling_question:23,this feels very current,0.0,256,10
17941335886378795,reel,6,2023-10-11,20:43,Wed,20,"not a full trend overhaul, just a cargo trouser in olive for a music gig; kept the accessories intentionally minimal. I wanted something current without looking like I copied a mood board. This one made the final cut. I kept one old piece to stop it feeling too new, for a casual photo walk.",291,0,11,#cargopants #streetwearindia #utilitystyle #baggyfits #streetstyle #styleinspo #fashionindia #desifashion #fashionreelsindia #indianstyle #chennaistyle,1,53203,2890,5.4,3296,0,30,0,8,28,2,38,1.31,0.0,0.28,7.143,0,repeat_outfit:30,please do more everyday outfits,0.0,256,10
17955924943083841,reel,6,2023-10-11,21:30,Wed,21,"wore a structured mini bag in soft grey for a flea market afternoon; used the same pieces I wore last week, finished it with ballet flats and a structured shoulder bag. I finally understand why this silhouette keeps showing up on my feed. The olive detail was the part I nearly skipped. the weather basically decided the layering, for the morning.",347,0,7,#everydayluxury #fashiondetails #indianstyle #wardrobe #fashiondiaries #fashionreels #reelsindia,1,53430,18904,35.4,34681,1235,42,11,180,349,9,1468,7.77,0.06,0.95,2.579,2,styling_question:42,saving this for my next brunch,14.3,256,10
17923601564559722,carousel,6,2023-10-11,22:00,Wed,22,"today's a long travel day outfit was built around baggy denim in chocolate brown; played with proportions rather than prints. I almost changed the outfit, then decided the slightly undone look was better. This one made the final cut. the weather basically decided the layering, for the afternoon.",296,0,8,#streetstyle #everydaydenim #reelsindia #genzfashion #styleblogger #indianfashion #outfitideas #hyderabadfashion,1,53203,3635,6.8,4146,0,25,0,10,36,3,35,0.96,0.0,0.28,8.333,0,repeat_outfit:25,how would you style this for a wedding?,0.0,256,10
17969865533300343,carousel,6,2023-10-11,22:09,Wed,22,"trying a co-ord set for a beach evening without making the look feel too styled; layered it for the unpredictable weather. the camera makes it look dressier than it felt in real life. This one made the final cut. the weather basically decided the layering, for golden hour.",273,0,9,#fashioncontent #punefashion #festivefashion #coastalstyle #coordset #coords #matchingset #summerstyle #easyoutfits,1,53203,3994,7.5,4616,0,23,0,11,39,3,34,0.85,0.0,0.28,7.692,0,styling_question:23,the second look is my favourite,0.0,256,10
17927071006633955,reel,6,2023-10-11,22:52,Wed,22,"the plan was simple: a slip dress in cobalt blue, mules, and layered necklaces for a first-date outfit; added a scarf because the outfit needed something softer. the weather basically decided the layering, for a long day out.",225,0,10,#tailoredstyle #slipdress #dressstyle #eveninglook #minimalfashion #dateoutfit #fashioncontent #ootdindia #outfitinspiration #styleideas,1,53203,3678,6.9,4766,0,16,0,11,36,3,27,0.73,0.0,0.3,8.333,16,repeat_outfit:16,need the jeans link,0.0,256,10
17927414413534295,carousel,6,2023-10-11,23:50,Wed,23,"one of those outfits that looked better once I stopped overthinking it: a tailored vest in butter yellow for a regular Monday, with mixed an Indian piece with western basics. This one made the final cut. the weather basically decided the layering, for the first coffee run.",273,0,11,#suiting #modernstyle #minimalfashion #urbanstyle #trendalert #streetstyle #stylingtips #ootd #mumbaistyle #brunchoutfit #slowfashion,10,53439,12578,23.5,15282,786,29,15,115,180,7,945,7.51,0.12,0.91,3.889,0,styling_question:29,okay the bag is everything,3.4,256,10
17908542347914473,image,6,2023-10-12,02:40,Thu,2,"for a festive lunch, I wanted something current but still practical, so I paired a knit polo with ankle boots and a leather belt; I would genuinely repeat this instead of saving it and forgetting about it. the weather basically decided the layering, for the walk home.",268,0,7,#ootd #styleinspo #fashionindia #desifashion #fashionreelsindia #indianstreetstyle #nightoutfit,1,53445,66498,124.4,166684,4065,163,173,499,1152,84,4900,7.37,0.26,0.75,7.292,0,repeat_outfit:163,this is exactly my style,10.0,169,10
17955825851953589,reel,6,2023-10-12,09:40,Thu,9,"repeating pieces from my wardrobe again: a satin skirt in ivory for a night out, styled around added a belt to give the outfit some shape. This one made the final cut. the weather basically decided the layering, for a warm evening.",231,0,8,#fashiondiaries #fashionreels #chennaistyle #weddinggueststyle #thriftedfashion #satinskirt #eveningstyle #femininefashion,1,53529,11307,21.1,22735,764,14,13,111,207,10,902,7.98,0.11,0.98,4.831,0,styling_question:14,this is actually wearable,14.3,169,10
17980214294986221,story,6,2023-10-12,10:53,Thu,10,"if I had to make a striped button-down work for a work presentation, this is how I would do it: balanced the oversized shape with a cleaner bottom, then loafers and a slim belt. The ink black detail was the part I nearly skipped. the weather basically decided the layering, for the cooler part of the day.",305,0,9,#dateoutfit #oversizedstyle #stripedshirt #buttondown #preppystyle #classicstyle #outfitideas #fashionreels #reelsindia,1,53445,2689,5.0,3223,0,14,0,8,26,2,22,0.82,0.0,0.3,7.692,0,repeat_outfit:14,this is such a good repeat outfit,0.0,169,10
17947882568938495,reel,6,2023-10-12,13:03,Thu,13,"the outfit started with a simple white shirt and somehow became my favourite look for a Sunday family lunch; repeated an old favourite instead of buying something new. this feels much more like real-life fashion than a perfectly styled shoot. This one made the final cut. the weather basically decided the layering, before the plans started.",341,0,10,#wardrobestaples #capsulewardrobe #minimalstyle #classicfashion #indianfashion #outfitideas #personalstyle #fashioncreator #everydaystyle #hyderabadfashion,1,53445,3883,7.3,4459,0,32,0,11,38,3,43,1.11,0.0,0.28,7.895,0,styling_question:32,adding this to my outfit board,0.0,169,10
17953412888836313,reel,6,2023-10-12,13:03,Thu,13,"not a full trend overhaul, just a rugby shirt in forest green for a content shoot; went for comfort instead of forcing the trend. I wanted something current without looking like I copied a mood board. This one made the final cut. the weather basically decided the layering, after the plans changed.",298,0,11,#collegestyle #everydaystyle #fashioncontent #ootdindia #outfitinspiration #styleideas #punefashion #traveloutfit #desimaximalism #rugbyshirt #preppyfashion,1,53445,4058,7.6,4712,0,37,0,12,40,4,49,1.21,0.0,0.3,10.0,0,repeat_outfit:37,the shoes made the outfit,0.0,169,10
17927552236394349,reel,6,2023-10-12,13:25,Thu,13,"wore a boxy blazer in dusty pink for late class; used a thrifted piece as the hero, finished it with kitten heels and a simple ring stack. I finally understand why this silhouette keeps showing up on my feed. the weather basically decided the layering, while travelling.",270,0,7,#styleideas #urbanstyle #trendalert #stylingtips #bangalorefashion #coordset #blazerstyle,1,53445,3418,6.4,4203,0,39,0,10,34,3,49,1.43,0.0,0.29,8.824,0,styling_question:39,where are the trousers from?,0.0,169,10
17947343365905845,reel,6,2023-10-12,14:40,Thu,14,"today's coffee run outfit was built around a maxi skirt in tomato red; changed only the shoes and it completely shifted the look. I almost changed the outfit, then decided the slightly undone look was better. This one made the final cut. the weather basically decided the layering, between two meetings.",303,0,8,#mumbaistyle #collegeoutfit #modernprep #maxiskirt #skirtstyle #summeroutfits #femininefashion #everydayfashion,1,53539,16979,31.7,31396,968,37,18,187,345,15,1210,7.13,0.11,1.1,4.348,0,repeat_outfit:37,the scarf detail is so good,5.4,169,10
17916130230120724,reel,6,2023-10-12,17:18,Thu,17,"trying a scarf top for college fest without making the look feel too styled; made the outfit work for both daytime and evening. the camera makes it look dressier than it felt in real life. This one made the final cut. the weather basically decided the layering, before dinner.",276,0,9,#scarfstyle #scarftop #silkstyle #2026fashion #stylingideas #desifashion #fashionreelsindia #indianstyle #wardrobe,1,53445,3065,5.7,3547,0,19,0,9,30,3,28,0.91,0.0,0.29,10.0,0,styling_question:19,can you do a budget version?,0.0,169,10
17926747167503723,reel,6,2023-10-12,17:20,Thu,17,"the plan was simple: a crochet top in off-white, ankle boots, and chunky earrings for airport morning; kept the colours tonal. the weather basically decided the layering, on the way to brunch.",192,0,10,#resortstyle #texturedfashion #fashiondiaries #fashionreels #reelsindia #genzfashion #styleblogger #chennaistyle #weekendstyle #indowestern,1,53445,3634,6.8,4680,0,16,0,10,36,3,26,0.72,0.0,0.28,8.333,0,repeat_outfit:16,the layering is perfect,0.0,169,10
17932104686555933,carousel,6,2023-10-12,20:03,Thu,20,"one of those outfits that looked better once I stopped overthinking it: a linen shirt in sage for Sunday brunch, with wore it with flats because looking good and being comfortable can coexist. The mustard detail was the part I nearly skipped. I would wear this one again. the weather basically decided the layering, during a quick city stop.",341,0,11,#indianfashion #outfitideas #personalstyle #fashioncreator #delhistyle #brunchoutfit #linenstyle #summerstyle #linenlook #resortwear #minimalstyle,1,53445,2980,5.6,3738,0,27,0,8,29,2,35,1.17,0.0,0.27,6.897,0,styling_question:27,where is the shirt from?,0.0,169,10
17954494600272517,carousel,6,2023-10-12,20:14,Thu,20,"for office-to-dinner plans, I wanted something current but still practical, so I paired a fitted tank with an oversized shirt with loafers and silver hoops; I would genuinely repeat this instead of saving it and forgetting about it. the weather basically decided the layering, before the rain arrived.",301,0,7,#outfitinspiration #hyderabadfashion #nightoutfit #capsulewardrobe #layeredlook #tanktop #oversizedstyle,1,53445,3411,6.4,4093,0,27,0,10,34,3,37,1.08,0.0,0.29,8.824,0,repeat_outfit:27,love the colour combination,0.0,169,10
17903237689276162,story,6,2023-10-12,20:23,Thu,20,"repeating pieces from my wardrobe again: a handloom kurta in deep burgundy for a last-minute house party, styled around added one statement accessory. This one made the final cut. the weather basically decided the layering, after sunset.",237,0,8,#baggyfits #handloom #indiantextiles #slowfashion #indianwear #craftsmanship #outfitinspiration #styleideas,1,53445,3655,6.8,4138,0,28,0,10,36,3,38,1.04,0.0,0.27,8.333,28,styling_question:28,would this work with flats?,0.0,169,10
17956806088233746,reel,6,2023-10-12,21:50,Thu,21,"if I had to make a cotton saree work for a rainy commute, this is how I would do it: swapped heels for sneakers at the last minute, then sneakers and a silk scarf. the weather basically decided the layering, for the second half of the day.",239,0,9,#indianfashion #contemporarysaree #desifashion #streetstyle #stylingtips #ootd #styleinspo #fashionindia #bangalorefashion,1,53554,7568,14.1,9862,482,14,10,64,122,4,570,7.53,0.13,0.85,3.279,2,repeat_outfit:14,the proportions are so good,7.1,169,10
17921894244175006,reel,6,2023-10-12,22:03,Thu,22,"the outfit started with a halter top and somehow became my favourite look for a friend's birthday; mixed it with something I already owned. this feels much more like real-life fashion than a perfectly styled shoot. This one made the final cut. the weather basically decided the layering, before heading back home.",313,0,10,#fashionindia #desifashion #fashionreelsindia #indianstyle #wardrobe #mumbaistyle #casualoutfit #quietluxury #haltertop #eveningstyle,1,53445,2618,4.9,2974,0,5,0,7,26,2,12,0.46,0.0,0.27,7.692,5,styling_question:5,this feels very current,0.0,169,10
17928581289107209,reel,6,2023-10-12,22:50,Thu,22,"not a full trend overhaul, just a straight-leg jean in olive for a casual date; kept the accessories intentionally minimal. I wanted something current without looking like I copied a mood board. This one made the final cut. the weather basically decided the layering, for a casual photo walk.",292,0,11,#reelsindia #genzfashion #indianstreetstyle #traveloutfit #scarfstyle #straightlegjeans #denimstyle #jeansandate #casualstyle #wardrobestaples #wardrobe,1,53558,28282,52.8,56223,1480,33,61,152,498,12,1726,6.1,0.22,0.54,2.41,0,repeat_outfit:33,please do more everyday outfits,3.0,169,10
17902056718083244,reel,6,2023-10-12,23:20,Thu,23,"wore a denim jacket in soft grey for a family dinner; used the same pieces I wore last week, finished it with retro trainers and a vintage watch. I finally understand why this silhouette keeps showing up on my feed. the bag was practical enough for the whole day, for the morning.",280,0,7,#workwear #y2kfashion #denimjacket #layeringseason #denimstyle #streetstyle #casualfashion,1,53570,40787,76.1,91330,2154,71,46,342,614,26,2613,6.41,0.11,0.84,4.235,2,styling_question:71,saving this for my next brunch,11.7,169,10
17990371030525816,reel,7,2023-10-13,01:20,Fri,1,"today's a gallery visit outfit was built around a printed skirt in chocolate brown; played with proportions rather than prints. I almost changed the outfit, then decided the slightly undone look was better. The powder blue detail was the part I nearly skipped. I would wear this one again. the bag was practical enough for the whole day, for the afternoon.",356,0,8,#printmixing #statementstyle #outfitinspo #fashionreels #personalstyle #fashioncreator #everydaystyle #fashioncontent,1,53608,40904,76.3,100769,2509,72,73,534,653,33,3188,7.79,0.18,1.31,5.054,0,repeat_outfit:72,how would you style this for a wedding?,8.3,110,5
17947593218542081,carousel,7,2023-10-13,09:48,Fri,9,"trying a lightweight trench for a weekend in Goa without making the look feel too styled; layered it for the unpredictable weather. the camera makes it look dressier than it felt in real life. This one made the final cut. the bag was practical enough for the whole day, for golden hour.",286,0,9,#outerwear #ootdindia #outfitinspiration #styleideas #urbanstyle #trendalert #hyderabadfashion #festivefashion #coastalstyle,1,53608,2806,5.2,2975,0,31,0,8,28,2,39,1.39,0.0,0.29,7.143,0,styling_question:31,the second look is my favourite,0.0,110,5
17900398890431204,carousel,7,2023-10-13,09:50,Fri,9,"the plan was simple: a relaxed kurta in cobalt blue, loafers, and a canvas tote for a quick trip to Bengaluru; added a scarf because the outfit needed something softer. the bag was practical enough for the whole day, for a long day out.",236,0,10,#stylingtips #ootd #styleinspo #punefashion #weekendstyle #tailoredstyle #kurta #indianwear #indowestern #desistyle,1,53641,9163,17.1,16764,511,11,4,46,156,3,572,6.24,0.04,0.5,1.923,0,repeat_outfit:11,need the jeans link,9.1,110,5
17939129022888937,reel,7,2023-10-13,10:13,Fri,10,"one of those outfits that looked better once I stopped overthinking it: a vintage tee in butter yellow for a wedding function, with mixed an Indian piece with western basics. This one made the final cut. the bag was practical enough for the whole day, for the first coffee run.",277,0,11,#bangalorefashion #brunchoutfit #slowfashion #vintagestyle #graphictee #thriftstyle #streetwear #retrofashion #styleinspo #fashionindia #desifashion,1,53608,4208,7.8,4564,0,47,0,12,42,4,59,1.4,0.0,0.29,9.524,0,styling_question:47,okay the bag is everything,0.0,110,5
17991585805436935,carousel,7,2023-10-13,13:25,Fri,13,"for a rooftop dinner, I wanted something current but still practical, so I paired a lightweight bomber with sneakers and layered necklaces; I would genuinely repeat this instead of saving it and forgetting about it. the bag was practical enough for the whole day, for the walk home.",282,0,7,#bomberjacket #streetwear #layeringstyle #urbanstyle #casualfits #indianstyle #wardrobe,1,53608,2214,4.1,2448,0,23,0,6,22,2,29,1.31,0.0,0.27,9.091,23,repeat_outfit:23,this is exactly my style,0.0,110,5
17914999340051679,carousel,7,2023-10-13,17:00,Fri,17,"repeating pieces from my wardrobe again: a wide-leg trouser in ivory for a movie night, styled around added a belt to give the outfit some shape. This one made the final cut. the bag was practical enough for the whole day, for a warm evening.",242,0,8,#streetstyle #everydaystyle #reelsindia #genzfashion #styleblogger #indianfashion #outfitideas #indianstreetstyle,1,53608,3209,6.0,3908,0,32,0,9,32,3,41,1.28,0.0,0.28,9.375,0,styling_question:32,this is actually wearable,0.0,110,5
17973236443173910,reel,7,2023-10-13,17:29,Fri,17,"if I had to make a cropped cardigan work for a day of errands, this is how I would do it: balanced the oversized shape with a cleaner bottom, then mules and a leather belt. the bag was practical enough for the whole day, for the cooler part of the day.",252,0,9,#chennaistyle #dateoutfit #oversizedstyle #cardiganstyle #layering #preppystyle #knitwear #everydaystyle #outfitideas,1,53608,4203,7.8,4599,0,39,0,12,42,4,51,1.21,0.0,0.29,9.524,0,repeat_outfit:39,this is such a good repeat outfit,0.0,110,5
17967324882059671,reel,7,2023-10-13,17:50,Fri,17,"the outfit started with a pleated trouser and somehow became my favourite look for a client meeting; repeated an old favourite instead of buying something new. this feels much more like real-life fashion than a perfectly styled shoot. The tomato red detail was the part I nearly skipped. I would wear this one again. the bag was practical enough for the whole day, before the plans started.",390,0,10,#urbanstyle #delhistyle #casualoutfit #statementaccessories #pleatedtrousers #tailoredstyle #smartcasual #menswearinspired #modernclassic #fashioncontent,1,53644,20478,38.2,52223,1276,39,44,232,400,19,1591,7.77,0.21,1.13,4.75,0,styling_question:39,adding this to my outfit board,17.9,110,5
17938462178948650,reel,7,2023-10-13,17:52,Fri,17,"not a full trend overhaul, just a cargo trouser in forest green for a music gig; went for comfort instead of forcing the trend. I wanted something current without looking like I copied a mood board. This one made the final cut. the bag was practical enough for the whole day, after the plans changed.",300,0,11,#baggyfits #streetstyle #urbanstyle #trendalert #stylingtips #ootd #hyderabadfashion #traveloutfit #desimaximalism #cargopants #streetwearindia,1,53608,2313,4.3,2816,0,21,0,6,23,2,27,1.17,0.0,0.26,8.696,0,repeat_outfit:21,the shoes made the outfit,0.0,110,5
17974818607028784,reel,7,2023-10-13,20:04,Fri,20,"wore a structured mini bag in dusty pink for a flea market afternoon; used a thrifted piece as the hero, finished it with strappy sandals and small sunglasses. I finally understand why this silhouette keeps showing up on my feed. the bag was practical enough for the whole day, while travelling.",295,0,7,#accessories #everydayluxury #fashiondetails #ootd #styleinspo #fashionindia #desifashion,1,53608,2962,5.5,3839,0,6,0,8,29,2,14,0.47,0.0,0.27,6.897,0,styling_question:6,where are the trousers from?,0.0,110,5
17952546599092093,reel,7,2023-10-13,21:40,Fri,21,"today's a long travel day outfit was built around baggy denim in tomato red; changed only the shoes and it completely shifted the look. I almost changed the outfit, then decided the slightly undone look was better. This one made the final cut. the bag was practical enough for the whole day, between two meetings.",313,0,8,#fashionreelsindia #indianstyle #wardrobe #fashiondiaries #fashionreels #bangalorefashion #collegeoutfit #modernprep,1,53663,25998,48.4,57681,1528,28,32,210,396,15,1798,6.92,0.12,0.81,3.788,1,repeat_outfit:28,the scarf detail is so good,14.3,110,5
17964577425763004,reel,7,2023-10-13,22:01,Fri,22,"trying a co-ord set for a beach evening without making the look feel too styled; made the outfit work for both daytime and evening. the camera makes it look dressier than it felt in real life. This one made the final cut. the bag was practical enough for the whole day, before dinner.",284,0,9,#styleblogger #indianfashion #mumbaistyle #festivefashion #linenstyle #coordset #coords #matchingset #summerstyle,1,53608,2759,5.1,3117,0,30,0,8,27,2,38,1.38,0.0,0.29,7.407,0,styling_question:30,can you do a budget version?,0.0,110,5
17995083327277106,reel,7,2023-10-13,23:40,Fri,23,"the plan was simple: a slip dress in off-white, sneakers, and a structured shoulder bag for a first-date outfit; kept the colours tonal. the bag was practical enough for the whole day, on the way to brunch.",206,0,10,#weekendstyle #indowestern #slipdress #dressstyle #eveninglook #minimalfashion #dateoutfit #indianfashion #outfitideas #personalstyle,1,53678,30619,57.0,73274,1892,55,56,327,621,24,2330,7.61,0.18,1.07,3.865,0,repeat_outfit:55,the layering is perfect,7.3,110,5
17939642914596030,reel,7,2023-10-14,00:10,Sat,0,"one of those outfits that looked better once I stopped overthinking it: a tailored vest in sage for a regular Monday, with wore it with flats because looking good and being comfortable can coexist. This one made the final cut. the bag was practical enough for the whole day, during a quick city stop.",300,0,11,#veststyle #suiting #modernstyle #minimalfashion #everydaystyle #fashioncontent #ootdindia #outfitinspiration #styleideas #chennaistyle #brunchoutfit,1,53708,31257,58.2,69564,2101,63,49,414,592,25,2627,8.4,0.16,1.32,4.223,2,styling_question:63,where is the shirt from?,6.7,108,9
17907539263122298,reel,7,2023-10-14,09:58,Sat,9,"for a festive lunch, I wanted something current but still practical, so I paired a knit polo with mules and chunky earrings; I would genuinely repeat this instead of saving it and forgetting about it. The butter yellow detail was the part I nearly skipped. the bag was practical enough for the whole day, before the rain arrived.",329,0,7,#everydaymenswear #styleideas #urbanstyle #trendalert #streetstyle #stylingtips #delhistyle,1,53708,3291,6.1,4024,0,30,0,9,32,3,39,1.19,0.0,0.27,9.375,0,repeat_outfit:30,love the colour combination,0.0,108,9
17974998782788870,reel,7,2023-10-14,17:00,Sat,17,"repeating pieces from my wardrobe again: a satin skirt in deep burgundy for a night out, styled around added one statement accessory. This one made the final cut. the bag was practical enough for the whole day, after sunset.",224,0,9,#satinskirt #eveningstyle #femininefashion #skirtstyle #styleinspo #stylingtips #ootd #fashionindia#dailyoutfit,1,53733,19020,35.4,40386,1274,28,15,166,350,12,1483,7.8,0.08,0.87,3.429,0,styling_question:28,would this work with flats?,7.1,108,9
17976076289917117,story,7,2023-10-14,17:22,Sat,17,"if I had to make a striped button-down work for a work presentation, this is how I would do it: swapped heels for sneakers at the last minute, then ankle boots and silver hoops. the bag was practical enough for the whole day, for the second half of the day.",257,0,9,#punefashion #dateoutfit #layeringstyle #stripedshirt #buttondown #preppystyle #classicstyle #outfitideas #desifashion,1,53708,2371,4.4,3031,0,9,0,7,23,2,16,0.67,0.0,0.3,8.696,9,repeat_outfit:9,the proportions are so good,0.0,108,9
17914914280476296,reel,7,2023-10-14,17:38,Sat,17,"the outfit started with a simple white shirt and somehow became my favourite look for a Sunday family lunch; mixed it with something I already owned. this feels much more like real-life fashion than a perfectly styled shoot. This one made the final cut. the bag was practical enough for the whole day, before heading back home.",327,0,10,#whiteshirt #wardrobestaples #capsulewardrobe #minimalstyle #classicfashion #fashiondiaries #fashionreels #reelsindia #genzfashion #styleblogger,1,53708,2952,5.5,3724,0,30,0,8,29,2,38,1.29,0.0,0.27,6.897,30,styling_question:30,this feels very current,0.0,108,9
17942383146042315,image,7,2023-10-14,20:11,Sat,20,"not a full trend overhaul, just a rugby shirt in olive for a content shoot; kept the accessories intentionally minimal. I wanted something current without looking like I copied a mood board. This one made the final cut. the bag was practical enough for the whole day, for a casual photo walk.",292,0,11,#casualstyle #collegestyle #styleblogger #indianfashion #outfitideas #personalstyle #fashioncreator #mumbaistyle #traveloutfit #scarfstyle #rugbyshirt,1,53708,3299,6.1,3586,0,36,0,9,32,3,45,1.36,0.0,0.27,9.375,0,repeat_outfit:36,please do more everyday outfits,0.0,108,9
17979176606162956,carousel,7,2023-10-14,21:20,Sat,21,"wore a boxy blazer in soft grey for late class; used the same pieces I wore last week, finished it with ballet flats and a slim belt. I finally understand why this silhouette keeps showing up on my feed. I left the shirt untucked for a more relaxed shape, for the morning.",272,0,9,#blazerstyle #tailoredstyle #smartcasual #streetstyle #workwear #fashioncreator #everydaystyle#styleedit #stylefinds,1,53745,33512,62.4,61821,2137,85,99,256,494,44,2577,7.69,0.3,0.76,8.907,4,styling_question:85,saving this for my next brunch,10.0,108,9
17905723276824784,reel,7,2023-10-14,22:42,Sat,22,"today's coffee run outfit was built around a maxi skirt in chocolate brown; played with proportions rather than prints. I almost changed the outfit, then decided the slightly undone look was better. This one made the final cut. I left the shirt untucked for a more relaxed shape, for the afternoon.",298,0,8,#streetstyle #chennaistyle #collegeoutfit #denimstyle #maxiskirt #skirtstyle #summeroutfits #femininefashion,1,53708,3717,6.9,4349,0,14,0,11,37,3,25,0.67,0.0,0.3,8.108,0,repeat_outfit:14,how would you style this for a wedding?,0.0,108,9
17913146942488995,reel,7,2023-10-14,23:10,Sat,23,"trying a scarf top for college fest without making the look feel too styled; layered it for the unpredictable weather. the camera makes it look dressier than it felt in real life. The cream detail was the part I nearly skipped. I would wear this one again. I left the shirt untucked for a more relaxed shape, for golden hour.",325,0,9,#coastalstyle #scarfstyle #scarftop #silkstyle #2026fashion #stylingideas #streetstyle #stylingtips #ootd,1,53789,42586,79.2,118893,2800,74,27,305,804,23,3206,7.53,0.06,0.72,2.861,4,styling_question:74,the second look is my favourite,10.0,108,9
17958174661648944,story,7,2023-10-15,00:10,Sun,0,"the plan was simple: a crochet top in cobalt blue, mules, and a simple ring stack for airport morning; added a scarf because the outfit needed something softer. I left the shirt untucked for a more relaxed shape, for a long day out.",232,0,10,#handmadefashion #resortstyle #texturedfashion #fashionindia #desifashion #fashionreelsindia #indianstyle #wardrobe #hyderabadfashion #weekendstyle,1,53819,65331,121.4,119240,3763,88,203,521,1042,101,4575,7.0,0.31,0.8,9.693,1,repeat_outfit:88,need the jeans link,16.7,134,13
17980855299330522,reel,7,2023-10-15,02:00,Sun,2,"one of those outfits that looked better once I stopped overthinking it: a linen shirt in butter yellow for Sunday brunch, with mixed an Indian piece with western basics. This one made the final cut. I left the shirt untucked for a more relaxed shape, for the first coffee run.",276,0,11,#wardrobe #fashiondiaries #fashionreels #reelsindia #genzfashion #punefashion #brunchoutfit #slowfashion #linenstyle #summerstyle #linenlook,1,53920,10179,18.9,25906,654,17,5,72,206,7,748,7.35,0.05,0.71,3.398,1,styling_question:17,okay the bag is everything,11.8,134,13
17997385610233039,reel,7,2023-10-15,10:24,Sun,10,"for office-to-dinner plans, I wanted something current but still practical, so I paired a fitted tank with an oversized shirt with ankle boots and a canvas tote; I would genuinely repeat this instead of saving it and forgetting about it. I left the shirt untucked for a more relaxed shape, for the walk home.",308,0,7,#outfitideas #personalstyle #bangalorefashion #nightoutfit #handloom #layeredlook #tanktop,1,53819,4027,7.5,4850,0,44,0,12,40,4,56,1.39,0.0,0.3,10.0,0,repeat_outfit:44,this is exactly my style,0.0,134,13
17930220980135076,reel,7,2023-10-15,10:36,Sun,10,"repeating pieces from my wardrobe again: a handloom kurta in ivory for a last-minute house party, styled around added a belt to give the outfit some shape. This one made the final cut. I left the shirt untucked for a more relaxed shape, for a warm evening.",256,0,8,#weddinggueststyle #thriftedfashion #handloom #indiantextiles #slowfashion #indianwear #craftsmanship #personalstyle,1,53819,3610,6.7,3927,0,14,0,10,36,3,24,0.66,0.0,0.28,8.333,0,styling_question:14,this is actually wearable,0.0,134,13
17915567317002041,reel,7,2023-10-15,19:30,Sun,19,"if I had to make a cotton saree work for a rainy commute, this is how I would do it: balanced the oversized shape with a cleaner bottom, then loafers and layered necklaces. I left the shirt untucked for a more relaxed shape, for the cooler part of the day.",256,0,9,#sareestyle #indianfashion #contemporarysaree #desifashion #ootdindia #outfitinspiration #styleideas #urbanstyle #trendalert,1,53927,18315,34.0,25445,1044,28,21,163,307,13,1256,6.86,0.11,0.89,4.235,0,repeat_outfit:28,this is such a good repeat outfit,10.7,134,13
17983176218771741,reel,7,2023-10-15,22:00,Sun,22,"the outfit started with a halter top and somehow became my favourite look for a friend's birthday; repeated an old favourite instead of buying something new. this feels much more like real-life fashion than a perfectly styled shoot. This one made the final cut. I left the shirt untucked for a more relaxed shape, before the plans started.",339,0,10,#trendstyle #trendalert #streetstyle #stylingtips #ootd #styleinspo #chennaistyle #casualoutfit #statementaccessories #haltertop,1,53940,25173,46.7,51677,1554,64,36,272,458,19,1926,7.65,0.14,1.08,4.148,3,styling_question:64,adding this to my outfit board,11.7,134,13
17910222464131855,carousel,7,2023-10-16,01:40,Mon,1,"not a full trend overhaul, just a straight-leg jean in forest green for a casual date; went for comfort instead of forcing the trend. I wanted something current without looking like I copied a mood board. The dusty pink detail was the part I nearly skipped. I would wear this one again. I left the shirt untucked for a more relaxed shape, after the plans changed.",363,0,11,#desifashion #fashionreelsindia #indianstyle #delhistyle #traveloutfit #desimaximalism #straightlegjeans #denimstyle #jeansandate #casualstyle #wardrobestaples,1,53967,15402,28.5,37695,1010,42,11,106,248,5,1169,7.59,0.07,0.69,2.016,0,repeat_outfit:42,the shoes made the outfit,7.1,94,5
17993986940498351,reel,7,2023-10-16,09:40,Mon,9,"wore a denim jacket in dusty pink for a family dinner; used a thrifted piece as the hero, finished it with kitten heels and a silk scarf. I finally understand why this silhouette keeps showing up on my feed. I left the shirt untucked for a more relaxed shape, while travelling.",277,0,7,#hyderabadfashion #workwear #coordset #denimjacket #layeringseason #denimstyle #streetstyle,1,53972,4816,8.9,12590,284,6,3,24,83,2,317,6.58,0.06,0.5,2.41,0,styling_question:6,where are the trousers from?,16.7,94,5
17983022261174868,reel,7,2023-10-16,09:46,Mon,9,"today's a gallery visit outfit was built around a printed skirt in tomato red; changed only the shoes and it completely shifted the look. I almost changed the outfit, then decided the slightly undone look was better. This one made the final cut. I left the shirt untucked for a more relaxed shape, between two meetings.",319,0,8,#printedskirt #printmixing #statementstyle #outfitinspo #fashionreels #reelsindia #genzfashion #styleblogger,1,53967,3379,6.3,3549,0,19,0,10,33,3,29,0.86,0.0,0.3,9.091,0,repeat_outfit:19,the scarf detail is so good,0.0,94,5
17972876664296643,carousel,7,2023-10-16,09:48,Mon,9,"trying a lightweight trench for a weekend in Goa without making the look feel too styled; made the outfit work for both daytime and evening. the camera makes it look dressier than it felt in real life. This one made the final cut. I left the shirt untucked for a more relaxed shape, before dinner.",297,0,9,#citystyle #outerwear #outfitideas #personalstyle #fashioncreator #everydaystyle #fashioncontent #bangalorefashion #festivefashion,1,53967,2750,5.1,3044,0,13,0,8,27,2,21,0.76,0.0,0.29,7.407,0,styling_question:13,can you do a budget version?,0.0,94,5
17911961410732442,reel,7,2023-10-16,10:51,Mon,10,"the plan was simple: a relaxed kurta in off-white, ankle boots, and a vintage watch for a quick trip to Bengaluru; kept the colours tonal. I left the shirt untucked for a more relaxed shape, on the way to brunch.",212,0,10,#desistyle #everydayethnic #fashioncontent #ootdindia #outfitinspiration #styleideas #urbanstyle #mumbaistyle #weekendstyle #kurta,1,53967,2976,5.5,3809,0,13,0,8,29,2,21,0.71,0.0,0.27,6.897,0,repeat_outfit:13,the layering is perfect,0.0,94,5
17965461921770180,story,7,2023-10-16,11:40,Mon,11,"one of those outfits that looked better once I stopped overthinking it: a vintage tee in sage for a wedding function, with wore it with flats because looking good and being comfortable can coexist. This one made the final cut. I left the shirt untucked for a more relaxed shape, during a quick city stop.",304,0,11,#ootd #indianstreetstyle #brunchoutfit #resortwear #vintagestyle #graphictee #thriftstyle #streetwear #retrofashion #urbanstyle #trendalert,1,53974,34436,63.8,64283,2134,61,112,281,477,36,2588,7.52,0.33,0.82,7.547,0,styling_question:61,where is the shirt from?,8.3,94,5
17995675640278197,reel,7,2023-10-16,13:43,Mon,13,"for a rooftop dinner, I wanted something current but still practical, so I paired a lightweight bomber with loafers and a structured shoulder bag; I would genuinely repeat this instead of saving it and forgetting about it. I left the shirt untucked for a more relaxed shape, before the rain arrived.",299,0,7,#capsulewardrobe #bomberjacket #streetwear #layeringstyle #urbanstyle #casualfits #ootd,1,53967,4253,7.9,4472,0,27,0,12,42,4,39,0.92,0.0,0.28,9.524,0,repeat_outfit:27,love the colour combination,0.0,94,5
17927593075808657,reel,7,2023-10-16,14:00,Mon,14,"repeating pieces from my wardrobe again: a wide-leg trouser in deep burgundy for a movie night, styled around added one statement accessory. The cobalt blue detail was the part I nearly skipped. I would wear this one again. I left the shirt untucked for a more relaxed shape, after sunset.",289,0,8,#relaxedtailoring #streetstyle #everydaystyle #fashionreelsindia #indianstyle #wardrobe #fashiondiaries #fashionreels,1,54010,14617,27.1,26542,952,18,15,149,280,10,1134,7.76,0.1,1.02,3.571,0,styling_question:18,would this work with flats?,0.0,94,5
17935250289510848,carousel,7,2023-10-16,17:19,Mon,17,"if I had to make a cropped cardigan work for a day of errands, this is how I would do it: swapped heels for sneakers at the last minute, then sneakers and chunky earrings. I left the shirt untucked for a more relaxed shape, for the second half of the day.",255,0,9,#fashionreels #reelsindia #genzfashion #styleblogger #indianfashion #hyderabadfashion #dateoutfit #layeringstyle #cardiganstyle,1,53967,3917,7.3,4973,0,38,0,11,39,3,49,1.25,0.0,0.28,7.692,0,repeat_outfit:38,the proportions are so good,0.0,94,5
17918250210050525,carousel,7,2023-10-16,17:34,Mon,17,"the outfit started with a pleated trouser and somehow became my favourite look for a client meeting; mixed it with something I already owned. this feels much more like real-life fashion than a perfectly styled shoot. This one made the final cut. I left the shirt untucked for a more relaxed shape, before heading back home.",323,0,10,#fashioncreator #everydaystyle #punefashion #casualoutfit #quietluxury #pleatedtrousers #tailoredstyle #smartcasual #menswearinspired #modernclassic,1,53967,3518,6.5,4091,0,32,0,10,35,3,42,1.19,0.0,0.28,8.571,0,styling_question:32,this feels very current,0.0,94,5
17998843173521274,reel,7,2023-10-16,17:56,Mon,17,"not a full trend overhaul, just a cargo trouser in olive for a music gig; kept the accessories intentionally minimal. I wanted something current without looking like I copied a mood board. This one made the final cut. I left the shirt untucked for a more relaxed shape, for a casual photo walk.",294,0,11,#traveloutfit #scarfstyle #cargopants #streetwearindia #utilitystyle #baggyfits #streetstyle #everydaystyle #fashioncontent #ootdindia #outfitinspiration,1,53967,3671,6.8,4615,0,42,0,11,36,3,53,1.44,0.0,0.3,8.333,0,repeat_outfit:42,please do more everyday outfits,0.0,94,5
17991859529662436,reel,7,2023-10-16,17:57,Mon,17,"wore a structured mini bag in soft grey for a flea market afternoon; used the same pieces I wore last week, finished it with retro trainers and a leather belt. I finally understand why this silhouette keeps showing up on my feed. the colour looked especially good at sunset, for the morning.",291,0,7,#bagstyle #accessories #everydayluxury #fashiondetails #styleideas #urbanstyle #trendalert,1,53967,3839,7.1,4361,0,25,0,11,38,3,36,0.94,0.0,0.29,7.895,25,styling_question:25,saving this for my next brunch,0.0,94,5
17916596758964987,reel,7,2023-10-16,19:50,Mon,19,"today's a long travel day outfit was built around baggy denim in chocolate brown; played with proportions rather than prints. I almost changed the outfit, then decided the slightly undone look was better. This one made the final cut. the colour looked especially good at sunset, for the afternoon.",297,0,8,#streetstyle #everydaydenim #stylingtips #ootd #styleinspo #fashionindia #desifashion #indianstreetstyle,1,54020,24624,45.6,54408,1574,32,34,250,387,15,1890,7.68,0.14,1.02,3.876,1,repeat_outfit:32,how would you style this for a wedding?,12.5,94,5
17946315499042465,carousel,7,2023-10-16,20:23,Mon,20,"trying a co-ord set for a beach evening without making the look feel too styled; layered it for the unpredictable weather. the camera makes it look dressier than it felt in real life. This one made the final cut. the colour looked especially good at sunset, for golden hour.",274,0,9,#indianstyle #wardrobe #fashiondiaries #chennaistyle #festivefashion #coastalstyle #coordset #coords #matchingset,1,53967,2388,4.4,3011,0,23,0,7,23,2,30,1.26,0.0,0.29,8.696,23,styling_question:23,the second look is my favourite,0.0,94,5
17939999166482045,story,7,2023-10-16,20:30,Mon,20,"the plan was simple: a slip dress in cobalt blue, loafers, and small sunglasses for a first-date outfit; added a scarf because the outfit needed something softer. The deep burgundy detail was the part I nearly skipped. the colour looked especially good at sunset, for a long day out.",283,0,10,#delhistyle #weekendstyle #tailoredstyle #slipdress #dressstyle #eveninglook #minimalfashion #dateoutfit #fashiondiaries #fashionreels,1,53967,2206,4.1,2730,0,8,0,6,22,2,14,0.63,0.0,0.27,9.091,0,repeat_outfit:8,need the jeans link,0.0,94,5
17967053119129142,reel,7,2023-10-16,20:39,Mon,20,"one of those outfits that looked better once I stopped overthinking it: a tailored vest in butter yellow for a regular Monday, with mixed an Indian piece with western basics. This one made the final cut. the colour looked especially good at sunset, for the first coffee run.",274,0,11,#tailoredvest #veststyle #suiting #modernstyle #minimalfashion #styleblogger #indianfashion #outfitideas #personalstyle #fashioncreator #hyderabadfashion,1,53967,2559,4.7,2791,0,19,0,7,25,2,26,1.02,0.0,0.27,8.0,0,styling_question:19,okay the bag is everything,0.0,94,5
17917186949893497,reel,7,2023-10-16,22:58,Mon,22,"for a festive lunch, I wanted something current but still practical, so I paired a knit polo with sneakers and a simple ring stack; I would genuinely repeat this instead of saving it and forgetting about it. the colour looked especially good at sunset, for the walk home.",271,0,7,#smartcasual #everydaymenswear #fashioncreator #everydaystyle #fashioncontent #ootdindia #outfitinspiration,1,53967,2935,5.4,3577,0,12,0,8,29,2,20,0.68,0.0,0.27,6.897,12,repeat_outfit:12,this is exactly my style,0.0,94,5
17964516786884822,reel,7,2023-10-17,00:30,Tue,0,"repeating pieces from my wardrobe again: a satin skirt in ivory for a night out, styled around added a belt to give the outfit some shape. This one made the final cut. the colour looked especially good at sunset, for a warm evening.",232,0,8,#styleideas #urbanstyle #trendalert #streetstyle #bangalorefashion #weddinggueststyle #thriftedfashion #satinskirt,1,54047,76576,141.7,156650,5223,214,311,891,1462,129,6639,8.67,0.41,1.16,8.824,0,styling_question:214,this is actually wearable,25.0,253,6
17972804538512800,reel,7,2023-10-17,09:02,Tue,9,"if I had to make a striped button-down work for a work presentation, this is how I would do it: balanced the oversized shape with a cleaner bottom, then mules and a canvas tote. the colour looked especially good at sunset, for the cooler part of the day.",254,0,9,#fashionindia #mumbaistyle #dateoutfit #oversizedstyle #stripedshirt #buttondown #preppystyle #classicstyle #outfitideas,1,54047,3914,7.2,4127,0,29,0,11,39,3,40,1.02,0.0,0.28,7.692,0,repeat_outfit:29,this is such a good repeat outfit,0.0,253,6
17913095420577288,image,7,2023-10-17,10:20,Tue,10,"the outfit started with a simple white shirt and somehow became my favourite look for a Sunday family lunch; repeated an old favourite instead of buying something new. this feels much more like real-life fashion than a perfectly styled shoot. This one made the final cut. the colour looked especially good at sunset, before the plans started.",342,0,10,#statementaccessories #whiteshirt #wardrobestaples #capsulewardrobe #minimalstyle #classicfashion #fashionindia #desifashion #fashionreelsindia #indianstyle,1,54047,2857,5.3,3377,0,5,0,8,28,2,13,0.46,0.0,0.28,7.143,0,styling_question:5,adding this to my outfit board,0.0,253,6
17977933111568447,reel,7,2023-10-17,10:32,Tue,10,"not a full trend overhaul, just a rugby shirt in forest green for a content shoot; went for comfort instead of forcing the trend. I wanted something current without looking like I copied a mood board. This one made the final cut. the colour looked especially good at sunset, after the plans changed.",299,0,11,#sportystyle #casualstyle #collegestyle #wardrobe #fashiondiaries #fashionreels #reelsindia #genzfashion #chennaistyle #traveloutfit #desimaximalism,1,54047,2462,4.6,2829,0,15,0,7,24,2,22,0.89,0.0,0.28,8.333,0,repeat_outfit:15,the shoes made the outfit,0.0,253,6
17992830039472809,reel,7,2023-10-17,10:33,Tue,10,"wore a boxy blazer in dusty pink for late class; used a thrifted piece as the hero, finished it with strappy sandals and silver hoops. I finally understand why this silhouette keeps showing up on my feed. The forest green detail was the part I nearly skipped. the colour looked especially good at sunset, while travelling.",322,0,7,#styleblogger #indianfashion #outfitideas #personalstyle #delhistyle #coordset #blazerstyle,1,54047,3053,5.6,3765,0,19,0,9,30,3,28,0.92,0.0,0.29,10.0,0,styling_question:19,where are the trousers from?,0.0,253,6
17939173114487351,reel,7,2023-10-17,11:50,Tue,11,"today's coffee run outfit was built around a maxi skirt in tomato red; changed only the shoes and it completely shifted the look. I almost changed the outfit, then decided the slightly undone look was better. This one made the final cut. the colour looked especially good at sunset, between two meetings.",304,0,8,#fashioncontent #ootdindia #hyderabadfashion #collegeoutfit #modernprep #maxiskirt #skirtstyle #summeroutfits,6,54176,13547,25.0,16616,846,27,21,135,185,9,1029,7.6,0.16,1.0,4.865,0,repeat_outfit:27,the scarf detail is so good,7.4,253,6
17943565244215277,reel,7,2023-10-17,13:14,Tue,13,"trying a scarf top for college fest without making the look feel too styled; made the outfit work for both daytime and evening. the camera makes it look dressier than it felt in real life. This one made the final cut. the colour looked especially good at sunset, before dinner.",277,0,9,#festivefashion #linenstyle #scarfstyle #scarftop #silkstyle #2026fashion #stylingideas #ootdindia #outfitinspiration,1,54047,3409,6.3,3638,0,37,0,10,34,3,47,1.38,0.0,0.29,8.824,37,styling_question:37,can you do a budget version?,0.0,253,6
17952858962858813,reel,7,2023-10-17,13:19,Tue,13,"the plan was simple: a crochet top in off-white, sneakers, and a slim belt for airport morning; kept the colours tonal. the colour looked especially good at sunset, on the way to brunch.",186,0,10,#summerknits #handmadefashion #resortstyle #texturedfashion #trendalert #streetstyle #stylingtips #ootd #styleinspo #bangalorefashion,1,54047,2917,5.4,3468,0,29,0,8,29,2,37,1.27,0.0,0.27,6.897,29,repeat_outfit:29,the layering is perfect,0.0,253,6
17977493951663343,reel,7,2023-10-17,13:20,Tue,13,"one of those outfits that looked better once I stopped overthinking it: a linen shirt in sage for Sunday brunch, with wore it with flats because looking good and being comfortable can coexist. This one made the final cut. the colour looked especially good at sunset, during a quick city stop.",292,0,11,#fashionindia #desifashion #fashionreelsindia #indianstyle #mumbaistyle #brunchoutfit #linenstyle #summerstyle #linenlook #resortwear #minimalstyle,1,54185,11277,20.8,20347,763,16,24,95,218,5,898,7.96,0.21,0.84,2.294,0,styling_question:16,where is the shirt from?,0.0,253,6
17908094334635881,reel,7,2023-10-17,17:30,Tue,17,"for office-to-dinner plans, I wanted something current but still practical, so I paired a fitted tank with an oversized shirt with mules and a vintage watch; I would genuinely repeat this instead of saving it and forgetting about it. the colour looked especially good at sunset, before the rain arrived.",303,0,7,#fashiondiaries #fashionreels #reelsindia #indianstreetstyle #nightoutfit #capsulewardrobe #layeredlook,1,54190,45164,83.3,119767,2315,49,95,322,728,56,2781,6.16,0.21,0.71,7.692,0,repeat_outfit:49,love the colour combination,12.2,253,6
17956204574567521,reel,7,2023-10-17,22:40,Tue,22,"repeating pieces from my wardrobe again: a handloom kurta in deep burgundy for a last-minute house party, styled around added one statement accessory. This one made the final cut. the colour looked especially good at sunset, after sunset.",238,0,8,#chennaistyle #weddinggueststyle #baggyfits #handloom #indiantextiles #slowfashion #indianwear #craftsmanship,1,54246,27614,50.9,69307,1465,36,24,244,549,24,1769,6.41,0.09,0.88,4.372,0,styling_question:36,would this work with flats?,22.2,253,6
17936139598618963,carousel,7,2023-10-17,22:51,Tue,22,"if I had to make a cotton saree work for a rainy commute, this is how I would do it: swapped heels for sneakers at the last minute, then ankle boots and a structured shoulder bag. The cherry red detail was the part I nearly skipped. the colour looked especially good at sunset, for the second half of the day.",309,0,9,#cottonsaree #sareestyle #indianfashion #contemporarysaree #desifashion #outfitideas #personalstyle #fashioncreator #everydaystyle,1,54047,3358,6.2,3528,0,31,0,10,33,3,41,1.22,0.0,0.3,9.091,0,repeat_outfit:31,the proportions are so good,0.0,253,6
17952144502354590,carousel,7,2023-10-17,23:40,Tue,23,"the outfit started with a halter top and somehow became my favourite look for a friend's birthday; mixed it with something I already owned. this feels much more like real-life fashion than a perfectly styled shoot. This one made the final cut. the colour looked especially good at sunset, before heading back home.",314,0,10,#goingoutlook #trendstyle #fashioncontent #ootdindia #outfitinspiration #styleideas #urbanstyle #hyderabadfashion #casualoutfit #quietluxury,1,54270,24187,44.6,49906,1275,49,42,208,433,18,1574,6.51,0.17,0.86,4.157,0,styling_question:49,this feels very current,10.2,253,6
17972008225014654,image,7,2023-10-18,09:08,Wed,9,"not a full trend overhaul, just a straight-leg jean in olive for a casual date; kept the accessories intentionally minimal. I wanted something current without looking like I copied a mood board. This one made the final cut. the colour looked especially good at sunset, for a casual photo walk.",293,0,11,#trendalert #streetstyle #stylingtips #ootd #punefashion #traveloutfit #scarfstyle #straightlegjeans #denimstyle #jeansandate #casualstyle,1,54301,3377,6.2,3825,0,34,0,10,33,3,44,1.3,0.0,0.3,9.091,0,repeat_outfit:34,please do more everyday outfits,0.0,49,7
17986476882133461,reel,7,2023-10-18,09:14,Wed,9,"wore a denim jacket in soft grey for a family dinner; used the same pieces I wore last week, finished it with ballet flats and layered necklaces. I finally understand why this silhouette keeps showing up on my feed. the jewellery was intentionally mismatched, for the morning.",276,0,7,#fashionreelsindia #bangalorefashion #workwear #y2kfashion #denimjacket #layeringseason #denimstyle,1,54301,3828,7.0,4972,0,9,0,11,38,3,20,0.52,0.0,0.29,7.895,9,styling_question:9,saving this for my next brunch,0.0,49,7
17992880992275624,reel,7,2023-10-18,09:50,Wed,9,"today's a gallery visit outfit was built around a printed skirt in chocolate brown; played with proportions rather than prints. I almost changed the outfit, then decided the slightly undone look was better. This one made the final cut. the jewellery was intentionally mismatched, for the afternoon.",298,0,8,#outfitinspo #fashionreels #fashionreelsindia #indianstyle #wardrobe #fashiondiaries #mumbaistyle #collegeoutfit,1,54301,9941,18.3,18130,579,20,6,75,154,4,680,6.84,0.06,0.75,2.597,0,repeat_outfit:20,how would you style this for a wedding?,20.0,49,7
17926794212078774,carousel,7,2023-10-18,10:31,Wed,10,"trying a lightweight trench for a weekend in Goa without making the look feel too styled; layered it for the unpredictable weather. the camera makes it look dressier than it felt in real life. This one made the final cut. the jewellery was intentionally mismatched, for golden hour.",282,0,9,#transitionalstyle #citystyle #outerwear #fashionreels #reelsindia #genzfashion #styleblogger #indianfashion #indianstreetstyle,1,54301,3483,6.4,4131,0,21,0,10,34,3,31,0.89,0.0,0.29,8.824,0,styling_question:21,the second look is my favourite,0.0,49,7
17992041084234006,reel,7,2023-10-18,10:34,Wed,10,"the plan was simple: a relaxed kurta in cobalt blue, mules, and a silk scarf for a quick trip to Bengaluru; added a scarf because the outfit needed something softer. the jewellery was intentionally mismatched, for a long day out.",229,0,10,#indianfashion #outfitideas #personalstyle #fashioncreator #everydaystyle #chennaistyle #weekendstyle #tailoredstyle #kurta #indianwear,1,54301,2934,5.4,3607,0,29,0,8,29,2,37,1.26,0.0,0.27,6.897,0,repeat_outfit:29,need the jeans link,0.0,49,7
17995306664128659,reel,7,2023-10-18,11:40,Wed,11,"one of those outfits that looked better once I stopped overthinking it: a vintage tee in butter yellow for a wedding function, with mixed an Indian piece with western basics. The terracotta detail was the part I nearly skipped. I would wear this one again. the jewellery was intentionally mismatched, for the first coffee run.",326,0,11,#outfitinspiration #styleideas #delhistyle #brunchoutfit #slowfashion #vintagestyle #graphictee #thriftstyle #streetwear #retrofashion #everydaystyle,1,54305,5557,10.2,14012,332,8,2,48,108,3,390,7.02,0.04,0.86,2.778,0,styling_question:8,okay the bag is everything,0.0,49,7
17903574944609685,reel,7,2023-10-18,13:00,Wed,13,"for a rooftop dinner, I wanted something current but still practical, so I paired a lightweight bomber with ankle boots and small sunglasses; I would genuinely repeat this instead of saving it and forgetting about it. the jewellery was intentionally mismatched, for the walk home.",280,0,7,#urbanstyle #casualfits #styleideas #trendalert #streetstyle #stylingtips #hyderabadfashion,1,54308,5898,10.9,7409,339,9,6,49,87,3,403,6.83,0.1,0.83,3.448,0,repeat_outfit:9,this is exactly my style,0.0,49,7
17938166455347806,carousel,7,2023-10-18,17:30,Wed,17,"repeating pieces from my wardrobe again: a wide-leg trouser in ivory for a movie night, styled around added a belt to give the outfit some shape. This one made the final cut. the jewellery was intentionally mismatched, for a warm evening.",238,0,8,#widelegtrousers #relaxedtailoring #streetstyle #everydaystyle #stylingtips #ootd #styleinspo #fashionindia,1,54311,7637,14.1,11835,470,13,4,47,120,2,534,6.99,0.05,0.62,1.667,0,styling_question:13,this is actually wearable,15.4,49,7
17971259653020895,reel,7,2023-10-18,17:40,Wed,17,"if I had to make a cropped cardigan work for a day of errands, this is how I would do it: balanced the oversized shape with a cleaner bottom, then loafers and a simple ring stack. the jewellery was intentionally mismatched, for the cooler part of the day.",255,0,9,#everydaystyle #desifashion #fashionreelsindia #indianstyle #wardrobe #fashiondiaries #bangalorefashion #dateoutfit #oversizedstyle,1,54301,2586,4.8,3074,0,6,0,7,25,2,13,0.5,0.0,0.27,8.0,0,repeat_outfit:6,this is such a good repeat outfit,0.0,49,7
17999176718488206,reel,7,2023-10-18,19:40,Wed,19,"the outfit started with a pleated trouser and somehow became my favourite look for a client meeting; repeated an old favourite instead of buying something new. this feels much more like real-life fashion than a perfectly styled shoot. This one made the final cut. the jewellery was intentionally mismatched, before the plans started.",333,0,10,#reelsindia #genzfashion #styleblogger #mumbaistyle #casualoutfit #statementaccessories #pleatedtrousers #tailoredstyle #smartcasual #menswearinspired,1,54313,33606,61.9,86047,2094,40,37,416,537,26,2587,7.7,0.11,1.24,4.842,1,styling_question:40,adding this to my outfit board,12.5,49,7
17905541767088685,carousel,7,2023-10-18,20:58,Wed,20,"not a full trend overhaul, just a cargo trouser in forest green for a music gig; went for comfort instead of forcing the trend. I wanted something current without looking like I copied a mood board. This one made the final cut. the jewellery was intentionally mismatched, after the plans changed.",296,0,11,#indianstreetstyle #traveloutfit #desimaximalism #cargopants #streetwearindia #utilitystyle #baggyfits #streetstyle #styleblogger #indianfashion #outfitideas,1,54301,2783,5.1,3245,0,12,0,8,27,2,20,0.72,0.0,0.29,7.407,0,repeat_outfit:12,the shoes made the outfit,0.0,49,7
17944490935130741,reel,7,2023-10-18,22:47,Wed,22,"wore a structured mini bag in dusty pink for a flea market afternoon; used a thrifted piece as the hero, finished it with kitten heels and chunky earrings. I finally understand why this silhouette keeps showing up on my feed. the jewellery was intentionally mismatched, while travelling.",287,0,7,#minibag #bagstyle #accessories #everydayluxury #fashiondetails #fashioncreator #everydaystyle,1,54301,3853,7.1,4576,0,27,0,11,38,3,38,0.99,0.0,0.29,7.895,0,styling_question:27,where are the trousers from?,0.0,49,7
17901485277299275,carousel,7,2023-10-19,00:30,Thu,0,"today's a long travel day outfit was built around baggy denim in tomato red; changed only the shoes and it completely shifted the look. I almost changed the outfit, then decided the slightly undone look was better. The washed blue detail was the part I nearly skipped. I would wear this one again. the jewellery was intentionally mismatched, between two meetings.",363,0,8,#delhistyle #collegeoutfit #modernprep #baggyjeans #denimstyle #denimfit #streetstyle #everydaydenim,1,54343,30557,56.2,57952,1692,45,17,135,600,13,1889,6.18,0.06,0.44,2.167,0,repeat_outfit:45,the scarf detail is so good,15.6,189,14
17970513517319820,carousel,7,2023-10-19,02:20,Thu,2,"trying a co-ord set for a beach evening without making the look feel too styled; made the outfit work for both daytime and evening. the camera makes it look dressier than it felt in real life. This one made the final cut. the jewellery was intentionally mismatched, before dinner.",280,0,9,#stylingtips #ootd #styleinspo #fashionindia #hyderabadfashion #festivefashion #linenstyle #coordset #coords,1,54356,26404,48.6,55045,1356,31,11,178,417,12,1576,5.97,0.04,0.67,2.878,0,styling_question:31,can you do a budget version?,12.9,189,14
17961796064690824,reel,7,2023-10-19,09:41,Thu,9,"the plan was simple: a slip dress in off-white, ankle boots, and a leather belt for a first-date outfit; kept the colours tonal. the jewellery was intentionally mismatched, on the way to brunch.",194,0,10,#wardrobe #punefashion #weekendstyle #indowestern #slipdress #dressstyle #eveninglook #minimalfashion #dateoutfit #fashionindia,1,54343,2547,4.7,2736,0,10,0,7,25,2,17,0.67,0.0,0.27,8.0,0,repeat_outfit:10,the layering is perfect,0.0,189,14
17947805033636607,reel,7,2023-10-19,10:00,Thu,10,"one of those outfits that looked better once I stopped overthinking it: a tailored vest in sage for a regular Monday, with wore it with flats because looking good and being comfortable can coexist. This one made the final cut. the jewellery was intentionally mismatched, during a quick city stop.",296,0,11,#resortwear #tailoredvest #veststyle #suiting #modernstyle #minimalfashion #wardrobe #fashiondiaries #fashionreels #reelsindia #genzfashion,1,54343,2653,4.9,3026,0,12,0,7,26,2,19,0.72,0.0,0.26,7.692,0,styling_question:12,where is the shirt from?,0.0,189,14
17983759468823963,reel,7,2023-10-19,10:05,Thu,10,"for a festive lunch, I wanted something current but still practical, so I paired a knit polo with loafers and a slim belt; I would genuinely repeat this instead of saving it and forgetting about it. the jewellery was intentionally mismatched, before the rain arrived.",267,0,7,#preppystyle #smartcasual #everydaymenswear #genzfashion #styleblogger #indianfashion #outfitideas,1,54343,2416,4.4,2664,0,18,0,7,24,2,25,1.03,0.0,0.29,8.333,0,repeat_outfit:18,love the colour combination,0.0,189,14
17962908507410004,carousel,7,2023-10-19,10:40,Thu,10,"repeating pieces from my wardrobe again: a satin skirt in deep burgundy for a night out, styled around added one statement accessory. This one made the final cut. the jewellery was intentionally mismatched, after sunset.",220,0,8,#personalstyle #fashioncreator #everydaystyle #fashioncontent #ootdindia #indianstreetstyle #weddinggueststyle #baggyfits,1,54343,2392,4.4,2720,0,15,0,7,23,2,22,0.92,0.0,0.29,8.696,15,styling_question:15,would this work with flats?,0.0,189,14
17962697438495961,carousel,7,2023-10-19,11:30,Thu,11,"if I had to make a striped button-down work for a work presentation, this is how I would do it: swapped heels for sneakers at the last minute, then sneakers and a vintage watch. the jewellery was intentionally mismatched, for the second half of the day.",253,0,9,#urbanstyle #trendalert #chennaistyle #dateoutfit #layeringstyle #stripedshirt #buttondown #preppystyle #classicstyle,1,54368,13890,25.5,30753,869,32,36,111,275,7,1048,7.54,0.26,0.8,2.545,0,repeat_outfit:32,the proportions are so good,15.6,189,14
17939264166405742,reel,7,2023-10-19,13:02,Thu,13,"the outfit started with a simple white shirt and somehow became my favourite look for a Sunday family lunch; mixed it with something I already owned. this feels much more like real-life fashion than a perfectly styled shoot. The chocolate brown detail was the part I nearly skipped. I would wear this one again. the jewellery was intentionally mismatched, before heading back home.",381,0,10,#casualoutfit #quietluxury #whiteshirt #wardrobestaples #capsulewardrobe #minimalstyle #classicfashion #trendalert #streetstyle #stylingtips,1,54343,3724,6.9,4685,0,14,0,11,37,3,25,0.67,0.0,0.3,8.108,0,styling_question:14,this feels very current,0.0,189,14
17932419437923126,reel,7,2023-10-19,13:59,Thu,13,"not a full trend overhaul, just a rugby shirt in olive for a content shoot; kept the accessories intentionally minimal. I wanted something current without looking like I copied a mood board. This one made the final cut. the jewellery was intentionally mismatched, for a casual photo walk.",288,0,11,#preppyfashion #sportystyle #casualstyle #collegestyle #styleinspo #fashionindia #desifashion #fashionreelsindia #indianstyle #hyderabadfashion #traveloutfit,1,54343,3777,7.0,4261,0,36,0,11,37,3,47,1.24,0.0,0.29,8.108,36,repeat_outfit:36,please do more everyday outfits,0.0,189,14
17928248608081125,reel,7,2023-10-19,14:40,Thu,14,"wore a boxy blazer in soft grey for late class; used the same pieces I wore last week, finished it with retro trainers and a canvas tote. I finally understand why this silhouette keeps showing up on my feed. I kept thinking about the proportions while getting dressed, for the morning.",285,0,9,#blazerstyle #tailoredstyle #smartcasual #streetstyle #workwear #indianstyle #wardrobe#styleedit #stylefinds,1,54375,8133,15.0,22510,455,13,17,44,150,4,529,6.5,0.21,0.54,2.667,1,styling_question:13,saving this for my next brunch,0.0,189,14
17961754971636618,carousel,7,2023-10-19,17:14,Thu,17,"today's coffee run outfit was built around a maxi skirt in chocolate brown; played with proportions rather than prints. I almost changed the outfit, then decided the slightly undone look was better. This one made the final cut. I kept thinking about the proportions while getting dressed, for the afternoon.",307,0,8,#styleblogger #indianfashion #outfitideas #bangalorefashion #collegeoutfit #denimstyle #maxiskirt #skirtstyle,1,54343,2759,5.1,3098,0,32,0,8,27,2,40,1.45,0.0,0.29,7.407,0,repeat_outfit:32,how would you style this for a wedding?,0.0,189,14
17981652432933634,image,7,2023-10-19,17:45,Thu,17,"trying a scarf top for college fest without making the look feel too styled; layered it for the unpredictable weather. the camera makes it look dressier than it felt in real life. This one made the final cut. I kept thinking about the proportions while getting dressed, for golden hour.",286,0,9,#mumbaistyle #festivefashion #coastalstyle #scarfstyle #scarftop #silkstyle #2026fashion #stylingideas #outfitideas,1,54343,3609,6.6,4238,0,16,0,10,36,3,26,0.72,0.0,0.28,8.333,16,styling_question:16,the second look is my favourite,0.0,189,14
17945615618534932,reel,7,2023-10-19,20:20,Thu,20,"the plan was simple: a crochet top in cobalt blue, loafers, and silver hoops for airport morning; added a scarf because the outfit needed something softer. I kept thinking about the proportions while getting dressed, for a long day out.",236,0,10,#crochetstyle #summerknits #handmadefashion #resortstyle #texturedfashion #fashioncontent #ootdindia #outfitinspiration #styleideas #urbanstyle,1,54343,4020,7.4,4450,0,14,0,12,40,4,26,0.65,0.0,0.3,10.0,0,repeat_outfit:14,need the jeans link,0.0,189,14
17941966089421791,image,7,2023-10-19,21:30,Thu,21,"one of those outfits that looked better once I stopped overthinking it: a linen shirt in butter yellow for Sunday brunch, with mixed an Indian piece with western basics. This one made the final cut. I kept thinking about the proportions while getting dressed, for the first coffee run.",285,0,11,#resortwear #minimalstyle #urbanstyle #trendalert #streetstyle #stylingtips #ootd #chennaistyle #brunchoutfit #slowfashion #linenstyle,1,54379,11429,21.0,14636,623,16,12,87,202,8,738,6.46,0.1,0.76,3.96,0,styling_question:16,okay the bag is everything,6.2,189,14
17959746544565701,carousel,7,2023-10-19,22:23,Thu,22,"for office-to-dinner plans, I wanted something current but still practical, so I paired a fitted tank with an oversized shirt with sneakers and a silk scarf; I would genuinely repeat this instead of saving it and forgetting about it. The sage detail was the part I nearly skipped. I kept thinking about the proportions while getting dressed, for the walk home.",360,0,7,#styleinspo #fashionindia #desifashion #fashionreelsindia #delhistyle #nightoutfit #handloom,1,54343,3048,5.6,3809,0,12,0,9,30,3,21,0.69,0.0,0.3,10.0,0,repeat_outfit:12,this is exactly my style,0.0,189,14
17923409274684032,reel,7,2023-10-19,22:40,Thu,22,"repeating pieces from my wardrobe again: a handloom kurta in ivory for a last-minute house party, styled around added a belt to give the outfit some shape. This one made the final cut. I kept thinking about the proportions while getting dressed, for a warm evening.",265,0,8,#fashionreels #hyderabadfashion #weddinggueststyle #thriftedfashion #handloom #indiantextiles #slowfashion #indianwear,1,54387,106337,195.5,291755,6445,250,261,1147,1820,133,8103,7.62,0.25,1.08,7.308,3,styling_question:250,this is actually wearable,15.0,189,14
17989499243825895,reel,8,2023-10-20,01:20,Fri,1,"if I had to make a cotton saree work for a rainy commute, this is how I would do it: balanced the oversized shape with a cleaner bottom, then mules and small sunglasses. I kept thinking about the proportions while getting dressed, for the cooler part of the day.",262,0,9,#punefashion #dateoutfit #oversizedstyle #cottonsaree #sareestyle #indianfashion #contemporarysaree #desifashion #fashionreels,1,54527,28776,52.8,79144,1948,79,69,320,487,24,2416,8.4,0.24,1.11,4.928,0,repeat_outfit:79,this is such a good repeat outfit,11.7,161,12
17978405677176708,reel,8,2023-10-20,09:00,Fri,9,"the outfit started with a halter top and somehow became my favourite look for a friend's birthday; repeated an old favourite instead of buying something new. this feels much more like real-life fashion than a perfectly styled shoot. This one made the final cut. I kept thinking about the proportions while getting dressed, before the plans started.",348,0,10,#summerfashion #goingoutlook #trendstyle #indianfashion #outfitideas #personalstyle #fashioncreator #everydaystyle #bangalorefashion #casualoutfit,1,54551,63855,117.1,123222,3969,135,232,655,1249,97,4991,7.82,0.36,1.03,7.766,0,styling_question:135,adding this to my outfit board,13.3,161,12
17960736569964451,image,8,2023-10-20,09:32,Fri,9,"not a full trend overhaul, just a straight-leg jean in forest green for a casual date; went for comfort instead of forcing the trend. I wanted something current without looking like I copied a mood board. This one made the final cut. I kept thinking about the proportions while getting dressed, after the plans changed.",319,0,11,#everydaystyle #fashioncontent #ootdindia #outfitinspiration #styleideas #mumbaistyle #traveloutfit #desimaximalism #straightlegjeans #denimstyle #jeansandate,1,54527,3620,6.6,4106,0,38,0,10,36,3,48,1.33,0.0,0.28,8.333,0,repeat_outfit:38,the shoes made the outfit,0.0,161,12
17996291854545763,reel,8,2023-10-20,09:58,Fri,9,"wore a denim jacket in dusty pink for a family dinner; used a thrifted piece as the hero, finished it with strappy sandals and a structured shoulder bag. I finally understand why this silhouette keeps showing up on my feed. I kept thinking about the proportions while getting dressed, while travelling.",302,0,7,#urbanstyle #trendalert #stylingtips #indianstreetstyle #workwear #coordset #denimjacket,1,54527,4061,7.4,5143,0,24,0,12,40,4,36,0.89,0.0,0.3,10.0,0,styling_question:24,where are the trousers from?,0.0,161,12
17944857193543136,image,8,2023-10-20,11:40,Fri,11,"today's a gallery visit outfit was built around a printed skirt in tomato red; changed only the shoes and it completely shifted the look. I almost changed the outfit, then decided the slightly undone look was better. This one made the final cut. I kept thinking about the proportions while getting dressed, between two meetings.",328,0,8,#collegeoutfit #modernprep #printedskirt #printmixing #statementstyle #outfitinspo #fashionreels #stylingtips,1,54648,13985,25.6,35732,868,30,20,112,280,10,1030,7.37,0.14,0.8,3.571,0,repeat_outfit:30,the scarf detail is so good,0.0,161,12
17992306940104707,carousel,8,2023-10-20,14:20,Fri,14,"trying a lightweight trench for a weekend in Goa without making the look feel too styled; made the outfit work for both daytime and evening. the camera makes it look dressier than it felt in real life. The charcoal detail was the part I nearly skipped. I would wear this one again. I kept thinking about the proportions while getting dressed, before dinner.",357,0,9,#layering #transitionalstyle #citystyle #outerwear #desifashion #fashionreelsindia #indianstyle #wardrobe #fashiondiaries,1,54658,30257,55.4,56810,1781,50,20,207,588,17,2058,6.8,0.07,0.68,2.891,1,styling_question:50,can you do a budget version?,22.0,161,12
17919938024142619,reel,8,2023-10-20,19:30,Fri,19,"the plan was simple: a relaxed kurta in off-white, sneakers, and layered necklaces for a quick trip to Bengaluru; kept the colours tonal. I kept thinking about the proportions while getting dressed, on the way to brunch.",220,0,10,#desistyle #everydayethnic #fashiondiaries #fashionreels #reelsindia #genzfashion #styleblogger #hyderabadfashion #weekendstyle #kurta,1,54675,8590,15.7,18069,474,14,5,52,117,3,545,6.34,0.06,0.61,2.564,1,repeat_outfit:14,the layering is perfect,7.1,161,12
17973970697086252,reel,8,2023-10-20,20:00,Fri,20,"one of those outfits that looked better once I stopped overthinking it: a vintage tee in sage for a wedding function, with wore it with flats because looking good and being comfortable can coexist. This one made the final cut. I kept thinking about the proportions while getting dressed, during a quick city stop.",313,0,11,#outfitideas #personalstyle #fashioncreator #punefashion #brunchoutfit #resortwear #vintagestyle #graphictee #thriftstyle #streetwear #retrofashion,1,54527,3011,5.5,3245,0,33,0,9,30,3,42,1.39,0.0,0.3,10.0,0,styling_question:33,where is the shirt from?,0.0,161,12
17956086884145564,reel,8,2023-10-20,20:46,Fri,20,"for a rooftop dinner, I wanted something current but still practical, so I paired a lightweight bomber with mules and a leather belt; I would genuinely repeat this instead of saving it and forgetting about it. I kept thinking about the proportions while getting dressed, before the rain arrived.",295,0,7,#bangalorefashion #nightoutfit #capsulewardrobe #bomberjacket #streetwear #layeringstyle #urbanstyle,1,54527,3929,7.2,4305,0,19,0,11,39,3,30,0.76,0.0,0.28,7.692,19,repeat_outfit:19,love the colour combination,0.0,161,12
17907497261843479,reel,8,2023-10-20,22:01,Fri,22,"repeating pieces from my wardrobe again: a wide-leg trouser in deep burgundy for a movie night, styled around added one statement accessory. This one made the final cut. I kept thinking about the proportions while getting dressed, after sunset.",244,0,10,#widelegpants #widelegtrousers #relaxedtailoring #streetstyle #everydaystyle #outfitinspiration #styleideas #urbanstyle#dailyoutfit #wearitagain,1,54527,2244,4.1,2893,0,7,0,6,22,2,13,0.58,0.0,0.27,9.091,0,styling_question:7,would this work with flats?,0.0,161,12
17926283980334696,reel,8,2023-10-20,22:05,Fri,22,"if I had to make a cropped cardigan work for a day of errands, this is how I would do it: swapped heels for sneakers at the last minute, then ankle boots and a slim belt. I kept thinking about the proportions while getting dressed, for the second half of the day.",263,0,9,#knitwear #everydaystyle #streetstyle #stylingtips #ootd #styleinspo #fashionindia #indianstreetstyle #dateoutfit,1,54527,2767,5.1,3093,0,30,0,8,27,2,38,1.37,0.0,0.29,7.407,0,repeat_outfit:30,the proportions are so good,0.0,161,12
17907679574192833,story,8,2023-10-20,22:30,Fri,22,"the outfit started with a pleated trouser and somehow became my favourite look for a client meeting; mixed it with something I already owned. this feels much more like real-life fashion than a perfectly styled shoot. This one made the final cut. I kept thinking about the proportions while getting dressed, before heading back home.",332,0,10,#desifashion #fashionreelsindia #indianstyle #wardrobe #chennaistyle #casualoutfit #quietluxury #pleatedtrousers #tailoredstyle #smartcasual,1,54678,15695,28.7,35990,1080,29,11,98,279,5,1218,7.76,0.07,0.62,1.792,0,styling_question:29,this feels very current,13.8,161,12
17989390579813039,carousel,8,2023-10-21,01:20,Sat,1,"not a full trend overhaul, just a cargo trouser in olive for a music gig; kept the accessories intentionally minimal. I wanted something current without looking like I copied a mood board. The soft grey detail was the part I nearly skipped. I would wear this one again. I kept thinking about the proportions while getting dressed, for a casual photo walk.",355,0,11,#genzfashion #delhistyle #traveloutfit #scarfstyle #cargopants #streetwearindia #utilitystyle #baggyfits #streetstyle #wardrobe #fashiondiaries,1,54682,48015,87.8,95990,2720,86,26,322,839,27,3154,6.57,0.05,0.67,3.218,1,repeat_outfit:86,please do more everyday outfits,20.0,149,10
17960617133868770,story,8,2023-10-21,09:37,Sat,9,"wore a structured mini bag in soft grey for a flea market afternoon; used the same pieces I wore last week, finished it with ballet flats and a simple ring stack. I finally understand why this silhouette keeps showing up on my feed. the shoes were the most comfortable part of the look, for the morning.",303,0,7,#y2kfashion #minibag #bagstyle #accessories #everydayluxury #fashiondetails #genzfashion,1,54682,3883,7.1,4319,0,32,0,11,38,3,43,1.11,0.0,0.28,7.895,0,styling_question:32,saving this for my next brunch,0.0,149,10
17948413409849202,carousel,8,2023-10-21,10:22,Sat,10,"today's a long travel day outfit was built around baggy denim in chocolate brown; played with proportions rather than prints. I almost changed the outfit, then decided the slightly undone look was better. This one made the final cut. the shoes were the most comfortable part of the look, for the afternoon.",306,0,8,#streetstyle #everydaydenim #personalstyle #fashioncreator #everydaystyle #fashioncontent #ootdindia #punefashion,1,54682,4351,8.0,5306,0,38,0,13,43,4,51,1.17,0.0,0.3,9.302,0,repeat_outfit:38,how would you style this for a wedding?,0.0,149,10
17958589349794748,carousel,8,2023-10-21,11:00,Sat,11,"trying a co-ord set for a beach evening without making the look feel too styled; layered it for the unpredictable weather. the camera makes it look dressier than it felt in real life. This one made the final cut. the shoes were the most comfortable part of the look, for golden hour.",283,0,9,#ootdindia #outfitinspiration #styleideas #urbanstyle #trendalert #bangalorefashion #festivefashion #coastalstyle #coordset,1,54709,20980,38.3,51051,1300,45,21,163,424,19,1529,7.29,0.1,0.78,4.481,1,styling_question:45,the second look is my favourite,6.7,149,10
17948464166257758,carousel,8,2023-10-21,13:04,Sat,13,"the plan was simple: a slip dress in cobalt blue, mules, and chunky earrings for a first-date outfit; added a scarf because the outfit needed something softer. the shoes were the most comfortable part of the look, for a long day out.",233,0,10,#ootd #styleinspo #mumbaistyle #weekendstyle #tailoredstyle #slipdress #dressstyle #eveninglook #minimalfashion #dateoutfit,1,54682,4256,7.8,5022,0,13,0,12,42,4,25,0.59,0.0,0.28,9.524,13,repeat_outfit:13,need the jeans link,0.0,149,10
17993308298727162,carousel,8,2023-10-21,13:33,Sat,13,"one of those outfits that looked better once I stopped overthinking it: a tailored vest in butter yellow for a regular Monday, with mixed an Indian piece with western basics. This one made the final cut. the shoes were the most comfortable part of the look, for the first coffee run.",283,0,11,#brunchoutfit #slowfashion #tailoredvest #veststyle #suiting #modernstyle #minimalfashion #styleinspo #fashionindia #desifashion #fashionreelsindia,1,54682,3818,7.0,4435,0,30,0,11,38,3,41,1.07,0.0,0.29,7.895,30,styling_question:30,okay the bag is everything,0.0,149,10
17987263819890215,story,8,2023-10-21,13:46,Sat,13,"for a festive lunch, I wanted something current but still practical, so I paired a knit polo with ankle boots and silver hoops; I would genuinely repeat this instead of saving it and forgetting about it. the shoes were the most comfortable part of the look, for the walk home.",276,0,7,#polostyle #preppystyle #smartcasual #everydaymenswear #indianstyle #wardrobe #fashiondiaries,1,54682,2825,5.2,3271,0,13,0,8,28,2,21,0.74,0.0,0.28,7.143,0,repeat_outfit:13,this is exactly my style,0.0,149,10
17934687323995647,reel,8,2023-10-21,13:50,Sat,13,"repeating pieces from my wardrobe again: a satin skirt in ivory for a night out, styled around added a belt to give the outfit some shape. The off-white detail was the part I nearly skipped. I would wear this one again. the shoes were the most comfortable part of the look, for a warm evening.",293,0,8,#styleinspo #reelsindia #genzfashion #styleblogger #indianfashion #outfitideas #delhistyle #weddinggueststyle,1,54728,21073,38.5,45342,1318,52,13,172,372,11,1555,7.38,0.06,0.82,2.957,1,styling_question:52,this is actually wearable,15.4,149,10
17957949988938048,reel,8,2023-10-21,14:00,Sat,14,"if I had to make a striped button-down work for a work presentation, this is how I would do it: balanced the oversized shape with a cleaner bottom, then loafers and a silk scarf. the shoes were the most comfortable part of the look, for the cooler part of the day.",264,0,9,#hyderabadfashion #dateoutfit #oversizedstyle #stripedshirt #buttondown #preppystyle #classicstyle #outfitideas #personalstyle,1,54739,27942,51.0,72334,1697,33,27,240,474,22,1997,7.15,0.1,0.86,4.641,1,repeat_outfit:33,this is such a good repeat outfit,12.1,149,10
17992556350312959,carousel,8,2023-10-21,17:30,Sat,17,"the outfit started with a simple white shirt and somehow became my favourite look for a Sunday family lunch; repeated an old favourite instead of buying something new. this feels much more like real-life fashion than a perfectly styled shoot. This one made the final cut. the shoes were the most comfortable part of the look, before the plans started.",351,0,10,#punefashion #casualoutfit #statementaccessories #whiteshirt #wardrobestaples #capsulewardrobe #minimalstyle #classicfashion #fashioncontent #ootdindia,1,54761,18563,33.9,51850,953,24,26,205,356,15,1208,6.51,0.14,1.1,4.213,0,styling_question:24,adding this to my outfit board,25.0,149,10
17957813382311403,reel,8,2023-10-21,17:30,Sat,17,"not a full trend overhaul, just a rugby shirt in forest green for a content shoot; went for comfort instead of forcing the trend. I wanted something current without looking like I copied a mood board. This one made the final cut. the shoes were the most comfortable part of the look, after the plans changed.",308,0,11,#rugbyshirt #preppyfashion #sportystyle #casualstyle #collegestyle #urbanstyle #trendalert #streetstyle #stylingtips #ootd #bangalorefashion,1,54682,3255,6.0,3811,0,20,0,9,32,3,29,0.89,0.0,0.28,9.375,0,repeat_outfit:20,the shoes made the outfit,0.0,149,10
17916617969673402,carousel,8,2023-10-21,17:55,Sat,17,"wore a boxy blazer in dusty pink for late class; used a thrifted piece as the hero, finished it with kitten heels and a vintage watch. I finally understand why this silhouette keeps showing up on my feed. the shoes were the most comfortable part of the look, while travelling.",276,0,7,#styleinspo #fashionindia #desifashion #fashionreelsindia #mumbaistyle #coordset #blazerstyle,1,54682,4358,8.0,5455,0,10,0,13,43,4,23,0.53,0.0,0.3,9.302,0,styling_question:10,where are the trousers from?,0.0,149,10
17995675234566122,reel,8,2023-10-21,17:58,Sat,17,"today's coffee run outfit was built around a maxi skirt in tomato red; changed only the shoes and it completely shifted the look. I almost changed the outfit, then decided the slightly undone look was better. This one made the final cut. the shoes were the most comfortable part of the look, between two meetings.",313,0,8,#indianstyle #wardrobe #fashiondiaries #fashionreels #indianstreetstyle #collegeoutfit #modernprep #maxiskirt,1,54682,3615,6.6,4275,0,21,0,10,36,3,31,0.86,0.0,0.28,8.333,0,repeat_outfit:21,the scarf detail is so good,0.0,149,10
17983473958621530,reel,8,2023-10-21,19:40,Sat,19,"trying a scarf top for college fest without making the look feel too styled; made the outfit work for both daytime and evening. the camera makes it look dressier than it felt in real life. This one made the final cut. the shoes were the most comfortable part of the look, before dinner.",286,0,9,#indianfashion #chennaistyle #festivefashion #linenstyle #scarfstyle #scarftop #silkstyle #2026fashion #stylingideas,1,54776,22021,40.2,50312,1486,42,42,221,415,19,1791,8.13,0.19,1.0,4.578,0,styling_question:42,can you do a budget version?,4.8,149,10
17928471013821069,carousel,8,2023-10-21,20:05,Sat,20,"the plan was simple: a crochet top in off-white, ankle boots, and a canvas tote for airport morning; kept the colours tonal. The ivory detail was the part I nearly skipped. the shoes were the most comfortable part of the look, on the way to brunch.",248,0,10,#indowestern #crochetstyle #summerknits #handmadefashion #resortstyle #texturedfashion #indianfashion #outfitideas #personalstyle #fashioncreator,1,54682,2764,5.1,2929,0,20,0,8,27,2,28,1.01,0.0,0.29,7.407,0,repeat_outfit:20,the layering is perfect,0.0,149,10
17926666125766404,reel,8,2023-10-21,20:46,Sat,20,"one of those outfits that looked better once I stopped overthinking it: a linen shirt in sage for Sunday brunch, with wore it with flats because looking good and being comfortable can coexist. This one made the final cut. the shoes were the most comfortable part of the look, during a quick city stop.",301,0,11,#fashioncontent #ootdindia #outfitinspiration #styleideas #hyderabadfashion #brunchoutfit #linenstyle #summerstyle #linenlook #resortwear #minimalstyle,1,54682,3981,7.3,4607,0,45,0,11,39,3,56,1.41,0.0,0.28,7.692,0,styling_question:45,where is the shirt from?,0.0,149,10
17976362343432487,carousel,8,2023-10-21,20:51,Sat,20,"for office-to-dinner plans, I wanted something current but still practical, so I paired a fitted tank with an oversized shirt with loafers and layered necklaces; I would genuinely repeat this instead of saving it and forgetting about it. the shoes were the most comfortable part of the look, before the rain arrived.",316,0,7,#styleideas #urbanstyle #trendalert #streetstyle #stylingtips #punefashion #nightoutfit,1,54682,3733,6.8,4244,0,33,0,11,37,3,44,1.18,0.0,0.29,8.108,33,repeat_outfit:33,love the colour combination,0.0,149,10
17931836602273760,carousel,8,2023-10-21,21:40,Sat,21,"repeating pieces from my wardrobe again: a handloom kurta in deep burgundy for a last-minute house party, styled around added one statement accessory. This one made the final cut. the shoes were the most comfortable part of the look, after sunset.",247,0,8,#fashionindia #desifashion #bangalorefashion #weddinggueststyle #baggyfits #handloom #indiantextiles #slowfashion,1,54795,22475,41.0,45086,1439,31,24,273,310,12,1767,7.86,0.11,1.21,3.871,2,styling_question:31,would this work with flats?,6.5,149,10
17971186467472210,carousel,8,2023-10-22,00:00,Sun,0,"if I had to make a cotton saree work for a rainy commute, this is how I would do it: swapped heels for sneakers at the last minute, then sneakers and a leather belt. the shoes were the most comfortable part of the look, for the second half of the day.",251,0,9,#contemporarysaree #desifashion #fashionreelsindia #indianstyle #wardrobe #fashiondiaries #mumbaistyle #dateoutfit #layeringstyle,1,54812,39840,72.7,83531,2474,94,66,409,677,34,3043,7.64,0.17,1.03,5.022,0,repeat_outfit:94,the proportions are so good,8.3,216,9
17956446568894750,reel,8,2023-10-22,09:00,Sun,9,"the outfit started with a halter top and somehow became my favourite look for a friend's birthday; mixed it with something I already owned. this feels much more like real-life fashion than a perfectly styled shoot. This one made the final cut. the shoes were the most comfortable part of the look, before heading back home.",323,0,10,#eveningstyle #summerfashion #goingoutlook #trendstyle #fashiondiaries #fashionreels #reelsindia #genzfashion #styleblogger #indianstreetstyle,1,54846,14779,26.9,31298,886,29,14,125,277,11,1054,7.13,0.09,0.85,3.971,1,styling_question:29,this feels very current,13.8,216,9
17981262274756022,reel,8,2023-10-22,10:00,Sun,10,"not a full trend overhaul, just a straight-leg jean in olive for a casual date; kept the accessories intentionally minimal. I wanted something current without looking like I copied a mood board. This one made the final cut. the shoes were the most comfortable part of the look, for a casual photo walk.",302,0,11,#wardrobestaples #styleblogger #indianfashion #outfitideas #personalstyle #fashioncreator #chennaistyle #traveloutfit #scarfstyle #straightlegjeans #denimstyle,1,54812,3562,6.5,3953,0,37,0,10,35,3,47,1.32,0.0,0.28,8.571,0,repeat_outfit:37,please do more everyday outfits,0.0,216,9
17964905249854429,carousel,8,2023-10-22,10:16,Sun,10,"wore a denim jacket in soft grey for a family dinner; used the same pieces I wore last week, finished it with retro trainers and small sunglasses. I finally understand why this silhouette keeps showing up on my feed. The olive detail was the part I nearly skipped. the fabric caught the light in a nice way, for the morning.",324,0,7,#fashioncontent #ootdindia #outfitinspiration #delhistyle #workwear #y2kfashion #denimjacket,1,54812,2268,4.1,2874,0,13,0,6,22,2,19,0.84,0.0,0.26,9.091,0,styling_question:13,saving this for my next brunch,0.0,216,9
17908330103194088,reel,8,2023-10-22,11:20,Sun,11,"today's a gallery visit outfit was built around a printed skirt in chocolate brown; played with proportions rather than prints. I almost changed the outfit, then decided the slightly undone look was better. This one made the final cut. the fabric caught the light in a nice way, for the afternoon.",297,0,8,#hyderabadfashion #collegeoutfit #denimstyle #printedskirt #printmixing #statementstyle #outfitinspo #fashionreels,1,54857,17423,31.8,38905,1192,25,35,175,305,15,1427,8.19,0.2,1.0,4.918,0,repeat_outfit:25,how would you style this for a wedding?,8.0,216,9
17956153918688560,reel,8,2023-10-22,13:06,Sun,13,"trying a lightweight trench for a weekend in Goa without making the look feel too styled; layered it for the unpredictable weather. the camera makes it look dressier than it felt in real life. This one made the final cut. the fabric caught the light in a nice way, for golden hour.",281,0,9,#trenchcoat #layering #transitionalstyle #citystyle #outerwear #streetstyle #stylingtips #ootd #styleinspo,1,54812,3813,7.0,4493,0,43,0,11,38,3,54,1.42,0.0,0.29,7.895,0,styling_question:43,the second look is my favourite,0.0,216,9
17989530482510837,carousel,8,2023-10-22,13:26,Sun,13,"the plan was simple: a relaxed kurta in cobalt blue, loafers, and a structured shoulder bag for a quick trip to Bengaluru; added a scarf because the outfit needed something softer. the fabric caught the light in a nice way, for a long day out.",243,0,10,#desistyle #everydayethnic #fashionindia #desifashion #fashionreelsindia #indianstyle #wardrobe #bangalorefashion #weekendstyle #tailoredstyle,1,54812,2258,4.1,2542,0,25,0,6,22,2,31,1.37,0.0,0.27,9.091,0,repeat_outfit:25,need the jeans link,0.0,216,9
17964915957377772,reel,8,2023-10-22,13:59,Sun,13,"one of those outfits that looked better once I stopped overthinking it: a vintage tee in butter yellow for a wedding function, with mixed an Indian piece with western basics. This one made the final cut. the fabric caught the light in a nice way, for the first coffee run.",272,0,11,#fashiondiaries #fashionreels #reelsindia #genzfashion #mumbaistyle #brunchoutfit #slowfashion #vintagestyle #graphictee #thriftstyle #streetwear,1,54812,3291,6.0,3561,0,18,0,9,32,3,27,0.82,0.0,0.27,9.375,0,styling_question:18,okay the bag is everything,0.0,216,9
17963828640501649,carousel,8,2023-10-22,19:40,Sun,19,"for a rooftop dinner, I wanted something current but still practical, so I paired a lightweight bomber with sneakers and chunky earrings; I would genuinely repeat this instead of saving it and forgetting about it. the fabric caught the light in a nice way, for the walk home.",275,0,7,#personalstyle #indianstreetstyle #nightoutfit #handloom #bomberjacket #streetwear #layeringstyle,1,54872,23953,43.7,46925,1586,60,65,174,419,11,1885,7.87,0.27,0.73,2.625,2,repeat_outfit:60,this is exactly my style,8.3,216,9
17904351739225541,reel,8,2023-10-22,20:24,Sun,20,"repeating pieces from my wardrobe again: a wide-leg trouser in ivory for a movie night, styled around added a belt to give the outfit some shape. This one made the final cut. the fabric caught the light in a nice way, for a warm evening.",237,0,8,#fashioncreator #fashioncontent #ootdindia #chennaistyle #weddinggueststyle #thriftedfashion #widelegpants #widelegtrousers,1,54812,3458,6.3,3707,0,33,0,10,34,3,43,1.24,0.0,0.29,8.824,0,styling_question:33,this is actually wearable,0.0,216,9
17935352839798943,carousel,8,2023-10-22,22:28,Sun,22,"if I had to make a cropped cardigan work for a day of errands, this is how I would do it: balanced the oversized shape with a cleaner bottom, then mules and silver hoops. The ink black detail was the part I nearly skipped. the fabric caught the light in a nice way, for the cooler part of the day.",297,0,9,#preppystyle #knitwear #everydaystyle #ootdindia #outfitinspiration #styleideas #urbanstyle #trendalert #delhistyle,1,54812,3161,5.8,3790,0,16,0,9,31,3,25,0.79,0.0,0.28,9.677,0,repeat_outfit:16,this is such a good repeat outfit,0.0,216,9
17988259316330175,reel,8,2023-10-22,22:50,Sun,22,"the outfit started with a pleated trouser and somehow became my favourite look for a client meeting; repeated an old favourite instead of buying something new. this feels much more like real-life fashion than a perfectly styled shoot. This one made the final cut. the fabric caught the light in a nice way, before the plans started.",332,0,10,#trendalert #streetstyle #stylingtips #ootd #styleinspo #hyderabadfashion #casualoutfit #statementaccessories #pleatedtrousers #tailoredstyle,1,54883,95101,173.3,193919,5047,140,227,799,1569,135,6213,6.53,0.24,0.84,8.604,0,styling_question:140,adding this to my outfit board,15.0,216,9
17968041734787141,reel,8,2023-10-23,09:30,Mon,9,"not a full trend overhaul, just a cargo trouser in forest green for a music gig; went for comfort instead of forcing the trend. I wanted something current without looking like I copied a mood board. This one made the final cut. the fabric caught the light in a nice way, after the plans changed.",295,0,11,#fashionreelsindia #indianstyle #punefashion #traveloutfit #desimaximalism #cargopants #streetwearindia #utilitystyle #baggyfits #streetstyle #styleinspo,1,55028,3853,7.0,4720,0,41,0,11,38,3,52,1.35,0.0,0.29,7.895,41,repeat_outfit:41,the shoes made the outfit,0.0,101,13
17953494796769702,carousel,8,2023-10-23,09:38,Mon,9,"wore a structured mini bag in dusty pink for a flea market afternoon; used a thrifted piece as the hero, finished it with strappy sandals and a slim belt. I finally understand why this silhouette keeps showing up on my feed. the fabric caught the light in a nice way, while travelling.",285,0,7,#workwear #coordset #minibag #bagstyle #accessories #everydayluxury #fashiondetails,1,55028,3110,5.7,3774,0,10,0,9,31,3,19,0.61,0.0,0.29,9.677,10,styling_question:10,where are the trousers from?,0.0,101,13
17972732659214788,carousel,8,2023-10-23,10:21,Mon,10,"today's a long travel day outfit was built around baggy denim in tomato red; changed only the shoes and it completely shifted the look. I almost changed the outfit, then decided the slightly undone look was better. This one made the final cut. the fabric caught the light in a nice way, between two meetings.",308,0,8,#denimstyle #denimfit #streetstyle #everydaydenim #reelsindia #genzfashion #styleblogger #indianfashion,1,55028,3294,6.0,3943,0,10,0,9,32,3,19,0.58,0.0,0.27,9.375,0,repeat_outfit:10,the scarf detail is so good,0.0,101,13
17960522844175349,reel,8,2023-10-23,10:53,Mon,10,"trying a co-ord set for a beach evening without making the look feel too styled; made the outfit work for both daytime and evening. the camera makes it look dressier than it felt in real life. This one made the final cut. the fabric caught the light in a nice way, before dinner.",279,0,9,#easyoutfits #outfitideas #personalstyle #fashioncreator #everydaystyle #fashioncontent #indianstreetstyle #festivefashion #linenstyle,1,55028,3449,6.3,4387,0,15,0,10,34,3,25,0.72,0.0,0.29,8.824,0,styling_question:15,can you do a budget version?,0.0,101,13
17934070423012347,carousel,8,2023-10-23,13:45,Mon,13,"the plan was simple: a slip dress in off-white, sneakers, and a simple ring stack for a first-date outfit; kept the colours tonal. the fabric caught the light in a nice way, on the way to brunch.",195,0,10,#outfitinspiration #styleideas #urbanstyle #chennaistyle #weekendstyle #indowestern #slipdress #dressstyle #eveninglook #minimalfashion,1,55028,2531,4.6,2787,0,9,0,7,25,2,16,0.63,0.0,0.28,8.0,0,repeat_outfit:9,the layering is perfect,0.0,101,13
17976333914911552,carousel,8,2023-10-23,14:20,Mon,14,"one of those outfits that looked better once I stopped overthinking it: a tailored vest in sage for a regular Monday, with wore it with flats because looking good and being comfortable can coexist. The mustard detail was the part I nearly skipped. I would wear this one again. the fabric caught the light in a nice way, during a quick city stop.",345,0,11,#delhistyle #brunchoutfit #resortwear #tailoredvest #veststyle #suiting #modernstyle #minimalfashion #urbanstyle #trendalert #streetstyle,1,55028,15625,28.4,36944,836,34,37,84,314,9,991,6.34,0.24,0.54,2.866,0,styling_question:34,where is the shirt from?,5.9,101,13
17984370460596406,reel,8,2023-10-23,17:20,Mon,17,"for a festive lunch, I wanted something current but still practical, so I paired a knit polo with mules and a canvas tote; I would genuinely repeat this instead of saving it and forgetting about it. the fabric caught the light in a nice way, before the rain arrived.",266,0,7,#knitpolo #polostyle #preppystyle #smartcasual #everydaymenswear #ootd #styleinspo,1,55037,25638,46.6,61332,1487,28,38,280,380,15,1833,7.15,0.15,1.09,3.947,0,repeat_outfit:28,love the colour combination,10.7,101,13
17900540644746599,reel,8,2023-10-23,17:44,Mon,17,"repeating pieces from my wardrobe again: a satin skirt in deep burgundy for a night out, styled around added one statement accessory. This one made the final cut. the fabric caught the light in a nice way, after sunset.",219,0,8,#skirtstyle #styleinspo #fashionreelsindia #indianstyle #wardrobe #fashiondiaries #fashionreels #punefashion,1,55028,4018,7.3,4805,0,45,0,12,40,4,57,1.42,0.0,0.3,10.0,0,styling_question:45,would this work with flats?,0.0,101,13
17918816464398521,reel,8,2023-10-23,19:50,Mon,19,"if I had to make a striped button-down work for a work presentation, this is how I would do it: swapped heels for sneakers at the last minute, then ankle boots and layered necklaces. the fabric caught the light in a nice way, for the second half of the day.",257,0,9,#reelsindia #genzfashion #styleblogger #indianfashion #bangalorefashion #dateoutfit #layeringstyle #stripedshirt #buttondown,1,55052,46818,85.0,108901,2963,82,65,595,731,26,3705,7.91,0.14,1.27,3.557,2,repeat_outfit:82,the proportions are so good,13.3,101,13
17984112766492787,reel,8,2023-10-23,21:00,Mon,21,"the outfit started with a simple white shirt and somehow became my favourite look for a Sunday family lunch; mixed it with something I already owned. this feels much more like real-life fashion than a perfectly styled shoot. This one made the final cut. the fabric caught the light in a nice way, before heading back home.",322,0,10,#everydaystyle #mumbaistyle #casualoutfit #quietluxury #whiteshirt #wardrobestaples #capsulewardrobe #minimalstyle #classicfashion #indianfashion,1,55078,38511,69.9,89684,2543,82,43,463,615,22,3131,8.13,0.11,1.2,3.577,3,styling_question:82,this feels very current,8.3,101,13
17957250445109908,carousel,8,2023-10-23,22:06,Mon,22,"not a full trend overhaul, just a rugby shirt in olive for a content shoot; kept the accessories intentionally minimal. I wanted something current without looking like I copied a mood board. This one made the final cut. the fabric caught the light in a nice way, for a casual photo walk.",287,0,11,#scarfstyle #rugbyshirt #preppyfashion #sportystyle #casualstyle #collegestyle #everydaystyle #fashioncontent #ootdindia #outfitinspiration #styleideas,1,55028,4287,7.8,4858,0,29,0,12,42,4,41,0.96,0.0,0.28,9.524,29,repeat_outfit:29,please do more everyday outfits,0.0,101,13
17950749090908844,carousel,8,2023-10-23,22:25,Mon,22,"wore a boxy blazer in soft grey for late class; used the same pieces I wore last week, finished it with ballet flats and a silk scarf. I finally understand why this silhouette keeps showing up on my feed. I used an old belt instead of buying another accessory, for the morning.",277,0,7,#workwear #styleideas #urbanstyle #trendalert #stylingtips #chennaistyle #y2kfashion,1,55028,3522,6.4,3977,0,31,0,10,35,3,41,1.16,0.0,0.28,8.571,0,styling_question:31,saving this for my next brunch,0.0,101,13
17926335425899224,reel,8,2023-10-23,23:00,Mon,23,"today's coffee run outfit was built around a maxi skirt in chocolate brown; played with proportions rather than prints. I almost changed the outfit, then decided the slightly undone look was better. The powder blue detail was the part I nearly skipped. I would wear this one again. I used an old belt instead of buying another accessory, for the afternoon.",356,0,8,#stylingtips #ootd #styleinspo #fashionindia #desifashion #delhistyle #collegeoutfit #denimstyle,1,55100,24519,44.5,51029,1466,54,27,226,471,17,1773,7.23,0.11,0.92,3.609,1,repeat_outfit:54,how would you style this for a wedding?,14.8,101,13
17949253009381343,reel,8,2023-10-24,01:50,Tue,1,"trying a scarf top for college fest without making the look feel too styled; layered it for the unpredictable weather. the camera makes it look dressier than it felt in real life. This one made the final cut. I used an old belt instead of buying another accessory, for golden hour.",281,0,9,#wardrobe #fashiondiaries #hyderabadfashion #festivefashion #coastalstyle #scarfstyle #scarftop #silkstyle #2026fashion,1,55120,36486,66.2,77450,1948,74,59,394,538,26,2475,6.78,0.16,1.08,4.833,0,styling_question:74,the second look is my favourite,15.0,161,11
17919924388590100,reel,8,2023-10-24,09:30,Tue,9,"the plan was simple: a crochet top in cobalt blue, mules, and a vintage watch for airport morning; added a scarf because the outfit needed something softer. I used an old belt instead of buying another accessory, for a long day out.",232,0,10,#weekendstyle #tailoredstyle #crochetstyle #summerknits #handmadefashion #resortstyle #texturedfashion #fashiondiaries #fashionreels #reelsindia,1,55146,15748,28.6,37746,814,19,19,116,299,12,968,6.15,0.12,0.74,4.013,0,repeat_outfit:19,need the jeans link,5.3,161,11
17997053798505440,carousel,8,2023-10-24,10:48,Tue,10,"one of those outfits that looked better once I stopped overthinking it: a linen shirt in butter yellow for Sunday brunch, with mixed an Indian piece with western basics. This one made the final cut. I used an old belt instead of buying another accessory, for the first coffee run.",280,0,11,#summerstyle #linenlook #resortwear #minimalstyle #styleblogger #indianfashion #outfitideas #personalstyle #fashioncreator #bangalorefashion #brunchoutfit,1,55120,2597,4.7,3038,0,8,0,7,25,2,15,0.58,0.0,0.27,8.0,0,styling_question:8,okay the bag is everything,0.0,161,11
17904787338436268,carousel,8,2023-10-24,11:30,Tue,11,"for office-to-dinner plans, I wanted something current but still practical, so I paired a fitted tank with an oversized shirt with ankle boots and a structured shoulder bag; I would genuinely repeat this instead of saving it and forgetting about it. I used an old belt instead of buying another accessory, for the walk home.",324,0,7,#casualstyle #fashioncreator #everydaystyle #fashioncontent #ootdindia #outfitinspiration #mumbaistyle,1,55158,49409,89.6,105665,2735,92,132,451,908,75,3410,6.9,0.27,0.91,8.26,1,repeat_outfit:92,this is exactly my style,11.7,161,11
17958648724449916,reel,8,2023-10-24,13:35,Tue,13,"repeating pieces from my wardrobe again: a handloom kurta in ivory for a last-minute house party, styled around added a belt to give the outfit some shape. This one made the final cut. I used an old belt instead of buying another accessory, for a warm evening.",260,0,8,#urbanstyle #trendalert #streetstyle #indianstreetstyle #weddinggueststyle #thriftedfashion #handloom #indiantextiles,1,55120,3330,6.0,4055,0,30,0,9,33,3,39,1.17,0.0,0.27,9.091,30,styling_question:30,this is actually wearable,0.0,161,11
17903618658522935,reel,8,2023-10-24,14:00,Tue,14,"if I had to make a cotton saree work for a rainy commute, this is how I would do it: balanced the oversized shape with a cleaner bottom, then loafers and chunky earrings. I used an old belt instead of buying another accessory, for the cooler part of the day.",258,0,9,#chennaistyle #dateoutfit #oversizedstyle #cottonsaree #sareestyle #indianfashion #contemporarysaree #desifashion #streetstyle,1,55233,9169,16.6,12683,599,11,27,66,179,5,703,7.67,0.29,0.72,2.793,2,repeat_outfit:11,this is such a good repeat outfit,0.0,161,11
17936295393271006,carousel,8,2023-10-24,17:20,Tue,17,"the outfit started with a halter top and somehow became my favourite look for a friend's birthday; repeated an old favourite instead of buying something new. this feels much more like real-life fashion than a perfectly styled shoot. The tomato red detail was the part I nearly skipped. I would wear this one again. I used an old belt instead of buying another accessory, before the plans started.",396,0,10,#haltertop #eveningstyle #summerfashion #goingoutlook #trendstyle #fashionindia #desifashion #fashionreelsindia #indianstyle #wardrobe,1,55238,5691,10.3,6832,297,10,3,24,87,2,334,5.87,0.05,0.42,2.299,0,styling_question:10,adding this to my outfit board,10.0,161,11
17980744937810262,carousel,8,2023-10-24,17:24,Tue,17,"not a full trend overhaul, just a straight-leg jean in forest green for a casual date; went for comfort instead of forcing the trend. I wanted something current without looking like I copied a mood board. This one made the final cut. I used an old belt instead of buying another accessory, after the plans changed.",314,0,11,#casualstyle #wardrobestaples #wardrobe #fashiondiaries #fashionreels #reelsindia #genzfashion #hyderabadfashion #traveloutfit #desimaximalism #straightlegjeans,1,55120,2669,4.8,3229,0,29,0,8,26,2,37,1.39,0.0,0.3,7.692,0,repeat_outfit:29,the shoes made the outfit,0.0,161,11
17968475222933967,reel,8,2023-10-24,17:30,Tue,17,"wore a denim jacket in dusty pink for a family dinner; used a thrifted piece as the hero, finished it with kitten heels and a leather belt. I finally understand why this silhouette keeps showing up on my feed. I used an old belt instead of buying another accessory, while travelling.",283,0,7,#styleblogger #indianfashion #outfitideas #personalstyle #punefashion #workwear #coordset,1,55120,4138,7.5,4616,0,17,0,12,41,4,29,0.7,0.0,0.29,9.756,0,styling_question:17,where are the trousers from?,0.0,161,11
17965721656754869,reel,8,2023-10-24,17:41,Tue,17,"today's a gallery visit outfit was built around a printed skirt in tomato red; changed only the shoes and it completely shifted the look. I almost changed the outfit, then decided the slightly undone look was better. This one made the final cut. I used an old belt instead of buying another accessory, between two meetings.",323,0,8,#ootdindia #bangalorefashion #collegeoutfit #modernprep #printedskirt #printmixing #statementstyle #outfitinspo,1,55120,4236,7.7,4630,0,18,0,12,42,4,30,0.71,0.0,0.28,9.524,0,repeat_outfit:18,the scarf detail is so good,0.0,161,11
17948022034300563,reel,8,2023-10-24,19:50,Tue,19,"trying a lightweight trench for a weekend in Goa without making the look feel too styled; made the outfit work for both daytime and evening. the camera makes it look dressier than it felt in real life. This one made the final cut. I used an old belt instead of buying another accessory, before dinner.",301,0,9,#linenstyle #trenchcoat #layering #transitionalstyle #citystyle #outerwear #ootdindia #outfitinspiration #styleideas,1,55240,8873,16.1,13231,504,10,4,70,139,4,588,6.63,0.05,0.79,2.878,1,styling_question:10,can you do a budget version?,10.0,161,11
17978045682615923,carousel,8,2023-10-24,22:23,Tue,22,"the plan was simple: a relaxed kurta in off-white, ankle boots, and small sunglasses for a quick trip to Bengaluru; kept the colours tonal. I used an old belt instead of buying another accessory, on the way to brunch.",217,0,10,#desistyle #everydayethnic #trendalert #streetstyle #stylingtips #ootd #styleinspo #indianstreetstyle #weekendstyle #kurta,1,55120,3565,6.5,3802,0,8,0,10,35,3,18,0.5,0.0,0.28,8.571,8,repeat_outfit:8,the layering is perfect,0.0,161,11
17919115056502616,carousel,8,2023-10-24,22:30,Tue,22,"one of those outfits that looked better once I stopped overthinking it: a vintage tee in sage for a wedding function, with wore it with flats because looking good and being comfortable can coexist. This one made the final cut. I used an old belt instead of buying another accessory, during a quick city stop.",308,0,11,#styleinspo #fashionindia #desifashion #fashionreelsindia #indianstyle #chennaistyle #brunchoutfit #resortwear #vintagestyle #graphictee #thriftstyle,1,55244,36310,65.7,71361,2254,92,47,307,716,30,2700,7.44,0.13,0.85,4.19,1,styling_question:92,where is the shirt from?,11.7,161,11
17923136014478939,reel,8,2023-10-25,00:00,Wed,0,"for a rooftop dinner, I wanted something current but still practical, so I paired a lightweight bomber with loafers and a simple ring stack; I would genuinely repeat this instead of saving it and forgetting about it. The butter yellow detail was the part I nearly skipped. I used an old belt instead of buying another accessory, before the rain arrived.",353,0,7,#fashionreels #reelsindia #delhistyle #nightoutfit #capsulewardrobe #bomberjacket #streetwear,1,55279,39118,70.8,79673,2347,76,66,362,723,30,2851,7.29,0.17,0.93,4.149,0,repeat_outfit:76,love the colour combination,11.7,190,8
17954696399728070,reel,8,2023-10-25,01:00,Wed,1,"repeating pieces from my wardrobe again: a wide-leg trouser in deep burgundy for a movie night, styled around added one statement accessory. This one made the final cut. I used an old belt instead of buying another accessory, after sunset.",239,0,8,#weddinggueststyle #baggyfits #widelegpants #widelegtrousers #relaxedtailoring #streetstyle #everydaystyle #reelsindia,1,55309,101147,182.9,212517,6654,235,394,1078,1434,116,8361,8.27,0.39,1.07,8.089,1,styling_question:235,would this work with flats?,10.0,190,8
17976469852997234,reel,8,2023-10-25,09:10,Wed,9,"if I had to make a cropped cardigan work for a day of errands, this is how I would do it: swapped heels for sneakers at the last minute, then sneakers and a canvas tote. I used an old belt instead of buying another accessory, for the second half of the day.",257,0,9,#knitwear #everydaystyle #outfitideas #personalstyle #fashioncreator #fashioncontent #punefashion #dateoutfit #layeringstyle,1,55279,3586,6.5,3800,0,38,0,10,35,3,48,1.34,0.0,0.28,8.571,0,repeat_outfit:38,the proportions are so good,0.0,190,8
17945014519904318,image,8,2023-10-25,09:22,Wed,9,"the outfit started with a pleated trouser and somehow became my favourite look for a client meeting; mixed it with something I already owned. this feels much more like real-life fashion than a perfectly styled shoot. This one made the final cut. I used an old belt instead of buying another accessory, before heading back home.",327,0,10,#modernclassic #fashioncontent #ootdindia #outfitinspiration #styleideas #urbanstyle #bangalorefashion #casualoutfit #quietluxury #pleatedtrousers,1,55279,3956,7.2,4217,0,31,0,11,39,3,42,1.06,0.0,0.28,7.692,0,styling_question:31,this feels very current,0.0,190,8
17947840841245505,reel,8,2023-10-25,10:52,Wed,10,"not a full trend overhaul, just a cargo trouser in olive for a music gig; kept the accessories intentionally minimal. I wanted something current without looking like I copied a mood board. This one made the final cut. I used an old belt instead of buying another accessory, for a casual photo walk.",298,0,11,#mumbaistyle #traveloutfit #scarfstyle #cargopants #streetwearindia #utilitystyle #baggyfits #streetstyle #urbanstyle #trendalert #stylingtips,1,55279,3113,5.6,3268,0,30,0,9,31,3,39,1.25,0.0,0.29,9.677,0,repeat_outfit:30,please do more everyday outfits,0.0,190,8
17988002891536863,reel,8,2023-10-25,11:20,Wed,11,"wore a structured mini bag in soft grey for a flea market afternoon; used the same pieces I wore last week, finished it with retro trainers and silver hoops. I finally understand why this silhouette keeps showing up on my feed. the outfit felt better once I stopped adjusting it, for the morning.",296,0,7,#indianstreetstyle #workwear #y2kfashion #minibag #bagstyle #accessories #everydayluxury,1,55425,21562,38.9,46462,1153,39,32,245,392,17,1469,6.81,0.15,1.14,4.337,0,styling_question:39,saving this for my next brunch,7.7,190,8
17966369300531087,reel,8,2023-10-25,13:26,Wed,13,"today's a long travel day outfit was built around baggy denim in chocolate brown; played with proportions rather than prints. I almost changed the outfit, then decided the slightly undone look was better. This one made the final cut. the outfit felt better once I stopped adjusting it, for the afternoon.",304,0,8,#streetstyle #everydaydenim #fashionreelsindia #indianstyle #wardrobe #fashiondiaries #fashionreels #chennaistyle,1,55279,4421,8.0,4674,0,9,0,13,44,4,22,0.5,0.0,0.29,9.091,0,repeat_outfit:9,how would you style this for a wedding?,0.0,190,8
17907847353424023,carousel,8,2023-10-25,17:00,Wed,17,"trying a co-ord set for a beach evening without making the look feel too styled; layered it for the unpredictable weather. the camera makes it look dressier than it felt in real life. The cream detail was the part I nearly skipped. I would wear this one again. the outfit felt better once I stopped adjusting it, for golden hour.",329,0,9,#summerstyle #easyoutfits #fashionreels #reelsindia #genzfashion #styleblogger #indianfashion #delhistyle #festivefashion,1,55442,13666,24.6,32805,871,33,7,125,250,7,1036,7.58,0.05,0.91,2.8,1,styling_question:33,the second look is my favourite,15.2,190,8
17918943212647214,reel,8,2023-10-25,17:47,Wed,17,"the plan was simple: a slip dress in cobalt blue, loafers, and a slim belt for a first-date outfit; added a scarf because the outfit needed something softer. the outfit felt better once I stopped adjusting it, for a long day out.",229,0,10,#outfitideas #personalstyle #fashioncreator #everydaystyle #hyderabadfashion #weekendstyle #tailoredstyle #slipdress #dressstyle #eveninglook,1,55279,3136,5.7,3878,0,8,0,9,31,3,17,0.54,0.0,0.29,9.677,8,repeat_outfit:8,need the jeans link,0.0,190,8
17974009230058406,reel,8,2023-10-25,20:15,Wed,20,"one of those outfits that looked better once I stopped overthinking it: a tailored vest in butter yellow for a regular Monday, with mixed an Indian piece with western basics. This one made the final cut. the outfit felt better once I stopped adjusting it, for the first coffee run.",281,0,11,#styleideas #punefashion #brunchoutfit #slowfashion #tailoredvest #veststyle #suiting #modernstyle #minimalfashion #everydaystyle #fashioncontent,1,55279,2947,5.3,3450,0,34,0,8,29,2,42,1.43,0.0,0.27,6.897,0,styling_question:34,okay the bag is everything,0.0,190,8
17952641848869625,reel,8,2023-10-25,20:39,Wed,20,"for a festive lunch, I wanted something current but still practical, so I paired a knit polo with sneakers and a vintage watch; I would genuinely repeat this instead of saving it and forgetting about it. the outfit felt better once I stopped adjusting it, for the walk home.",274,0,7,#handloom #knitpolo #polostyle #preppystyle #smartcasual #everydaymenswear #styleideas,1,55279,3180,5.8,3410,0,13,0,9,31,3,22,0.69,0.0,0.28,9.677,0,repeat_outfit:13,this is exactly my style,0.0,190,8
17944232467564376,carousel,8,2023-10-25,22:08,Wed,22,"repeating pieces from my wardrobe again: a satin skirt in ivory for a night out, styled around added a belt to give the outfit some shape. This one made the final cut. the outfit felt better once I stopped adjusting it, for a warm evening.",239,0,8,#ootd #fashionindia #desifashion #mumbaistyle #weddinggueststyle #thriftedfashion #satinskirt #eveningstyle,1,55279,2479,4.5,2934,0,17,0,7,24,2,24,0.97,0.0,0.28,8.333,0,styling_question:17,this is actually wearable,0.0,190,8
17977879266046462,image,8,2023-10-25,22:14,Wed,22,"if I had to make a striped button-down work for a work presentation, this is how I would do it: balanced the oversized shape with a cleaner bottom, then mules and a structured shoulder bag. the outfit felt better once I stopped adjusting it, for the cooler part of the day.",273,0,9,#desifashion #fashionreelsindia #indianstyle #wardrobe #fashiondiaries #indianstreetstyle #dateoutfit #oversizedstyle #stripedshirt,1,55279,3806,6.9,4114,0,18,0,11,38,3,29,0.76,0.0,0.29,7.895,0,repeat_outfit:18,this is such a good repeat outfit,0.0,190,8
17980089302662075,reel,8,2023-10-25,22:48,Wed,22,"the outfit started with a simple white shirt and somehow became my favourite look for a Sunday family lunch; repeated an old favourite instead of buying something new. this feels much more like real-life fashion than a perfectly styled shoot. This one made the final cut. the outfit felt better once I stopped adjusting it, before the plans started.",349,0,10,#genzfashion #styleblogger #chennaistyle #casualoutfit #statementaccessories #whiteshirt #wardrobestaples #capsulewardrobe #minimalstyle #classicfashion,1,55279,2935,5.3,3342,0,7,0,8,29,2,15,0.51,0.0,0.27,6.897,0,styling_question:7,adding this to my outfit board,0.0,190,8
17985575681215216,carousel,8,2023-10-26,02:20,Thu,2,"not a full trend overhaul, just a rugby shirt in forest green for a content shoot; went for comfort instead of forcing the trend. I wanted something current without looking like I copied a mood board. The dusty pink detail was the part I nearly skipped. I would wear this one again. the outfit felt better once I stopped adjusting it, after the plans changed.",359,0,11,#traveloutfit #desimaximalism #rugbyshirt #preppyfashion #sportystyle #casualstyle #collegestyle #styleblogger #indianfashion #outfitideas #personalstyle,1,55448,25387,45.8,51047,1399,53,32,227,471,20,1711,6.74,0.13,0.89,4.246,2,repeat_outfit:53,the shoes made the outfit,15.1,233,10
17943181913039533,reel,8,2023-10-26,09:30,Thu,9,"wore a boxy blazer in dusty pink for late class; used a thrifted piece as the hero, finished it with strappy sandals and layered necklaces. I finally understand why this silhouette keeps showing up on my feed. the outfit felt better once I stopped adjusting it, while travelling.",279,0,7,#everydaystyle #fashioncontent #ootdindia #outfitinspiration #hyderabadfashion #coordset #blazerstyle,1,55468,13666,24.6,34864,802,27,26,128,252,11,983,7.19,0.19,0.94,4.365,0,styling_question:27,where are the trousers from?,7.4,233,10
17902016364017199,reel,8,2023-10-26,09:51,Thu,9,"today's coffee run outfit was built around a maxi skirt in tomato red; changed only the shoes and it completely shifted the look. I almost changed the outfit, then decided the slightly undone look was better. This one made the final cut. the outfit felt better once I stopped adjusting it, between two meetings.",311,0,8,#everydayfashion #outfitinspiration #styleideas #urbanstyle #trendalert #streetstyle #punefashion #collegeoutfit,1,55448,3917,7.1,4161,0,24,0,11,39,3,35,0.89,0.0,0.28,7.692,0,repeat_outfit:24,the scarf detail is so good,0.0,233,10
17978268651460869,reel,8,2023-10-26,11:30,Thu,11,"trying a scarf top for college fest without making the look feel too styled; made the outfit work for both daytime and evening. the camera makes it look dressier than it felt in real life. This one made the final cut. the outfit felt better once I stopped adjusting it, before dinner.",284,0,9,#ootd #styleinspo #fashionindia #bangalorefashion #festivefashion #linenstyle #scarfstyle #scarftop #silkstyle,3,55479,8313,15.0,10763,554,20,9,100,122,4,683,8.22,0.11,1.2,3.279,1,styling_question:20,can you do a budget version?,0.0,233,10
17934650383124998,reel,8,2023-10-26,13:10,Thu,13,"the plan was simple: a crochet top in off-white, sneakers, and a silk scarf for airport morning; kept the colours tonal. the outfit felt better once I stopped adjusting it, on the way to brunch.",194,0,10,#mumbaistyle #weekendstyle #indowestern #crochetstyle #summerknits #handmadefashion #resortstyle #texturedfashion #fashionindia #desifashion,1,55483,23291,42.0,42089,1255,38,32,192,403,19,1517,6.51,0.14,0.82,4.715,0,repeat_outfit:38,the layering is perfect,10.5,233,10
17941090855878240,carousel,8,2023-10-26,17:55,Thu,17,"one of those outfits that looked better once I stopped overthinking it: a linen shirt in sage for Sunday brunch, with wore it with flats because looking good and being comfortable can coexist. This one made the final cut. the outfit felt better once I stopped adjusting it, during a quick city stop.",299,0,11,#fashiondiaries #fashionreels #reelsindia #genzfashion #indianstreetstyle #brunchoutfit #linenstyle #summerstyle #linenlook #resortwear #minimalstyle,1,55448,2244,4.0,2426,0,14,0,6,22,2,20,0.89,0.0,0.27,9.091,0,styling_question:14,where is the shirt from?,0.0,233,10
17996821701762243,carousel,8,2023-10-26,21:50,Thu,21,"for office-to-dinner plans, I wanted something current but still practical, so I paired a fitted tank with an oversized shirt with mules and small sunglasses; I would genuinely repeat this instead of saving it and forgetting about it. the outfit felt better once I stopped adjusting it, before the rain arrived.",311,0,7,#streetwearindia #casualstyle #genzfashion #styleblogger #indianfashion #outfitideas #personalstyle,1,55502,19178,34.6,50614,1032,29,8,160,327,10,1229,6.41,0.04,0.83,3.058,0,repeat_outfit:29,love the colour combination,3.4,233,10
17974609922537474,reel,8,2023-10-26,22:40,Thu,22,"repeating pieces from my wardrobe again: a handloom kurta in deep burgundy for a last-minute house party, styled around added one statement accessory. The cobalt blue detail was the part I nearly skipped. I would wear this one again. the outfit felt better once I stopped adjusting it, after sunset.",299,0,8,#fashioncreator #everydaystyle #fashioncontent #ootdindia #delhistyle #weddinggueststyle #baggyfits #handloom,1,55512,98102,176.7,238495,6604,175,381,1042,1794,174,8202,8.36,0.39,1.06,9.699,2,styling_question:175,would this work with flats?,13.3,233,10
17973318753520785,story,9,2023-10-27,00:20,Fri,0,"if I had to make a cotton saree work for a rainy commute, this is how I would do it: swapped heels for sneakers at the last minute, then ankle boots and a simple ring stack. the outfit felt better once I stopped adjusting it, for the second half of the day.",257,0,9,#trendalert #hyderabadfashion #dateoutfit #layeringstyle #cottonsaree #sareestyle #indianfashion #contemporarysaree #desifashion,1,55702,65693,117.9,183113,4089,89,228,561,1099,93,4967,7.56,0.35,0.85,8.462,3,repeat_outfit:89,the proportions are so good,10.0,222,10
17943062827292280,reel,9,2023-10-27,01:20,Fri,1,"the outfit started with a halter top and somehow became my favourite look for a friend's birthday; mixed it with something I already owned. this feels much more like real-life fashion than a perfectly styled shoot. This one made the final cut. the outfit felt better once I stopped adjusting it, before heading back home.",321,0,10,#quietluxury #haltertop #eveningstyle #summerfashion #goingoutlook #trendstyle #trendalert #streetstyle #stylingtips #ootd,1,55795,70069,125.6,158075,4683,137,227,728,1147,99,5775,8.24,0.32,1.04,8.631,2,styling_question:137,this feels very current,16.7,222,10
17998134273790068,carousel,9,2023-10-27,10:05,Fri,10,"not a full trend overhaul, just a straight-leg jean in olive for a casual date; kept the accessories intentionally minimal. I wanted something current without looking like I copied a mood board. This one made the final cut. the outfit felt better once I stopped adjusting it, for a casual photo walk.",300,0,11,#jeansandate #casualstyle #wardrobestaples #styleinspo #fashionindia #desifashion #fashionreelsindia #indianstyle #bangalorefashion #traveloutfit #scarfstyle,1,55702,2707,4.9,3087,0,17,0,8,27,2,25,0.92,0.0,0.3,7.407,0,repeat_outfit:17,please do more everyday outfits,0.0,222,10
17929155939685032,image,9,2023-10-27,10:53,Fri,10,"wore a denim jacket in soft grey for a family dinner; used the same pieces I wore last week, finished it with ballet flats and chunky earrings. I finally understand why this silhouette keeps showing up on my feed. I wanted the silhouette to do the talking, for the morning.",273,0,7,#indianstyle #wardrobe #fashiondiaries #fashionreels #reelsindia #mumbaistyle #workwear,1,55702,3531,6.3,4350,0,13,0,10,35,3,23,0.65,0.0,0.28,8.571,0,styling_question:13,saving this for my next brunch,0.0,222,10
17905963204195206,image,9,2023-10-27,11:50,Fri,11,"today's a gallery visit outfit was built around a printed skirt in chocolate brown; played with proportions rather than prints. I almost changed the outfit, then decided the slightly undone look was better. This one made the final cut. I wanted the silhouette to do the talking, for the afternoon.",297,0,8,#indianfashion #outfitideas #indianstreetstyle #collegeoutfit #denimstyle #printedskirt #printmixing #statementstyle,1,55894,11931,21.3,27099,770,31,6,104,167,5,911,7.64,0.05,0.87,2.994,0,repeat_outfit:31,how would you style this for a wedding?,3.2,222,10
17974946973977022,reel,9,2023-10-27,13:15,Fri,13,"trying a lightweight trench for a weekend in Goa without making the look feel too styled; layered it for the unpredictable weather. the camera makes it look dressier than it felt in real life. This one made the final cut. I wanted the silhouette to do the talking, for golden hour.",281,0,9,#festivefashion #coastalstyle #trenchcoat #layering #transitionalstyle #citystyle #outerwear #outfitideas #personalstyle,1,55702,2773,5.0,3061,0,15,0,8,27,2,23,0.83,0.0,0.29,7.407,15,styling_question:15,the second look is my favourite,0.0,222,10
17995038937838713,image,9,2023-10-27,13:30,Fri,13,"the plan was simple: a relaxed kurta in cobalt blue, mules, and a leather belt for a quick trip to Bengaluru; added a scarf because the outfit needed something softer. The deep burgundy detail was the part I nearly skipped. I wanted the silhouette to do the talking, for a long day out.",286,0,10,#indianwear #indowestern #desistyle #everydayethnic #fashioncontent #ootdindia #outfitinspiration #styleideas #urbanstyle #delhistyle,1,55899,8316,14.9,10379,539,13,12,77,132,4,641,7.71,0.14,0.93,3.03,0,repeat_outfit:13,need the jeans link,23.1,222,10
17935763445918468,carousel,9,2023-10-27,14:50,Fri,14,"one of those outfits that looked better once I stopped overthinking it: a vintage tee in butter yellow for a wedding function, with mixed an Indian piece with western basics. This one made the final cut. I wanted the silhouette to do the talking, for the first coffee run.",272,0,11,#retrofashion #urbanstyle #trendalert #streetstyle #stylingtips #ootd #hyderabadfashion #brunchoutfit #slowfashion #vintagestyle #graphictee,1,55903,12430,22.2,23445,746,24,14,118,173,6,902,7.26,0.11,0.95,3.468,2,styling_question:24,okay the bag is everything,12.5,222,10
17997994413197835,carousel,9,2023-10-27,17:00,Fri,17,"for a rooftop dinner, I wanted something current but still practical, so I paired a lightweight bomber with ankle boots and a slim belt; I would genuinely repeat this instead of saving it and forgetting about it. I wanted the silhouette to do the talking, for the walk home.",274,0,7,#fashionindia #desifashion #fashionreelsindia #punefashion #nightoutfit #handloom #bomberjacket,8,55909,5632,10.1,7449,374,11,12,34,78,1,431,7.65,0.21,0.6,1.282,0,repeat_outfit:11,this is exactly my style,0.0,222,10
17975516743152700,reel,9,2023-10-27,17:14,Fri,17,"repeating pieces from my wardrobe again: a wide-leg trouser in ivory for a movie night, styled around added a belt to give the outfit some shape. This one made the final cut. I wanted the silhouette to do the talking, for a warm evening.",237,0,8,#bangalorefashion #weddinggueststyle #thriftedfashion #widelegpants #widelegtrousers #relaxedtailoring #streetstyle #everydaystyle,1,55702,3781,6.8,4347,0,25,0,11,37,3,36,0.95,0.0,0.29,8.108,0,styling_question:25,this is actually wearable,0.0,222,10
17972981948334727,reel,9,2023-10-27,17:29,Fri,17,"if I had to make a cropped cardigan work for a day of errands, this is how I would do it: balanced the oversized shape with a cleaner bottom, then loafers and a vintage watch. I wanted the silhouette to do the talking, for the cooler part of the day.",250,0,9,#cardiganstyle #layering #preppystyle #knitwear #everydaystyle #fashionreels #reelsindia #genzfashion #styleblogger,1,55702,2524,4.5,3005,0,26,0,7,25,2,33,1.31,0.0,0.28,8.0,0,repeat_outfit:26,this is such a good repeat outfit,0.0,222,10
17957906084845212,image,9,2023-10-27,17:38,Fri,17,"the outfit started with a pleated trouser and somehow became my favourite look for a client meeting; repeated an old favourite instead of buying something new. this feels much more like real-life fashion than a perfectly styled shoot. This one made the final cut. I wanted the silhouette to do the talking, before the plans started.",332,0,10,#menswearinspired #modernclassic #indianfashion #outfitideas #personalstyle #fashioncreator #everydaystyle #indianstreetstyle #casualoutfit #statementaccessories,1,55702,2737,4.9,2966,0,14,0,8,27,2,22,0.8,0.0,0.29,7.407,0,styling_question:14,adding this to my outfit board,0.0,222,10
17907532128902807,reel,9,2023-10-27,17:43,Fri,17,"not a full trend overhaul, just a cargo trouser in forest green for a music gig; went for comfort instead of forcing the trend. I wanted something current without looking like I copied a mood board. This one made the final cut. I wanted the silhouette to do the talking, after the plans changed.",295,0,11,#fashioncontent #ootdindia #outfitinspiration #styleideas #chennaistyle #traveloutfit #desimaximalism #cargopants #streetwearindia #utilitystyle #baggyfits,1,55702,3745,6.7,4046,0,21,0,11,37,3,32,0.85,0.0,0.29,8.108,0,repeat_outfit:21,the shoes made the outfit,0.0,222,10
17901561978618338,reel,9,2023-10-27,17:57,Fri,17,"wore a structured mini bag in dusty pink for a flea market afternoon; used a thrifted piece as the hero, finished it with kitten heels and a canvas tote. I finally understand why this silhouette keeps showing up on my feed. The forest green detail was the part I nearly skipped. I wanted the silhouette to do the talking, while travelling.",339,0,7,#stylingtips #delhistyle #workwear #coordset #minibag #bagstyle #accessories,1,55702,2516,4.5,3041,0,26,0,7,25,2,33,1.31,0.0,0.28,8.0,0,styling_question:26,where are the trousers from?,0.0,222,10
17918415607483068,reel,9,2023-10-27,20:54,Fri,20,"today's a long travel day outfit was built around baggy denim in tomato red; changed only the shoes and it completely shifted the look. I almost changed the outfit, then decided the slightly undone look was better. This one made the final cut. I wanted the silhouette to do the talking, between two meetings.",308,0,8,#modernprep #baggyjeans #denimstyle #denimfit #streetstyle #everydaydenim #stylingtips #ootd,1,55702,2830,5.1,3657,0,26,0,8,28,2,34,1.2,0.0,0.28,7.143,0,repeat_outfit:26,the scarf detail is so good,0.0,222,10
17999860875812927,reel,9,2023-10-27,22:28,Fri,22,"trying a co-ord set for a beach evening without making the look feel too styled; made the outfit work for both daytime and evening. the camera makes it look dressier than it felt in real life. This one made the final cut. I wanted the silhouette to do the talking, before dinner.",279,0,9,#matchingset #summerstyle #easyoutfits #desifashion #fashionreelsindia #indianstyle #wardrobe #fashiondiaries #punefashion,1,55702,3828,6.9,4803,0,17,0,11,38,3,28,0.73,0.0,0.29,7.895,0,styling_question:17,can you do a budget version?,0.0,222,10
17909697232406833,reel,9,2023-10-28,02:00,Sat,2,"the plan was simple: a slip dress in off-white, ankle boots, and silver hoops for a first-date outfit; kept the colours tonal. I wanted the silhouette to do the talking, on the way to brunch.",191,0,10,#fashiondiaries #fashionreels #reelsindia #genzfashion #styleblogger #bangalorefashion #weekendstyle #indowestern #slipdress #dressstyle,1,55923,16219,29.0,35097,925,27,9,106,300,9,1067,6.58,0.06,0.65,3.0,0,repeat_outfit:27,the layering is perfect,7.4,163,9
17923878104467675,carousel,9,2023-10-28,09:50,Sat,9,"one of those outfits that looked better once I stopped overthinking it: a tailored vest in sage for a regular Monday, with wore it with flats because looking good and being comfortable can coexist. This one made the final cut. I wanted the silhouette to do the talking, during a quick city stop.",295,0,11,#personalstyle #fashioncreator #mumbaistyle #brunchoutfit #resortwear #tailoredvest #veststyle #suiting #modernstyle #minimalfashion #styleblogger,1,55932,9711,17.4,19568,506,15,18,45,196,5,584,6.01,0.19,0.46,2.551,0,styling_question:15,where is the shirt from?,6.7,163,9
17936803256887316,reel,9,2023-10-28,10:21,Sat,10,"for a festive lunch, I wanted something current but still practical, so I paired a knit polo with loafers and a silk scarf; I would genuinely repeat this instead of saving it and forgetting about it. I wanted the silhouette to do the talking, before the rain arrived.",267,0,7,#nightoutfit #capsulewardrobe #knitpolo #polostyle #preppystyle #smartcasual #everydaymenswear,1,55923,3042,5.4,3675,0,16,0,9,30,3,25,0.82,0.0,0.3,10.0,0,repeat_outfit:16,love the colour combination,0.0,163,9
17984494644295099,reel,9,2023-10-28,13:30,Sat,13,"repeating pieces from my wardrobe again: a satin skirt in deep burgundy for a night out, styled around added one statement accessory. This one made the final cut. I wanted the silhouette to do the talking, after sunset.",219,0,8,#eveningstyle #femininefashion #skirtstyle #styleinspo #outfitinspiration #styleideas #urbanstyle #trendalert,1,55923,3899,7.0,4383,0,26,0,11,38,3,37,0.95,0.0,0.28,7.895,0,styling_question:26,would this work with flats?,0.0,163,9
17904532569358704,reel,9,2023-10-28,14:30,Sat,14,"if I had to make a striped button-down work for a work presentation, this is how I would do it: swapped heels for sneakers at the last minute, then sneakers and small sunglasses. The cherry red detail was the part I nearly skipped. I wanted the silhouette to do the talking, for the second half of the day.",306,0,9,#outfitideas #streetstyle #stylingtips #ootd #styleinspo #fashionindia #delhistyle #dateoutfit #layeringstyle,1,55937,34436,61.6,82443,2297,93,102,310,631,58,2802,8.14,0.3,0.9,9.192,0,repeat_outfit:93,the proportions are so good,6.7,163,9
17947865093622209,reel,9,2023-10-28,20:02,Sat,20,"the outfit started with a simple white shirt and somehow became my favourite look for a Sunday family lunch; mixed it with something I already owned. this feels much more like real-life fashion than a perfectly styled shoot. This one made the final cut. I wanted the silhouette to do the talking, before heading back home.",322,0,10,#fashionreelsindia #indianstyle #wardrobe #hyderabadfashion #casualoutfit #quietluxury #whiteshirt #wardrobestaples #capsulewardrobe #minimalstyle,1,55923,2730,4.9,2978,0,19,0,8,27,2,27,0.99,0.0,0.29,7.407,0,styling_question:19,this feels very current,0.0,163,9
17917852864471101,reel,9,2023-10-28,20:46,Sat,20,"not a full trend overhaul, just a rugby shirt in olive for a content shoot; kept the accessories intentionally minimal. I wanted something current without looking like I copied a mood board. This one made the final cut. I wanted the silhouette to do the talking, for a casual photo walk.",287,0,11,#punefashion #traveloutfit #scarfstyle #rugbyshirt #preppyfashion #sportystyle #casualstyle #collegestyle #wardrobe #fashiondiaries #fashionreels,1,55923,3754,6.7,4271,0,27,0,11,37,3,38,1.01,0.0,0.29,8.108,0,repeat_outfit:27,please do more everyday outfits,0.0,163,9
17966986797050760,reel,9,2023-10-28,21:30,Sat,21,"wore a boxy blazer in soft grey for late class; used the same pieces I wore last week, finished it with retro trainers and a structured shoulder bag. I finally understand why this silhouette keeps showing up on my feed. the simplest version ended up being my favourite, for the morning.",286,0,9,#blazerstyle #tailoredstyle #smartcasual #streetstyle #workwear #genzfashion #styleblogger#styleedit #stylefinds,1,55995,38600,68.9,73105,2039,77,68,392,706,36,2576,6.67,0.18,1.02,5.099,0,styling_question:77,saving this for my next brunch,10.0,163,9
17967535288112673,carousel,9,2023-10-28,23:40,Sat,23,"today's coffee run outfit was built around a maxi skirt in chocolate brown; played with proportions rather than prints. I almost changed the outfit, then decided the slightly undone look was better. This one made the final cut. the simplest version ended up being my favourite, for the afternoon.",296,0,8,#femininefashion #everydayfashion #personalstyle #fashioncreator #everydaystyle #fashioncontent #ootdindia #mumbaistyle,1,56031,40471,72.2,98077,2655,105,148,361,617,53,3269,8.08,0.37,0.89,8.59,2,repeat_outfit:105,how would you style this for a wedding?,10.0,163,9
17917329520462786,reel,9,2023-10-29,00:30,Sun,0,"trying a scarf top for college fest without making the look feel too styled; layered it for the unpredictable weather. the camera makes it look dressier than it felt in real life. This one made the final cut. the simplest version ended up being my favourite, for golden hour.",275,0,9,#outfitinspiration #styleideas #urbanstyle #trendalert #indianstreetstyle #festivefashion #coastalstyle #scarfstyle #scarftop,1,56094,36639,65.3,96180,1879,42,33,303,605,20,2257,6.16,0.09,0.83,3.306,0,styling_question:42,the second look is my favourite,14.3,152,9
17910275307864751,carousel,9,2023-10-29,01:00,Sun,1,"the plan was simple: a crochet top in cobalt blue, loafers, and layered necklaces for airport morning; added a scarf because the outfit needed something softer. the simplest version ended up being my favourite, for a long day out.",230,0,10,#styleinspo #chennaistyle #weekendstyle #tailoredstyle #crochetstyle #summerknits #handmadefashion #resortstyle #texturedfashion #trendalert,1,56114,43164,76.9,86278,2868,97,150,498,761,74,3613,8.37,0.35,1.15,9.724,1,repeat_outfit:97,need the jeans link,8.3,152,9
17974066610814900,story,9,2023-10-29,10:24,Sun,10,"one of those outfits that looked better once I stopped overthinking it: a linen shirt in butter yellow for Sunday brunch, with mixed an Indian piece with western basics. The terracotta detail was the part I nearly skipped. I would wear this one again. the simplest version ended up being my favourite, for the first coffee run.",327,0,11,#slowfashion #linenstyle #summerstyle #linenlook #resortwear #minimalstyle #styleinspo #fashionindia #desifashion #fashionreelsindia #indianstyle,1,56094,4110,7.3,5138,0,30,0,12,41,4,42,1.02,0.0,0.29,9.756,0,styling_question:30,okay the bag is everything,0.0,152,9
17941725106014056,reel,9,2023-10-29,11:00,Sun,11,"for office-to-dinner plans, I wanted something current but still practical, so I paired a fitted tank with an oversized shirt with sneakers and a leather belt; I would genuinely repeat this instead of saving it and forgetting about it. the simplest version ended up being my favourite, for the walk home.",304,0,7,#oversizedstyle #streetwearindia #casualstyle #indianstyle #wardrobe #fashiondiaries #fashionreels,1,56188,17186,30.6,39998,1097,41,65,134,308,22,1337,7.78,0.38,0.78,7.143,1,repeat_outfit:41,this is exactly my style,17.1,152,9
17969586556750706,story,9,2023-10-29,13:24,Sun,13,"repeating pieces from my wardrobe again: a handloom kurta in ivory for a last-minute house party, styled around added a belt to give the outfit some shape. This one made the final cut. the simplest version ended up being my favourite, for a warm evening.",254,0,8,#reelsindia #genzfashion #styleblogger #indianfashion #outfitideas #punefashion #weddinggueststyle #thriftedfashion,1,56094,3611,6.4,4519,0,19,0,10,36,3,29,0.8,0.0,0.28,8.333,0,styling_question:19,this is actually wearable,0.0,152,9
17949344035357216,carousel,9,2023-10-29,13:30,Sun,13,"if I had to make a cotton saree work for a rainy commute, this is how I would do it: balanced the oversized shape with a cleaner bottom, then mules and a slim belt. the simplest version ended up being my favourite, for the cooler part of the day.",246,0,9,#everydaystyle #fashioncontent #bangalorefashion #dateoutfit #oversizedstyle #cottonsaree #sareestyle #indianfashion #contemporarysaree,1,56210,23191,41.3,52233,1346,44,27,205,357,17,1622,6.99,0.12,0.88,4.762,1,repeat_outfit:44,this is such a good repeat outfit,15.9,152,9
17941994187314837,reel,9,2023-10-29,17:50,Sun,17,"the outfit started with a halter top and somehow became my favourite look for a friend's birthday; repeated an old favourite instead of buying something new. this feels much more like real-life fashion than a perfectly styled shoot. This one made the final cut. the simplest version ended up being my favourite, before the plans started.",337,0,10,#casualoutfit #statementaccessories #haltertop #eveningstyle #summerfashion #goingoutlook #trendstyle #fashioncontent #ootdindia #outfitinspiration,1,56227,11287,20.1,15647,705,24,12,110,214,9,851,7.54,0.11,0.97,4.206,0,styling_question:24,adding this to my outfit board,16.7,152,9
17923896919180866,reel,9,2023-10-29,21:30,Sun,21,"not a full trend overhaul, just a straight-leg jean in forest green for a casual date; went for comfort instead of forcing the trend. I wanted something current without looking like I copied a mood board. This one made the final cut. the simplest version ended up being my favourite, after the plans changed.",308,0,11,#denimstyle #jeansandate #casualstyle #wardrobestaples #urbanstyle #trendalert #streetstyle #stylingtips #ootd #indianstreetstyle #traveloutfit,1,56236,19287,34.3,49490,1300,47,10,162,316,9,1519,7.88,0.05,0.84,2.848,1,repeat_outfit:47,the shoes made the outfit,10.6,152,9
17921046688270784,reel,9,2023-10-29,22:55,Sun,22,"wore a denim jacket in dusty pink for a family dinner; used a thrifted piece as the hero, finished it with strappy sandals and a simple ring stack. I finally understand why this silhouette keeps showing up on my feed. the simplest version ended up being my favourite, while travelling.",285,0,7,#casualfashion #ootd #styleinspo #fashionindia #desifashion #fashionreelsindia #chennaistyle,1,56094,3351,6.0,4107,0,34,0,10,33,3,44,1.31,0.0,0.3,9.091,0,styling_question:34,where are the trousers from?,0.0,152,9
17941709627632119,carousel,9,2023-10-30,10:42,Mon,10,"today's a gallery visit outfit was built around a printed skirt in tomato red; changed only the shoes and it completely shifted the look. I almost changed the outfit, then decided the slightly undone look was better. The washed blue detail was the part I nearly skipped. I would wear this one again. the simplest version ended up being my favourite, between two meetings.",371,0,8,#delhistyle #collegeoutfit #modernprep #printedskirt #printmixing #statementstyle #outfitinspo #fashionreels,1,56261,2419,4.3,2959,0,14,0,7,24,2,21,0.87,0.0,0.29,8.333,0,repeat_outfit:14,the scarf detail is so good,0.0,156,12
17960776728150488,image,9,2023-10-30,11:10,Mon,11,"trying a lightweight trench for a weekend in Goa without making the look feel too styled; made the outfit work for both daytime and evening. the camera makes it look dressier than it felt in real life. This one made the final cut. the simplest version ended up being my favourite, before dinner.",295,0,9,#hyderabadfashion #festivefashion #linenstyle #trenchcoat #layering #transitionalstyle #citystyle #outerwear #fashionreels,1,56261,10889,19.4,22387,739,21,7,76,208,5,843,7.74,0.06,0.7,2.404,0,styling_question:21,can you do a budget version?,4.8,156,12
17963065811660967,reel,9,2023-10-30,17:33,Mon,17,"the plan was simple: a relaxed kurta in off-white, sneakers, and chunky earrings for a quick trip to Bengaluru; kept the colours tonal. the simplest version ended up being my favourite, on the way to brunch.",207,0,10,#desistyle #everydayethnic #indianfashion #outfitideas #personalstyle #fashioncreator #everydaystyle #punefashion #weekendstyle #kurta,1,56261,2296,4.1,2958,0,7,0,6,22,2,13,0.57,0.0,0.26,9.091,7,repeat_outfit:7,the layering is perfect,0.0,156,12
17976190537999481,reel,9,2023-10-30,17:40,Mon,17,"one of those outfits that looked better once I stopped overthinking it: a vintage tee in sage for a wedding function, with wore it with flats because looking good and being comfortable can coexist. This one made the final cut. the simplest version ended up being my favourite, during a quick city stop.",302,0,11,#streetwear #retrofashion #everydaystyle #fashioncontent #ootdindia #outfitinspiration #styleideas #bangalorefashion #brunchoutfit #resortwear #vintagestyle,1,56266,36349,64.6,67894,2178,48,111,366,529,48,2703,7.44,0.31,1.01,9.074,2,styling_question:48,where is the shirt from?,8.3,156,12
17970128564492292,image,9,2023-10-30,20:12,Mon,20,"for a rooftop dinner, I wanted something current but still practical, so I paired a lightweight bomber with mules and silver hoops; I would genuinely repeat this instead of saving it and forgetting about it. the simplest version ended up being my favourite, before the rain arrived.",282,0,7,#mumbaistyle #nightoutfit #capsulewardrobe #bomberjacket #streetwear #layeringstyle #urbanstyle,1,56261,2897,5.1,3695,0,17,0,8,28,2,25,0.86,0.0,0.28,7.143,0,repeat_outfit:17,love the colour combination,0.0,156,12
17931957222001129,reel,9,2023-10-30,21:40,Mon,21,"repeating pieces from my wardrobe again: a wide-leg trouser in deep burgundy for a movie night, styled around added one statement accessory. This one made the final cut. the simplest version ended up being my favourite, after sunset.",233,0,8,#desifashion #indianstreetstyle #weddinggueststyle #baggyfits #widelegpants #widelegtrousers #relaxedtailoring #streetstyle,1,56314,25695,45.6,70787,1621,38,19,253,459,13,1931,7.52,0.07,0.98,2.832,3,styling_question:38,would this work with flats?,5.3,156,12
17925837610227894,carousel,9,2023-10-30,22:10,Mon,22,"if I had to make a cropped cardigan work for a day of errands, this is how I would do it: swapped heels for sneakers at the last minute, then ankle boots and a silk scarf. the simplest version ended up being my favourite, for the second half of the day.",253,0,9,#layeringstyle #cardiganstyle #layering #preppystyle #knitwear #everydaystyle #desifashion #fashionreelsindia #indianstyle,1,56327,24464,43.4,52336,1394,34,29,211,397,17,1668,6.82,0.12,0.86,4.282,4,repeat_outfit:34,the proportions are so good,8.8,156,12
17924882920426831,reel,9,2023-10-30,22:43,Mon,22,"the outfit started with a pleated trouser and somehow became my favourite look for a client meeting; mixed it with something I already owned. this feels much more like real-life fashion than a perfectly styled shoot. The chocolate brown detail was the part I nearly skipped. I would wear this one again. the simplest version ended up being my favourite, before heading back home.",379,0,10,#smartcasual #menswearinspired #modernclassic #fashiondiaries #fashionreels #reelsindia #genzfashion #styleblogger #delhistyle #casualoutfit,1,56261,3035,5.4,3250,0,20,0,9,30,3,29,0.96,0.0,0.3,10.0,20,styling_question:20,this feels very current,0.0,156,12
17936714947180948,reel,9,2023-10-30,23:40,Mon,23,"not a full trend overhaul, just a cargo trouser in olive for a music gig; kept the accessories intentionally minimal. I wanted something current without looking like I copied a mood board. This one made the final cut. the simplest version ended up being my favourite, for a casual photo walk.",292,0,11,#styleblogger #indianfashion #outfitideas #personalstyle #fashioncreator #hyderabadfashion #traveloutfit #scarfstyle #cargopants #streetwearindia #utilitystyle,1,56344,67106,119.1,155495,4252,150,226,691,980,76,5319,7.93,0.34,1.03,7.755,0,repeat_outfit:150,please do more everyday outfits,15.0,156,12
17923120549985190,story,9,2023-10-31,01:20,Tue,1,"wore a structured mini bag in soft grey for a flea market afternoon; used the same pieces I wore last week, finished it with ballet flats and a vintage watch. I finally understand why this silhouette keeps showing up on my feed. the jacket stayed in my tote until evening, for the morning.",289,0,7,#ootdindia #outfitinspiration #punefashion #workwear #y2kfashion #minibag #bagstyle,1,56421,44770,79.3,119193,2325,52,25,354,609,18,2756,6.16,0.06,0.79,2.956,0,styling_question:52,saving this for my next brunch,5.8,200,9
17939238753035888,reel,9,2023-10-31,09:30,Tue,9,"today's a long travel day outfit was built around baggy denim in chocolate brown; played with proportions rather than prints. I almost changed the outfit, then decided the slightly undone look was better. This one made the final cut. the jacket stayed in my tote until evening, for the afternoon.",296,0,8,#outfitinspiration #styleideas #urbanstyle #trendalert #bangalorefashion #collegeoutfit #baggyjeans #denimstyle,1,56439,31533,55.9,79857,1722,41,85,237,445,38,2085,6.61,0.27,0.75,8.539,1,repeat_outfit:41,how would you style this for a wedding?,9.8,200,9
17987503330108165,reel,9,2023-10-31,09:34,Tue,9,"trying a co-ord set for a beach evening without making the look feel too styled; layered it for the unpredictable weather. the camera makes it look dressier than it felt in real life. This one made the final cut. the jacket stayed in my tote until evening, for golden hour.",273,0,9,#coords #matchingset #summerstyle #easyoutfits #streetstyle #stylingtips #ootd #styleinspo #fashionindia,1,56421,4425,7.8,5055,0,53,0,13,44,4,66,1.49,0.0,0.29,9.091,53,styling_question:53,the second look is my favourite,0.0,200,9
17946906623854469,reel,9,2023-10-31,10:07,Tue,10,"the plan was simple: a slip dress in cobalt blue, mules, and a canvas tote for a first-date outfit; added a scarf because the outfit needed something softer. the jacket stayed in my tote until evening, for a long day out.",221,0,10,#dateoutfit #fashionindia #desifashion #fashionreelsindia #indianstyle #wardrobe #indianstreetstyle #weekendstyle #tailoredstyle #slipdress,1,56421,3098,5.5,3345,0,6,0,9,30,3,15,0.48,0.0,0.29,10.0,0,repeat_outfit:6,need the jeans link,0.0,200,9
17978900618199516,carousel,9,2023-10-31,10:41,Tue,10,"one of those outfits that looked better once I stopped overthinking it: a tailored vest in butter yellow for a regular Monday, with mixed an Indian piece with western basics. This one made the final cut. the jacket stayed in my tote until evening, for the first coffee run.",273,0,11,#fashionreels #reelsindia #genzfashion #chennaistyle #brunchoutfit #slowfashion #tailoredvest #veststyle #suiting #modernstyle #minimalfashion,1,56421,2369,4.2,2828,0,11,0,7,23,2,18,0.76,0.0,0.3,8.696,0,styling_question:11,okay the bag is everything,0.0,200,9
17907309489950884,image,9,2023-10-31,10:53,Tue,10,"for a festive lunch, I wanted something current but still practical, so I paired a knit polo with ankle boots and layered necklaces; I would genuinely repeat this instead of saving it and forgetting about it. The sage detail was the part I nearly skipped. the jacket stayed in my tote until evening, for the walk home.",318,0,7,#delhistyle #nightoutfit #handloom #knitpolo #polostyle #preppystyle #smartcasual,1,56421,2700,4.8,3434,0,29,0,8,27,2,37,1.37,0.0,0.3,7.407,0,repeat_outfit:29,this is exactly my style,0.0,200,9
17913206309927079,carousel,9,2023-10-31,11:20,Tue,11,"repeating pieces from my wardrobe again: a satin skirt in ivory for a night out, styled around added a belt to give the outfit some shape. This one made the final cut. the jacket stayed in my tote until evening, for a warm evening.",231,0,8,#satinskirt #eveningstyle #femininefashion #skirtstyle #styleinspo #personalstyle #fashioncreator #everydaystyle,1,56477,15710,27.8,31220,862,26,9,117,290,9,1014,6.45,0.06,0.74,3.103,0,styling_question:26,this is actually wearable,15.4,200,9
17965958230008577,reel,9,2023-10-31,13:20,Tue,13,"if I had to make a striped button-down work for a work presentation, this is how I would do it: balanced the oversized shape with a cleaner bottom, then loafers and a leather belt. the jacket stayed in my tote until evening, for the cooler part of the day.",256,0,9,#classicstyle #outfitideas #ootdindia #outfitinspiration #styleideas #urbanstyle #trendalert #punefashion #dateoutfit,1,56486,19154,33.9,43421,1088,36,24,179,365,12,1327,6.93,0.13,0.93,3.288,0,repeat_outfit:36,this is such a good repeat outfit,8.3,200,9
17919222806485531,carousel,9,2023-10-31,17:35,Tue,17,"the outfit started with a simple white shirt and somehow became my favourite look for a Sunday family lunch; repeated an old favourite instead of buying something new. this feels much more like real-life fashion than a perfectly styled shoot. This one made the final cut. the jacket stayed in my tote until evening, before the plans started.",341,0,10,#streetstyle #stylingtips #ootd #styleinspo #bangalorefashion #casualoutfit #statementaccessories #whiteshirt #wardrobestaples #capsulewardrobe,1,56421,2391,4.2,2565,0,15,0,7,23,2,22,0.92,0.0,0.29,8.696,15,styling_question:15,adding this to my outfit board,0.0,200,9
17946267239381451,reel,9,2023-10-31,20:59,Tue,20,"not a full trend overhaul, just a rugby shirt in forest green for a content shoot; went for comfort instead of forcing the trend. I wanted something current without looking like I copied a mood board. This one made the final cut. the jacket stayed in my tote until evening, after the plans changed.",298,0,11,#indianstyle #mumbaistyle #traveloutfit #desimaximalism #rugbyshirt #preppyfashion #sportystyle #casualstyle #collegestyle #styleinspo #fashionindia,1,56421,2471,4.4,2807,0,26,0,7,24,2,33,1.34,0.0,0.28,8.333,0,repeat_outfit:26,the shoes made the outfit,0.0,200,9
17904008989583683,reel,9,2023-10-31,21:50,Tue,21,"wore a boxy blazer in dusty pink for late class; used a thrifted piece as the hero, finished it with kitten heels and small sunglasses. I finally understand why this silhouette keeps showing up on my feed. the jacket stayed in my tote until evening, while travelling.",267,0,7,#wardrobe #fashiondiaries #fashionreels #reelsindia #indianstreetstyle #coordset #blazerstyle,1,56498,17244,30.5,48070,1071,23,8,129,319,11,1231,7.14,0.05,0.75,3.448,3,styling_question:23,where are the trousers from?,8.7,200,9
17930398306650828,reel,9,2023-10-31,22:00,Tue,22,"today's coffee run outfit was built around a maxi skirt in tomato red; changed only the shoes and it completely shifted the look. I almost changed the outfit, then decided the slightly undone look was better. This one made the final cut. the jacket stayed in my tote until evening, between two meetings.",303,0,8,#summeroutfits #femininefashion #everydayfashion #reelsindia #genzfashion #styleblogger #indianfashion #outfitideas,1,56421,4396,7.8,5370,0,21,0,13,43,4,34,0.77,0.0,0.3,9.302,0,repeat_outfit:21,the scarf detail is so good,0.0,200,9
17905102932254146,carousel,9,2023-10-31,22:14,Tue,22,"trying a scarf top for college fest without making the look feel too styled; made the outfit work for both daytime and evening. the camera makes it look dressier than it felt in real life. The charcoal detail was the part I nearly skipped. I would wear this one again. the jacket stayed in my tote until evening, before dinner.",327,0,9,#outfitideas #personalstyle #fashioncreator #everydaystyle #fashioncontent #delhistyle #festivefashion #linenstyle #scarfstyle,1,56421,3298,5.8,3664,0,14,0,9,32,3,23,0.7,0.0,0.27,9.375,0,styling_question:14,can you do a budget version?,0.0,200,9
17947446535545029,reel,9,2023-10-31,23:50,Tue,23,"the plan was simple: a crochet top in off-white, ankle boots, and a structured shoulder bag for airport morning; kept the colours tonal. the jacket stayed in my tote until evening, on the way to brunch.",202,0,10,#styleideas #urbanstyle #hyderabadfashion #weekendstyle #indowestern #crochetstyle #summerknits #handmadefashion #resortstyle #texturedfashion,1,56509,74266,131.4,169546,4633,156,241,780,1055,99,5810,7.82,0.32,1.05,9.384,2,repeat_outfit:156,the layering is perfect,13.3,200,9
17964797706513633,reel,9,2023-11-01,00:50,Wed,0,"one of those outfits that looked better once I stopped overthinking it: a linen shirt in sage for Sunday brunch, with wore it with flats because looking good and being comfortable can coexist. This one made the final cut. the jacket stayed in my tote until evening, during a quick city stop.",291,0,11,#trendalert #streetstyle #stylingtips #ootd #punefashion #brunchoutfit #linenstyle #summerstyle #linenlook #resortwear #minimalstyle,1,56620,20860,36.8,28088,1198,30,26,171,309,14,1425,6.83,0.12,0.82,4.531,0,styling_question:30,where is the shirt from?,3.3,146,9
17908820784651337,reel,9,2023-11-01,09:17,Wed,9,"for office-to-dinner plans, I wanted something current but still practical, so I paired a fitted tank with an oversized shirt with loafers and chunky earrings; I would genuinely repeat this instead of saving it and forgetting about it. the jacket stayed in my tote until evening, before the rain arrived.",304,0,7,#tanktop #oversizedstyle #streetwearindia #casualstyle #ootd #styleinspo #fashionindia,1,56620,2933,5.2,3423,0,5,0,8,29,2,13,0.44,0.0,0.27,6.897,0,repeat_outfit:5,love the colour combination,0.0,146,9
17998698298332078,reel,9,2023-11-01,10:27,Wed,10,"repeating pieces from my wardrobe again: a handloom kurta in deep burgundy for a last-minute house party, styled around added one statement accessory. This one made the final cut. the jacket stayed in my tote until evening, after sunset.",237,0,8,#craftsmanship #fashionreelsindia #indianstyle #wardrobe #fashiondiaries #fashionreels #mumbaistyle #weddinggueststyle,1,56620,3190,5.6,3926,0,21,0,9,31,3,30,0.94,0.0,0.28,9.677,21,styling_question:21,would this work with flats?,0.0,146,9
17922844101128321,carousel,9,2023-11-01,11:30,Wed,11,"if I had to make a cotton saree work for a rainy commute, this is how I would do it: swapped heels for sneakers at the last minute, then sneakers and silver hoops. the jacket stayed in my tote until evening, for the second half of the day.",239,0,9,#contemporarysaree #desifashion #fashionreels #reelsindia #genzfashion #styleblogger #indianstreetstyle #dateoutfit #layeringstyle,1,56634,43158,76.2,78661,2446,64,104,309,794,69,2923,6.77,0.24,0.72,8.69,0,repeat_outfit:64,the proportions are so good,16.7,146,9
17989070235199857,carousel,9,2023-11-01,13:04,Wed,13,"the outfit started with a halter top and somehow became my favourite look for a friend's birthday; mixed it with something I already owned. this feels much more like real-life fashion than a perfectly styled shoot. This one made the final cut. the jacket stayed in my tote until evening, before heading back home.",313,0,10,#chennaistyle #casualoutfit #quietluxury #haltertop #eveningstyle #summerfashion #goingoutlook #trendstyle #indianfashion #outfitideas,1,56620,3636,6.4,4368,0,37,0,10,36,3,47,1.29,0.0,0.28,8.333,0,styling_question:37,this feels very current,0.0,146,9
17994072767872757,reel,9,2023-11-01,13:09,Wed,13,"not a full trend overhaul, just a straight-leg jean in olive for a casual date; kept the accessories intentionally minimal. I wanted something current without looking like I copied a mood board. The soft grey detail was the part I nearly skipped. I would wear this one again. the jacket stayed in my tote until evening, for a casual photo walk.",344,0,11,#straightlegjeans #denimstyle #jeansandate #casualstyle #wardrobestaples #everydaystyle #fashioncontent #ootdindia #outfitinspiration #styleideas #delhistyle,1,56620,3999,7.1,4524,0,35,0,11,39,3,46,1.15,0.0,0.28,7.692,0,repeat_outfit:35,please do more everyday outfits,0.0,146,9
17921111280419474,carousel,9,2023-11-01,13:20,Wed,13,"wore a denim jacket in soft grey for a family dinner; used the same pieces I wore last week, finished it with retro trainers and a slim belt. I finally understand why this silhouette keeps showing up on my feed. I liked how the colours looked against the city backdrop, for the morning.",286,0,9,#denimjacket #layeringseason #denimstyle #streetstyle #casualfashion #styleideas #urbanstyle#styleedit #stylefinds,1,56703,16277,28.7,41107,1121,40,22,136,274,9,1319,8.1,0.14,0.84,3.285,0,styling_question:40,saving this for my next brunch,5.0,146,9
17930067567390785,reel,9,2023-11-01,14:10,Wed,14,"today's a gallery visit outfit was built around a printed skirt in chocolate brown; played with proportions rather than prints. I almost changed the outfit, then decided the slightly undone look was better. This one made the final cut. I liked how the colours looked against the city backdrop, for the afternoon.",312,0,8,#ootd #styleinspo #fashionindia #desifashion #punefashion #collegeoutfit #denimstyle #printedskirt,1,56712,15521,27.4,37278,873,35,29,178,292,15,1115,7.18,0.19,1.15,5.137,0,repeat_outfit:35,how would you style this for a wedding?,11.4,146,9
17966766955418658,carousel,9,2023-11-01,17:01,Wed,17,"trying a lightweight trench for a weekend in Goa without making the look feel too styled; layered it for the unpredictable weather. the camera makes it look dressier than it felt in real life. This one made the final cut. I liked how the colours looked against the city backdrop, for golden hour.",296,0,9,#fashiondiaries #bangalorefashion #festivefashion #coastalstyle #trenchcoat #layering #transitionalstyle #citystyle #outerwear,1,56620,4492,7.9,5817,0,34,0,13,44,4,47,1.05,0.0,0.29,9.091,34,styling_question:34,the second look is my favourite,0.0,146,9
17989638316665478,reel,9,2023-11-01,17:09,Wed,17,"the plan was simple: a relaxed kurta in cobalt blue, loafers, and a simple ring stack for a quick trip to Bengaluru; added a scarf because the outfit needed something softer. I liked how the colours looked against the city backdrop, for a long day out.",252,0,10,#tailoredstyle #kurta #indianwear #indowestern #desistyle #everydayethnic #fashiondiaries #fashionreels #reelsindia #genzfashion,1,56620,4161,7.3,5059,0,27,0,12,41,4,39,0.94,0.0,0.29,9.756,0,repeat_outfit:27,need the jeans link,0.0,146,9
17974776585618636,carousel,9,2023-11-01,19:30,Wed,19,"one of those outfits that looked better once I stopped overthinking it: a vintage tee in butter yellow for a wedding function, with mixed an Indian piece with western basics. This one made the final cut. I liked how the colours looked against the city backdrop, for the first coffee run.",287,0,11,#thriftstyle #streetwear #retrofashion #styleblogger #indianfashion #outfitideas #personalstyle #fashioncreator #indianstreetstyle #brunchoutfit #slowfashion,1,56727,27848,49.1,71383,1611,64,73,184,470,12,1932,6.94,0.26,0.66,2.553,0,styling_question:64,okay the bag is everything,10.0,146,9
17950044940028268,reel,9,2023-11-01,22:20,Wed,22,"for a rooftop dinner, I wanted something current but still practical, so I paired a lightweight bomber with sneakers and a canvas tote; I would genuinely repeat this instead of saving it and forgetting about it. I liked how the colours looked against the city backdrop, for the walk home.",288,0,7,#fashioncreator #everydaystyle #fashioncontent #ootdindia #outfitinspiration #chennaistyle #nightoutfit,1,56739,22142,39.0,55765,1252,51,12,149,405,10,1464,6.61,0.05,0.67,2.469,0,repeat_outfit:51,this is exactly my style,17.6,146,9
17966586457863298,reel,9,2023-11-01,22:27,Wed,22,"repeating pieces from my wardrobe again: a wide-leg trouser in ivory for a movie night, styled around added a belt to give the outfit some shape. The off-white detail was the part I nearly skipped. I would wear this one again. I liked how the colours looked against the city backdrop, for a warm evening.",304,0,8,#styleideas #urbanstyle #trendalert #delhistyle #weddinggueststyle #thriftedfashion #widelegpants #widelegtrousers,1,56620,3420,6.0,4356,0,11,0,10,34,3,21,0.61,0.0,0.29,8.824,0,styling_question:11,this is actually wearable,0.0,146,9
17928019227324999,carousel,9,2023-11-01,22:54,Wed,22,"if I had to make a cropped cardigan work for a day of errands, this is how I would do it: balanced the oversized shape with a cleaner bottom, then mules and layered necklaces. I liked how the colours looked against the city backdrop, for the cooler part of the day.",265,0,9,#dateoutfit #oversizedstyle #cardiganstyle #layering #preppystyle #knitwear #everydaystyle #streetstyle #stylingtips,1,56620,4266,7.5,4615,0,18,0,12,42,4,30,0.7,0.0,0.28,9.524,0,repeat_outfit:18,this is such a good repeat outfit,0.0,146,9
17923917447828608,reel,9,2023-11-02,02:40,Thu,2,"the outfit started with a pleated trouser and somehow became my favourite look for a client meeting; repeated an old favourite instead of buying something new. this feels much more like real-life fashion than a perfectly styled shoot. This one made the final cut. I liked how the colours looked against the city backdrop, before the plans started.",347,0,10,#tailoredstyle #smartcasual #menswearinspired #modernclassic #fashionindia #desifashion #fashionreelsindia #indianstyle #wardrobe #punefashion,1,56751,14798,26.1,31866,894,22,37,91,288,6,1044,7.06,0.25,0.61,2.083,1,styling_question:22,adding this to my outfit board,18.2,60,9
17961583500573213,reel,9,2023-11-02,13:18,Thu,13,"not a full trend overhaul, just a cargo trouser in forest green for a music gig; went for comfort instead of forcing the trend. I wanted something current without looking like I copied a mood board. This one made the final cut. I liked how the colours looked against the city backdrop, after the plans changed.",310,0,11,#streetstyle #wardrobe #fashiondiaries #fashionreels #reelsindia #genzfashion #bangalorefashion #traveloutfit #desimaximalism #cargopants #streetwearindia,1,56751,3934,6.9,4622,0,41,0,11,39,3,52,1.32,0.0,0.28,7.692,0,repeat_outfit:41,the shoes made the outfit,0.0,60,9
17977278511405028,reel,9,2023-11-02,13:20,Thu,13,"wore a structured mini bag in dusty pink for a flea market afternoon; used a thrifted piece as the hero, finished it with strappy sandals and a silk scarf. I finally understand why this silhouette keeps showing up on my feed. I liked how the colours looked against the city backdrop, while travelling.",301,0,7,#indianfashion #outfitideas #personalstyle #mumbaistyle #workwear #coordset #minibag,1,56757,7833,13.8,11738,513,18,10,84,151,5,625,7.98,0.13,1.07,3.311,0,styling_question:18,where are the trousers from?,16.7,60,9
17976532569987398,reel,9,2023-11-02,13:23,Thu,13,"today's a long travel day outfit was built around baggy denim in tomato red; changed only the shoes and it completely shifted the look. I almost changed the outfit, then decided the slightly undone look was better. This one made the final cut. I liked how the colours looked against the city backdrop, between two meetings.",323,0,8,#indianstreetstyle #collegeoutfit #modernprep #baggyjeans #denimstyle #denimfit #streetstyle #everydaydenim,1,56751,3219,5.7,3784,0,15,0,9,32,3,24,0.75,0.0,0.28,9.375,0,repeat_outfit:15,the scarf detail is so good,0.0,60,9
17991161321555188,reel,9,2023-11-02,13:53,Thu,13,"trying a co-ord set for a beach evening without making the look feel too styled; made the outfit work for both daytime and evening. the camera makes it look dressier than it felt in real life. This one made the final cut. I liked how the colours looked against the city backdrop, before dinner.",294,0,9,#coordset #coords #matchingset #summerstyle #easyoutfits #ootdindia #outfitinspiration #styleideas #urbanstyle,1,56751,2748,4.8,3242,0,16,0,8,27,2,24,0.87,0.0,0.29,7.407,0,styling_question:16,can you do a budget version?,0.0,60,9
17962627353914917,carousel,9,2023-11-02,13:58,Thu,13,"the plan was simple: a slip dress in off-white, sneakers, and a vintage watch for a first-date outfit; kept the colours tonal. The ivory detail was the part I nearly skipped. I liked how the colours looked against the city backdrop, on the way to brunch.",254,0,10,#minimalfashion #dateoutfit #trendalert #streetstyle #stylingtips #ootd #styleinspo #delhistyle #weekendstyle #indowestern,1,56751,3905,6.9,4499,0,9,0,11,39,3,20,0.51,0.0,0.28,7.692,9,repeat_outfit:9,the layering is perfect,0.0,60,9
17990432299373023,reel,9,2023-11-02,14:00,Thu,14,"one of those outfits that looked better once I stopped overthinking it: a tailored vest in sage for a regular Monday, with wore it with flats because looking good and being comfortable can coexist. This one made the final cut. I liked how the colours looked against the city backdrop, during a quick city stop.",310,0,11,#fashionindia #desifashion #fashionreelsindia #indianstyle #hyderabadfashion #brunchoutfit #resortwear #tailoredvest #veststyle #suiting #modernstyle,1,56762,4006,7.1,5860,241,8,2,23,80,2,274,6.84,0.05,0.57,2.5,0,styling_question:8,where is the shirt from?,0.0,60,9
17978227845039851,image,9,2023-11-02,17:50,Thu,17,"for a festive lunch, I wanted something current but still practical, so I paired a knit polo with mules and a structured shoulder bag; I would genuinely repeat this instead of saving it and forgetting about it. I liked how the colours looked against the city backdrop, before the rain arrived.",293,0,7,#reelsindia #punefashion #nightoutfit #capsulewardrobe #knitpolo #polostyle #preppystyle,1,56764,25306,44.6,45896,1306,54,28,203,465,16,1591,6.29,0.11,0.8,3.441,1,repeat_outfit:54,love the colour combination,9.3,60,9
17992645597119559,story,9,2023-11-02,20:06,Thu,20,"repeating pieces from my wardrobe again: a satin skirt in deep burgundy for a night out, styled around added one statement accessory. This one made the final cut. I liked how the colours looked against the city backdrop, after sunset.",234,0,8,#baggyfits #satinskirt #eveningstyle #femininefashion #skirtstyle #styleinspo #reelsindia #genzfashion,1,56751,4214,7.4,5010,0,23,0,12,42,4,35,0.83,0.0,0.28,9.524,23,styling_question:23,would this work with flats?,0.0,60,9
17972072535145560,carousel,9,2023-11-02,20:29,Thu,20,"if I had to make a striped button-down work for a work presentation, this is how I would do it: swapped heels for sneakers at the last minute, then ankle boots and chunky earrings. I liked how the colours looked against the city backdrop, for the second half of the day.",270,0,9,#classicstyle #outfitideas #personalstyle #fashioncreator #everydaystyle #fashioncontent #mumbaistyle #dateoutfit #layeringstyle,1,56751,3071,5.4,3806,0,24,0,9,30,3,33,1.07,0.0,0.29,10.0,0,repeat_outfit:24,the proportions are so good,0.0,60,9
17928676283834257,reel,9,2023-11-02,20:35,Thu,20,"the outfit started with a simple white shirt and somehow became my favourite look for a Sunday family lunch; mixed it with something I already owned. this feels much more like real-life fashion than a perfectly styled shoot. This one made the final cut. I liked how the colours looked against the city backdrop, before heading back home.",337,0,10,#fashioncontent #ootdindia #outfitinspiration #styleideas #urbanstyle #indianstreetstyle #casualoutfit #quietluxury #whiteshirt #wardrobestaples,1,56751,3834,6.8,4681,0,9,0,11,38,3,20,0.52,0.0,0.29,7.895,0,styling_question:9,this feels very current,0.0,60,9
17918276477695248,reel,9,2023-11-02,22:40,Thu,22,"not a full trend overhaul, just a rugby shirt in olive for a content shoot; kept the accessories intentionally minimal. I wanted something current without looking like I copied a mood board. This one made the final cut. I liked how the colours looked against the city backdrop, for a casual photo walk.",302,0,11,#stylingtips #ootd #chennaistyle #traveloutfit #scarfstyle #rugbyshirt #preppyfashion #sportystyle #casualstyle #collegestyle #urbanstyle,1,56751,2807,4.9,3099,0,15,0,8,28,2,23,0.82,0.0,0.29,7.143,0,repeat_outfit:15,please do more everyday outfits,0.0,60,9
17984282462320353,reel,9,2023-11-02,22:50,Thu,22,"wore a boxy blazer in soft grey for late class; used the same pieces I wore last week, finished it with ballet flats and a leather belt. I finally understand why this silhouette keeps showing up on my feed. The olive detail was the part I nearly skipped. the look felt casual without becoming sloppy, for the morning.",317,0,9,#blazerstyle #tailoredstyle #smartcasual #streetstyle #workwear #ootd #styleinspo#styleedit #stylefinds,1,56780,39641,69.8,86618,2322,89,22,271,633,17,2704,6.82,0.06,0.68,2.686,1,styling_question:89,saving this for my next brunch,15.0,60,9
17924661849273301,reel,10,2023-11-03,00:10,Fri,0,"today's coffee run outfit was built around a maxi skirt in chocolate brown; played with proportions rather than prints. I almost changed the outfit, then decided the slightly undone look was better. This one made the final cut. the look felt casual without becoming sloppy, for the afternoon.",292,0,8,#skirtstyle #summeroutfits #femininefashion #everydayfashion #fashionreelsindia #indianstyle #wardrobe #fashiondiaries,1,56802,11086,19.5,27811,661,15,6,58,192,4,740,6.68,0.05,0.52,2.083,0,repeat_outfit:15,how would you style this for a wedding?,6.7,88,11
17932371329171689,carousel,10,2023-11-03,02:20,Fri,2,"trying a scarf top for college fest without making the look feel too styled; layered it for the unpredictable weather. the camera makes it look dressier than it felt in real life. This one made the final cut. the look felt casual without becoming sloppy, for golden hour.",271,0,9,#stylingideas #fashionreels #reelsindia #genzfashion #styleblogger #indianfashion #punefashion #festivefashion #coastalstyle,1,56806,44788,78.8,109150,2594,65,43,376,633,29,3078,6.87,0.1,0.84,4.581,4,styling_question:65,the second look is my favourite,13.3,88,11
17999083235427239,reel,10,2023-11-03,09:02,Fri,9,"the plan was simple: a crochet top in cobalt blue, mules, and small sunglasses for airport morning; added a scarf because the outfit needed something softer. the look felt casual without becoming sloppy, for a long day out.",223,0,10,#personalstyle #fashioncreator #everydaystyle #bangalorefashion #weekendstyle #tailoredstyle #crochetstyle #summerknits #handmadefashion #resortstyle,1,56802,4240,7.5,4760,0,12,0,12,42,4,24,0.57,0.0,0.28,9.524,0,repeat_outfit:12,need the jeans link,0.0,88,11
17982779048708294,reel,10,2023-11-03,10:28,Fri,10,"one of those outfits that looked better once I stopped overthinking it: a linen shirt in butter yellow for Sunday brunch, with mixed an Indian piece with western basics. This one made the final cut. the look felt casual without becoming sloppy, for the first coffee run.",270,0,11,#mumbaistyle #brunchoutfit #slowfashion #linenstyle #summerstyle #linenlook #resortwear #minimalstyle #everydaystyle #fashioncontent #ootdindia,1,56802,4132,7.3,4390,0,36,0,12,41,4,48,1.16,0.0,0.29,9.756,0,styling_question:36,okay the bag is everything,0.0,88,11
17948456788324078,reel,10,2023-11-03,10:41,Fri,10,"for office-to-dinner plans, I wanted something current but still practical, so I paired a fitted tank with an oversized shirt with ankle boots and a simple ring stack; I would genuinely repeat this instead of saving it and forgetting about it. the look felt casual without becoming sloppy, for the walk home.",308,0,7,#layeredlook #tanktop #oversizedstyle #streetwearindia #casualstyle #styleideas #urbanstyle,1,56802,3133,5.5,3637,0,13,0,9,31,3,22,0.7,0.0,0.29,9.677,0,repeat_outfit:13,this is exactly my style,0.0,88,11
17955686430319191,reel,10,2023-11-03,10:56,Fri,10,"repeating pieces from my wardrobe again: a handloom kurta in ivory for a last-minute house party, styled around added a belt to give the outfit some shape. This one made the final cut. the look felt casual without becoming sloppy, for a warm evening.",250,0,8,#indianwear #craftsmanship #stylingtips #ootd #styleinspo #fashionindia #desifashion #chennaistyle,1,56802,3505,6.2,3873,0,22,0,10,35,3,32,0.91,0.0,0.29,8.571,0,styling_question:22,this is actually wearable,0.0,88,11
17982574371220892,reel,10,2023-11-03,13:10,Fri,13,"if I had to make a cotton saree work for a rainy commute, this is how I would do it: balanced the oversized shape with a cleaner bottom, then loafers and a canvas tote. The ink black detail was the part I nearly skipped. the look felt casual without becoming sloppy, for the cooler part of the day.",298,0,9,#delhistyle #dateoutfit #oversizedstyle #cottonsaree #sareestyle #indianfashion #contemporarysaree #desifashion #fashionreelsindia,1,56835,21292,37.5,46495,1200,40,36,249,324,16,1525,7.16,0.17,1.17,4.938,0,repeat_outfit:40,this is such a good repeat outfit,5.0,88,11
17931251840225227,image,10,2023-11-03,17:09,Fri,17,"the outfit started with a halter top and somehow became my favourite look for a friend's birthday; repeated an old favourite instead of buying something new. this feels much more like real-life fashion than a perfectly styled shoot. This one made the final cut. the look felt casual without becoming sloppy, before the plans started.",333,0,10,#styleblogger #hyderabadfashion #casualoutfit #statementaccessories #haltertop #eveningstyle #summerfashion #goingoutlook #trendstyle #fashiondiaries,1,56802,3450,6.1,4335,0,10,0,10,34,3,20,0.58,0.0,0.29,8.824,0,styling_question:10,adding this to my outfit board,0.0,88,11
17935654607125841,reel,10,2023-11-03,20:22,Fri,20,"not a full trend overhaul, just a straight-leg jean in forest green for a casual date; went for comfort instead of forcing the trend. I wanted something current without looking like I copied a mood board. This one made the final cut. the look felt casual without becoming sloppy, after the plans changed.",304,0,11,#desimaximalism #straightlegjeans #denimstyle #jeansandate #casualstyle #wardrobestaples #styleblogger #indianfashion #outfitideas #personalstyle #fashioncreator,1,56802,4072,7.2,4801,0,39,0,12,40,4,51,1.25,0.0,0.29,10.0,0,repeat_outfit:39,the shoes made the outfit,0.0,88,11
17901564437189144,reel,10,2023-11-03,22:02,Fri,22,"wore a denim jacket in dusty pink for a family dinner; used a thrifted piece as the hero, finished it with kitten heels and silver hoops. I finally understand why this silhouette keeps showing up on my feed. the look felt casual without becoming sloppy, while travelling.",271,0,7,#denimstyle #streetstyle #casualfashion #fashioncreator #everydaystyle #fashioncontent #ootdindia,1,56802,4090,7.2,4671,0,35,0,12,40,4,47,1.15,0.0,0.29,10.0,0,styling_question:35,where are the trousers from?,0.0,88,11
17971611709507115,reel,10,2023-11-03,23:30,Fri,23,"today's a gallery visit outfit was built around a printed skirt in tomato red; changed only the shoes and it completely shifted the look. I almost changed the outfit, then decided the slightly undone look was better. This one made the final cut. the look felt casual without becoming sloppy, between two meetings.",313,0,8,#outfitinspiration #styleideas #urbanstyle #trendalert #streetstyle #mumbaistyle #collegeoutfit #modernprep,1,56851,47765,84.0,122780,3192,80,76,396,680,25,3744,7.84,0.16,0.83,3.676,1,repeat_outfit:80,the scarf detail is so good,16.7,88,11
17982952865441354,image,10,2023-11-04,02:10,Sat,2,"trying a lightweight trench for a weekend in Goa without making the look feel too styled; made the outfit work for both daytime and evening. the camera makes it look dressier than it felt in real life. This one made the final cut. the look felt casual without becoming sloppy, before dinner.",291,0,9,#styleinspo #fashionindia #indianstreetstyle #festivefashion #linenstyle #trenchcoat #layering #transitionalstyle #citystyle,1,56877,69576,122.3,127781,3871,116,187,557,1344,121,4731,6.8,0.27,0.8,9.003,2,styling_question:116,can you do a budget version?,13.3,215,7
17982789545449084,reel,10,2023-11-04,09:50,Sat,9,"the plan was simple: a relaxed kurta in off-white, ankle boots, and a slim belt for a quick trip to Bengaluru; kept the colours tonal. the look felt casual without becoming sloppy, on the way to brunch.",202,0,10,#desistyle #everydayethnic #fashionindia #desifashion #fashionreelsindia #indianstyle #wardrobe #chennaistyle #weekendstyle #kurta,1,56998,27509,48.3,54036,1532,44,73,216,412,36,1865,6.78,0.27,0.79,8.738,0,repeat_outfit:44,the layering is perfect,15.9,215,7
17966609565683612,reel,10,2023-11-04,10:10,Sat,10,"one of those outfits that looked better once I stopped overthinking it: a vintage tee in sage for a wedding function, with wore it with flats because looking good and being comfortable can coexist. The mustard detail was the part I nearly skipped. This one made the final cut. the look felt casual without becoming sloppy, during a quick city stop.",348,0,11,#graphictee #thriftstyle #streetwear #retrofashion #wardrobe #fashiondiaries #fashionreels #reelsindia #genzfashion #delhistyle #brunchoutfit,1,56877,2672,4.7,3436,0,7,0,8,26,2,15,0.56,0.0,0.3,7.692,0,styling_question:7,where is the shirt from?,0.0,215,7
17905291663863193,carousel,10,2023-11-04,10:13,Sat,10,"for a rooftop dinner, I wanted something current but still practical, so I paired a lightweight bomber with loafers and a vintage watch; I would genuinely repeat this instead of saving it and forgetting about it. the look felt casual without becoming sloppy, before the rain arrived.",283,0,7,#casualfits #genzfashion #styleblogger #indianfashion #outfitideas #personalstyle #hyderabadfashion,1,56877,3341,5.9,4188,0,29,0,10,33,3,39,1.17,0.0,0.3,9.091,0,repeat_outfit:29,love the colour combination,0.0,215,7
17999006367264364,reel,10,2023-11-04,13:20,Sat,13,"repeating pieces from my wardrobe again: a wide-leg trouser in deep burgundy for a movie night, styled around added one statement accessory. This one made the final cut. the look felt casual without becoming sloppy, after sunset.",229,0,10,#widelegpants #widelegtrousers #relaxedtailoring #streetstyle #everydaystyle #personalstyle #fashioncreator #fashioncontent#dailyoutfit #wearitagain,1,57034,9530,16.7,13588,612,13,18,99,190,9,742,7.79,0.19,1.04,4.737,0,styling_question:13,would this work with flats?,23.1,215,7
17967966134455364,image,10,2023-11-04,13:20,Sat,13,"if I had to make a cropped cardigan work for a day of errands, this is how I would do it: swapped heels for sneakers at the last minute, then sneakers and a structured shoulder bag. the look felt casual without becoming sloppy, for the second half of the day.",259,0,9,#bangalorefashion #dateoutfit #layeringstyle #cardiganstyle #layering #preppystyle #knitwear #everydaystyle #ootdindia,1,56877,4524,8.0,5271,0,45,0,13,45,4,58,1.28,0.0,0.29,8.889,45,repeat_outfit:45,the proportions are so good,0.0,215,7
17942317023932549,reel,10,2023-11-04,13:55,Sat,13,"the outfit started with a pleated trouser and somehow became my favourite look for a client meeting; mixed it with something I already owned. this feels much more like real-life fashion than a perfectly styled shoot. This one made the final cut. the look felt casual without becoming sloppy, before heading back home.",317,0,10,#pleatedtrousers #tailoredstyle #smartcasual #menswearinspired #modernclassic #trendalert #streetstyle #stylingtips #ootd #styleinspo,1,56877,2925,5.1,3279,0,14,0,8,29,2,22,0.75,0.0,0.27,6.897,0,styling_question:14,this feels very current,0.0,215,7
17924578724922323,reel,10,2023-11-04,17:00,Sat,17,"not a full trend overhaul, just a cargo trouser in olive for a music gig; kept the accessories intentionally minimal. I wanted something current without looking like I copied a mood board. This one made the final cut. the look felt casual without becoming sloppy, for a casual photo walk.",288,0,11,#baggyfits #streetstyle #styleinspo #fashionindia #desifashion #fashionreelsindia #indianstyle #indianstreetstyle #traveloutfit #scarfstyle #cargopants,10,57043,13479,23.6,20108,809,33,14,122,216,9,978,7.26,0.1,0.91,4.167,0,repeat_outfit:33,please do more everyday outfits,15.2,215,7
17931775688380882,reel,10,2023-11-04,17:24,Sat,17,"wore a structured mini bag in soft grey for a flea market afternoon; used the same pieces I wore last week, finished it with retro trainers and layered necklaces. I finally understand why this silhouette keeps showing up on my feed. I kept the styling deliberately uncomplicated, for the morning.",296,0,7,#wardrobe #fashiondiaries #fashionreels #reelsindia #chennaistyle #workwear #y2kfashion,1,56877,4435,7.8,4798,0,18,0,13,44,4,31,0.7,0.0,0.29,9.091,0,styling_question:18,saving this for my next brunch,0.0,215,7
17927166897168919,story,10,2023-11-04,21:40,Sat,21,"today's a long travel day outfit was built around baggy denim in chocolate brown; played with proportions rather than prints. I almost changed the outfit, then decided the slightly undone look was better. The powder blue detail was the part I nearly skipped. This one made the final cut. I kept the styling deliberately uncomplicated, for the afternoon.",353,0,8,#streetstyle #everydaydenim #reelsindia #genzfashion #styleblogger #indianfashion #outfitideas #delhistyle,1,57052,36720,64.4,74977,2285,58,71,362,728,29,2776,7.56,0.19,0.99,3.984,0,repeat_outfit:58,how would you style this for a wedding?,10.3,215,7
17975438828631392,reel,10,2023-11-04,22:41,Sat,22,"trying a co-ord set for a beach evening without making the look feel too styled; layered it for the unpredictable weather. the camera makes it look dressier than it felt in real life. This one made the final cut. I kept the styling deliberately uncomplicated, for golden hour.",276,0,9,#coastalstyle #coordset #coords #matchingset #summerstyle #easyoutfits #outfitideas #personalstyle #fashioncreator,1,56877,3497,6.1,4091,0,19,0,10,34,3,29,0.83,0.0,0.29,8.824,0,styling_question:19,the second look is my favourite,0.0,215,7
17928568501976660,carousel,10,2023-11-05,10:11,Sun,10,"the plan was simple: a slip dress in cobalt blue, loafers, and a silk scarf for a first-date outfit; added a scarf because the outfit needed something softer. I kept the styling deliberately uncomplicated, for a long day out.",225,0,10,#eveninglook #minimalfashion #dateoutfit #fashioncontent #ootdindia #outfitinspiration #styleideas #urbanstyle #punefashion #weekendstyle,1,57092,2416,4.2,2542,0,26,0,7,24,2,33,1.37,0.0,0.29,8.333,0,repeat_outfit:26,need the jeans link,0.0,69,10
17968368952681770,image,10,2023-11-05,10:21,Sun,10,"one of those outfits that looked better once I stopped overthinking it: a tailored vest in butter yellow for a regular Monday, with mixed an Indian piece with western basics. This one made the final cut. I kept the styling deliberately uncomplicated, for the first coffee run.",276,0,11,#urbanstyle #trendalert #streetstyle #stylingtips #ootd #bangalorefashion #brunchoutfit #slowfashion #tailoredvest #veststyle #suiting,1,57092,3656,6.4,4245,0,14,0,10,36,3,24,0.66,0.0,0.27,8.333,0,styling_question:14,okay the bag is everything,0.0,69,10
17995729165870637,reel,10,2023-11-05,10:42,Sun,10,"for a festive lunch, I wanted something current but still practical, so I paired a knit polo with sneakers and small sunglasses; I would genuinely repeat this instead of saving it and forgetting about it. I kept the styling deliberately uncomplicated, for the walk home.",270,0,7,#desifashion #fashionreelsindia #mumbaistyle #nightoutfit #handloom #knitpolo #polostyle,1,57092,2905,5.1,3445,0,32,0,8,29,2,40,1.38,0.0,0.28,6.897,32,repeat_outfit:32,this is exactly my style,0.0,69,10
17997877664751152,carousel,10,2023-11-05,11:40,Sun,11,"repeating pieces from my wardrobe again: a satin skirt in ivory for a night out, styled around added a belt to give the outfit some shape. This one made the final cut. I kept the styling deliberately uncomplicated, for a warm evening.",234,0,8,#weddinggueststyle #thriftedfashion #satinskirt #eveningstyle #femininefashion #skirtstyle #styleinspo #fashionreelsindia,1,57092,10628,18.6,15180,674,16,11,104,148,6,805,7.57,0.1,0.98,4.054,0,styling_question:16,this is actually wearable,25.0,69,10
17918458993326251,reel,10,2023-11-05,14:00,Sun,14,"if I had to make a striped button-down work for a work presentation, this is how I would do it: balanced the oversized shape with a cleaner bottom, then mules and a simple ring stack. I kept the styling deliberately uncomplicated, for the cooler part of the day.",262,0,9,#buttondown #preppystyle #classicstyle #outfitideas #fashionreels #reelsindia #genzfashion #styleblogger #indianfashion,1,57098,14329,25.1,26943,874,28,30,156,264,13,1088,7.59,0.21,1.09,4.924,0,repeat_outfit:28,this is such a good repeat outfit,7.1,69,10
17995967339618422,reel,10,2023-11-05,17:00,Sun,17,"the outfit started with a simple white shirt and somehow became my favourite look for a Sunday family lunch; repeated an old favourite instead of buying something new. this feels much more like real-life fashion than a perfectly styled shoot. The tomato red detail was the part I nearly skipped. This one made the final cut. I kept the styling deliberately uncomplicated, before the plans started.",397,0,10,#classicfashion #indianfashion #outfitideas #personalstyle #fashioncreator #everydaystyle #delhistyle #casualoutfit #statementaccessories #whiteshirt,1,57111,11692,20.5,30446,638,12,12,76,230,9,738,6.31,0.1,0.65,3.913,0,styling_question:12,adding this to my outfit board,16.7,69,10
17902096206711981,image,10,2023-11-05,17:54,Sun,17,"not a full trend overhaul, just a rugby shirt in forest green for a content shoot; went for comfort instead of forcing the trend. I wanted something current without looking like I copied a mood board. This one made the final cut. I kept the styling deliberately uncomplicated, after the plans changed.",301,0,11,#ootdindia #outfitinspiration #styleideas #hyderabadfashion #traveloutfit #desimaximalism #rugbyshirt #preppyfashion #sportystyle #casualstyle #collegestyle,1,57092,3514,6.2,3824,0,38,0,10,35,3,48,1.37,0.0,0.28,8.571,0,repeat_outfit:38,the shoes made the outfit,0.0,69,10
17960760181760027,reel,10,2023-11-05,19:40,Sun,19,"wore a boxy blazer in dusty pink for late class; used a thrifted piece as the hero, finished it with strappy sandals and chunky earrings. I finally understand why this silhouette keeps showing up on my feed. I kept the styling deliberately uncomplicated, while travelling.",272,0,7,#streetstyle #workwear #styleideas #urbanstyle #trendalert #stylingtips #punefashion,1,57120,20156,35.3,51318,1222,33,11,108,306,6,1374,6.82,0.05,0.54,1.961,0,styling_question:33,where are the trousers from?,12.1,69,10
17900059413389350,reel,10,2023-11-05,20:09,Sun,20,"today's coffee run outfit was built around a maxi skirt in tomato red; changed only the shoes and it completely shifted the look. I almost changed the outfit, then decided the slightly undone look was better. This one made the final cut. I kept the styling deliberately uncomplicated, between two meetings.",306,0,8,#maxiskirt #skirtstyle #summeroutfits #femininefashion #everydayfashion #stylingtips #ootd #styleinspo,1,57092,4030,7.1,4451,0,43,0,12,40,4,55,1.36,0.0,0.3,10.0,0,repeat_outfit:43,the scarf detail is so good,0.0,69,10
17928453767817735,reel,10,2023-11-05,20:12,Sun,20,"trying a scarf top for college fest without making the look feel too styled; made the outfit work for both daytime and evening. the camera makes it look dressier than it felt in real life. This one made the final cut. I kept the styling deliberately uncomplicated, before dinner.",279,0,9,#2026fashion #stylingideas #desifashion #fashionreelsindia #indianstyle #wardrobe #fashiondiaries #mumbaistyle #festivefashion,1,57092,3476,6.1,3963,0,8,0,10,34,3,18,0.52,0.0,0.29,8.824,0,styling_question:8,can you do a budget version?,0.0,69,10
17955136141967854,carousel,10,2023-11-05,20:40,Sun,20,"the plan was simple: a crochet top in off-white, sneakers, and a leather belt for airport morning; kept the colours tonal. I kept the styling deliberately uncomplicated, on the way to brunch.",191,0,10,#fashionreels #reelsindia #genzfashion #styleblogger #indianstreetstyle #weekendstyle #indowestern #crochetstyle #summerknits #handmadefashion,1,57092,2562,4.5,2713,0,30,0,7,25,2,37,1.44,0.0,0.27,8.0,0,repeat_outfit:30,the layering is perfect,0.0,69,10
17959813002233137,reel,10,2023-11-05,20:58,Sun,20,"one of those outfits that looked better once I stopped overthinking it: a linen shirt in sage for Sunday brunch, with wore it with flats because looking good and being comfortable can coexist. This one made the final cut. I kept the styling deliberately uncomplicated, during a quick city stop.",294,0,11,#indianfashion #outfitideas #personalstyle #fashioncreator #chennaistyle #brunchoutfit #linenstyle #summerstyle #linenlook #resortwear #minimalstyle,1,57092,4036,7.1,5059,0,46,0,12,40,4,58,1.44,0.0,0.3,10.0,0,styling_question:46,where is the shirt from?,0.0,69,10
17966992486180231,image,10,2023-11-05,21:10,Sun,21,"for office-to-dinner plans, I wanted something current but still practical, so I paired a fitted tank with an oversized shirt with mules and a slim belt; I would genuinely repeat this instead of saving it and forgetting about it. The butter yellow detail was the part I nearly skipped. I kept the styling deliberately uncomplicated, before the rain arrived.",357,0,7,#capsulewardrobe #layeredlook #tanktop #oversizedstyle #streetwearindia #casualstyle #fashioncreator,1,57126,25312,44.3,67354,1306,40,33,248,348,14,1627,6.43,0.13,0.98,4.023,0,repeat_outfit:40,love the colour combination,7.5,69,10
17944065391290963,story,10,2023-11-05,22:26,Sun,22,"repeating pieces from my wardrobe again: a handloom kurta in deep burgundy for a last-minute house party, styled around added one statement accessory. This one made the final cut. I kept the styling deliberately uncomplicated, after sunset.",240,0,8,#slowfashion #indianwear #craftsmanship #outfitinspiration #styleideas #urbanstyle #trendalert #streetstyle,1,57092,3861,6.8,4722,0,30,0,11,38,3,41,1.06,0.0,0.28,7.895,0,styling_question:30,would this work with flats?,0.0,69,10
17955753997683281,carousel,10,2023-11-05,22:28,Sun,22,"if I had to make a cotton saree work for a rainy commute, this is how I would do it: swapped heels for sneakers at the last minute, then ankle boots and a vintage watch. I kept the styling deliberately uncomplicated, for the second half of the day.",248,0,9,#streetstyle #stylingtips #ootd #styleinspo #fashionindia #punefashion #dateoutfit #layeringstyle #cottonsaree,1,57092,3324,5.8,3594,0,22,0,9,33,3,31,0.93,0.0,0.27,9.091,0,repeat_outfit:22,the proportions are so good,0.0,69,10
17958612153496926,reel,10,2023-11-05,22:34,Sun,22,"the outfit started with a halter top and somehow became my favourite look for a friend's birthday; mixed it with something I already owned. this feels much more like real-life fashion than a perfectly styled shoot. This one made the final cut. I kept the styling deliberately uncomplicated, before heading back home.",316,0,10,#indianstyle #wardrobe #bangalorefashion #casualoutfit #quietluxury #haltertop #eveningstyle #summerfashion #goingoutlook #trendstyle,1,57092,2840,5.0,3219,0,28,0,8,28,2,36,1.27,0.0,0.28,7.143,28,styling_question:28,this feels very current,0.0,69,10
17916408400713018,carousel,10,2023-11-06,01:20,Mon,1,"not a full trend overhaul, just a straight-leg jean in olive for a casual date; kept the accessories intentionally minimal. I wanted something current without looking like I copied a mood board. This one made the final cut. I kept the styling deliberately uncomplicated, for a casual photo walk.",295,0,11,#traveloutfit #scarfstyle #straightlegjeans #denimstyle #jeansandate #casualstyle #wardrobestaples #wardrobe #fashiondiaries #fashionreels #reelsindia,1,57153,32053,56.1,85095,2085,86,37,319,550,24,2527,7.88,0.12,1.0,4.364,1,repeat_outfit:86,please do more everyday outfits,15.0,100,12
17907825963241192,reel,10,2023-11-06,02:50,Mon,2,"wore a denim jacket in soft grey for a family dinner; used the same pieces I wore last week, finished it with ballet flats and a canvas tote. I finally understand why this silhouette keeps showing up on my feed. the accessories were chosen five minutes before leaving, for the morning.",285,0,7,#layeringseason #denimstyle #streetstyle #casualfashion #genzfashion #styleblogger #indianfashion,1,57177,12289,21.5,34405,684,17,5,68,237,5,774,6.3,0.04,0.55,2.11,0,styling_question:17,saving this for my next brunch,5.9,100,12
17965509783274110,carousel,10,2023-11-06,11:00,Mon,11,"today's a gallery visit outfit was built around a printed skirt in chocolate brown; played with proportions rather than prints. I almost changed the outfit, then decided the slightly undone look was better. This one made the final cut. the accessories were chosen five minutes before leaving, for the afternoon.",311,0,8,#fashionreels #personalstyle #fashioncreator #everydaystyle #fashioncontent #ootdindia #chennaistyle #collegeoutfit,1,57182,6074,10.6,8166,391,13,7,78,107,4,489,8.05,0.12,1.28,3.738,0,repeat_outfit:13,how would you style this for a wedding?,7.7,100,12
17954649921384869,reel,10,2023-11-06,13:25,Mon,13,"trying a lightweight trench for a weekend in Goa without making the look feel too styled; layered it for the unpredictable weather. the camera makes it look dressier than it felt in real life. The cream detail was the part I nearly skipped. This one made the final cut. the accessories were chosen five minutes before leaving, for golden hour.",343,0,9,#styleideas #urbanstyle #trendalert #delhistyle #festivefashion #coastalstyle #trenchcoat #layering #transitionalstyle,1,57153,2291,4.0,2545,0,17,0,6,22,2,23,1.0,0.0,0.26,9.091,0,styling_question:17,the second look is my favourite,0.0,100,12
17973362162913066,reel,10,2023-11-06,13:52,Mon,13,"the plan was simple: a relaxed kurta in cobalt blue, mules, and silver hoops for a quick trip to Bengaluru; added a scarf because the outfit needed something softer. the accessories were chosen five minutes before leaving, for a long day out.",242,0,10,#hyderabadfashion #weekendstyle #tailoredstyle #kurta #indianwear #indowestern #desistyle #everydayethnic #trendalert #streetstyle,1,57153,4451,7.8,5586,0,52,0,13,44,4,65,1.46,0.0,0.29,9.091,0,repeat_outfit:52,need the jeans link,0.0,100,12
17984713999643981,reel,10,2023-11-06,13:56,Mon,13,"one of those outfits that looked better once I stopped overthinking it: a vintage tee in butter yellow for a wedding function, with mixed an Indian piece with western basics. This one made the final cut. the accessories were chosen five minutes before leaving, for the first coffee run.",286,0,11,#vintagestyle #graphictee #thriftstyle #streetwear #retrofashion #styleinspo #fashionindia #desifashion #fashionreelsindia #indianstyle #punefashion,1,57153,2477,4.3,2683,0,14,0,7,24,2,21,0.85,0.0,0.28,8.333,0,styling_question:14,okay the bag is everything,0.0,100,12
17983310043524734,carousel,10,2023-11-06,13:58,Mon,13,"for a rooftop dinner, I wanted something current but still practical, so I paired a lightweight bomber with ankle boots and a silk scarf; I would genuinely repeat this instead of saving it and forgetting about it. the accessories were chosen five minutes before leaving, for the walk home.",289,0,7,#urbanstyle #casualfits #indianstyle #wardrobe #fashiondiaries #fashionreels #reelsindia,1,57153,2312,4.0,2965,0,23,0,6,23,2,29,1.25,0.0,0.26,8.696,0,repeat_outfit:23,this is exactly my style,0.0,100,12
17929795076049704,carousel,10,2023-11-06,20:10,Mon,20,"repeating pieces from my wardrobe again: a wide-leg trouser in ivory for a movie night, styled around added a belt to give the outfit some shape. This one made the final cut. the accessories were chosen five minutes before leaving, for a warm evening.",251,0,8,#genzfashion #styleblogger #indianfashion #outfitideas #mumbaistyle #weddinggueststyle #thriftedfashion #widelegpants,1,57153,2351,4.1,2497,0,26,0,7,23,2,33,1.4,0.0,0.3,8.696,0,styling_question:26,this is actually wearable,0.0,100,12
17930738975218883,reel,10,2023-11-06,21:50,Mon,21,"if I had to make a cropped cardigan work for a day of errands, this is how I would do it: balanced the oversized shape with a cleaner bottom, then loafers and small sunglasses. the accessories were chosen five minutes before leaving, for the cooler part of the day.",265,0,9,#indianstreetstyle #dateoutfit #oversizedstyle #cardiganstyle #layering #preppystyle #knitwear #everydaystyle #outfitideas,1,57186,18956,33.1,42603,1295,31,20,258,309,11,1604,8.46,0.11,1.36,3.56,1,repeat_outfit:31,this is such a good repeat outfit,3.2,100,12
17937132368506305,reel,10,2023-11-06,22:09,Mon,22,"the outfit started with a pleated trouser and somehow became my favourite look for a client meeting; repeated an old favourite instead of buying something new. this feels much more like real-life fashion than a perfectly styled shoot. This one made the final cut. the accessories were chosen five minutes before leaving, before the plans started.",346,0,10,#statementaccessories #pleatedtrousers #tailoredstyle #smartcasual #menswearinspired #modernclassic #fashioncontent #ootdindia #outfitinspiration #styleideas,1,57153,4073,7.1,4730,0,23,0,12,40,4,35,0.86,0.0,0.29,10.0,0,styling_question:23,adding this to my outfit board,0.0,100,12
17923662429085481,reel,10,2023-11-06,22:39,Mon,22,"not a full trend overhaul, just a cargo trouser in forest green for a music gig; went for comfort instead of forcing the trend. I wanted something current without looking like I copied a mood board. The dusty pink detail was the part I nearly skipped. This one made the final cut. the accessories were chosen five minutes before leaving, after the plans changed.",362,0,11,#baggyfits #streetstyle #urbanstyle #trendalert #stylingtips #ootd #delhistyle #traveloutfit #desimaximalism #cargopants #streetwearindia,1,57153,2496,4.4,2961,0,23,0,7,24,2,30,1.2,0.0,0.28,8.333,0,repeat_outfit:23,the shoes made the outfit,0.0,100,12
17909995746441902,carousel,10,2023-11-06,22:40,Mon,22,"wore a structured mini bag in dusty pink for a flea market afternoon; used a thrifted piece as the hero, finished it with kitten heels and a structured shoulder bag. I finally understand why this silhouette keeps showing up on my feed. the accessories were chosen five minutes before leaving, while travelling.",310,0,7,#ootd #styleinspo #fashionindia #desifashion #fashionreelsindia #hyderabadfashion #workwear,1,57197,19699,34.4,30758,1062,29,33,187,329,17,1311,6.66,0.17,0.95,5.167,0,styling_question:29,where are the trousers from?,6.9,100,12
17979402741414382,carousel,10,2023-11-06,23:00,Mon,23,"today's a long travel day outfit was built around baggy denim in tomato red; changed only the shoes and it completely shifted the look. I almost changed the outfit, then decided the slightly undone look was better. This one made the final cut. the accessories were chosen five minutes before leaving, between two meetings.",322,0,8,#fashiondiaries #fashionreels #punefashion #collegeoutfit #modernprep #baggyjeans #denimstyle #denimfit,1,57214,54047,94.5,144536,2802,62,58,472,1004,33,3394,6.28,0.11,0.87,3.287,1,repeat_outfit:62,the scarf detail is so good,13.3,100,12
17990429476151243,reel,10,2023-11-07,09:33,Tue,9,"trying a co-ord set for a beach evening without making the look feel too styled; made the outfit work for both daytime and evening. the camera makes it look dressier than it felt in real life. This one made the final cut. the accessories were chosen five minutes before leaving, before dinner.",293,0,9,#festivefashion #linenstyle #coordset #coords #matchingset #summerstyle #easyoutfits #fashionreels #reelsindia,1,57242,2960,5.2,3524,0,23,0,8,29,2,31,1.05,0.0,0.27,6.897,23,styling_question:23,can you do a budget version?,0.0,72,9
17915991851356410,carousel,10,2023-11-07,09:47,Tue,9,"the plan was simple: a slip dress in off-white, ankle boots, and layered necklaces for a first-date outfit; kept the colours tonal. the accessories were chosen five minutes before leaving, on the way to brunch.",210,0,10,#dressstyle #eveninglook #minimalfashion #dateoutfit #indianfashion #outfitideas #personalstyle #fashioncreator #everydaystyle #mumbaistyle,1,57242,2494,4.4,3073,0,6,0,7,24,2,13,0.52,0.0,0.28,8.333,0,repeat_outfit:6,the layering is perfect,0.0,72,9
17990108198980211,carousel,10,2023-11-07,09:50,Tue,9,"one of those outfits that looked better once I stopped overthinking it: a tailored vest in sage for a regular Monday, with wore it with flats because looking good and being comfortable can coexist. This one made the final cut. the accessories were chosen five minutes before leaving, during a quick city stop.",309,0,11,#minimalfashion #everydaystyle #fashioncontent #ootdindia #outfitinspiration #styleideas #indianstreetstyle #brunchoutfit #resortwear #tailoredvest #veststyle,1,57242,8901,15.5,12692,580,20,13,102,171,7,715,8.03,0.15,1.15,4.094,1,styling_question:20,where is the shirt from?,20.0,72,9
17902895860411703,reel,10,2023-11-07,09:53,Tue,9,"for a festive lunch, I wanted something current but still practical, so I paired a knit polo with loafers and a leather belt; I would genuinely repeat this instead of saving it and forgetting about it. the accessories were chosen five minutes before leaving, before the rain arrived.",283,0,7,#trendalert #streetstyle #stylingtips #chennaistyle #nightoutfit #capsulewardrobe #knitpolo,1,57242,3333,5.8,3525,0,22,0,9,33,3,31,0.93,0.0,0.27,9.091,0,repeat_outfit:22,love the colour combination,0.0,72,9
17958842240395849,carousel,10,2023-11-07,10:14,Tue,10,"repeating pieces from my wardrobe again: a satin skirt in deep burgundy for a night out, styled around added one statement accessory. The cobalt blue detail was the part I nearly skipped. This one made the final cut. the accessories were chosen five minutes before leaving, after sunset.",287,0,10,#satinskirt #eveningstyle #femininefashion #skirtstyle #styleinspo #stylingtips #ootd #fashionindia#dailyoutfit #wearitagain,1,57242,3601,6.3,4476,0,7,0,10,36,3,17,0.47,0.0,0.28,8.333,7,styling_question:7,would this work with flats?,0.0,72,9
17953012394644847,carousel,10,2023-11-07,13:23,Tue,13,"if I had to make a striped button-down work for a work presentation, this is how I would do it: swapped heels for sneakers at the last minute, then sneakers and a slim belt. the accessories were chosen five minutes before leaving, for the second half of the day.",262,0,9,#stripedshirt #buttondown #preppystyle #classicstyle #outfitideas #desifashion #fashionreelsindia #indianstyle #wardrobe,1,57242,3384,5.9,4075,0,38,0,10,33,3,48,1.42,0.0,0.3,9.091,0,repeat_outfit:38,the proportions are so good,0.0,72,9
17965024969313601,story,10,2023-11-07,13:30,Tue,13,"the outfit started with a simple white shirt and somehow became my favourite look for a Sunday family lunch; mixed it with something I already owned. this feels much more like real-life fashion than a perfectly styled shoot. This one made the final cut. the accessories were chosen five minutes before leaving, before heading back home.",336,0,10,#minimalstyle #classicfashion #fashiondiaries #fashionreels #reelsindia #genzfashion #styleblogger #punefashion #casualoutfit #quietluxury,1,57249,15703,27.4,30420,1004,22,20,133,280,9,1179,7.51,0.13,0.85,3.214,0,styling_question:22,this feels very current,4.5,72,9
17951289340774772,reel,10,2023-11-07,14:20,Tue,14,"not a full trend overhaul, just a rugby shirt in olive for a content shoot; kept the accessories intentionally minimal. I wanted something current without looking like I copied a mood board. This one made the final cut. the accessories were chosen five minutes before leaving, for a casual photo walk.",301,0,11,#indianfashion #outfitideas #personalstyle #fashioncreator #bangalorefashion #traveloutfit #scarfstyle #rugbyshirt #preppyfashion #sportystyle #casualstyle,1,57258,9532,16.6,14624,486,11,5,65,132,4,567,5.95,0.05,0.68,3.03,0,repeat_outfit:11,please do more everyday outfits,0.0,72,9
17993634019355682,reel,10,2023-11-07,17:04,Tue,17,"wore a boxy blazer in soft grey for late class; used the same pieces I wore last week, finished it with retro trainers and a simple ring stack. I finally understand why this silhouette keeps showing up on my feed. I wore this longer than I expected to, for the morning.",269,0,11,#blazerstyle #tailoredstyle #smartcasual #streetstyle #workwear #fashioncreator #everydaystyle#styleedit #stylefinds #styleedit #closetdiary,1,57242,2841,5.0,3029,0,31,0,8,28,2,39,1.37,0.0,0.28,7.143,0,styling_question:31,saving this for my next brunch,0.0,72,9
17919638645964664,reel,10,2023-11-07,17:20,Tue,17,"today's coffee run outfit was built around a maxi skirt in chocolate brown; played with proportions rather than prints. I almost changed the outfit, then decided the slightly undone look was better. This one made the final cut. I wore this longer than I expected to, for the afternoon.",285,0,8,#denimstyle #maxiskirt #skirtstyle #summeroutfits #femininefashion #everydayfashion #outfitinspiration #styleideas,1,57262,11891,20.8,15117,813,20,16,144,185,7,993,8.35,0.13,1.21,3.784,0,repeat_outfit:20,how would you style this for a wedding?,10.0,72,9
17932374328612052,reel,10,2023-11-07,19:50,Tue,19,"trying a scarf top for college fest without making the look feel too styled; layered it for the unpredictable weather. the camera makes it look dressier than it felt in real life. This one made the final cut. I wore this longer than I expected to, for golden hour.",264,0,9,#silkstyle #2026fashion #stylingideas #streetstyle #stylingtips #ootd #styleinspo #fashionindia #chennaistyle,1,57269,21278,37.2,59558,1216,32,10,185,399,12,1443,6.78,0.05,0.87,3.008,3,styling_question:32,the second look is my favourite,9.4,72,9
17948149791025068,image,10,2023-11-07,20:01,Tue,20,"the plan was simple: a crochet top in cobalt blue, loafers, and chunky earrings for airport morning; added a scarf because the outfit needed something softer. The deep burgundy detail was the part I nearly skipped. I wore this longer than I expected to, for a long day out.",273,0,10,#fashionindia #desifashion #fashionreelsindia #indianstyle #wardrobe #delhistyle #weekendstyle #tailoredstyle #crochetstyle #summerknits,1,57242,3194,5.6,3590,0,15,0,9,31,3,24,0.75,0.0,0.28,9.677,0,repeat_outfit:15,need the jeans link,0.0,72,9
17924911430808006,reel,10,2023-11-07,20:18,Tue,20,"one of those outfits that looked better once I stopped overthinking it: a linen shirt in butter yellow for Sunday brunch, with mixed an Indian piece with western basics. This one made the final cut. I wore this longer than I expected to, for the first coffee run.",263,0,11,#reelsindia #genzfashion #hyderabadfashion #brunchoutfit #slowfashion #linenstyle #summerstyle #linenlook #resortwear #minimalstyle #wardrobe,1,57242,4347,7.6,4868,0,37,0,13,43,4,50,1.15,0.0,0.3,9.302,0,styling_question:37,okay the bag is everything,0.0,72,9
17945568263134468,reel,10,2023-11-07,20:42,Tue,20,"for office-to-dinner plans, I wanted something current but still practical, so I paired a fitted tank with an oversized shirt with sneakers and silver hoops; I would genuinely repeat this instead of saving it and forgetting about it. I wore this longer than I expected to, for the walk home.",291,0,8,#nightoutfit #handloom #layeredlook #tanktop #oversizedstyle #streetwearindia #casualstyle#styleedit,1,57242,4321,7.5,4547,0,11,0,12,43,4,23,0.53,0.0,0.28,9.302,11,repeat_outfit:11,this is exactly my style,0.0,72,9
17902263407035659,carousel,10,2023-11-07,20:43,Tue,20,"repeating pieces from my wardrobe again: a handloom kurta in ivory for a last-minute house party, styled around added a belt to give the outfit some shape. This one made the final cut. I wore this longer than I expected to, for a warm evening.",243,0,8,#indiantextiles #slowfashion #indianwear #craftsmanship #personalstyle #fashioncreator #everydaystyle #fashioncontent,1,57242,3405,5.9,3710,0,36,0,10,34,3,46,1.35,0.0,0.29,8.824,36,styling_question:36,this is actually wearable,0.0,72,9
17998584111283801,reel,10,2023-11-07,22:44,Tue,22,"if I had to make a cotton saree work for a rainy commute, this is how I would do it: balanced the oversized shape with a cleaner bottom, then mules and a silk scarf. I wore this longer than I expected to, for the cooler part of the day.",236,0,9,#desifashion #ootdindia #outfitinspiration #styleideas #urbanstyle #trendalert #mumbaistyle #dateoutfit #oversizedstyle,1,57242,3044,5.3,3653,0,7,0,9,30,3,16,0.53,0.0,0.3,10.0,0,repeat_outfit:7,this is such a good repeat outfit,0.0,72,9
17926582442388765,reel,10,2023-11-07,22:45,Tue,22,"the outfit started with a halter top and somehow became my favourite look for a friend's birthday; repeated an old favourite instead of buying something new. this feels much more like real-life fashion than a perfectly styled shoot. This one made the final cut. I wore this longer than I expected to, before the plans started.",326,0,10,#stylingtips #ootd #styleinspo #indianstreetstyle #casualoutfit #statementaccessories #haltertop #eveningstyle #summerfashion #goingoutlook,1,57242,2938,5.1,3681,0,11,0,8,29,2,19,0.65,0.0,0.27,6.897,0,styling_question:11,adding this to my outfit board,0.0,72,9
17934898242452563,reel,10,2023-11-07,23:20,Tue,23,"not a full trend overhaul, just a straight-leg jean in forest green for a casual date; went for comfort instead of forcing the trend. I wanted something current without looking like I copied a mood board. This one made the final cut. I wore this longer than I expected to, after the plans changed.",297,0,11,#chennaistyle #traveloutfit #desimaximalism #straightlegjeans #denimstyle #jeansandate #casualstyle #wardrobestaples #styleinspo #fashionindia #desifashion,1,57281,16271,28.4,29513,1055,29,8,151,287,8,1243,7.64,0.05,0.93,2.787,2,repeat_outfit:29,the shoes made the outfit,10.3,72,9
17951251896610117,reel,10,2023-11-08,00:50,Wed,0,"wore a denim jacket in dusty pink for a family dinner; used a thrifted piece as the hero, finished it with strappy sandals and a vintage watch. I finally understand why this silhouette keeps showing up on my feed. The forest green detail was the part I nearly skipped. I wore this longer than I expected to, while travelling.",325,0,7,#denimjacket #layeringseason #denimstyle #streetstyle #casualfashion #indianstyle #wardrobe,1,57297,26154,45.6,72160,1476,59,66,145,368,10,1746,6.68,0.25,0.55,2.717,0,styling_question:59,where are the trousers from?,8.5,425,12
17903874297842344,carousel,10,2023-11-08,01:20,Wed,1,"today's a gallery visit outfit was built around a printed skirt in tomato red; changed only the shoes and it completely shifted the look. I almost changed the outfit, then decided the slightly undone look was better. This one made the final cut. I wore this longer than I expected to, between two meetings.",306,0,8,#outfitinspo #fashionreels #reelsindia #genzfashion #styleblogger #indianfashion #outfitideas #hyderabadfashion,1,57307,30172,52.6,74482,1821,35,19,253,490,15,2128,7.05,0.06,0.84,3.061,0,repeat_outfit:35,the scarf detail is so good,11.4,425,12
17993967785135821,reel,10,2023-11-08,10:29,Wed,10,"trying a lightweight trench for a weekend in Goa without making the look feel too styled; made the outfit work for both daytime and evening. the camera makes it look dressier than it felt in real life. This one made the final cut. I wore this longer than I expected to, before dinner.",284,0,9,#personalstyle #fashioncreator #everydaystyle #fashioncontent #punefashion #festivefashion #linenstyle #trenchcoat #layering,1,57297,3595,6.3,4561,0,11,0,10,35,3,21,0.58,0.0,0.28,8.571,0,styling_question:11,can you do a budget version?,0.0,425,12
17965773476154673,reel,10,2023-11-08,10:38,Wed,10,"the plan was simple: a relaxed kurta in off-white, sneakers, and a canvas tote for a quick trip to Bengaluru; kept the colours tonal. I wore this longer than I expected to, on the way to brunch.",194,0,10,#desistyle #everydayethnic #fashioncontent #ootdindia #outfitinspiration #styleideas #urbanstyle #bangalorefashion #weekendstyle #kurta,1,57297,3304,5.8,3955,0,12,0,9,33,3,21,0.64,0.0,0.27,9.091,0,repeat_outfit:12,the layering is perfect,0.0,425,12
17939358703404015,reel,10,2023-11-08,10:44,Wed,10,"one of those outfits that looked better once I stopped overthinking it: a vintage tee in sage for a wedding function, with wore it with flats because looking good and being comfortable can coexist. This one made the final cut. I wore this longer than I expected to, during a quick city stop.",291,0,11,#resortwear #vintagestyle #graphictee #thriftstyle #streetwear #retrofashion #urbanstyle #trendalert #streetstyle #stylingtips #ootd,1,57297,3720,6.5,4325,0,40,0,11,37,3,51,1.37,0.0,0.3,8.108,0,styling_question:40,where is the shirt from?,0.0,425,12
17985066221668208,reel,10,2023-11-08,10:59,Wed,10,"for a rooftop dinner, I wanted something current but still practical, so I paired a lightweight bomber with mules and layered necklaces; I would genuinely repeat this instead of saving it and forgetting about it. I wore this longer than I expected to, before the rain arrived.",276,0,7,#layeringstyle #urbanstyle #casualfits #ootd #styleinspo #fashionindia #desifashion,1,57297,3053,5.3,3831,0,27,0,9,30,3,36,1.18,0.0,0.29,10.0,0,repeat_outfit:27,love the colour combination,0.0,425,12
17956595264759816,reel,10,2023-11-08,11:20,Wed,11,"repeating pieces from my wardrobe again: a wide-leg trouser in deep burgundy for a movie night, styled around added one statement accessory. This one made the final cut. I wore this longer than I expected to, after sunset.",222,0,8,#fashionreelsindia #indianstyle #wardrobe #fashiondiaries #fashionreels #chennaistyle #weddinggueststyle #baggyfits,9,57322,3225,5.6,4428,166,3,1,18,50,1,188,5.83,0.03,0.56,2.0,0,styling_question:3,would this work with flats?,0.0,425,12
17966526675280318,reel,10,2023-11-08,13:14,Wed,13,"if I had to make a cropped cardigan work for a day of errands, this is how I would do it: swapped heels for sneakers at the last minute, then ankle boots and a leather belt. The cherry red detail was the part I nearly skipped. I wore this longer than I expected to, for the second half of the day.",297,0,9,#styleblogger #indianfashion #delhistyle #dateoutfit #layeringstyle #cardiganstyle #layering #preppystyle #knitwear,1,57297,2999,5.2,3728,0,12,0,8,29,2,20,0.67,0.0,0.27,6.897,0,repeat_outfit:12,the proportions are so good,0.0,425,12
17991003429803595,story,10,2023-11-08,14:10,Wed,14,"the outfit started with a pleated trouser and somehow became my favourite look for a client meeting; mixed it with something I already owned. this feels much more like real-life fashion than a perfectly styled shoot. This one made the final cut. I wore this longer than I expected to, before heading back home.",310,0,10,#casualoutfit #quietluxury #pleatedtrousers #tailoredstyle #smartcasual #menswearinspired #modernclassic #indianfashion #outfitideas #personalstyle,1,57323,75284,131.3,188339,4538,182,258,806,1136,99,5784,7.68,0.34,1.07,8.715,1,styling_question:182,this feels very current,11.7,425,12
17963425967840266,reel,10,2023-11-08,17:20,Wed,17,"not a full trend overhaul, just a cargo trouser in olive for a music gig; kept the accessories intentionally minimal. I wanted something current without looking like I copied a mood board. This one made the final cut. I wore this longer than I expected to, for a casual photo walk.",281,0,11,#streetwearindia #utilitystyle #baggyfits #streetstyle #everydaystyle #fashioncontent #ootdindia #outfitinspiration #styleideas #punefashion #traveloutfit,1,57297,2929,5.1,3467,0,28,0,8,29,2,36,1.23,0.0,0.27,6.897,0,repeat_outfit:28,please do more everyday outfits,0.0,425,12
17929363990579269,carousel,10,2023-11-08,17:42,Wed,17,"wore a structured mini bag in soft grey for a flea market afternoon; used the same pieces I wore last week, finished it with ballet flats and small sunglasses. I finally understand why this silhouette keeps showing up on my feed. the fit was comfortable enough for a full day, for the morning.",293,0,7,#fashiondetails #styleideas #urbanstyle #trendalert #streetstyle #stylingtips #bangalorefashion,1,57297,4297,7.5,4980,0,43,0,12,42,4,55,1.28,0.0,0.28,9.524,0,styling_question:43,saving this for my next brunch,0.0,425,12
17971216903750045,carousel,10,2023-11-08,17:54,Wed,17,"today's a long travel day outfit was built around baggy denim in chocolate brown; played with proportions rather than prints. I almost changed the outfit, then decided the slightly undone look was better. This one made the final cut. the fit was comfortable enough for a full day, for the afternoon.",299,0,8,#streetstyle #everydaydenim #stylingtips #ootd #styleinspo #fashionindia #desifashion #mumbaistyle,1,57297,4080,7.1,4346,0,27,0,12,40,4,39,0.96,0.0,0.29,10.0,0,repeat_outfit:27,how would you style this for a wedding?,0.0,425,12
17905035582609350,image,10,2023-11-08,20:35,Wed,20,"trying a co-ord set for a beach evening without making the look feel too styled; layered it for the unpredictable weather. the camera makes it look dressier than it felt in real life. This one made the final cut. the fit was comfortable enough for a full day, for golden hour.",276,0,9,#indianstreetstyle #festivefashion #coastalstyle #coordset #coords #matchingset #summerstyle #easyoutfits #desifashion,1,57297,3965,6.9,4201,0,11,0,11,39,3,22,0.55,0.0,0.28,7.692,0,styling_question:11,the second look is my favourite,0.0,425,12
17913225327960621,carousel,10,2023-11-08,20:38,Wed,20,"the plan was simple: a slip dress in cobalt blue, mules, and a structured shoulder bag for a first-date outfit; added a scarf because the outfit needed something softer. the fit was comfortable enough for a full day, for a long day out.",236,0,10,#slipdress #dressstyle #eveninglook #minimalfashion #dateoutfit #fashiondiaries #fashionreels #reelsindia #genzfashion #styleblogger,1,57297,2647,4.6,3038,0,28,0,7,26,2,35,1.32,0.0,0.26,7.692,0,repeat_outfit:28,need the jeans link,0.0,425,12
17981080110033283,reel,10,2023-11-08,21:10,Wed,21,"one of those outfits that looked better once I stopped overthinking it: a tailored vest in butter yellow for a regular Monday, with mixed an Indian piece with western basics. The terracotta detail was the part I nearly skipped. This one made the final cut. the fit was comfortable enough for a full day, for the first coffee run.",329,0,11,#modernstyle #minimalfashion #styleblogger #indianfashion #outfitideas #personalstyle #fashioncreator #delhistyle #brunchoutfit #slowfashion #tailoredvest,1,57422,60862,106.0,125124,3628,144,198,574,1192,87,4544,7.47,0.33,0.94,7.299,1,styling_question:144,okay the bag is everything,11.7,425,12
17967828650719938,story,10,2023-11-08,22:20,Wed,22,"for a festive lunch, I wanted something current but still practical, so I paired a knit polo with ankle boots and chunky earrings; I would genuinely repeat this instead of saving it and forgetting about it. the fit was comfortable enough for a full day, for the walk home.",272,0,7,#everydaystyle #fashioncontent #ootdindia #outfitinspiration #hyderabadfashion #nightoutfit #handloom,1,57509,76567,133.1,167937,4046,98,180,526,1155,100,4850,6.33,0.24,0.69,8.658,0,repeat_outfit:98,this is exactly my style,10.0,425,12
17975873950118269,reel,10,2023-11-08,23:10,Wed,23,"repeating pieces from my wardrobe again: a satin skirt in ivory for a night out, styled around added a belt to give the outfit some shape. This one made the final cut. the fit was comfortable enough for a full day, for a warm evening.",234,0,8,#streetstyle #punefashion #weddinggueststyle #thriftedfashion #satinskirt #eveningstyle #femininefashion #skirtstyle,1,57609,66986,116.3,166427,3617,98,183,462,1027,96,4360,6.51,0.27,0.69,9.348,0,styling_question:98,this is actually wearable,15.0,425,12
17950873360020458,reel,10,2023-11-09,00:30,Thu,0,"if I had to make a striped button-down work for a work presentation, this is how I would do it: balanced the oversized shape with a cleaner bottom, then loafers and silver hoops. the fit was comfortable enough for a full day, for the cooler part of the day.",257,0,9,#oversizedstyle #stripedshirt #buttondown #preppystyle #classicstyle #outfitideas #streetstyle #stylingtips #ootd,1,57708,35812,62.1,95386,2200,51,22,232,590,20,2505,6.99,0.06,0.65,3.39,1,repeat_outfit:51,this is such a good repeat outfit,21.6,67,11
17999529872778100,reel,10,2023-11-09,02:30,Thu,2,"the outfit started with a simple white shirt and somehow became my favourite look for a Sunday family lunch; repeated an old favourite instead of buying something new. this feels much more like real-life fashion than a perfectly styled shoot. This one made the final cut. the fit was comfortable enough for a full day, before the plans started.",344,0,10,#capsulewardrobe #minimalstyle #classicfashion #fashionindia #desifashion #fashionreelsindia #indianstyle #wardrobe #mumbaistyle #casualoutfit,1,57728,21044,36.5,37918,1151,30,12,147,402,12,1340,6.37,0.06,0.7,2.985,1,styling_question:30,adding this to my outfit board,6.7,67,11
17982882906964705,reel,10,2023-11-09,09:03,Thu,9,"not a full trend overhaul, just a rugby shirt in forest green for a content shoot; went for comfort instead of forcing the trend. I wanted something current without looking like I copied a mood board. This one made the final cut. the fit was comfortable enough for a full day, after the plans changed.",301,0,11,#wardrobe #fashiondiaries #fashionreels #reelsindia #genzfashion #indianstreetstyle #traveloutfit #desimaximalism #rugbyshirt #preppyfashion #sportystyle,1,57708,2771,4.8,3540,0,21,0,8,27,2,29,1.05,0.0,0.29,7.407,0,repeat_outfit:21,the shoes made the outfit,0.0,67,11
17945587083020607,story,10,2023-11-09,09:08,Thu,9,"wore a boxy blazer in dusty pink for late class; used a thrifted piece as the hero, finished it with kitten heels and a slim belt. I finally understand why this silhouette keeps showing up on my feed. the fit was comfortable enough for a full day, while travelling.",265,0,7,#styleblogger #indianfashion #outfitideas #personalstyle #chennaistyle #coordset #blazerstyle,1,57708,2539,4.4,2921,0,27,0,7,25,2,34,1.34,0.0,0.28,8.0,0,styling_question:27,where are the trousers from?,0.0,67,11
17983543944194230,image,10,2023-11-09,09:22,Thu,9,"today's coffee run outfit was built around a maxi skirt in tomato red; changed only the shoes and it completely shifted the look. I almost changed the outfit, then decided the slightly undone look was better. The washed blue detail was the part I nearly skipped. This one made the final cut. the fit was comfortable enough for a full day, between two meetings.",360,0,8,#collegeoutfit #modernprep #maxiskirt #skirtstyle #summeroutfits #femininefashion #everydayfashion #personalstyle,1,57708,3685,6.4,4057,0,43,0,11,36,3,54,1.47,0.0,0.3,8.333,0,repeat_outfit:43,the scarf detail is so good,0.0,67,11
17971661416363667,carousel,10,2023-11-09,10:15,Thu,10,"trying a scarf top for college fest without making the look feel too styled; made the outfit work for both daytime and evening. the camera makes it look dressier than it felt in real life. This one made the final cut. the fit was comfortable enough for a full day, before dinner.",279,0,9,#scarftop #silkstyle #2026fashion #stylingideas #ootdindia #outfitinspiration #styleideas #urbanstyle #trendalert,1,57708,4102,7.1,5212,0,20,0,12,41,4,32,0.78,0.0,0.29,9.756,20,styling_question:20,can you do a budget version?,0.0,67,11
17904866392774923,reel,10,2023-11-09,13:20,Thu,13,"the plan was simple: a crochet top in off-white, ankle boots, and a simple ring stack for airport morning; kept the colours tonal. the fit was comfortable enough for a full day, on the way to brunch.",199,0,10,#texturedfashion #trendalert #streetstyle #stylingtips #ootd #styleinspo #punefashion #weekendstyle #indowestern #crochetstyle,1,57708,4374,7.6,4929,0,46,0,13,43,4,59,1.35,0.0,0.3,9.302,0,repeat_outfit:46,the layering is perfect,0.0,67,11
17997678876291590,reel,10,2023-11-09,17:20,Thu,17,"one of those outfits that looked better once I stopped overthinking it: a linen shirt in sage for Sunday brunch, with wore it with flats because looking good and being comfortable can coexist. This one made the final cut. the fit was comfortable enough for a full day, during a quick city stop.",294,0,11,#fashionindia #desifashion #fashionreelsindia #indianstyle #bangalorefashion #brunchoutfit #linenstyle #summerstyle #linenlook #resortwear #minimalstyle,1,57740,17256,29.9,33502,1133,30,11,151,265,7,1325,7.68,0.06,0.88,2.642,1,styling_question:30,where is the shirt from?,16.7,67,11
17906416975454807,reel,10,2023-11-09,20:19,Thu,20,"for office-to-dinner plans, I wanted something current but still practical, so I paired a fitted tank with an oversized shirt with loafers and a canvas tote; I would genuinely repeat this instead of saving it and forgetting about it. the fit was comfortable enough for a full day, before the rain arrived.",305,0,7,#mumbaistyle #nightoutfit #capsulewardrobe #layeredlook #tanktop #oversizedstyle #streetwearindia,1,57708,4043,7.0,4962,0,40,0,12,40,4,52,1.29,0.0,0.3,10.0,0,repeat_outfit:40,love the colour combination,0.0,67,11
17968399623101521,image,10,2023-11-09,20:27,Thu,20,"repeating pieces from my wardrobe again: a handloom kurta in deep burgundy for a last-minute house party, styled around added one statement accessory. This one made the final cut. the fit was comfortable enough for a full day, after sunset.",240,0,8,#handloom #indiantextiles #slowfashion #indianwear #craftsmanship #reelsindia #genzfashion #styleblogger,1,57708,4370,7.6,4604,0,31,0,13,43,4,44,1.01,0.0,0.3,9.302,0,styling_question:31,would this work with flats?,0.0,67,11
17992287484913102,reel,10,2023-11-09,20:55,Thu,20,"if I had to make a cotton saree work for a rainy commute, this is how I would do it: swapped heels for sneakers at the last minute, then sneakers and layered necklaces. the fit was comfortable enough for a full day, for the second half of the day.",247,0,9,#contemporarysaree #desifashion #outfitideas #personalstyle #fashioncreator #everydaystyle #fashioncontent #chennaistyle #dateoutfit,1,57708,2926,5.1,3194,0,13,0,8,29,2,21,0.72,0.0,0.27,6.897,0,repeat_outfit:13,the proportions are so good,0.0,67,11
17952461955700183,reel,10,2023-11-09,21:50,Thu,21,"the outfit started with a halter top and somehow became my favourite look for a friend's birthday; mixed it with something I already owned. this feels much more like real-life fashion than a perfectly styled shoot. The chocolate brown detail was the part I nearly skipped. This one made the final cut. the fit was comfortable enough for a full day, before heading back home.",374,0,10,#ootdindia #outfitinspiration #styleideas #urbanstyle #delhistyle #casualoutfit #quietluxury #haltertop #eveningstyle #summerfashion,1,57747,7140,12.4,16257,426,15,4,64,131,3,509,7.13,0.06,0.9,2.29,0,styling_question:15,this feels very current,33.3,67,11
17949808645693663,reel,10,2023-11-09,22:21,Thu,22,"not a full trend overhaul, just a straight-leg jean in olive for a casual date; kept the accessories intentionally minimal. I wanted something current without looking like I copied a mood board. This one made the final cut. the fit was comfortable enough for a full day, for a casual photo walk.",295,0,11,#ootd #hyderabadfashion #traveloutfit #scarfstyle #straightlegjeans #denimstyle #jeansandate #casualstyle #wardrobestaples #urbanstyle #trendalert,1,57708,3961,6.9,4424,0,38,0,11,39,3,49,1.24,0.0,0.28,7.692,0,repeat_outfit:38,please do more everyday outfits,0.0,67,11
17949199599067718,carousel,10,2023-11-09,22:30,Thu,22,"wore a denim jacket in soft grey for a family dinner; used the same pieces I wore last week, finished it with retro trainers and a silk scarf. I finally understand why this silhouette keeps showing up on my feed. the final look was less formal than the first try, for the morning.",280,0,7,#y2kfashion #denimjacket #layeringseason #denimstyle #streetstyle #casualfashion #ootd,1,57708,4567,7.9,5382,0,21,0,13,45,4,34,0.74,0.0,0.28,8.889,0,styling_question:21,saving this for my next brunch,0.0,67,11
17940439185644383,reel,10,2023-11-09,22:34,Thu,22,"today's a gallery visit outfit was built around a printed skirt in chocolate brown; played with proportions rather than prints. I almost changed the outfit, then decided the slightly undone look was better. This one made the final cut. the final look was less formal than the first try, for the afternoon.",305,0,8,#outfitinspo #fashionreels #fashionreelsindia #indianstyle #wardrobe #fashiondiaries #bangalorefashion #collegeoutfit,1,57708,4091,7.1,4416,0,8,0,12,40,4,20,0.49,0.0,0.29,10.0,0,repeat_outfit:8,how would you style this for a wedding?,0.0,67,11
17982206048385428,reel,11,2023-11-10,00:30,Fri,0,"trying a lightweight trench for a weekend in Goa without making the look feel too styled; layered it for the unpredictable weather. the camera makes it look dressier than it felt in real life. This one made the final cut. the final look was less formal than the first try, for golden hour.",289,0,9,#fashionreels #reelsindia #genzfashion #styleblogger #indianfashion #mumbaistyle #festivefashion #coastalstyle #trenchcoat,1,57747,82458,142.8,221284,4950,175,256,635,1150,103,6016,7.3,0.31,0.77,8.957,0,styling_question:175,the second look is my favourite,15.0,226,7
17942287851721146,reel,11,2023-11-10,09:17,Fri,9,"the plan was simple: a relaxed kurta in cobalt blue, loafers, and a vintage watch for a quick trip to Bengaluru; added a scarf because the outfit needed something softer. the final look was less formal than the first try, for a long day out.",241,0,10,#fashioncreator #everydaystyle #indianstreetstyle #weekendstyle #tailoredstyle #kurta #indianwear #indowestern #desistyle #everydayethnic,1,57747,4231,7.3,4516,0,34,0,12,42,4,46,1.09,0.0,0.28,9.524,0,repeat_outfit:34,need the jeans link,0.0,226,7
17947374506943704,image,11,2023-11-10,09:20,Fri,9,"one of those outfits that looked better once I stopped overthinking it: a vintage tee in butter yellow for a wedding function, with mixed an Indian piece with western basics. This one made the final cut. the final look was less formal than the first try, for the first coffee run.",280,0,11,#brunchoutfit #slowfashion #vintagestyle #graphictee #thriftstyle #streetwear #retrofashion #everydaystyle #fashioncontent #ootdindia #outfitinspiration,1,57747,2732,4.7,2881,0,9,0,8,27,2,17,0.62,0.0,0.29,7.407,0,styling_question:9,okay the bag is everything,0.0,226,7
17995465526340972,reel,11,2023-11-10,09:40,Fri,9,"for a rooftop dinner, I wanted something current but still practical, so I paired a lightweight bomber with sneakers and a structured shoulder bag; I would genuinely repeat this instead of saving it and forgetting about it. The sage detail was the part I nearly skipped. the final look was less formal than the first try, for the walk home.",340,0,7,#urbanstyle #casualfits #styleideas #trendalert #streetstyle #stylingtips #delhistyle,1,57850,17378,30.0,38609,1122,26,19,159,329,15,1326,7.63,0.11,0.91,4.559,1,repeat_outfit:26,this is exactly my style,26.9,226,7
17924275729107727,carousel,11,2023-11-10,10:25,Fri,10,"repeating pieces from my wardrobe again: a wide-leg trouser in ivory for a movie night, styled around added a belt to give the outfit some shape. This one made the final cut. the final look was less formal than the first try, for a warm evening.",245,0,8,#everydaystyle #stylingtips #ootd #styleinspo #fashionindia #desifashion #hyderabadfashion #weddinggueststyle,1,57747,2864,5.0,3682,0,15,0,8,28,2,23,0.8,0.0,0.28,7.143,15,styling_question:15,this is actually wearable,0.0,226,7
17993530810032550,reel,11,2023-11-10,10:34,Fri,10,"if I had to make a cropped cardigan work for a day of errands, this is how I would do it: balanced the oversized shape with a cleaner bottom, then mules and chunky earrings. the final look was less formal than the first try, for the cooler part of the day.",256,0,9,#indianstyle #wardrobe #fashiondiaries #punefashion #dateoutfit #oversizedstyle #cardiganstyle #layering #preppystyle,1,57747,3317,5.7,4038,0,34,0,9,33,3,43,1.3,0.0,0.27,9.091,34,repeat_outfit:34,this is such a good repeat outfit,0.0,226,7
17981942161588341,reel,11,2023-11-10,13:30,Fri,13,"the outfit started with a pleated trouser and somehow became my favourite look for a client meeting; repeated an old favourite instead of buying something new. this feels much more like real-life fashion than a perfectly styled shoot. This one made the final cut. the final look was less formal than the first try, before the plans started.",340,0,10,#bangalorefashion #casualoutfit #statementaccessories #pleatedtrousers #tailoredstyle #smartcasual #menswearinspired #modernclassic #fashiondiaries #fashionreels,1,57865,13460,23.3,28565,799,20,32,101,210,6,952,7.07,0.24,0.75,2.857,1,styling_question:20,adding this to my outfit board,5.0,226,7
17981635222059925,carousel,11,2023-11-10,13:34,Fri,13,"not a full trend overhaul, just a cargo trouser in forest green for a music gig; went for comfort instead of forcing the trend. I wanted something current without looking like I copied a mood board. This one made the final cut. the final look was less formal than the first try, after the plans changed.",303,0,11,#cargopants #streetwearindia #utilitystyle #baggyfits #streetstyle #styleblogger #indianfashion #outfitideas #personalstyle #fashioncreator #mumbaistyle,1,57747,2970,5.1,3677,0,31,0,8,29,2,39,1.31,0.0,0.27,6.897,31,repeat_outfit:31,the shoes made the outfit,0.0,226,7
17948836828262958,reel,11,2023-11-10,13:52,Fri,13,"wore a structured mini bag in dusty pink for a flea market afternoon; used a thrifted piece as the hero, finished it with strappy sandals and a leather belt. I finally understand why this silhouette keeps showing up on my feed. the final look was less formal than the first try, while travelling.",296,0,7,#everydayluxury #fashiondetails #fashioncreator #everydaystyle #fashioncontent #ootdindia #outfitinspiration,1,57747,4276,7.4,5086,0,22,0,12,42,4,34,0.8,0.0,0.28,9.524,22,styling_question:22,where are the trousers from?,0.0,226,7
17956729105085926,reel,11,2023-11-10,17:07,Fri,17,"today's a long travel day outfit was built around baggy denim in tomato red; changed only the shoes and it completely shifted the look. I almost changed the outfit, then decided the slightly undone look was better. This one made the final cut. the final look was less formal than the first try, between two meetings.",316,0,8,#chennaistyle #collegeoutfit #modernprep #baggyjeans #denimstyle #denimfit #streetstyle #everydaydenim,1,57747,2554,4.4,2982,0,27,0,7,25,2,34,1.33,0.0,0.27,8.0,27,repeat_outfit:27,the scarf detail is so good,0.0,226,7
17931822991062177,story,11,2023-11-10,17:20,Fri,17,"trying a co-ord set for a beach evening without making the look feel too styled; made the outfit work for both daytime and evening. the camera makes it look dressier than it felt in real life. The charcoal detail was the part I nearly skipped. This one made the final cut. the final look was less formal than the first try, before dinner.",338,0,9,#fashionindia #delhistyle #festivefashion #linenstyle #coordset #coords #matchingset #summerstyle #easyoutfits,1,57871,21156,36.6,52692,1124,45,38,162,403,18,1369,6.47,0.18,0.77,4.467,0,styling_question:45,can you do a budget version?,17.8,226,7
17942067852560911,carousel,11,2023-11-10,17:44,Fri,17,"the plan was simple: a slip dress in off-white, sneakers, and small sunglasses for a first-date outfit; kept the colours tonal. the final look was less formal than the first try, on the way to brunch.",200,0,10,#indowestern #slipdress #dressstyle #eveninglook #minimalfashion #dateoutfit #fashionindia #desifashion #fashionreelsindia #indianstyle,1,57747,2366,4.1,2774,0,11,0,7,23,2,18,0.76,0.0,0.3,8.696,0,repeat_outfit:11,the layering is perfect,0.0,226,7
17916743246527223,reel,11,2023-11-10,17:50,Fri,17,"one of those outfits that looked better once I stopped overthinking it: a tailored vest in sage for a regular Monday, with wore it with flats because looking good and being comfortable can coexist. This one made the final cut. the final look was less formal than the first try, during a quick city stop.",303,0,11,#suiting #modernstyle #minimalfashion #wardrobe #fashiondiaries #fashionreels #reelsindia #genzfashion #punefashion #brunchoutfit #resortwear,1,57747,3821,6.6,4544,0,18,0,11,38,3,29,0.76,0.0,0.29,7.895,0,styling_question:18,where is the shirt from?,0.0,226,7
17946234304350826,carousel,11,2023-11-10,22:04,Fri,22,"for a festive lunch, I wanted something current but still practical, so I paired a knit polo with mules and a simple ring stack; I would genuinely repeat this instead of saving it and forgetting about it. the final look was less formal than the first try, before the rain arrived.",280,0,7,#genzfashion #styleblogger #indianfashion #outfitideas #personalstyle #bangalorefashion #nightoutfit,1,57747,4079,7.1,5194,0,16,0,12,40,4,28,0.69,0.0,0.29,10.0,0,repeat_outfit:16,love the colour combination,0.0,226,7
17932347026723597,carousel,11,2023-11-10,22:54,Fri,22,"repeating pieces from my wardrobe again: a satin skirt in deep burgundy for a night out, styled around added one statement accessory. This one made the final cut. the final look was less formal than the first try, after sunset.",227,0,8,#fashioncontent #ootdindia #mumbaistyle #weddinggueststyle #baggyfits #satinskirt #eveningstyle #femininefashion,1,57747,4024,7.0,4384,0,27,0,12,40,4,39,0.97,0.0,0.3,10.0,0,styling_question:27,would this work with flats?,0.0,226,7
17935259755621769,reel,11,2023-11-10,22:56,Fri,22,"if I had to make a striped button-down work for a work presentation, this is how I would do it: swapped heels for sneakers at the last minute, then ankle boots and a canvas tote. the final look was less formal than the first try, for the second half of the day.",261,0,9,#dateoutfit #layeringstyle #stripedshirt #buttondown #preppystyle #classicstyle #outfitideas #ootdindia #outfitinspiration,1,57747,3875,6.7,4091,0,14,0,11,38,3,25,0.65,0.0,0.28,7.895,0,repeat_outfit:14,the proportions are so good,0.0,226,7
17956749316705728,carousel,11,2023-11-10,23:20,Fri,23,"the outfit started with a simple white shirt and somehow became my favourite look for a Sunday family lunch; mixed it with something I already owned. this feels much more like real-life fashion than a perfectly styled shoot. This one made the final cut. the final look was less formal than the first try, before heading back home.",330,0,10,#wardrobestaples #capsulewardrobe #minimalstyle #classicfashion #trendalert #streetstyle #stylingtips #ootd #styleinspo #chennaistyle,1,57889,66425,114.7,153639,4343,104,94,683,1332,56,5224,7.86,0.14,1.03,4.204,0,styling_question:104,this feels very current,15.0,226,7
17903653054180852,image,11,2023-11-11,00:50,Sat,0,"not a full trend overhaul, just a rugby shirt in olive for a content shoot; kept the accessories intentionally minimal. I wanted something current without looking like I copied a mood board. The soft grey detail was the part I nearly skipped. This one made the final cut. the final look was less formal than the first try, for a casual photo walk.",347,0,11,#collegestyle #styleinspo #fashionindia #desifashion #fashionreelsindia #indianstyle #delhistyle #traveloutfit #scarfstyle #rugbyshirt #preppyfashion,1,57948,42263,72.9,115675,2419,55,24,370,652,17,2868,6.79,0.06,0.88,2.607,2,repeat_outfit:55,please do more everyday outfits,12.7,187,12
17994995121831243,reel,11,2023-11-11,01:30,Sat,1,"wore a boxy blazer in soft grey for late class; used the same pieces I wore last week, finished it with ballet flats and silver hoops. I finally understand why this silhouette keeps showing up on my feed. I almost over-accessorised and then took two things off, for the morning.",278,0,11,#blazerstyle #tailoredstyle #smartcasual #streetstyle #workwear #indianstyle #wardrobe#styleedit #stylefinds #styleedit #closetdiary,1,57965,25518,44.0,69571,1662,44,73,173,456,11,1952,7.65,0.29,0.68,2.412,0,styling_question:44,saving this for my next brunch,6.8,187,12
17916463354976915,reel,11,2023-11-11,09:36,Sat,9,"today's coffee run outfit was built around a maxi skirt in chocolate brown; played with proportions rather than prints. I almost changed the outfit, then decided the slightly undone look was better. This one made the final cut. I almost over-accessorised and then took two things off, for the afternoon.",303,0,8,#punefashion #collegeoutfit #denimstyle #maxiskirt #skirtstyle #summeroutfits #femininefashion #everydayfashion,1,57948,4079,7.0,4307,0,28,0,12,40,4,40,0.98,0.0,0.29,10.0,0,repeat_outfit:28,how would you style this for a wedding?,0.0,187,12
17920693333095650,story,11,2023-11-11,09:48,Sat,9,"trying a scarf top for college fest without making the look feel too styled; layered it for the unpredictable weather. the camera makes it look dressier than it felt in real life. This one made the final cut. I almost over-accessorised and then took two things off, for golden hour.",282,0,9,#scarfstyle #scarftop #silkstyle #2026fashion #stylingideas #outfitideas #personalstyle #fashioncreator #everydaystyle,1,57948,3438,5.9,3902,0,8,0,10,34,3,18,0.52,0.0,0.29,8.824,0,styling_question:8,the second look is my favourite,0.0,187,12
17926685719662730,reel,11,2023-11-11,09:52,Sat,9,"the plan was simple: a crochet top in cobalt blue, mules, and a slim belt for airport morning; added a scarf because the outfit needed something softer. I almost over-accessorised and then took two things off, for a long day out.",229,0,10,#resortstyle #texturedfashion #fashioncontent #ootdindia #outfitinspiration #styleideas #urbanstyle #mumbaistyle #weekendstyle #tailoredstyle,1,57948,3736,6.4,4336,0,25,0,11,37,3,36,0.96,0.0,0.29,8.108,0,repeat_outfit:25,need the jeans link,0.0,187,12
17962207823948214,image,11,2023-11-11,10:21,Sat,10,"one of those outfits that looked better once I stopped overthinking it: a linen shirt in butter yellow for Sunday brunch, with mixed an Indian piece with western basics. This one made the final cut. I almost over-accessorised and then took two things off, for the first coffee run.",281,0,11,#trendalert #streetstyle #stylingtips #ootd #indianstreetstyle #brunchoutfit #slowfashion #linenstyle #summerstyle #linenlook #resortwear,1,57948,3782,6.5,4180,0,44,0,11,37,3,55,1.45,0.0,0.29,8.108,0,styling_question:44,okay the bag is everything,0.0,187,12
17961422492956809,carousel,11,2023-11-11,10:34,Sat,10,"for office-to-dinner plans, I wanted something current but still practical, so I paired a fitted tank with an oversized shirt with ankle boots and a vintage watch; I would genuinely repeat this instead of saving it and forgetting about it. I almost over-accessorised and then took two things off, for the walk home.",315,0,7,#fashionreelsindia #chennaistyle #nightoutfit #handloom #layeredlook #tanktop #oversizedstyle,1,57948,2657,4.6,3003,0,21,0,7,26,2,28,1.05,0.0,0.26,7.692,0,repeat_outfit:21,this is exactly my style,0.0,187,12
17932051261774160,reel,11,2023-11-11,13:32,Sat,13,"repeating pieces from my wardrobe again: a handloom kurta in ivory for a last-minute house party, styled around added a belt to give the outfit some shape. The off-white detail was the part I nearly skipped. This one made the final cut. I almost over-accessorised and then took two things off, for a warm evening.",313,0,8,#thriftedfashion #handloom #indiantextiles #slowfashion #indianwear #craftsmanship #fashionreelsindia #indianstyle,1,57948,3936,6.8,5049,0,14,0,11,39,3,25,0.64,0.0,0.28,7.692,14,styling_question:14,this is actually wearable,0.0,187,12
17936050071130965,story,11,2023-11-11,13:57,Sat,13,"if I had to make a cotton saree work for a rainy commute, this is how I would do it: balanced the oversized shape with a cleaner bottom, then loafers and a structured shoulder bag. I almost over-accessorised and then took two things off, for the cooler part of the day.",269,0,9,#hyderabadfashion #dateoutfit #oversizedstyle #cottonsaree #sareestyle #indianfashion #contemporarysaree #desifashion #fashionreels,1,57948,2775,4.8,3546,0,6,0,8,27,2,14,0.5,0.0,0.29,7.407,0,repeat_outfit:6,this is such a good repeat outfit,0.0,187,12
17938773282152692,carousel,11,2023-11-11,14:10,Sat,14,"the outfit started with a halter top and somehow became my favourite look for a friend's birthday; repeated an old favourite instead of buying something new. this feels much more like real-life fashion than a perfectly styled shoot. This one made the final cut. I almost over-accessorised and then took two things off, before the plans started.",344,0,10,#indianfashion #outfitideas #personalstyle #fashioncreator #everydaystyle #punefashion #casualoutfit #statementaccessories #haltertop #eveningstyle,1,57976,13803,23.8,31776,723,20,7,75,230,5,825,5.98,0.05,0.54,2.174,0,styling_question:20,adding this to my outfit board,5.0,187,12
17907322004619439,carousel,11,2023-11-11,17:40,Sat,17,"not a full trend overhaul, just a straight-leg jean in forest green for a casual date; went for comfort instead of forcing the trend. I wanted something current without looking like I copied a mood board. This one made the final cut. I almost over-accessorised and then took two things off, after the plans changed.",315,0,11,#outfitinspiration #styleideas #bangalorefashion #traveloutfit #desimaximalism #straightlegjeans #denimstyle #jeansandate #casualstyle #wardrobestaples #everydaystyle,1,57981,28295,48.8,54758,1911,74,39,256,497,21,2280,8.06,0.14,0.9,4.225,1,repeat_outfit:74,the shoes made the outfit,15.0,187,12
17985713271301960,carousel,11,2023-11-11,17:46,Sat,17,"wore a denim jacket in dusty pink for a family dinner; used a thrifted piece as the hero, finished it with kitten heels and layered necklaces. I finally understand why this silhouette keeps showing up on my feed. I almost over-accessorised and then took two things off, while travelling.",287,0,7,#urbanstyle #trendalert #stylingtips #mumbaistyle #workwear #coordset #denimjacket,1,57948,2966,5.1,3738,0,15,0,8,29,2,23,0.78,0.0,0.27,6.897,15,styling_question:15,where are the trousers from?,0.0,187,12
17971843723163374,reel,11,2023-11-11,20:55,Sat,20,"today's a gallery visit outfit was built around a printed skirt in tomato red; changed only the shoes and it completely shifted the look. I almost changed the outfit, then decided the slightly undone look was better. This one made the final cut. I almost over-accessorised and then took two things off, between two meetings.",324,0,8,#printmixing #statementstyle #outfitinspo #fashionreels #stylingtips #ootd #styleinspo #fashionindia,1,57948,3705,6.4,4687,0,20,0,11,37,3,31,0.84,0.0,0.3,8.108,0,repeat_outfit:20,the scarf detail is so good,0.0,187,12
17965418633670928,reel,11,2023-11-11,21:00,Sat,21,"trying a lightweight trench for a weekend in Goa without making the look feel too styled; made the outfit work for both daytime and evening. the camera makes it look dressier than it felt in real life. This one made the final cut. I almost over-accessorised and then took two things off, before dinner.",302,0,9,#outerwear #desifashion #fashionreelsindia #indianstyle #wardrobe #fashiondiaries #chennaistyle #festivefashion #linenstyle,1,58002,47432,81.8,124184,2717,108,151,388,950,91,3364,7.09,0.32,0.82,9.579,3,styling_question:108,can you do a budget version?,6.7,187,12
17994439525678370,reel,11,2023-11-11,22:00,Sat,22,"the plan was simple: a relaxed kurta in off-white, ankle boots, and a silk scarf for a quick trip to Bengaluru; kept the colours tonal. The ivory detail was the part I nearly skipped. I almost over-accessorised and then took two things off, on the way to brunch.",262,0,10,#desistyle #everydayethnic #fashiondiaries #fashionreels #reelsindia #genzfashion #styleblogger #delhistyle #weekendstyle #kurta,1,58093,69917,120.4,173162,3677,80,171,384,1063,29,4312,6.17,0.24,0.55,2.728,2,repeat_outfit:80,the layering is perfect,16.7,187,12
17991901069339406,reel,11,2023-11-12,01:10,Sun,1,"one of those outfits that looked better once I stopped overthinking it: a vintage tee in sage for a wedding function, with wore it with flats because looking good and being comfortable can coexist. This one made the final cut. I almost over-accessorised and then took two things off, during a quick city stop.",309,0,11,#hyderabadfashion #brunchoutfit #resortwear #vintagestyle #graphictee #thriftstyle #streetwear #retrofashion #styleblogger #indianfashion #outfitideas,1,58136,29314,50.4,70315,1958,52,20,230,517,16,2260,7.71,0.07,0.78,3.095,1,styling_question:52,where is the shirt from?,7.7,169,11
17929036515134408,reel,11,2023-11-12,02:20,Sun,2,"for a rooftop dinner, I wanted something current but still practical, so I paired a lightweight bomber with loafers and small sunglasses; I would genuinely repeat this instead of saving it and forgetting about it. I almost over-accessorised and then took two things off, before the rain arrived.",295,0,7,#bomberjacket #streetwear #layeringstyle #urbanstyle #casualfits #fashioncreator #everydaystyle,1,58152,61001,104.9,143641,4058,155,171,595,1124,94,4979,8.16,0.28,0.98,8.363,0,repeat_outfit:155,love the colour combination,8.3,169,11
17951128632767977,image,11,2023-11-12,09:09,Sun,9,"repeating pieces from my wardrobe again: a wide-leg trouser in deep burgundy for a movie night, styled around added one statement accessory. This one made the final cut. I almost over-accessorised and then took two things off, after sunset.",240,0,12,#widelegpants #widelegtrousers #relaxedtailoring #streetstyle #everydaystyle #outfitinspiration #styleideas #urbanstyle#dailyoutfit #wearitagain #styleedit #closetdiary,1,58136,2921,5.0,3486,0,22,0,8,29,2,30,1.03,0.0,0.27,6.897,22,styling_question:22,would this work with flats?,0.0,169,11
17913858846491005,reel,11,2023-11-12,09:45,Sun,9,"if I had to make a cropped cardigan work for a day of errands, this is how I would do it: swapped heels for sneakers at the last minute, then sneakers and a simple ring stack. I almost over-accessorised and then took two things off, for the second half of the day.",264,0,9,#stylingtips #ootd #styleinspo #fashionindia #mumbaistyle #dateoutfit #layeringstyle #cardiganstyle #layering,1,58136,4167,7.2,4679,0,38,0,12,41,4,50,1.2,0.0,0.29,9.756,0,repeat_outfit:38,the proportions are so good,0.0,169,11
17964353890658419,reel,11,2023-11-12,10:56,Sun,10,"the outfit started with a pleated trouser and somehow became my favourite look for a client meeting; mixed it with something I already owned. this feels much more like real-life fashion than a perfectly styled shoot. This one made the final cut. I almost over-accessorised and then took two things off, before heading back home.",328,0,10,#wardrobe #indianstreetstyle #casualoutfit #quietluxury #pleatedtrousers #tailoredstyle #smartcasual #menswearinspired #modernclassic #fashionindia,1,58136,3731,6.4,4222,0,38,0,11,37,3,49,1.31,0.0,0.29,8.108,0,styling_question:38,this feels very current,0.0,169,11
17942605663840296,image,11,2023-11-12,11:50,Sun,11,"not a full trend overhaul, just a cargo trouser in olive for a music gig; kept the accessories intentionally minimal. I wanted something current without looking like I copied a mood board. This one made the final cut. I almost over-accessorised and then took two things off, for a casual photo walk.",299,0,11,#scarfstyle #cargopants #streetwearindia #utilitystyle #baggyfits #streetstyle #wardrobe #fashiondiaries #fashionreels #reelsindia #genzfashion,1,58246,9114,15.6,24011,599,21,5,69,141,4,694,7.61,0.05,0.76,2.837,2,repeat_outfit:21,please do more everyday outfits,14.3,169,11
17967255447416489,carousel,11,2023-11-12,13:21,Sun,13,"wore a structured mini bag in soft grey for a flea market afternoon; used the same pieces I wore last week, finished it with retro trainers and chunky earrings. I finally understand why this silhouette keeps showing up on my feed. The olive detail was the part I nearly skipped. the outfit worked without needing a new purchase, for the morning.",345,0,7,#accessories #everydayluxury #fashiondetails #genzfashion #styleblogger #indianfashion #outfitideas,1,58136,4166,7.2,5147,0,49,0,12,41,4,61,1.46,0.0,0.29,9.756,49,styling_question:49,saving this for my next brunch,0.0,169,11
17911531940263165,image,11,2023-11-12,13:39,Sun,13,"today's a long travel day outfit was built around baggy denim in chocolate brown; played with proportions rather than prints. I almost changed the outfit, then decided the slightly undone look was better. This one made the final cut. the outfit worked without needing a new purchase, for the afternoon.",302,0,8,#streetstyle #everydaydenim #personalstyle #fashioncreator #everydaystyle #fashioncontent #ootdindia #hyderabadfashion,1,58136,2603,4.5,2960,0,10,0,7,26,2,17,0.65,0.0,0.27,7.692,0,repeat_outfit:10,how would you style this for a wedding?,0.0,169,11
17967727644312254,carousel,11,2023-11-12,13:47,Sun,13,"trying a co-ord set for a beach evening without making the look feel too styled; layered it for the unpredictable weather. the camera makes it look dressier than it felt in real life. This one made the final cut. the outfit worked without needing a new purchase, for golden hour.",279,0,9,#urbanstyle #trendalert #punefashion #festivefashion #coastalstyle #coordset #coords #matchingset #summerstyle,1,58136,2879,5.0,3130,0,23,0,8,28,2,31,1.08,0.0,0.28,7.143,23,styling_question:23,the second look is my favourite,0.0,169,11
17967082467297824,reel,11,2023-11-12,13:50,Sun,13,"the plan was simple: a slip dress in cobalt blue, loafers, and a leather belt for a first-date outfit; added a scarf because the outfit needed something softer. the outfit worked without needing a new purchase, for a long day out.",230,0,10,#weekendstyle #tailoredstyle #slipdress #dressstyle #eveninglook #minimalfashion #dateoutfit #trendalert #streetstyle #stylingtips,1,58250,6629,11.4,8396,451,10,3,32,105,2,496,7.48,0.05,0.48,1.905,0,repeat_outfit:10,need the jeans link,10.0,169,11
17936822620259680,reel,11,2023-11-12,14:50,Sun,14,"one of those outfits that looked better once I stopped overthinking it: a tailored vest in butter yellow for a regular Monday, with mixed an Indian piece with western basics. This one made the final cut. the outfit worked without needing a new purchase, for the first coffee run.",279,0,11,#veststyle #suiting #modernstyle #minimalfashion #styleinspo #fashionindia #desifashion #fashionreelsindia #indianstyle #mumbaistyle #brunchoutfit,1,58252,14667,25.2,32062,763,31,13,100,239,8,907,6.18,0.09,0.68,3.347,0,styling_question:31,okay the bag is everything,9.7,169,11
17990466064782829,carousel,11,2023-11-12,17:50,Sun,17,"for a festive lunch, I wanted something current but still practical, so I paired a knit polo with sneakers and a slim belt; I would genuinely repeat this instead of saving it and forgetting about it. the outfit worked without needing a new purchase, for the walk home.",268,0,7,#everydaymenswear #indianstyle #wardrobe #fashiondiaries #fashionreels #reelsindia #indianstreetstyle,1,58260,12055,20.7,32863,798,27,7,117,220,5,949,7.87,0.06,0.97,2.273,0,repeat_outfit:27,this is exactly my style,25.9,169,11
17968203757730832,reel,11,2023-11-12,20:26,Sun,20,"repeating pieces from my wardrobe again: a satin skirt in ivory for a night out, styled around added a belt to give the outfit some shape. This one made the final cut. the outfit worked without needing a new purchase, for a warm evening.",237,0,8,#styleblogger #indianfashion #outfitideas #chennaistyle #weddinggueststyle #thriftedfashion #satinskirt #eveningstyle,1,58136,4469,7.7,5349,0,19,0,13,44,4,32,0.72,0.0,0.29,9.091,19,styling_question:19,this is actually wearable,0.0,169,11
17971858468300601,reel,11,2023-11-12,20:48,Sun,20,"if I had to make a striped button-down work for a work presentation, this is how I would do it: balanced the oversized shape with a cleaner bottom, then mules and a vintage watch. The ink black detail was the part I nearly skipped. the outfit worked without needing a new purchase, for the cooler part of the day.",313,0,9,#delhistyle #dateoutfit #oversizedstyle #stripedshirt #buttondown #preppystyle #classicstyle #outfitideas #personalstyle,1,58136,2653,4.6,3032,0,8,0,7,26,2,15,0.57,0.0,0.26,7.692,0,repeat_outfit:8,this is such a good repeat outfit,0.0,169,11
17972556286935549,image,11,2023-11-12,22:10,Sun,22,"the outfit started with a simple white shirt and somehow became my favourite look for a Sunday family lunch; repeated an old favourite instead of buying something new. this feels much more like real-life fashion than a perfectly styled shoot. This one made the final cut. the outfit worked without needing a new purchase, before the plans started.",347,0,10,#whiteshirt #wardrobestaples #capsulewardrobe #minimalstyle #classicfashion #fashioncontent #ootdindia #outfitinspiration #styleideas #urbanstyle,1,58265,31838,54.6,72607,1702,41,30,285,514,22,2058,6.46,0.09,0.9,4.28,1,styling_question:41,adding this to my outfit board,9.8,169,11
17950751989784031,reel,11,2023-11-12,22:45,Sun,22,"not a full trend overhaul, just a rugby shirt in forest green for a content shoot; went for comfort instead of forcing the trend. I wanted something current without looking like I copied a mood board. This one made the final cut. the outfit worked without needing a new purchase, after the plans changed.",304,0,11,#casualstyle #collegestyle #urbanstyle #trendalert #streetstyle #stylingtips #ootd #punefashion #traveloutfit #desimaximalism #rugbyshirt,1,58136,3335,5.7,3831,0,11,0,10,33,3,21,0.63,0.0,0.3,9.091,0,repeat_outfit:11,the shoes made the outfit,0.0,169,11
17925510866059015,reel,11,2023-11-12,22:51,Sun,22,"wore a boxy blazer in dusty pink for late class; used a thrifted piece as the hero, finished it with strappy sandals and a canvas tote. I finally understand why this silhouette keeps showing up on my feed. the outfit worked without needing a new purchase, while travelling.",273,0,7,#styleinspo #fashionindia #desifashion #fashionreelsindia #bangalorefashion #coordset #blazerstyle,1,58136,3333,5.7,3743,0,23,0,9,33,3,32,0.96,0.0,0.27,9.091,0,styling_question:23,where are the trousers from?,0.0,169,11
17933710760080916,image,11,2023-11-13,02:50,Mon,2,"today's coffee run outfit was built around a maxi skirt in tomato red; changed only the shoes and it completely shifted the look. I almost changed the outfit, then decided the slightly undone look was better. This one made the final cut. the outfit worked without needing a new purchase, between two meetings.",309,0,8,#fashionreels #mumbaistyle #collegeoutfit #modernprep #maxiskirt #skirtstyle #summeroutfits #femininefashion,1,58290,52112,89.4,115940,3319,100,176,500,852,78,4095,7.86,0.34,0.96,9.155,2,repeat_outfit:100,the scarf detail is so good,11.7,119,12
17916997769052219,reel,11,2023-11-13,09:01,Mon,9,"trying a scarf top for college fest without making the look feel too styled; made the outfit work for both daytime and evening. the camera makes it look dressier than it felt in real life. This one made the final cut. the outfit worked without needing a new purchase, before dinner.",282,0,9,#linenstyle #scarfstyle #scarftop #silkstyle #2026fashion #stylingideas #fashionreels #reelsindia #genzfashion,1,58290,3870,6.6,4794,0,16,0,11,38,3,27,0.7,0.0,0.28,7.895,0,styling_question:16,can you do a budget version?,0.0,119,12
17972028749663592,reel,11,2023-11-13,09:29,Mon,9,"the plan was simple: a crochet top in off-white, sneakers, and silver hoops for airport morning; kept the colours tonal. the outfit worked without needing a new purchase, on the way to brunch.",192,0,10,#handmadefashion #resortstyle #texturedfashion #indianfashion #outfitideas #personalstyle #fashioncreator #everydaystyle #chennaistyle #weekendstyle,1,58290,2566,4.4,2731,0,25,0,7,25,2,32,1.25,0.0,0.27,8.0,25,repeat_outfit:25,the layering is perfect,0.0,119,12
17985052586540070,reel,11,2023-11-13,09:42,Mon,9,"one of those outfits that looked better once I stopped overthinking it: a linen shirt in sage for Sunday brunch, with wore it with flats because looking good and being comfortable can coexist. The mustard detail was the part I nearly skipped. This one made the final cut. the outfit worked without needing a new purchase, during a quick city stop.",347,0,11,#fashioncontent #ootdindia #outfitinspiration #styleideas #delhistyle #brunchoutfit #linenstyle #summerstyle #linenlook #resortwear #minimalstyle,1,58290,3258,5.6,3982,0,20,0,9,32,3,29,0.89,0.0,0.28,9.375,0,styling_question:20,where is the shirt from?,0.0,119,12
17910000228115036,reel,11,2023-11-13,09:43,Mon,9,"for office-to-dinner plans, I wanted something current but still practical, so I paired a fitted tank with an oversized shirt with mules and a silk scarf; I would genuinely repeat this instead of saving it and forgetting about it. the outfit worked without needing a new purchase, before the rain arrived.",305,0,7,#streetstyle #stylingtips #hyderabadfashion #nightoutfit #capsulewardrobe #layeredlook #tanktop,1,58290,4301,7.4,4944,0,49,0,12,43,4,61,1.42,0.0,0.28,9.302,0,repeat_outfit:49,love the colour combination,0.0,119,12
17972716956332653,reel,11,2023-11-13,09:54,Mon,9,"repeating pieces from my wardrobe again: a handloom kurta in deep burgundy for a last-minute house party, styled around added one statement accessory. This one made the final cut. the outfit worked without needing a new purchase, after sunset.",243,0,8,#weddinggueststyle #baggyfits #handloom #indiantextiles #slowfashion #indianwear #craftsmanship #stylingtips,1,58290,4337,7.4,4654,0,29,0,13,43,4,42,0.97,0.0,0.3,9.302,0,styling_question:29,would this work with flats?,0.0,119,12
17972518622417348,image,11,2023-11-13,13:00,Mon,13,"if I had to make a cotton saree work for a rainy commute, this is how I would do it: swapped heels for sneakers at the last minute, then ankle boots and small sunglasses. the outfit worked without needing a new purchase, for the second half of the day.",252,0,9,#contemporarysaree #desifashion #fashionreelsindia #indianstyle #wardrobe #fashiondiaries #bangalorefashion #dateoutfit #layeringstyle,1,58290,3019,5.2,3898,0,22,0,9,30,3,31,1.03,0.0,0.3,10.0,0,repeat_outfit:22,the proportions are so good,0.0,119,12
17901076063884841,reel,11,2023-11-13,13:50,Mon,13,"the outfit started with a halter top and somehow became my favourite look for a friend's birthday; mixed it with something I already owned. this feels much more like real-life fashion than a perfectly styled shoot. This one made the final cut. the outfit worked without needing a new purchase, before heading back home.",319,0,10,#trendstyle #fashiondiaries #fashionreels #reelsindia #genzfashion #styleblogger #mumbaistyle #casualoutfit #quietluxury #haltertop,1,58368,16418,28.1,40139,894,35,8,111,262,9,1048,6.38,0.05,0.68,3.435,2,styling_question:35,this feels very current,8.6,119,12
17944951924622476,reel,11,2023-11-13,17:02,Mon,17,"not a full trend overhaul, just a straight-leg jean in olive for a casual date; kept the accessories intentionally minimal. I wanted something current without looking like I copied a mood board. This one made the final cut. the outfit worked without needing a new purchase, for a casual photo walk.",298,0,11,#outfitideas #personalstyle #fashioncreator #indianstreetstyle #traveloutfit #scarfstyle #straightlegjeans #denimstyle #jeansandate #casualstyle #wardrobestaples,1,58290,3491,6.0,3981,0,7,0,10,34,3,17,0.49,0.0,0.29,8.824,0,repeat_outfit:7,please do more everyday outfits,0.0,119,12
