content_id,content_type,week_number,date_ist,time_ist,weekday,hour_ist,caption,caption_length,emoji_count,hashtag_count,hashtags,media_items,followers_at_post,reach,reach_pct_of_followers,views,likes,comments,saves,shares,profile_visits,follows,total_interactions,engagement_rate_pct,save_rate_pct,share_rate_pct,follow_rate_pct,question_comments,comment_themes,top_comment,brand_reply_rate_pct,account_net_follows_that_day,account_unfollows_that_day
17993954530009304,reel,1,2025-12-01,11:50,Mon,11,how to look taller in ethnic wear.,34,0,0,none,1,62000,22269,35.9,62119,1413,81,336,122,352,51,1952,8.77,1.51,0.55,0.229,7,link_request:12|mens_version:1|skin_tone:2,love love love,41.7,50,12
17929766505508769,story,1,2025-12-01,13:08,Mon,13,link sticker: today's outfit,28,0,0,none,1,62000,4950,8.0,5872,0,47,0,14,49,4,61,1.23,0.0,0.28,0.081,0,none,none,0.0,50,12
17917964022337750,image,1,2025-12-01,13:30,Mon,13,#ad partnered with a brand i actually use. 😭,44,1,12,#grwm #styletips #weddingoutfit #haircare #ootd #budgetfashion #stylediaries #groomingtips #fashionreels #skincare #fashionindia #indianfashion,1,62051,5037,8.1,6560,274,12,11,7,97,4,304,6.04,0.22,0.14,0.079,1,ad_callout:4,too many sponsored posts lately,25.0,50,12
17984356029205405,story,1,2025-12-01,20:26,Mon,20,question box: styling questions,31,0,0,none,1,62000,3365,5.4,4184,0,11,0,10,33,3,21,0.62,0.0,0.3,0.089,11,none,none,0.0,50,12
17972742943292850,story,1,2025-12-02,09:02,Tue,9,poll: outfit a or b?,20,0,0,none,1,62052,3360,5.4,3708,0,40,0,10,33,3,50,1.49,0.0,0.3,0.089,0,none,none,0.0,133,29
17983658101376203,reel,1,2025-12-02,13:00,Tue,13,3 ways to style one white shirt.,32,0,5,#stylediaries #groomingtips #ootd #haircare #styletips,1,62052,29098,46.9,81028,1688,107,463,170,528,81,2428,8.34,1.59,0.58,0.278,5,link_request:6|mens_version:2,obsessed 😍,33.3,133,29
17988674646051579,image,1,2025-12-02,18:30,Tue,18,high street dupes that fooled my sister. 🔥,42,1,2,#fashionindia #groomingtips,1,62133,22810,36.7,35181,1307,84,393,140,444,78,1924,8.43,1.72,0.61,0.342,3,link_request:8,saving this,31.7,133,29
17970814294110171,reel,1,2025-12-03,15:20,Wed,15,high street dupes that fooled my sister. 🫶,42,1,2,#weddingoutfit #groomingtips,1,62211,18137,29.2,48804,1250,46,317,134,276,50,1747,9.63,1.75,0.74,0.276,2,link_request:5|mens_version:2,saving this,30.4,41,9
17956450362233584,story,1,2025-12-04,09:20,Thu,9,question box: styling questions,31,0,0,none,1,62272,3522,5.7,4324,0,34,0,10,35,3,44,1.25,0.0,0.28,0.085,34,none,none,0.0,135,15
17951767825806542,story,1,2025-12-04,13:44,Thu,13,question box: styling questions,31,0,0,none,1,62272,3653,5.9,4308,0,15,0,10,36,3,25,0.68,0.0,0.27,0.082,15,none,none,0.0,135,15
17977569534272946,story,1,2025-12-04,17:55,Thu,17,this or that: saree or lehenga,30,0,0,none,1,62272,3823,6.1,4316,0,24,0,11,38,3,35,0.92,0.0,0.29,0.078,0,none,none,0.0,135,15
17935862867383904,reel,1,2025-12-04,18:30,Thu,18,grwm for my cousin's sangeet.,29,0,10,#styletips #groomingtips #grwm #fashionindia #haircare #skincare #budgetfashion #ootd #stylediaries #indianfashion,1,62272,35257,56.6,71769,1842,122,244,115,562,94,2323,6.59,0.69,0.33,0.267,4,link_request:6,love love love,33.3,135,15
17964371409459452,carousel,1,2025-12-04,20:10,Thu,20,the 3-product routine for oily skin. 💯,38,1,12,#grwm #indianfashion #budgetfashion #groomingtips #fashionreels #weddingoutfit #skincare #stylediaries #ootd #haircare #fashionindia #styletips,7,62366,14842,23.8,20159,779,46,171,71,284,43,1067,7.19,1.15,0.48,0.29,2,skin_tone:3,shades for brown skin please,32.6,135,15
17998774217744467,story,1,2025-12-04,20:11,Thu,20,poll: outfit a or b?,20,0,0,none,1,62272,4763,7.6,5163,0,55,0,14,47,4,69,1.45,0.0,0.29,0.084,0,none,none,0.0,135,15
17917176772673371,story,1,2025-12-05,10:51,Fri,10,this or that: saree or lehenga,30,0,0,none,1,62421,4957,7.9,6366,0,22,0,14,49,4,36,0.73,0.0,0.28,0.081,0,none,none,0.0,55,8
17983051789976311,story,1,2025-12-05,17:18,Fri,17,poll: outfit a or b?,20,0,0,none,1,62421,4337,6.9,4873,0,18,0,13,43,4,31,0.71,0.0,0.3,0.092,0,none,none,0.0,55,8
17928582704008785,carousel,1,2025-12-05,21:10,Fri,21,grwm for a sunday brunch. 😍 🔥,29,2,8,#haircare #grwm #groomingtips #stylediaries #weddingoutfit #ootd #budgetfashion #indianfashion,3,62421,25425,40.7,40422,1566,52,197,101,367,55,1916,7.54,0.77,0.4,0.216,8,link_request:11|mens_version:1,your style is everything,26.9,55,8
17915199403581796,story,1,2025-12-06,13:13,Sat,13,bts of today's shoot,20,0,0,none,1,62479,2853,4.6,3281,0,6,0,8,28,2,14,0.49,0.0,0.28,0.07,0,none,none,0.0,95,9
17986089999955031,reel,1,2025-12-06,21:00,Sat,21,"5 festive looks under ₹1,500. 🫶",31,1,8,#skincare #budgetfashion #grwm #ootd #indianfashion #weddingoutfit #stylediaries #haircare,1,62479,36159,57.9,67566,2109,87,723,213,596,102,3132,8.66,2.0,0.59,0.282,5,link_request:8|mens_version:1,the dupe queen,28.3,95,9
17903548769781234,reel,1,2025-12-07,09:30,Sun,9,monochrome monday. 😍,20,1,5,#grwm #indianfashion #weddingoutfit #fashionindia #fashionreels,1,62600,16505,26.4,45330,998,61,78,40,233,26,1177,7.13,0.47,0.24,0.158,2,link_request:8|mens_version:1,need this in my life,53.3,79,7
17915702666083438,carousel,1,2025-12-07,11:00,Sun,11,monochrome monday.,18,0,8,#stylediaries #fashionindia #budgetfashion #groomingtips #skincare #haircare #styletips #ootd,6,62626,12585,20.1,15675,770,31,50,34,253,23,885,7.03,0.4,0.27,0.183,2,link_request:4|mens_version:1,need this in my life,35.5,79,7
17950052341999654,carousel,1,2025-12-07,17:20,Sun,17,monochrome monday. 😭 💀 ✨ 😂,26,4,5,#fashionindia #stylediaries #indianfashion #groomingtips #styletips,4,62649,18806,30.0,23602,1178,60,101,53,365,32,1392,7.4,0.54,0.28,0.17,5,link_request:10,saving this,41.7,79,7
17950314826032767,story,1,2025-12-07,22:12,Sun,22,this or that: saree or lehenga,30,0,0,none,1,62600,2939,4.7,3671,0,32,0,8,29,2,40,1.36,0.0,0.27,0.068,0,none,none,0.0,79,7
17958996443460347,story,1,2025-12-07,22:18,Sun,22,question box: styling questions,31,0,0,none,1,62600,3065,4.9,3371,0,23,0,9,30,3,32,1.04,0.0,0.29,0.098,23,none,none,0.0,79,7
17970018383547020,carousel,2,2025-12-08,09:10,Mon,9,what actually helped my pigmentation. 💀 🙌,41,2,5,#fashionindia #indianfashion #grwm #skincare #styletips,6,62701,12147,19.4,17338,746,28,140,55,227,33,969,7.98,1.15,0.45,0.272,2,skin_tone:2,obsessed 😍,28.6,75,10
17939767142244226,story,2,2025-12-08,10:33,Mon,10,poll: outfit a or b?,20,0,0,none,1,62701,3481,5.6,4287,0,22,0,10,34,3,32,0.92,0.0,0.29,0.086,0,none,none,0.0,75,10
17947450210666950,reel,2,2025-12-08,15:00,Mon,15,the color combos that always work. ✨ 😂,38,2,10,#fashionreels #weddingoutfit #fashionindia #ootd #styletips #skincare #haircare #stylediaries #groomingtips #grwm,1,62734,21593,34.4,58933,1378,45,393,136,335,49,1952,9.04,1.82,0.63,0.227,7,link_request:7|skin_tone:3,need this in my life,33.3,75,10
17966511011492870,story,2,2025-12-09,09:15,Tue,9,this or that: saree or lehenga,30,0,0,none,1,62785,3858,6.1,4629,0,25,0,11,38,3,36,0.93,0.0,0.29,0.078,0,none,none,0.0,-4,14
17922722878428885,story,2,2025-12-09,09:21,Tue,9,quiz: guess the price of this look,34,0,0,none,1,62785,3525,5.6,4320,0,12,0,10,35,3,22,0.62,0.0,0.28,0.085,0,none,none,0.0,-4,14
17942329133540637,image,2,2025-12-09,09:50,Tue,9,#ad loving this new serum from my partners.,43,0,2,#haircare #grwm,1,62785,4635,7.4,5701,294,15,14,7,82,4,330,7.12,0.3,0.15,0.086,3,ad_callout:4,too many sponsored posts lately,40.0,-4,14
17903261403412275,story,2,2025-12-10,13:08,Wed,13,quiz: guess the price of this look,34,0,0,none,1,62786,4014,6.4,5144,0,18,0,12,40,4,30,0.75,0.0,0.3,0.1,0,none,none,0.0,0,32
17977232219848035,story,2,2025-12-10,17:59,Wed,17,poll: outfit a or b?,20,0,0,none,1,62786,4730,7.5,5515,0,12,0,14,47,4,26,0.55,0.0,0.3,0.085,0,none,none,0.0,0,32
17956457444617551,story,2,2025-12-10,20:49,Wed,20,bts of today's shoot,20,0,0,none,1,62786,4222,6.7,5467,0,9,0,12,42,4,21,0.5,0.0,0.28,0.095,0,none,none,0.0,0,32
17981230131419553,image,2,2025-12-10,20:50,Wed,20,oiling done right: how long to leave it in. 💯,45,1,2,#groomingtips #indianfashion,1,62786,11339,18.1,16169,772,51,161,66,167,20,1050,9.26,1.42,0.58,0.176,0,mens_version:2,need this in my life,31.4,0,32
17913866435592861,story,2,2025-12-11,09:04,Thu,9,question box: styling questions,31,0,0,none,1,62787,2923,4.7,3556,0,15,0,8,29,2,23,0.79,0.0,0.27,0.068,15,none,none,0.0,208,6
17996580723418861,story,2,2025-12-11,10:12,Thu,10,this or that: saree or lehenga,30,0,0,none,1,62787,3700,5.9,3929,0,26,0,11,37,3,37,1.0,0.0,0.3,0.081,0,none,none,0.0,208,6
17950422176627104,reel,2,2025-12-11,17:40,Thu,17,grwm for a sunday brunch. ✨ 💀,29,2,3,#ootd #haircare #budgetfashion,1,62787,29534,47.0,76700,1531,78,167,100,489,73,1876,6.35,0.57,0.34,0.247,3,link_request:7|mens_version:2,obsessed 😍,31.7,208,6
17984975204730166,story,2,2025-12-11,17:41,Thu,17,poll: outfit a or b?,20,0,0,none,1,62787,4309,6.9,5397,0,44,0,12,43,4,56,1.3,0.0,0.28,0.093,0,none,none,0.0,208,6
17950092296976466,carousel,2,2025-12-11,19:50,Thu,19,"one saree, four drapes.",23,0,3,#haircare #budgetfashion #fashionindia,8,62860,31593,50.3,49307,1632,67,430,139,557,100,2268,7.18,1.36,0.44,0.317,11,link_request:15|skin_tone:1,saving this,30.0,208,6
17939740411642044,carousel,2,2025-12-11,20:20,Thu,20,"one saree, four drapes.",23,0,10,#budgetfashion #skincare #grwm #groomingtips #ootd #indianfashion #fashionreels #stylediaries #weddingoutfit #fashionindia,7,62960,11617,18.5,13945,789,42,171,71,215,32,1073,9.24,1.47,0.61,0.275,4,link_request:6|skin_tone:2,your style is everything,28.6,208,6
17992830443449941,story,2,2025-12-12,09:07,Fri,9,this or that: saree or lehenga,30,0,0,none,1,63012,3313,5.3,3974,0,26,0,9,33,3,35,1.06,0.0,0.27,0.091,0,none,none,0.0,111,13
17917446460684500,carousel,2,2025-12-12,11:00,Fri,11,oiling done right: how long to leave it in. 😂,45,1,3,#stylediaries #fashionreels #budgetfashion,10,63012,27712,44.0,33730,1755,61,372,108,404,65,2296,8.29,1.34,0.39,0.235,0,mens_version:2,need this in my life,45.0,111,13
17952171655842559,image,2,2025-12-12,15:50,Fri,15,"luxury bag vs ₹1,200 dupe. can you tell? 🔥 👀 😍 💀",48,4,0,none,1,63077,10218,16.2,15224,673,27,219,82,189,42,1001,9.8,2.14,0.8,0.411,3,link_request:5|mens_version:2,your style is everything,37.0,111,13
17954798459760922,reel,2,2025-12-12,20:20,Fri,20,#ad loving this new serum from my partners. 🔥,45,1,5,#indianfashion #weddingoutfit #skincare #groomingtips #stylediaries,1,63119,16723,26.5,30729,1011,65,49,22,271,12,1147,6.86,0.29,0.13,0.072,12,ad_callout:24,ad again?,23.3,111,13
17950307068520315,story,2,2025-12-12,20:49,Fri,20,this or that: saree or lehenga,30,0,0,none,1,63012,2628,4.2,3387,0,26,0,7,26,2,33,1.26,0.0,0.27,0.076,0,none,none,0.0,111,13
17906594179748628,image,2,2025-12-13,13:00,Sat,13,get ready with me: office to dinner in 10 minutes. 😭,52,1,8,#budgetfashion #groomingtips #ootd #weddingoutfit #styletips #haircare #skincare #stylediaries,1,63126,12526,19.8,16165,863,29,89,67,212,34,1048,8.37,0.71,0.53,0.271,0,link_request:2|mens_version:1,can you do husband styling next,37.9,24,18
17976746299388765,story,2,2025-12-13,17:43,Sat,17,link sticker: today's outfit,28,0,0,none,1,63126,2984,4.7,3379,0,16,0,8,29,2,24,0.8,0.0,0.27,0.067,0,none,none,0.0,24,18
17911066924441782,story,2,2025-12-13,17:58,Sat,17,question box: styling questions,31,0,0,none,1,63126,3956,6.3,4486,0,26,0,11,39,3,37,0.94,0.0,0.28,0.076,26,none,none,0.0,24,18
17944196785201677,story,2,2025-12-13,22:01,Sat,22,link sticker: today's outfit,28,0,0,none,1,63126,3707,5.9,4309,0,13,0,11,37,3,24,0.65,0.0,0.3,0.081,0,none,none,0.0,24,18
17953756617409883,carousel,2,2025-12-14,20:50,Sun,20,"the linen set everyone wants, for ₹799. 😍",41,1,0,none,7,63147,38826,61.5,48371,2317,90,691,228,615,102,3326,8.57,1.78,0.59,0.263,5,link_request:8|mens_version:1,where is this from?,25.0,119,10
17908017340623712,story,2,2025-12-14,20:50,Sun,20,bts of today's shoot,20,0,0,none,1,63147,3946,6.2,4596,0,28,0,11,39,3,39,0.99,0.0,0.28,0.076,0,none,none,0.0,119,10
17969742477263418,carousel,2,2025-12-14,21:00,Sun,21,fit check before the meeting. 💯,31,1,12,#grwm #indianfashion #stylediaries #weddingoutfit #styletips #budgetfashion #skincare #ootd #haircare #groomingtips #fashionindia #fashionreels,6,63249,12086,19.1,15676,739,48,63,32,222,21,882,7.3,0.52,0.26,0.174,1,link_request:1|mens_version:1,obsessed 😍,43.8,119,10
17900460638273536,story,2,2025-12-14,22:15,Sun,22,bts of today's shoot,20,0,0,none,1,63147,3682,5.8,4200,0,31,0,11,36,3,42,1.14,0.0,0.3,0.081,0,none,none,0.0,119,10
17978766607293761,carousel,3,2025-12-15,11:30,Mon,11,5 mehendi looks that aren't yellow. ✨ 💯,39,2,8,#groomingtips #ootd #fashionindia #styletips #stylediaries #haircare #grwm #weddingoutfit,8,63289,49729,78.6,77383,3036,157,781,390,1009,191,4364,8.78,1.57,0.78,0.384,1,mens_version:1|skin_tone:2,can you do husband styling next,45.0,204,14
17932370930910620,story,3,2025-12-15,13:08,Mon,13,quiz: guess the price of this look,34,0,0,none,1,63289,3476,5.5,3823,0,20,0,10,34,3,30,0.86,0.0,0.29,0.086,0,none,none,0.0,204,14
17998014604994087,carousel,3,2025-12-15,15:40,Mon,15,monochrome monday. 😭 🫶,22,2,3,#budgetfashion #styletips #haircare,7,63480,7947,12.5,9871,414,24,34,14,157,17,486,6.12,0.43,0.18,0.214,4,link_request:5|mens_version:1,okay but the fit,37.5,204,14
17906023643907836,story,3,2025-12-15,20:46,Mon,20,question box: styling questions,31,0,0,none,1,63289,4377,6.9,4903,0,13,0,13,43,4,26,0.59,0.0,0.3,0.091,13,none,none,0.0,204,14
17991389646968006,story,3,2025-12-15,22:32,Mon,22,this or that: saree or lehenga,30,0,0,none,1,63289,3002,4.7,3471,0,19,0,9,30,3,28,0.93,0.0,0.3,0.1,0,none,none,0.0,204,14
17955887533642354,story,3,2025-12-16,10:13,Tue,10,link sticker: today's outfit,28,0,0,none,1,63506,5021,7.9,6091,0,32,0,15,50,5,47,0.94,0.0,0.3,0.1,0,none,none,0.0,48,7
17962909614507412,story,3,2025-12-16,10:51,Tue,10,question box: styling questions,31,0,0,none,1,63506,2596,4.1,2851,0,13,0,7,25,2,20,0.77,0.0,0.27,0.077,13,none,none,0.0,48,7
17927093966921724,story,3,2025-12-16,13:56,Tue,13,question box: styling questions,31,0,0,none,1,63506,2579,4.1,2895,0,26,0,7,25,2,33,1.28,0.0,0.27,0.078,26,none,none,0.0,48,7
17958172395674810,image,3,2025-12-16,15:50,Tue,15,"grwm: 5-minute morning routine, no filter.",42,0,8,#skincare #fashionreels #groomingtips #ootd #weddingoutfit #grwm #budgetfashion #indianfashion,1,63506,9009,14.2,12834,519,20,54,38,150,27,631,7.0,0.6,0.42,0.3,1,link_request:1,you look stunning,25.0,48,7
17958370163108738,reel,3,2025-12-16,18:50,Tue,18,#ad partnered with a brand i actually use.,42,0,3,#grwm #haircare #styletips,1,63533,15359,24.2,32831,843,49,38,18,245,11,948,6.17,0.25,0.12,0.072,6,mens_version:4|ad_callout:10,obsessed 😍,40.8,48,7
17972803805225717,carousel,3,2025-12-16,21:30,Tue,21,#ad partnered with a brand i actually use. 😍 💀 💯 😭,50,4,5,#budgetfashion #fashionreels #indianfashion #weddingoutfit #ootd,10,63544,9497,14.9,13688,575,31,24,15,159,8,645,6.79,0.25,0.16,0.084,9,mens_version:1|ad_callout:12,obsessed 😍,35.5,48,7
17976149626510422,story,3,2025-12-17,09:43,Wed,9,poll: outfit a or b?,20,0,0,none,1,63567,3161,5.0,3587,0,35,0,9,31,3,44,1.39,0.0,0.28,0.095,0,none,none,0.0,9,41
17902813004265237,story,3,2025-12-17,17:04,Wed,17,poll: outfit a or b?,20,0,0,none,1,63567,3638,5.7,4183,0,33,0,10,36,3,43,1.18,0.0,0.27,0.082,0,none,none,0.0,9,41
17981021801667057,reel,3,2025-12-17,18:50,Wed,18,fit check before the meeting. 😍,31,1,12,#ootd #fashionreels #skincare #haircare #groomingtips #budgetfashion #weddingoutfit #stylediaries #fashionindia #grwm #indianfashion #styletips,1,63567,18465,29.0,48711,1190,66,78,56,320,28,1390,7.53,0.42,0.3,0.152,2,link_request:7|mens_version:1,you look stunning,35.0,9,41
17965902402855968,reel,3,2025-12-17,21:30,Wed,21,#ad the collection i've been waiting for. code MEHER10. 🙌 😍,59,2,8,#skincare #budgetfashion #indianfashion #weddingoutfit #haircare #styletips #groomingtips #fashionreels,1,63595,19247,30.3,36165,1036,68,49,21,318,16,1174,6.1,0.25,0.11,0.083,17,mens_version:2|ad_callout:24,too many sponsored posts lately,38.3,9,41
17937645747143607,image,3,2025-12-18,13:10,Thu,13,monochrome monday.,18,0,2,#groomingtips #weddingoutfit,1,63595,4449,7.0,6335,254,13,18,12,79,8,297,6.68,0.4,0.27,0.18,0,link_request:2|mens_version:1,okay but the fit,23.1,57,30
17955682371257505,story,3,2025-12-18,20:58,Thu,20,bts of today's shoot,20,0,0,none,1,63595,4703,7.4,5400,0,38,0,14,47,4,52,1.11,0.0,0.3,0.085,0,none,none,0.0,57,30
17978777098629407,reel,3,2025-12-18,21:00,Thu,21,3 ways to style one white shirt. 💀 😂 🔥 👀 🫶 💯,44,6,8,#haircare #grwm #groomingtips #budgetfashion #fashionreels #fashionindia #indianfashion #weddingoutfit,1,63603,28685,45.1,59004,1870,107,423,192,446,75,2592,9.04,1.47,0.67,0.261,7,link_request:8|skin_tone:2,saving this,33.3,57,30
17980347791367878,reel,3,2025-12-19,13:30,Fri,13,what actually helped my pigmentation. 😍,39,1,0,none,1,63672,11055,17.4,22103,655,45,169,42,184,24,911,8.24,1.53,0.38,0.217,0,mens_version:1,you look stunning,26.7,38,6
17900230925317875,story,3,2025-12-19,17:10,Fri,17,link sticker: today's outfit,28,0,0,none,1,63672,3172,5.0,4115,0,34,0,9,31,3,43,1.36,0.0,0.28,0.095,0,none,none,0.0,38,6
17978859977976912,story,3,2025-12-19,17:41,Fri,17,quiz: guess the price of this look,34,0,0,none,1,63672,4691,7.4,5013,0,33,0,14,46,4,47,1.0,0.0,0.3,0.085,0,none,none,0.0,38,6
17903619752480339,carousel,3,2025-12-19,18:20,Fri,18,#ad my honest thoughts on this new launch. 🫶,44,1,8,#indianfashion #fashionreels #weddingoutfit #ootd #fashionindia #stylediaries #skincare #styletips,6,63696,13817,21.7,20179,936,50,52,22,239,13,1060,7.67,0.38,0.16,0.094,8,mens_version:2|ad_callout:12,love love love,40.0,38,6
17941814156671232,story,3,2025-12-20,09:09,Sat,9,bts of today's shoot,20,0,0,none,1,63714,4154,6.5,5005,0,39,0,12,41,4,51,1.23,0.0,0.29,0.096,0,none,none,0.0,170,18
17950304302437535,reel,3,2025-12-20,09:40,Sat,9,"grwm for a first date. yes, really.",35,0,2,#fashionreels #styletips,1,63714,44127,69.3,109028,2300,120,316,167,844,123,2903,6.58,0.72,0.38,0.279,1,link_request:7|mens_version:3,okay but the fit,38.3,170,18
17954728801677356,story,3,2025-12-20,13:43,Sat,13,question box: styling questions,31,0,0,none,1,63714,3090,4.8,3258,0,11,0,9,30,3,20,0.65,0.0,0.29,0.097,11,none,none,0.0,170,18
17921320352161341,reel,3,2025-12-20,17:00,Sat,17,oiling done right: how long to leave it in. 😍,45,1,10,#fashionreels #ootd #indianfashion #stylediaries #budgetfashion #weddingoutfit #grwm #haircare #skincare #styletips,1,63837,28915,45.3,75308,1709,107,399,125,408,58,2340,8.09,1.38,0.43,0.201,0,mens_version:2,you look stunning,26.7,170,18
17945098429795864,story,3,2025-12-21,13:09,Sun,13,bts of today's shoot,20,0,0,none,1,63882,2957,4.6,3838,0,20,0,8,29,2,28,0.95,0.0,0.27,0.068,0,none,none,0.0,38,14
17916417106753624,reel,3,2025-12-21,18:50,Sun,18,today's fit. 💯 💀,16,2,12,#fashionreels #styletips #weddingoutfit #stylediaries #haircare #indianfashion #budgetfashion #skincare #grwm #groomingtips #fashionindia #ootd,1,63882,38613,60.4,99598,2296,101,215,84,538,50,2696,6.98,0.56,0.22,0.129,3,link_request:9|mens_version:1,love love love,35.0,38,14
17989819295420085,story,4,2025-12-22,10:09,Mon,10,link sticker: today's outfit,28,0,0,none,1,63932,3599,5.6,4225,0,15,0,10,35,3,25,0.69,0.0,0.28,0.083,0,none,none,0.0,66,8
17979328556349563,carousel,4,2025-12-22,15:30,Mon,15,frizz-free hair in humid weather. 😍,35,1,8,#haircare #budgetfashion #grwm #skincare #indianfashion #stylediaries #fashionindia #weddingoutfit,9,63932,11513,18.0,16808,791,31,132,58,233,33,1012,8.79,1.15,0.5,0.287,0,none,your style is everything,22.6,66,8
17946375678438566,carousel,4,2025-12-22,20:50,Mon,20,fit check before the meeting. 🔥 😂,33,2,3,#skincare #grwm #haircare,3,63965,19211,30.0,30726,1088,71,79,41,330,38,1279,6.66,0.41,0.21,0.198,3,link_request:7|mens_version:2,saving this,35.0,66,8
17938529809911256,reel,4,2025-12-23,13:10,Tue,13,"one saree, four drapes.",23,0,8,#fashionindia #styletips #haircare #ootd #groomingtips #budgetfashion #indianfashion #grwm,1,64013,28619,44.7,68305,1636,76,459,125,552,103,2296,8.02,1.6,0.44,0.36,7,link_request:7|mens_version:1|skin_tone:1,where is this from?,28.3,100,7
17978567972911104,story,4,2025-12-23,13:30,Tue,13,bts of today's shoot,20,0,0,none,1,64013,4358,6.8,5287,0,51,0,13,43,4,64,1.47,0.0,0.3,0.092,0,none,none,0.0,100,7
17996660717114789,story,4,2025-12-24,09:14,Wed,9,bts of today's shoot,20,0,0,none,1,64132,2896,4.5,3250,0,28,0,8,28,2,36,1.24,0.0,0.28,0.069,0,none,none,0.0,67,14
17935658744366522,story,4,2025-12-24,10:55,Wed,10,question box: styling questions,31,0,0,none,1,64132,4929,7.7,5469,0,37,0,14,49,4,51,1.03,0.0,0.28,0.081,37,none,none,0.0,67,14
17909338381346318,reel,4,2025-12-24,15:50,Wed,15,"one saree, four drapes.",23,0,8,#grwm #stylediaries #weddingoutfit #indianfashion #fashionreels #haircare #fashionindia #skincare,1,64132,17757,27.7,36284,1079,43,217,111,241,39,1450,8.17,1.22,0.63,0.22,8,link_request:9|mens_version:2|skin_tone:3,need the link,37.2,67,14
17930848164886259,story,4,2025-12-24,17:56,Wed,17,bts of today's shoot,20,0,0,none,1,64132,4274,6.7,4620,0,14,0,12,42,4,26,0.61,0.0,0.28,0.094,0,none,none,0.0,67,14
17985225438132450,image,4,2025-12-24,20:30,Wed,20,what actually helped my pigmentation.,37,0,2,#groomingtips #indianfashion,1,64171,14448,22.5,21407,976,63,220,66,204,32,1325,9.17,1.52,0.46,0.221,3,skin_tone:3,okay but the fit,38.3,67,14
17954914125914730,carousel,4,2025-12-25,13:10,Thu,13,grwm for a sunday brunch. 💯,27,1,8,#fashionindia #groomingtips #styletips #fashionreels #stylediaries #skincare #grwm #budgetfashion,9,64216,18138,28.2,23193,956,62,94,60,342,64,1172,6.46,0.52,0.33,0.353,8,link_request:12|mens_version:2,where is this from?,31.7,185,10
17930025367919524,reel,4,2025-12-25,17:10,Thu,17,what actually helped my pigmentation. 🫶,39,1,12,#haircare #fashionreels #skincare #groomingtips #weddingoutfit #budgetfashion #styletips #indianfashion #grwm #fashionindia #stylediaries #ootd,1,64280,21415,33.3,57648,1367,88,298,125,336,43,1878,8.77,1.39,0.58,0.201,4,mens_version:2|skin_tone:4,for darker skin tones?,30.0,185,10
17987683729185429,story,4,2025-12-25,17:16,Thu,17,this or that: saree or lehenga,30,0,0,none,1,64216,4150,6.5,4687,0,29,0,12,41,4,41,0.99,0.0,0.29,0.096,0,none,none,0.0,185,10
17989302605655080,story,4,2025-12-25,17:38,Thu,17,question box: styling questions,31,0,0,none,1,64216,3646,5.7,4293,0,33,0,10,36,3,43,1.18,0.0,0.27,0.082,33,none,none,0.0,185,10
17989417151851291,reel,4,2025-12-25,20:50,Thu,20,grwm for a sunday brunch.,25,0,5,#weddingoutfit #grwm #stylediaries #budgetfashion #skincare,1,64323,36905,57.4,100303,2365,111,284,201,549,81,2961,8.02,0.77,0.54,0.219,3,link_request:4|mens_version:1,okay but the fit,36.7,185,10
17937522917111755,carousel,4,2025-12-26,19:30,Fri,19,"the linen set everyone wants, for ₹799. ✨ 😂 😍 🔥",47,4,3,#stylediaries #budgetfashion #weddingoutfit,3,64419,66972,104.0,95278,3826,248,1239,536,1255,238,5849,8.73,1.85,0.8,0.355,4,link_request:7|mens_version:6,need this in my life,38.3,228,10
17919315254922098,story,4,2025-12-27,10:45,Sat,10,quiz: guess the price of this look,34,0,0,none,1,64667,3758,5.8,4229,0,38,0,11,37,3,49,1.3,0.0,0.29,0.08,0,none,none,0.0,648,10
17950112914756004,story,4,2025-12-27,10:57,Sat,10,question box: styling questions,31,0,0,none,1,64667,4313,6.7,4986,0,37,0,12,43,4,49,1.14,0.0,0.28,0.093,37,none,none,0.0,648,10
17962002684588620,carousel,4,2025-12-27,18:20,Sat,18,lehenga styling for the budget bride's sister. 🔥,48,1,10,#grwm #fashionindia #skincare #haircare #fashionreels #groomingtips #indianfashion #weddingoutfit #stylediaries #styletips,9,64667,91128,140.9,139516,4993,212,1118,466,1812,359,6789,7.45,1.23,0.51,0.394,0,mens_version:3,your style is everything,48.3,648,10
17998691793496177,carousel,4,2025-12-27,19:50,Sat,19,"one saree, four drapes. 🙌 🔥 👀 ✨ 😭 😍",35,6,5,#weddingoutfit #styletips #indianfashion #fashionreels #groomingtips,5,65026,61994,95.3,83987,3388,223,761,263,1004,145,4635,7.48,1.23,0.42,0.234,8,link_request:10|mens_version:2|skin_tone:2,can you do husband styling next,31.7,648,10
17903475161213802,carousel,4,2025-12-27,21:30,Sat,21,what to wear to a day wedding vs night wedding. 🫶,49,1,5,#indianfashion #fashionindia #ootd #weddingoutfit #haircare,7,65171,45343,69.6,58292,2632,179,499,237,706,143,3547,7.82,1.1,0.52,0.315,1,mens_version:5|skin_tone:1,obsessed 😍,25.0,648,10
17906637829981487,story,4,2025-12-27,22:32,Sat,22,poll: outfit a or b?,20,0,0,none,1,64667,4477,6.9,5063,0,16,0,13,44,4,29,0.65,0.0,0.29,0.089,0,none,none,0.0,648,10
17938024529692726,story,4,2025-12-28,10:52,Sun,10,link sticker: today's outfit,28,0,0,none,1,65332,2833,4.3,3405,0,23,0,8,28,2,31,1.09,0.0,0.28,0.071,0,none,none,0.0,200,8
17951422872560704,image,4,2025-12-28,11:40,Sun,11,what to wear to a day wedding vs night wedding. 😂,49,1,8,#fashionindia #grwm #indianfashion #budgetfashion #fashionreels #weddingoutfit #stylediaries #haircare,1,65332,24203,37.0,31347,1293,46,339,150,425,72,1828,7.55,1.4,0.62,0.297,1,mens_version:3|skin_tone:3,you look stunning,39.1,200,8
17913205317171100,reel,4,2025-12-28,21:40,Sun,21,the 3-product routine for oily skin. 🔥 😂,40,2,3,#styletips #indianfashion #skincare,1,65404,48705,74.5,109687,2824,102,668,199,983,134,3793,7.79,1.37,0.41,0.275,1,mens_version:3|skin_tone:3,okay but the fit,28.3,200,8
17926462189144822,story,5,2025-12-29,09:31,Mon,9,poll: outfit a or b?,20,0,0,none,1,65549,2788,4.3,2959,0,13,0,8,27,2,21,0.75,0.0,0.29,0.072,0,none,none,0.0,201,11
17939187011282557,reel,5,2025-12-29,11:20,Mon,11,the 3-product routine for oily skin. 👀,38,1,5,#groomingtips #ootd #indianfashion #fashionindia #haircare,1,65549,16234,24.8,34781,1089,74,193,79,324,39,1435,8.84,1.19,0.49,0.24,3,mens_version:2|skin_tone:3,okay but the fit,36.7,201,11
17923584416593000,reel,5,2025-12-29,18:40,Mon,18,"luxury bag vs ₹1,200 dupe. can you tell? 😂 🔥",44,2,12,#indianfashion #budgetfashion #stylediaries #skincare #styletips #haircare #fashionreels #weddingoutfit #grwm #ootd #fashionindia #groomingtips,1,65588,50170,76.5,100150,3244,193,881,317,911,171,4635,9.24,1.76,0.63,0.341,0,link_request:3|mens_version:3,need this in my life,43.3,201,11
17930649503007751,reel,5,2025-12-30,18:30,Tue,18,what to wear to a day wedding vs night wedding. 😍 💀,51,2,5,#haircare #stylediaries #weddingoutfit #indianfashion #fashionindia,1,65760,86755,131.9,182763,5608,273,1164,521,1256,223,7566,8.72,1.34,0.6,0.257,3,mens_version:2|skin_tone:6,love love love,38.3,257,12
17997636614735954,image,5,2025-12-30,21:40,Tue,21,high street dupes that fooled my sister. ✨ 😂,44,2,8,#ootd #skincare #budgetfashion #grwm #fashionreels #styletips #haircare #stylediaries,1,65983,17324,26.3,27586,905,46,232,95,276,46,1278,7.38,1.34,0.55,0.266,5,link_request:10|mens_version:1,love love love,32.6,257,12
17927017380187568,carousel,5,2025-12-31,11:50,Wed,11,fit check before the meeting. 👀 😭,33,2,5,#grwm #haircare #styletips #skincare #groomingtips,7,66031,16604,25.1,24954,981,54,92,35,243,27,1162,7.0,0.55,0.21,0.163,0,link_request:3|mens_version:2,love love love,29.6,24,6
17950740941083638,story,5,2025-12-31,13:32,Wed,13,bts of today's shoot,20,0,0,none,1,66031,3809,5.8,4521,0,18,0,11,38,3,29,0.76,0.0,0.29,0.079,0,none,none,0.0,24,6
17946437246676974,reel,5,2026-01-01,11:50,Thu,11,today's fit.,12,0,10,#groomingtips #budgetfashion #haircare #styletips #grwm #skincare #indianfashion #fashionreels #fashionindia #ootd,1,66077,11392,17.2,26500,777,23,49,30,158,14,879,7.72,0.43,0.26,0.123,3,link_request:5,saving this,43.5,9,8
17988998968530067,story,5,2026-01-01,17:28,Thu,17,quiz: guess the price of this look,34,0,0,none,1,66077,3391,5.1,3927,0,35,0,10,33,3,45,1.33,0.0,0.29,0.088,0,none,none,0.0,9,8
17921699767775590,carousel,5,2026-01-02,09:50,Fri,9,#ad the collection i've been waiting for. code MEHER10. 👀,57,1,5,#groomingtips #skincare #indianfashion #stylediaries #styletips,4,66103,8870,13.4,13453,527,25,21,13,131,6,586,6.61,0.24,0.15,0.068,7,mens_version:1|ad_callout:10,do a grooming routine for guys,32.0,75,15
17940117154892686,reel,5,2026-01-02,11:30,Fri,11,grwm for my cousin's sangeet.,29,0,5,#indianfashion #groomingtips #ootd #grwm #weddingoutfit,1,66109,31324,47.4,75995,1803,72,231,139,504,84,2245,7.17,0.74,0.44,0.268,3,link_request:9|mens_version:2,your style is everything,23.3,75,15
17963725603694540,story,5,2026-01-03,09:28,Sat,9,poll: outfit a or b?,20,0,0,none,1,66208,3700,5.6,4530,0,21,0,11,37,3,32,0.86,0.0,0.3,0.081,0,none,none,0.0,360,18
17907396711845752,image,5,2026-01-03,11:30,Sat,11,the 3-product routine for oily skin. 😍 🔥,40,2,2,#grwm #fashionreels,1,66208,9962,15.0,15402,587,21,132,36,144,17,776,7.79,1.33,0.36,0.171,0,none,need this in my life,47.6,360,18
17984087081238518,story,5,2026-01-03,17:57,Sat,17,bts of today's shoot,20,0,0,none,1,66208,4487,6.8,5508,0,28,0,13,44,4,41,0.91,0.0,0.29,0.089,0,none,none,0.0,360,18
17923039499983065,reel,5,2026-01-03,18:20,Sat,18,how to look taller in ethnic wear. 😭 😂,38,2,8,#fashionreels #indianfashion #groomingtips #weddingoutfit #stylediaries #haircare #ootd #grwm,1,66225,51464,77.7,94908,3160,194,732,331,807,150,4417,8.58,1.42,0.64,0.291,7,link_request:10|mens_version:6|skin_tone:1,my boyfriend needs this,31.7,360,18
17911862000934001,reel,5,2026-01-03,20:30,Sat,20,"the ₹8,000 look for under ₹999. every piece linked.",51,0,3,#groomingtips #styletips #ootd,1,66375,53125,80.0,140001,3540,198,1145,380,1018,197,5263,9.91,2.16,0.72,0.371,5,link_request:8|mens_version:4,need the link,38.3,360,18
17933788050162859,story,5,2026-01-03,22:17,Sat,22,this or that: saree or lehenga,30,0,0,none,1,66208,5255,7.9,5572,0,30,0,15,52,5,45,0.86,0.0,0.29,0.095,0,none,none,0.0,360,18
17951965831098659,story,5,2026-01-03,22:20,Sat,22,quiz: guess the price of this look,34,0,0,none,1,66208,2904,4.4,3192,0,25,0,8,29,2,33,1.14,0.0,0.28,0.069,0,none,none,0.0,360,18
17900560870467053,story,5,2026-01-04,09:51,Sun,9,this or that: saree or lehenga,30,0,0,none,1,66583,5178,7.8,5899,0,38,0,15,51,5,53,1.02,0.0,0.29,0.097,0,none,none,0.0,203,9
17955093887487636,reel,5,2026-01-04,15:00,Sun,15,"one saree, four drapes. 💯 🙌",27,2,0,none,1,66583,26328,39.5,48585,1635,77,432,153,459,77,2297,8.72,1.64,0.58,0.292,4,link_request:8|mens_version:4|skin_tone:2,shades for brown skin please,33.3,203,9
17950903980591490,reel,5,2026-01-04,21:20,Sun,21,"grwm for a first date. yes, really.",35,0,2,#ootd #styletips,1,66660,40106,60.2,75148,2572,95,259,185,764,130,3111,7.76,0.65,0.46,0.324,3,link_request:5|mens_version:1,do more grwm pls,30.0,203,9
17903393274584724,story,6,2026-01-05,13:55,Mon,13,quiz: guess the price of this look,34,0,0,none,1,66794,4536,6.8,5057,0,24,0,13,45,4,37,0.82,0.0,0.29,0.088,0,none,none,0.0,531,7
17989324053918761,reel,6,2026-01-05,20:50,Mon,20,5 mehendi looks that aren't yellow. 😭 🔥,39,2,5,#skincare #stylediaries #ootd #fashionreels #weddingoutfit,1,66794,154995,232.0,292689,8782,447,2236,1027,2715,469,12492,8.06,1.44,0.66,0.303,3,mens_version:1|skin_tone:5,obsessed 😍,41.7,531,7
17906991640091197,carousel,6,2026-01-05,21:00,Mon,21,the color combos that always work. 😂 😍 😭 👀 💯 💀,46,6,5,#weddingoutfit #fashionreels #indianfashion #stylediaries #styletips,9,67263,22983,34.2,33745,1396,80,307,149,431,65,1932,8.41,1.34,0.65,0.283,4,link_request:5|mens_version:2|skin_tone:1,link pls 🙏,41.7,531,7
17971108634191293,story,6,2026-01-06,09:38,Tue,9,this or that: saree or lehenga,30,0,0,none,1,67329,3720,5.5,4831,0,22,0,11,37,3,33,0.89,0.0,0.3,0.081,0,none,none,0.0,42,6
17939445686886799,carousel,6,2026-01-06,17:00,Tue,17,the hair mask i make from my kitchen. 💯 🙌 😂 ✨,45,4,3,#weddingoutfit #styletips #skincare,3,67329,18484,27.5,25536,1061,72,198,81,289,37,1412,7.64,1.07,0.44,0.2,0,mens_version:2,love love love,31.7,42,6
17973480522144812,story,6,2026-01-06,17:21,Tue,17,this or that: saree or lehenga,30,0,0,none,1,67329,4483,6.7,5451,0,22,0,13,44,4,35,0.78,0.0,0.29,0.089,0,none,none,0.0,42,6
17955848133429031,story,6,2026-01-06,22:49,Tue,22,poll: outfit a or b?,20,0,0,none,1,67329,4644,6.9,5264,0,42,0,13,46,4,55,1.18,0.0,0.28,0.086,0,none,none,0.0,42,6
17939960498321925,reel,6,2026-01-07,11:50,Wed,11,"my night skincare routine, 4 steps only. 😂",42,1,2,#weddingoutfit #fashionindia,1,67387,25718,38.2,70729,1334,76,238,103,385,53,1751,6.81,0.93,0.4,0.206,4,mens_version:2|skin_tone:4,obsessed 😍,36.7,162,6
17946169801580891,reel,6,2026-01-07,17:30,Wed,17,what to wear to a day wedding vs night wedding. 😂,49,1,2,#groomingtips #grwm,1,67440,42528,63.1,99646,2207,131,560,254,599,107,3152,7.41,1.32,0.6,0.252,2,mens_version:2|skin_tone:3,love love love,36.7,162,6
17975943712891899,story,6,2026-01-07,20:18,Wed,20,link sticker: today's outfit,28,0,0,none,1,67387,4297,6.4,5253,0,47,0,12,42,4,59,1.37,0.0,0.28,0.093,0,none,none,0.0,162,6
17982796220623279,story,6,2026-01-07,22:37,Wed,22,link sticker: today's outfit,28,0,0,none,1,67387,4887,7.3,6318,0,53,0,14,48,4,67,1.37,0.0,0.29,0.082,0,none,none,0.0,162,6
17916918319906181,story,6,2026-01-08,13:31,Thu,13,this or that: saree or lehenga,30,0,0,none,1,67552,4572,6.8,5528,0,53,0,13,45,4,66,1.44,0.0,0.28,0.087,0,none,none,0.0,62,13
17913824224722922,reel,6,2026-01-08,18:20,Thu,18,frizz-free hair in humid weather.,33,0,5,#budgetfashion #grwm #stylediaries #indianfashion #fashionreels,1,67552,31758,47.0,67507,1640,103,324,136,568,71,2203,6.94,1.02,0.43,0.224,0,none,you look stunning,41.7,62,13
17991704012850515,reel,6,2026-01-09,09:00,Fri,9,grwm for my cousin's sangeet. 💯 😂 🫶 💀,37,4,8,#groomingtips #grwm #fashionindia #indianfashion #fashionreels #styletips #haircare #weddingoutfit,1,67622,37560,55.5,91557,2167,86,224,133,534,88,2610,6.95,0.6,0.35,0.234,3,link_request:8|mens_version:1,obsessed 😍,28.3,89,6
17911522890085640,story,6,2026-01-09,09:25,Fri,9,bts of today's shoot,20,0,0,none,1,67622,3876,5.7,4817,0,34,0,11,38,3,45,1.16,0.0,0.28,0.077,0,none,none,0.0,89,6
17959862258599333,story,6,2026-01-09,22:51,Fri,22,link sticker: today's outfit,28,0,0,none,1,67622,4054,6.0,5142,0,14,0,12,40,4,26,0.64,0.0,0.3,0.099,0,none,none,0.0,89,6
17947995872145831,carousel,6,2026-01-10,15:00,Sat,15,the 3-product routine for oily skin. 🫶 😂 😍 💯,44,4,5,#fashionindia #styletips #grwm #haircare #budgetfashion,7,67717,17577,26.0,28110,1066,71,253,67,243,36,1457,8.29,1.44,0.38,0.205,6,mens_version:4|skin_tone:7,okay but the fit,41.7,314,8
17998339534280742,reel,6,2026-01-10,19:10,Sat,19,heatless curls that last all day.,33,0,2,#grwm #ootd,1,67753,58736,86.7,108017,3589,200,690,243,997,134,4722,8.04,1.17,0.41,0.228,0,mens_version:7,love love love,36.7,314,8
17959411641151753,reel,6,2026-01-10,21:20,Sat,21,"grwm: 5-minute morning routine, no filter. 😂 💯",46,2,3,#fashionreels #stylediaries #budgetfashion,1,67887,46863,69.0,122331,2702,152,264,213,887,152,3331,7.11,0.56,0.45,0.324,6,link_request:9|mens_version:2,saving this,38.3,314,8
17989065504693148,story,6,2026-01-11,17:02,Sun,17,quiz: guess the price of this look,34,0,0,none,1,68051,3717,5.5,4012,0,41,0,11,37,3,52,1.4,0.0,0.3,0.081,0,none,none,0.0,64,14
17984312246656717,reel,6,2026-01-11,17:40,Sun,17,"my night skincare routine, 4 steps only. 😭 😂 🫶 😍",48,4,2,#groomingtips #grwm,1,68051,33486,49.2,65925,2101,90,546,135,478,75,2872,8.58,1.63,0.4,0.224,0,mens_version:5,need this in my life,43.3,64,14
17914552227716177,story,7,2026-01-12,13:04,Mon,13,bts of today's shoot,20,0,0,none,1,68125,2833,4.2,3151,0,20,0,8,28,2,28,0.99,0.0,0.28,0.071,0,none,none,0.0,367,12
17917636244880228,carousel,7,2026-01-12,19:00,Mon,19,"wedding guest outfits, ranked by comfort.",41,0,3,#ootd #skincare #haircare,4,68125,110719,162.5,171928,6953,219,1599,764,1925,373,9535,8.61,1.44,0.69,0.337,3,mens_version:3|skin_tone:5,okay but the fit,41.7,367,12
17939943728402865,story,7,2026-01-12,20:08,Mon,20,quiz: guess the price of this look,34,0,0,none,1,68125,4838,7.1,5590,0,28,0,14,48,4,42,0.87,0.0,0.29,0.083,0,none,none,0.0,367,12
17914723062706023,story,7,2026-01-13,13:43,Tue,13,bts of today's shoot,20,0,0,none,1,68508,4587,6.7,4890,0,49,0,13,45,4,62,1.35,0.0,0.28,0.087,0,none,none,0.0,168,11
17993889418097693,carousel,7,2026-01-13,18:40,Tue,18,"one saree, four drapes.",23,0,10,#groomingtips #stylediaries #grwm #styletips #fashionreels #skincare #ootd #indianfashion #weddingoutfit #fashionindia,4,68508,33136,48.4,40021,2033,73,440,219,636,99,2765,8.34,1.33,0.66,0.299,2,link_request:8|mens_version:2|skin_tone:1,you look stunning,43.3,168,11
17931281399564414,reel,7,2026-01-13,20:00,Tue,20,frizz-free hair in humid weather. 💯,35,1,2,#weddingoutfit #styletips,1,68607,31147,45.4,64955,2110,109,427,178,620,76,2824,9.07,1.37,0.57,0.244,0,mens_version:1,obsessed 😍,38.3,168,11
17909942574420258,carousel,7,2026-01-14,09:00,Wed,9,"grwm for a first date. yes, really.",35,0,2,#skincare #budgetfashion,4,68692,28601,41.6,44807,1850,83,264,154,562,102,2351,8.22,0.92,0.54,0.357,2,link_request:4|mens_version:2,need this in my life,35.0,130,9
17933150834612542,story,7,2026-01-14,09:42,Wed,9,link sticker: today's outfit,28,0,0,none,1,68692,3519,5.1,4573,0,38,0,10,35,3,48,1.36,0.0,0.28,0.085,0,none,none,0.0,130,9
17946604603295951,story,7,2026-01-14,10:08,Wed,10,quiz: guess the price of this look,34,0,0,none,1,68692,3934,5.7,4912,0,39,0,11,39,3,50,1.27,0.0,0.28,0.076,0,none,none,0.0,130,9
17993711332601865,story,7,2026-01-14,13:16,Wed,13,link sticker: today's outfit,28,0,0,none,1,68692,3818,5.6,4409,0,7,0,11,38,3,18,0.47,0.0,0.29,0.079,0,none,none,0.0,130,9
17942128003226818,image,7,2026-01-14,21:00,Wed,21,"one saree, four drapes. 😂 💀 🫶 😍",31,4,2,#fashionindia #fashionreels,1,68794,8181,11.9,11030,433,16,116,38,140,25,603,7.37,1.42,0.46,0.306,0,link_request:2,need this in my life,50.0,130,9
17997354464008234,story,7,2026-01-14,22:39,Wed,22,question box: styling questions,31,0,0,none,1,68692,3231,4.7,3757,0,7,0,9,32,3,16,0.5,0.0,0.28,0.093,7,none,none,0.0,130,9
17979274503432254,story,7,2026-01-15,10:19,Thu,10,bts of today's shoot,20,0,0,none,1,68823,4863,7.1,6168,0,51,0,14,48,4,65,1.34,0.0,0.29,0.082,0,none,none,0.0,64,14
17990205744522492,story,7,2026-01-15,10:25,Thu,10,poll: outfit a or b?,20,0,0,none,1,68823,3979,5.8,4977,0,43,0,11,39,3,54,1.36,0.0,0.28,0.075,0,none,none,0.0,64,14
17910076829768809,carousel,7,2026-01-15,13:10,Thu,13,the hair mask i make from my kitchen. 👀 ✨ 💯 🫶 😭 💀,49,6,8,#indianfashion #skincare #grwm #haircare #groomingtips #stylediaries #weddingoutfit #budgetfashion,7,68823,12052,17.5,14464,795,24,184,55,226,30,1058,8.78,1.53,0.46,0.249,0,none,obsessed 😍,20.8,64,14
17952704358222914,carousel,7,2026-01-15,20:50,Thu,20,frizz-free hair in humid weather.,33,0,12,#groomingtips #grwm #stylediaries #skincare #budgetfashion #ootd #fashionindia #weddingoutfit #styletips #haircare #indianfashion #fashionreels,4,68853,17304,25.1,21214,891,47,172,65,311,41,1175,6.79,0.99,0.38,0.237,0,mens_version:1,obsessed 😍,36.2,64,14
17999490991201892,story,7,2026-01-16,09:03,Fri,9,link sticker: today's outfit,28,0,0,none,1,68895,4309,6.3,5390,0,23,0,12,43,4,35,0.81,0.0,0.28,0.093,0,none,none,0.0,105,9
17938693350035411,story,7,2026-01-16,13:13,Fri,13,this or that: saree or lehenga,30,0,0,none,1,68895,5396,7.8,6515,0,18,0,16,53,5,34,0.63,0.0,0.3,0.093,0,none,none,0.0,105,9
17914598482000897,story,7,2026-01-16,17:50,Fri,17,quiz: guess the price of this look,34,0,0,none,1,68895,3085,4.5,3376,0,36,0,9,30,3,45,1.46,0.0,0.29,0.097,0,none,none,0.0,105,9
17999970557919353,carousel,7,2026-01-16,20:00,Fri,20,how to look taller in ethnic wear. 👀,36,1,8,#haircare #fashionreels #fashionindia #styletips #weddingoutfit #groomingtips #stylediaries #skincare,5,68895,30234,43.9,41607,2072,123,471,200,537,102,2866,9.48,1.56,0.66,0.337,6,link_request:6|mens_version:4|skin_tone:2,saving this,38.3,105,9
17937484355903081,reel,7,2026-01-17,13:20,Sat,13,the color combos that always work.,34,0,8,#groomingtips #fashionreels #haircare #indianfashion #weddingoutfit #styletips #grwm #ootd,1,69012,22634,32.8,59695,1325,48,270,135,388,57,1778,7.86,1.19,0.6,0.252,6,link_request:9|mens_version:2|skin_tone:5,will this work on dusky skin?,39.6,51,8
17974196766803776,story,7,2026-01-17,20:52,Sat,20,this or that: saree or lehenga,30,0,0,none,1,69012,2782,4.0,3416,0,6,0,8,27,2,14,0.5,0.0,0.29,0.072,0,none,none,0.0,51,8
17983736998598526,carousel,7,2026-01-18,11:40,Sun,11,the 3-product routine for oily skin. 🙌 💀 👀 💯 ✨ 😍,48,6,10,#fashionreels #haircare #fashionindia #groomingtips #stylediaries #budgetfashion #indianfashion #ootd #weddingoutfit #grwm,10,69087,34806,50.4,54644,2202,140,565,189,643,99,3096,8.9,1.62,0.54,0.284,2,mens_version:1|skin_tone:2,love love love,38.3,100,8
17934388535393875,story,7,2026-01-18,17:25,Sun,17,question box: styling questions,31,0,0,none,1,69087,4506,6.5,5843,0,33,0,13,45,4,46,1.02,0.0,0.29,0.089,33,none,none,0.0,100,8
17960595069168250,story,7,2026-01-18,22:33,Sun,22,quiz: guess the price of this look,34,0,0,none,1,69087,5194,7.5,6442,0,32,0,15,51,5,47,0.9,0.0,0.29,0.096,0,none,none,0.0,100,8
17969359369259757,story,8,2026-01-19,09:03,Mon,9,quiz: guess the price of this look,34,0,0,none,1,69187,3477,5.0,3948,0,31,0,10,34,3,41,1.18,0.0,0.29,0.086,0,none,none,0.0,222,15
17932575188797961,reel,8,2026-01-19,09:20,Mon,9,how to look taller in ethnic wear. 😂 💯 👀 😍 💀 🙌,46,6,5,#stylediaries #styletips #grwm #ootd #indianfashion,1,69187,24043,34.8,60243,1394,93,285,109,368,60,1881,7.82,1.19,0.45,0.25,5,link_request:8|skin_tone:1,love love love,45.0,222,15
17999773870828676,reel,8,2026-01-19,15:20,Mon,15,what to wear to a day wedding vs night wedding. 💯,49,1,2,#skincare #weddingoutfit,1,69247,41045,59.3,96625,2102,101,517,261,802,164,2981,7.26,1.26,0.64,0.4,1,mens_version:1|skin_tone:3,love love love,30.0,222,15
17943554078728248,reel,8,2026-01-19,21:10,Mon,21,#ad my honest thoughts on this new launch. 🔥 😭 ✨ 💀 😍 😂,54,6,8,#groomingtips #fashionindia #weddingoutfit #budgetfashion #styletips #skincare #indianfashion #fashionreels,1,69411,11194,16.1,31168,756,45,40,18,212,10,859,7.67,0.36,0.16,0.089,6,mens_version:1|ad_callout:10,too many sponsored posts lately,28.9,222,15
17929991207426980,story,8,2026-01-20,10:04,Tue,10,link sticker: today's outfit,28,0,0,none,1,69435,4473,6.4,5512,0,49,0,13,44,4,62,1.39,0.0,0.29,0.089,0,none,none,0.0,16,19
17919534858346681,reel,8,2026-01-20,15:10,Tue,15,what actually helped my pigmentation. 👀 💀 🔥 😍 ✨ 🫶,49,6,12,#budgetfashion #haircare #skincare #weddingoutfit #fashionreels #fashionindia #stylediaries #ootd #indianfashion #groomingtips #grwm #styletips,1,69435,13009,18.7,24034,796,33,204,67,181,24,1100,8.46,1.57,0.52,0.184,4,mens_version:1|skin_tone:4,okay but the fit,24.2,16,19
17984776838154453,story,8,2026-01-20,20:18,Tue,20,question box: styling questions,31,0,0,none,1,69435,4828,7.0,6192,0,44,0,14,48,4,58,1.2,0.0,0.29,0.083,44,none,none,0.0,16,19
17988144252111432,story,8,2026-01-20,20:37,Tue,20,link sticker: today's outfit,28,0,0,none,1,69435,3815,5.5,4065,0,10,0,11,38,3,21,0.55,0.0,0.29,0.079,0,none,none,0.0,16,19
17915821254979873,reel,8,2026-01-21,17:20,Wed,17,fit check before the meeting. 💀,31,1,2,#haircare #skincare,1,69453,20853,30.0,43985,1364,81,97,62,321,29,1604,7.69,0.47,0.3,0.139,2,link_request:6|mens_version:1,you look stunning,40.0,15,14
17987370207258512,story,8,2026-01-22,09:43,Thu,9,this or that: saree or lehenga,30,0,0,none,1,69474,3201,4.6,4123,0,14,0,9,32,3,23,0.72,0.0,0.28,0.094,0,none,none,0.0,157,9
17906529866302040,story,8,2026-01-22,09:48,Thu,9,poll: outfit a or b?,20,0,0,none,1,69474,3164,4.6,3969,0,12,0,9,31,3,21,0.66,0.0,0.28,0.095,0,none,none,0.0,157,9
17953674972047695,image,8,2026-01-22,11:00,Thu,11,"the linen set everyone wants, for ₹799. 🙌 🫶 💯 💀 🔥 ✨",51,6,8,#grwm #stylediaries #weddingoutfit #indianfashion #budgetfashion #fashionreels #haircare #groomingtips,1,69474,15466,22.3,18594,802,24,234,106,304,55,1166,7.54,1.51,0.69,0.356,1,link_request:3,okay but the fit,41.7,157,9
17953209554370942,reel,8,2026-01-22,21:20,Thu,21,"5 festive looks under ₹1,500. 😂 💀 😭 🔥 💯 🙌",41,6,12,#skincare #indianfashion #grwm #stylediaries #groomingtips #fashionindia #budgetfashion #ootd #weddingoutfit #styletips #haircare #fashionreels,1,69529,30811,44.3,83128,1781,74,456,217,499,105,2528,8.2,1.48,0.7,0.341,3,link_request:7|mens_version:5,men's version please,41.7,157,9
17941165899464926,reel,8,2026-01-23,13:10,Fri,13,"luxury bag vs ₹1,200 dupe. can you tell? 👀 ✨ 💀 🫶",48,4,8,#haircare #budgetfashion #ootd #groomingtips #indianfashion #stylediaries #weddingoutfit #fashionreels,1,69647,27116,38.9,72404,1553,106,531,157,418,80,2347,8.66,1.96,0.58,0.295,9,link_request:13|mens_version:2,you look stunning,38.3,115,13
17907046148591170,reel,8,2026-01-23,21:20,Fri,21,ootd: linen and loafers.,24,0,10,#budgetfashion #groomingtips #fashionindia #grwm #indianfashion #weddingoutfit #stylediaries #skincare #haircare #styletips,1,69727,32276,46.3,69697,1849,90,175,63,452,48,2177,6.74,0.54,0.2,0.149,2,link_request:5,okay but the fit,25.0,115,13
17905150528113228,carousel,8,2026-01-24,13:40,Sat,13,lehenga styling for the budget bride's sister.,46,0,3,#fashionindia #indianfashion #stylediaries,9,69775,66808,95.7,100158,4587,191,953,469,1170,211,6200,9.28,1.43,0.7,0.316,1,mens_version:2|skin_tone:4,your style is everything,43.3,303,6
17977427521044027,story,8,2026-01-24,13:58,Sat,13,question box: styling questions,31,0,0,none,1,69775,5237,7.5,6413,0,20,0,15,52,5,35,0.67,0.0,0.29,0.095,20,none,none,0.0,303,6
17919337709646488,carousel,8,2026-01-24,19:00,Sat,19,today's fit. 💀,14,1,10,#fashionreels #skincare #styletips #groomingtips #ootd #budgetfashion #indianfashion #stylediaries #haircare #fashionindia,5,69986,17909,25.6,27075,1114,65,74,49,268,29,1302,7.27,0.41,0.27,0.162,2,link_request:3|mens_version:3,okay but the fit,38.3,303,6
17987469264274725,carousel,8,2026-01-24,21:10,Sat,21,frizz-free hair in humid weather.,33,0,8,#indianfashion #weddingoutfit #haircare #styletips #skincare #fashionindia #stylediaries #fashionreels,10,70015,24476,35.0,37050,1417,87,290,99,371,60,1893,7.73,1.18,0.4,0.245,0,mens_version:3,need this in my life,30.0,303,6
17951619847081236,story,8,2026-01-24,22:18,Sat,22,quiz: guess the price of this look,34,0,0,none,1,69775,4810,6.9,6218,0,49,0,14,48,4,63,1.31,0.0,0.29,0.083,0,none,none,0.0,303,6
17965041537831076,reel,8,2026-01-25,09:40,Sun,9,#ad loving this new serum from my partners. 🙌 😭 💀 ✨,51,4,10,#skincare #weddingoutfit #styletips #stylediaries #ootd #fashionreels #grwm #fashionindia #budgetfashion #indianfashion,1,70080,12279,17.5,22391,632,36,28,12,219,11,708,5.77,0.23,0.1,0.09,7,mens_version:3|ad_callout:10,need this in my life,38.9,6,12
17996930406044719,story,8,2026-01-25,13:19,Sun,13,link sticker: today's outfit,28,0,0,none,1,70080,4499,6.4,5316,0,39,0,13,44,4,52,1.16,0.0,0.29,0.089,0,none,none,0.0,6,12
17933387872152670,story,8,2026-01-25,17:36,Sun,17,link sticker: today's outfit,28,0,0,none,1,70080,3644,5.2,4170,0,21,0,10,36,3,31,0.85,0.0,0.27,0.082,0,none,none,0.0,6,12
17912379170320995,reel,9,2026-01-26,11:00,Mon,11,"wedding guest outfits, ranked by comfort. 🙌",43,1,8,#weddingoutfit #grwm #skincare #ootd #styletips #fashionreels #budgetfashion #groomingtips,1,70108,44532,63.5,106156,3010,119,807,323,681,107,4259,9.56,1.81,0.73,0.24,4,mens_version:1|skin_tone:6,need this in my life,21.7,95,20
17946090391516986,story,9,2026-01-26,17:35,Mon,17,question box: styling questions,31,0,0,none,1,70108,4064,5.8,5212,0,46,0,12,40,4,58,1.43,0.0,0.3,0.098,46,none,none,0.0,95,20
17931440914412452,story,9,2026-01-26,22:17,Mon,22,link sticker: today's outfit,28,0,0,none,1,70108,4477,6.4,5700,0,50,0,13,44,4,63,1.41,0.0,0.29,0.089,0,none,none,0.0,95,20
17916930678889519,image,9,2026-01-27,09:20,Tue,9,how to look taller in ethnic wear. 💀 🔥,38,2,5,#skincare #ootd #grwm #fashionindia #weddingoutfit,1,70205,15033,21.4,22748,827,37,239,76,234,43,1179,7.84,1.59,0.51,0.286,3,link_request:4|skin_tone:2,you look stunning,37.8,142,11
17918966294575015,reel,9,2026-01-27,13:20,Tue,13,grwm for my cousin's sangeet.,29,0,2,#fashionindia #skincare,1,70248,21776,31.0,46050,1217,44,161,96,374,61,1518,6.97,0.74,0.44,0.28,3,link_request:7,your style is everything,38.6,142,11
17963934831068057,image,9,2026-01-27,18:40,Tue,18,heatless curls that last all day.,33,0,10,#skincare #fashionindia #styletips #fashionreels #grwm #groomingtips #haircare #budgetfashion #weddingoutfit #ootd,1,70309,16348,23.3,22864,925,59,203,61,285,45,1248,7.63,1.24,0.37,0.275,0,mens_version:4,need this in my life,30.5,142,11
17912753398362363,story,9,2026-01-27,22:47,Tue,22,this or that: saree or lehenga,30,0,0,none,1,70205,4259,6.1,4697,0,37,0,12,42,4,49,1.15,0.0,0.28,0.094,0,none,none,0.0,142,11
17940812766414242,story,9,2026-01-28,10:14,Wed,10,bts of today's shoot,20,0,0,none,1,70354,3670,5.2,4322,0,20,0,11,36,3,31,0.84,0.0,0.3,0.082,0,none,none,0.0,85,6
17997712274887115,reel,9,2026-01-28,13:10,Wed,13,what actually helped my pigmentation. 💀 🔥 ✨ 😭,45,4,8,#weddingoutfit #budgetfashion #fashionindia #skincare #fashionreels #grwm #indianfashion #stylediaries,1,70354,35754,50.8,74354,1910,120,370,138,690,85,2538,7.1,1.03,0.39,0.238,2,mens_version:1|skin_tone:3,saving this,30.0,85,6
17971056567554118,story,9,2026-01-28,20:31,Wed,20,link sticker: today's outfit,28,0,0,none,1,70354,3350,4.8,4007,0,19,0,10,33,3,29,0.87,0.0,0.3,0.09,0,none,none,0.0,85,6
17996357211218892,story,9,2026-01-29,13:55,Thu,13,quiz: guess the price of this look,34,0,0,none,1,70447,3915,5.6,5076,0,34,0,11,39,3,45,1.15,0.0,0.28,0.077,0,none,none,0.0,57,8
17959013370707342,reel,9,2026-01-29,20:20,Thu,20,heatless curls that last all day.,33,0,3,#stylediaries #groomingtips #indianfashion,1,70447,27073,38.4,49769,1398,75,308,93,444,58,1874,6.92,1.14,0.34,0.214,0,mens_version:3,love love love,26.7,57,8
17926856655817503,story,9,2026-01-29,22:35,Thu,22,poll: outfit a or b?,20,0,0,none,1,70447,4297,6.1,5326,0,23,0,12,42,4,35,0.81,0.0,0.28,0.093,0,none,none,0.0,57,8
17954215664608004,story,9,2026-01-30,10:22,Fri,10,link sticker: today's outfit,28,0,0,none,1,70504,3290,4.7,4270,0,18,0,9,32,3,27,0.82,0.0,0.27,0.091,0,none,none,0.0,128,6
17932458285472893,story,9,2026-01-30,13:30,Fri,13,question box: styling questions,31,0,0,none,1,70504,3081,4.4,3952,0,31,0,9,30,3,40,1.3,0.0,0.29,0.097,31,none,none,0.0,128,6
17948766591271180,story,9,2026-01-30,17:02,Fri,17,link sticker: today's outfit,28,0,0,none,1,70504,4775,6.8,5433,0,55,0,14,47,4,69,1.45,0.0,0.29,0.084,0,none,none,0.0,128,6
17900782559931201,carousel,9,2026-01-30,17:50,Fri,17,grwm for my cousin's sangeet. 😭 👀,33,2,8,#skincare #fashionreels #stylediaries #fashionindia #indianfashion #budgetfashion #ootd #styletips,4,70504,14113,20.0,20657,736,42,72,54,250,48,904,6.41,0.51,0.38,0.34,2,link_request:6|mens_version:2,love these videos,21.4,128,6
17913325219919817,reel,9,2026-01-30,20:00,Fri,20,the 3-product routine for oily skin.,36,0,5,#skincare #weddingoutfit #budgetfashion #fashionreels #stylediaries,1,70552,35685,50.6,97145,1875,118,366,167,520,69,2526,7.08,1.03,0.47,0.193,5,mens_version:3|skin_tone:5,love love love,35.0,128,6
17948621274029313,story,9,2026-01-30,22:16,Fri,22,link sticker: today's outfit,28,0,0,none,1,70504,3764,5.3,4114,0,37,0,11,37,3,48,1.28,0.0,0.29,0.08,0,none,none,0.0,128,6
17943181632829864,story,9,2026-01-30,22:58,Fri,22,question box: styling questions,31,0,0,none,1,70504,4533,6.4,5733,0,44,0,13,45,4,57,1.26,0.0,0.29,0.088,44,none,none,0.0,128,6
17983125627725191,carousel,9,2026-01-31,11:20,Sat,11,how to look taller in ethnic wear. 😍,36,1,0,none,8,70620,34322,48.6,41399,2191,124,639,227,517,86,3181,9.27,1.86,0.66,0.251,8,link_request:7|mens_version:1|skin_tone:4,you look stunning,40.0,150,13
17961572800487887,carousel,9,2026-01-31,18:10,Sat,18,the 3-product routine for oily skin. 🫶,38,1,8,#haircare #weddingoutfit #styletips #budgetfashion #indianfashion #skincare #stylediaries #fashionindia,6,70706,29379,41.6,36760,1729,113,439,127,571,73,2408,8.2,1.49,0.43,0.248,4,mens_version:3|skin_tone:5,obsessed 😍,35.0,150,13
17969673765431889,story,9,2026-01-31,22:56,Sat,22,bts of today's shoot,20,0,0,none,1,70620,4365,6.2,5103,0,11,0,13,43,4,24,0.55,0.0,0.3,0.092,0,none,none,0.0,150,13
17903418303384375,carousel,9,2026-02-01,11:20,Sun,11,sunscreen mistakes everyone makes. 💯 😂,38,2,5,#budgetfashion #fashionindia #groomingtips #styletips #weddingoutfit,5,70778,31754,44.9,41316,1694,58,426,109,615,77,2287,7.2,1.34,0.34,0.242,0,mens_version:5,saving this,34.5,74,13
17955487551745806,story,9,2026-02-01,17:07,Sun,17,quiz: guess the price of this look,34,0,0,none,1,70778,3921,5.5,5011,0,26,0,11,39,3,37,0.94,0.0,0.28,0.077,0,none,none,0.0,74,13
17979947262093504,story,9,2026-02-01,20:58,Sun,20,bts of today's shoot,20,0,0,none,1,70778,4067,5.7,5123,0,9,0,12,40,4,21,0.52,0.0,0.3,0.098,0,none,none,0.0,74,13
17941685204573928,story,9,2026-02-01,22:33,Sun,22,quiz: guess the price of this look,34,0,0,none,1,70778,3049,4.3,3729,0,35,0,9,30,3,44,1.44,0.0,0.3,0.098,0,none,none,0.0,74,13
17935981792865094,carousel,10,2026-02-02,15:00,Mon,15,stop tucking your kurta like that. try this.,44,0,2,#fashionreels #haircare,9,70863,31681,44.7,38667,1943,100,504,205,455,65,2752,8.69,1.59,0.65,0.205,6,link_request:11|mens_version:6|skin_tone:2,okay but the fit,35.0,173,9
17903169090263182,image,10,2026-02-02,18:10,Mon,18,"wedding guest outfits, ranked by comfort.",41,0,5,#budgetfashion #indianfashion #groomingtips #ootd #styletips,1,70928,39687,56.0,59474,2702,145,722,339,541,110,3908,9.85,1.82,0.85,0.277,5,mens_version:4|skin_tone:6,your style is everything,31.7,173,9
17949494075574513,story,10,2026-02-02,20:18,Mon,20,question box: styling questions,31,0,0,none,1,70863,3145,4.4,3693,0,28,0,9,31,3,37,1.18,0.0,0.29,0.095,28,none,none,0.0,173,9
17992673826551187,story,10,2026-02-02,20:18,Mon,20,poll: outfit a or b?,20,0,0,none,1,70863,4785,6.8,5672,0,37,0,14,47,4,51,1.07,0.0,0.29,0.084,0,none,none,0.0,173,9
17996300488929768,carousel,10,2026-02-03,19:10,Tue,19,"wedding guest outfits, ranked by comfort.",41,0,3,#weddingoutfit #stylediaries #styletips,8,71034,44416,62.5,58204,3011,193,782,319,650,135,4305,9.69,1.76,0.72,0.304,1,mens_version:1|skin_tone:1,okay but the fit,28.3,156,14
17982628509779122,image,10,2026-02-03,20:20,Tue,20,how to look taller in ethnic wear. ✨ 🔥 🙌 💯,42,4,12,#budgetfashion #groomingtips #ootd #skincare #haircare #styletips #weddingoutfit #indianfashion #fashionindia #stylediaries #fashionreels #grwm,1,71169,12525,17.6,18855,767,36,217,75,223,35,1095,8.74,1.73,0.6,0.279,3,link_request:3|skin_tone:1,saving this,30.6,156,14
17960275687578707,carousel,10,2026-02-04,09:00,Wed,9,the 3-product routine for oily skin. 😭 ✨ 💀 💯,44,4,5,#fashionindia #grwm #skincare #haircare #budgetfashion,8,71213,13379,18.8,20909,690,35,172,63,210,31,960,7.18,1.29,0.47,0.232,0,mens_version:1,saving this,31.4,215,10
17979007855015541,story,10,2026-02-04,09:11,Wed,9,this or that: saree or lehenga,30,0,0,none,1,71213,4693,6.6,5661,0,49,0,14,46,4,63,1.34,0.0,0.3,0.085,0,none,none,0.0,215,10
17967026872891818,story,10,2026-02-04,10:06,Wed,10,quiz: guess the price of this look,34,0,0,none,1,71213,4702,6.6,5997,0,24,0,14,47,4,38,0.81,0.0,0.3,0.085,0,none,none,0.0,215,10
17967900782832110,image,10,2026-02-04,18:00,Wed,18,get ready with me: office to dinner in 10 minutes. 🔥,52,1,0,none,1,71244,19115,26.8,26244,1282,51,182,103,378,55,1618,8.46,0.95,0.54,0.288,3,link_request:6|mens_version:1,your style is everything,31.4,215,10
17994657810715907,reel,10,2026-02-04,21:10,Wed,21,grwm for a sunday brunch.,25,0,3,#skincare #weddingoutfit #groomingtips,1,71299,37319,52.3,92358,2278,76,229,172,710,127,2755,7.38,0.61,0.46,0.34,2,link_request:5|mens_version:5,your voice is so calming,25.0,215,10
17929166195512385,story,10,2026-02-04,22:46,Wed,22,this or that: saree or lehenga,30,0,0,none,1,71213,4359,6.1,5058,0,11,0,13,43,4,24,0.55,0.0,0.3,0.092,0,none,none,0.0,215,10
17983128784538092,story,10,2026-02-05,09:46,Thu,9,link sticker: today's outfit,28,0,0,none,1,71435,5315,7.4,6174,0,46,0,15,53,5,61,1.15,0.0,0.28,0.094,0,none,none,0.0,86,10
17919101771354835,story,10,2026-02-05,10:42,Thu,10,poll: outfit a or b?,20,0,0,none,1,71435,5565,7.8,6829,0,34,0,16,55,5,50,0.9,0.0,0.29,0.09,0,none,none,0.0,86,10
17967054473898045,story,10,2026-02-05,17:46,Thu,17,link sticker: today's outfit,28,0,0,none,1,71435,4998,7.0,5485,0,54,0,14,49,4,68,1.36,0.0,0.28,0.08,0,none,none,0.0,86,10
17933485560353417,reel,10,2026-02-05,18:00,Thu,18,stop tucking your kurta like that. try this. 🔥 🙌 😂 ✨ 💯 😭,56,6,8,#haircare #groomingtips #styletips #weddingoutfit #skincare #fashionreels #ootd #grwm,1,71435,36758,51.5,66260,2437,99,570,210,543,82,3316,9.02,1.55,0.57,0.223,6,link_request:11|mens_version:1|skin_tone:3,your style is everything,36.7,86,10
17979696660776703,reel,10,2026-02-06,09:00,Fri,9,#ad my honest thoughts on this new launch. 👀 💯,46,2,8,#budgetfashion #ootd #stylediaries #groomingtips #fashionreels #skincare #styletips #fashionindia,1,71530,11489,16.1,27413,662,33,35,16,228,10,746,6.49,0.3,0.14,0.087,6,mens_version:1|ad_callout:12,obsessed 😍,36.4,175,9
17953427244537996,story,10,2026-02-06,09:08,Fri,9,link sticker: today's outfit,28,0,0,none,1,71530,5714,8.0,6077,0,65,0,17,57,5,82,1.44,0.0,0.3,0.088,0,none,none,0.0,175,9
17933967609911084,story,10,2026-02-06,09:20,Fri,9,link sticker: today's outfit,28,0,0,none,1,71530,4002,5.6,4725,0,44,0,12,40,4,56,1.4,0.0,0.3,0.1,0,none,none,0.0,175,9
17984752445220126,image,10,2026-02-06,15:30,Fri,15,"the linen set everyone wants, for ₹799. 🙌 💯 😭 😂 🫶 👀",51,6,3,#haircare #stylediaries #fashionreels,1,71540,16145,22.6,22891,929,29,272,114,258,55,1344,8.32,1.68,0.71,0.341,1,link_request:3|mens_version:2,okay but the fit,37.9,175,9
17936448927936982,reel,10,2026-02-06,19:10,Fri,19,frizz-free hair in humid weather. 😭 🫶,37,2,2,#haircare #fashionreels,1,71595,38260,53.4,95443,2572,105,460,213,761,105,3350,8.76,1.2,0.56,0.274,0,mens_version:3,saving this,25.0,175,9
17958152384486881,story,10,2026-02-06,22:38,Fri,22,poll: outfit a or b?,20,0,0,none,1,71530,5409,7.6,5760,0,40,0,16,54,5,56,1.04,0.0,0.3,0.092,0,none,none,0.0,175,9
17900738122669081,carousel,10,2026-02-07,17:20,Sat,17,oiling done right: how long to leave it in. 👀,45,1,8,#stylediaries #fashionreels #fashionindia #grwm #haircare #groomingtips #weddingoutfit #skincare,5,71715,21985,30.7,29247,1508,92,340,87,403,62,2027,9.22,1.55,0.4,0.282,0,mens_version:4,okay but the fit,31.7,44,37
17918632225188743,story,10,2026-02-07,17:58,Sat,17,quiz: guess the price of this look,34,0,0,none,1,71715,4125,5.8,4899,0,47,0,12,41,4,59,1.43,0.0,0.29,0.097,0,none,none,0.0,44,37
17930474503923430,reel,10,2026-02-07,20:30,Sat,20,#ad my honest thoughts on this new launch. 😂 ✨,46,2,8,#styletips #stylediaries #fashionindia #haircare #grwm #weddingoutfit #ootd #indianfashion,1,71777,25577,35.6,47913,1637,105,88,43,357,15,1873,7.32,0.34,0.17,0.059,11,mens_version:5|ad_callout:13,ad again?,33.3,44,37
17907426528302323,story,10,2026-02-08,09:25,Sun,9,poll: outfit a or b?,20,0,0,none,1,71775,3994,5.6,5158,0,30,0,11,39,3,41,1.03,0.0,0.28,0.075,0,none,none,0.0,236,26
17921451506762878,reel,10,2026-02-08,09:40,Sun,9,3 ways to style one white shirt. 😂,34,1,8,#ootd #haircare #fashionreels #styletips #groomingtips #fashionindia #budgetfashion #skincare,1,71775,72140,100.5,140008,4898,157,1333,513,1225,234,6901,9.57,1.85,0.71,0.324,4,link_request:6|mens_version:1|skin_tone:2,my boyfriend needs this,38.3,236,26
17994506088794006,reel,10,2026-02-08,17:20,Sun,17,#ad loving this new serum from my partners.,43,0,8,#fashionreels #indianfashion #grwm #weddingoutfit #budgetfashion #styletips #skincare #ootd,1,72009,21433,29.8,38662,1388,89,80,28,326,18,1585,7.4,0.37,0.13,0.084,20,mens_version:1|ad_callout:24,you look stunning,40.0,236,26
17950378293146115,story,10,2026-02-08,20:58,Sun,20,quiz: guess the price of this look,34,0,0,none,1,71775,4248,5.9,4482,0,37,0,12,42,4,49,1.15,0.0,0.28,0.094,0,none,none,0.0,236,26
17989932224070909,story,10,2026-02-08,22:33,Sun,22,link sticker: today's outfit,28,0,0,none,1,71775,3683,5.1,4708,0,37,0,11,36,3,48,1.3,0.0,0.3,0.081,0,none,none,0.0,236,26
17979715647219431,image,11,2026-02-09,15:20,Mon,15,#ad partnered with a brand i actually use. 👀,44,1,8,#budgetfashion #indianfashion #skincare #fashionindia #styletips #grwm #weddingoutfit #haircare,1,72009,4695,6.5,6108,256,11,13,6,91,4,286,6.09,0.28,0.13,0.085,1,mens_version:1|ad_callout:3,do a grooming routine for guys,36.4,132,26
17944349027576817,image,11,2026-02-09,17:00,Mon,17,#ad loving this new serum from my partners.,43,0,3,#stylediaries #skincare #fashionreels,1,72013,6024,8.4,7600,324,12,18,6,97,5,360,5.98,0.3,0.1,0.083,4,mens_version:1|ad_callout:6,men's version please,25.0,132,26
17916079067501477,carousel,11,2026-02-09,20:40,Mon,20,"grwm for a first date. yes, really. 👀",37,1,2,#stylediaries #groomingtips,7,72018,44191,61.4,54346,2854,136,377,217,826,149,3584,8.11,0.85,0.49,0.337,2,link_request:6|mens_version:3,your voice is so calming,40.0,132,26
17966679426040638,reel,11,2026-02-10,18:40,Tue,18,the hair mask i make from my kitchen. 😍 ✨,41,2,8,#budgetfashion #groomingtips #weddingoutfit #fashionindia #grwm #skincare #ootd #stylediaries,1,72170,74022,102.6,159845,4319,174,775,275,1433,228,5543,7.49,1.05,0.37,0.308,0,mens_version:3,saving this,26.7,186,42
17980397459203406,story,11,2026-02-11,10:13,Wed,10,quiz: guess the price of this look,34,0,0,none,1,72369,4439,6.1,5042,0,41,0,13,44,4,54,1.22,0.0,0.29,0.09,0,none,none,0.0,76,15
17953497727082213,reel,11,2026-02-11,13:20,Wed,13,oiling done right: how long to leave it in. 💯 🫶,47,2,0,none,1,72369,28421,39.3,56464,1662,66,276,121,450,65,2125,7.48,0.97,0.43,0.229,0,mens_version:4,can you do husband styling next,36.7,76,15
17934115842684071,story,11,2026-02-11,13:36,Wed,13,quiz: guess the price of this look,34,0,0,none,1,72369,4284,5.9,5554,0,17,0,12,42,4,29,0.68,0.0,0.28,0.093,0,none,none,0.0,76,15
17969416834062016,image,11,2026-02-11,17:50,Wed,17,fit check before the meeting. 🫶,31,1,2,#fashionreels #skincare,1,72434,12002,16.6,17526,676,34,56,29,166,18,795,6.62,0.47,0.24,0.15,5,link_request:5,love love love,44.1,76,15
17934790342989015,carousel,11,2026-02-12,09:20,Thu,9,grwm for my cousin's sangeet. 😍 🙌 🔥 😭 💀 😂,41,6,5,#fashionindia #weddingoutfit #haircare #ootd #grwm,4,72457,28814,39.8,44677,1571,90,171,118,502,80,1950,6.77,0.59,0.41,0.278,0,link_request:5|mens_version:1,love love love,26.7,300,8
17914542528863370,reel,11,2026-02-12,18:30,Thu,18,what to wear to a day wedding vs night wedding.,47,0,5,#weddingoutfit #budgetfashion #fashionindia #grwm #ootd,1,72537,82696,114.0,159673,5003,202,1319,443,1390,228,6967,8.42,1.59,0.54,0.276,4,mens_version:3|skin_tone:7,okay but the fit,43.3,300,8
17930661649985414,image,11,2026-02-13,13:20,Fri,13,today's fit. 😂 👀,16,2,8,#haircare #fashionreels #styletips #groomingtips #grwm #skincare #indianfashion #ootd,1,72772,6792,9.3,10805,381,18,24,15,99,11,438,6.45,0.35,0.22,0.162,3,link_request:5|mens_version:3,where is this from?,44.4,191,7
17985337157692847,carousel,11,2026-02-13,18:20,Fri,18,"the ₹8,000 look for under ₹999. every piece linked. 😂",53,1,5,#budgetfashion #fashionindia #haircare #indianfashion #ootd,10,72783,56044,77.0,69807,3376,226,924,474,872,187,5000,8.92,1.65,0.85,0.334,1,link_request:8|mens_version:1,your style is everything,31.7,191,7
17940452933949699,story,11,2026-02-14,10:29,Sat,10,question box: styling questions,31,0,0,none,1,72986,4634,6.3,5592,0,10,0,13,46,4,23,0.5,0.0,0.28,0.086,10,none,none,0.0,442,6
17907100484996164,reel,11,2026-02-14,17:10,Sat,17,lehenga styling for the budget bride's sister. 🔥,48,1,2,#weddingoutfit #styletips,1,72986,125831,172.4,347965,7058,484,1698,689,2517,431,9929,7.89,1.35,0.55,0.343,5,mens_version:3|skin_tone:6,obsessed 😍,35.0,442,6
17998080632927320,story,11,2026-02-14,17:14,Sat,17,poll: outfit a or b?,20,0,0,none,1,72986,5180,7.1,5553,0,18,0,15,51,5,33,0.64,0.0,0.29,0.097,0,none,none,0.0,442,6
17942438928637783,story,11,2026-02-14,17:52,Sat,17,this or that: saree or lehenga,30,0,0,none,1,72986,3248,4.5,3465,0,8,0,9,32,3,17,0.52,0.0,0.28,0.092,0,none,none,0.0,442,6
17916404718057023,story,11,2026-02-14,20:23,Sat,20,question box: styling questions,31,0,0,none,1,72986,5114,7.0,5822,0,11,0,15,51,5,26,0.51,0.0,0.29,0.098,11,none,none,0.0,442,6
17976899262287431,story,11,2026-02-15,09:57,Sun,9,bts of today's shoot,20,0,0,none,1,73416,4663,6.4,5416,0,29,0,13,46,4,42,0.9,0.0,0.28,0.086,0,none,none,0.0,12,8
17992798463574788,story,11,2026-02-15,10:07,Sun,10,question box: styling questions,31,0,0,none,1,73416,5611,7.6,5896,0,57,0,16,56,5,73,1.3,0.0,0.29,0.089,57,none,none,0.0,12,8
17974406991924952,reel,11,2026-02-15,18:00,Sun,18,#ad my honest thoughts on this new launch.,42,0,12,#weddingoutfit #skincare #stylediaries #fashionreels #ootd #styletips #haircare #budgetfashion #fashionindia #grwm #indianfashion #groomingtips,1,73416,18438,25.1,44497,1067,32,55,23,260,11,1177,6.38,0.3,0.12,0.06,7,ad_callout:12,ad again?,37.5,12,8
17945712857949478,carousel,12,2026-02-16,09:40,Mon,9,fit check before the meeting.,29,0,3,#groomingtips #fashionindia #fashionreels,9,73433,18483,25.2,26029,1153,49,86,44,354,36,1332,7.21,0.47,0.24,0.195,1,link_request:6|mens_version:1,obsessed 😍,38.8,16,29
17949285288815619,story,12,2026-02-16,17:45,Mon,17,bts of today's shoot,20,0,0,none,1,73433,5160,7.0,5585,0,44,0,15,51,5,59,1.14,0.0,0.29,0.097,0,none,none,0.0,16,29
17989768468851978,story,12,2026-02-16,20:06,Mon,20,bts of today's shoot,20,0,0,none,1,73433,4339,5.9,5594,0,24,0,13,43,4,37,0.85,0.0,0.3,0.092,0,none,none,0.0,16,29
17906405843984139,story,12,2026-02-17,10:48,Tue,10,quiz: guess the price of this look,34,0,0,none,1,73447,4317,5.9,5168,0,19,0,12,43,4,31,0.72,0.0,0.28,0.093,0,none,none,0.0,118,8
17944192070953059,story,12,2026-02-17,10:58,Tue,10,question box: styling questions,31,0,0,none,1,73447,4570,6.2,5277,0,49,0,13,45,4,62,1.36,0.0,0.28,0.088,49,none,none,0.0,118,8
17998191668704382,story,12,2026-02-17,13:43,Tue,13,link sticker: today's outfit,28,0,0,none,1,73447,2963,4.0,3735,0,21,0,8,29,2,29,0.98,0.0,0.27,0.067,0,none,none,0.0,118,8
17985572086782388,carousel,12,2026-02-17,18:50,Tue,18,"5 festive looks under ₹1,500. ✨ 👀 😍 🔥",37,4,10,#weddingoutfit #skincare #indianfashion #fashionreels #styletips #grwm #fashionindia #haircare #stylediaries #ootd,4,73447,46239,63.0,70534,2533,168,728,338,645,113,3767,8.15,1.57,0.73,0.244,1,link_request:3|mens_version:2,your style is everything,25.0,118,8
17976791357842060,story,12,2026-02-17,22:04,Tue,22,this or that: saree or lehenga,30,0,0,none,1,73447,3028,4.1,3552,0,14,0,9,30,3,23,0.76,0.0,0.3,0.099,0,none,none,0.0,118,8
17947437097383528,story,12,2026-02-18,10:53,Wed,10,bts of today's shoot,20,0,0,none,1,73570,5562,7.6,7048,0,47,0,16,55,5,63,1.13,0.0,0.29,0.09,0,none,none,0.0,292,7
17937590967946218,reel,12,2026-02-18,11:00,Wed,11,grwm for my cousin's sangeet. ✨ 🙌,33,2,3,#budgetfashion #stylediaries #haircare,1,73570,25373,34.5,62322,1466,80,197,110,359,51,1853,7.3,0.78,0.43,0.201,10,link_request:16|mens_version:1,okay but the fit,41.7,292,7
17996600984352654,story,12,2026-02-18,20:07,Wed,20,bts of today's shoot,20,0,0,none,1,73570,5069,6.9,6226,0,40,0,15,50,5,55,1.09,0.0,0.3,0.099,0,none,none,0.0,292,7
17946889581148669,reel,12,2026-02-18,21:30,Wed,21,what to wear to a day wedding vs night wedding. 💀 😭 🔥 😍,55,4,2,#grwm #stylediaries,1,73621,84424,114.7,207124,5044,323,1253,581,1410,238,7201,8.53,1.48,0.69,0.282,2,mens_version:2|skin_tone:5,my boyfriend needs this,26.7,292,7
17911440582924088,reel,12,2026-02-19,09:40,Thu,9,frizz-free hair in humid weather. ✨ 👀 🫶 💀,41,4,3,#budgetfashion #groomingtips #styletips,1,73862,29808,40.4,73457,1950,133,429,152,529,73,2664,8.94,1.44,0.51,0.245,0,mens_version:5,obsessed 😍,36.7,102,14
17993063207424209,reel,12,2026-02-19,17:10,Thu,17,#ad partnered with a brand i actually use.,42,0,5,#weddingoutfit #indianfashion #grwm #styletips #budgetfashion,1,73935,20881,28.2,42974,1426,98,82,32,343,17,1638,7.84,0.39,0.15,0.081,16,mens_version:3|ad_callout:25,too many sponsored posts lately,53.3,102,14
17945697365472809,reel,12,2026-02-19,19:10,Thu,19,#ad partnered with a brand i actually use.,42,0,10,#skincare #indianfashion #fashionindia #haircare #weddingoutfit #stylediaries #styletips #fashionreels #groomingtips #ootd,1,73952,15542,21.0,32486,998,59,44,25,240,12,1126,7.24,0.28,0.16,0.077,12,mens_version:4|ad_callout:18,love love love,35.6,102,14
17933402127014455,story,12,2026-02-19,20:10,Thu,20,bts of today's shoot,20,0,0,none,1,73862,5284,7.2,6596,0,21,0,15,52,5,36,0.68,0.0,0.28,0.095,0,none,none,0.0,102,14
17988309307799053,story,12,2026-02-19,20:52,Thu,20,this or that: saree or lehenga,30,0,0,none,1,73862,5474,7.4,6036,0,60,0,16,54,5,76,1.39,0.0,0.29,0.091,0,none,none,0.0,102,14
17966819654634100,story,12,2026-02-19,22:23,Thu,22,poll: outfit a or b?,20,0,0,none,1,73862,4663,6.3,5735,0,19,0,13,46,4,32,0.69,0.0,0.28,0.086,0,none,none,0.0,102,14
17919958469510445,reel,12,2026-02-20,09:00,Fri,9,"5 festive looks under ₹1,500.",29,0,10,#ootd #budgetfashion #weddingoutfit #groomingtips #indianfashion #fashionreels #fashionindia #styletips #haircare #stylediaries,1,73960,29993,40.6,71475,1600,105,397,212,598,133,2314,7.72,1.32,0.71,0.443,5,link_request:11|mens_version:2,link??,35.0,225,63
17974179167931376,story,12,2026-02-20,13:08,Fri,13,quiz: guess the price of this look,34,0,0,none,1,73960,4340,5.9,4748,0,22,0,13,43,4,35,0.81,0.0,0.3,0.092,0,none,none,0.0,225,63
17918169793390301,reel,12,2026-02-20,19:20,Fri,19,"the linen set everyone wants, for ₹799. 💀 😭",43,2,12,#grwm #haircare #groomingtips #stylediaries #styletips #skincare #fashionindia #ootd #budgetfashion #fashionreels #weddingoutfit #indianfashion,1,74093,40396,54.5,107172,2175,102,530,255,735,151,3062,7.58,1.31,0.63,0.374,1,link_request:3|mens_version:1,need the link,35.0,225,63
17926075693649431,image,12,2026-02-21,11:40,Sat,11,3 ways to style one white shirt. 🫶,34,1,5,#ootd #haircare #skincare #fashionindia #weddingoutfit,1,74188,20393,27.5,32597,1077,59,223,78,402,67,1437,7.05,1.09,0.38,0.329,7,link_request:5|mens_version:4|skin_tone:3,need this in my life,33.9,252,6
17922337230771826,reel,12,2026-02-21,15:00,Sat,15,stop tucking your kurta like that. try this. 🙌,46,1,5,#ootd #groomingtips #stylediaries #styletips #budgetfashion,1,74255,22123,29.8,56412,1335,88,371,136,330,61,1930,8.72,1.68,0.61,0.276,6,link_request:9|mens_version:1|skin_tone:1,your style is everything,30.0,252,6
17907504030388794,reel,12,2026-02-21,19:10,Sat,19,oiling done right: how long to leave it in. 😂 🫶 😭 ✨,51,4,0,none,1,74316,54264,73.0,129037,3308,129,728,227,796,122,4392,8.09,1.34,0.42,0.225,0,none,saving this,31.7,252,6
17976686339700210,story,12,2026-02-21,20:49,Sat,20,question box: styling questions,31,0,0,none,1,74188,4160,5.6,4717,0,11,0,12,41,4,23,0.55,0.0,0.29,0.096,11,none,none,0.0,252,6
17922147437150378,story,12,2026-02-21,22:56,Sat,22,link sticker: today's outfit,28,0,0,none,1,74188,4858,6.5,6241,0,28,0,14,48,4,42,0.86,0.0,0.29,0.082,0,none,none,0.0,252,6
17904757156771960,story,12,2026-02-22,09:49,Sun,9,bts of today's shoot,20,0,0,none,1,74456,3228,4.3,3708,0,28,0,9,32,3,37,1.15,0.0,0.28,0.093,0,none,none,0.0,95,12
17947671531816838,reel,12,2026-02-22,13:00,Sun,13,#ad the collection i've been waiting for. code MEHER10. 👀,57,1,5,#ootd #haircare #budgetfashion #indianfashion #styletips,1,74456,14851,19.9,33373,1023,53,60,28,236,12,1164,7.84,0.4,0.19,0.081,12,mens_version:4|ad_callout:17,do a grooming routine for guys,39.6,95,12
17948952977194597,reel,12,2026-02-22,18:50,Sun,18,heatless curls that last all day. 💯 🙌,37,2,8,#grwm #budgetfashion #ootd #haircare #groomingtips #skincare #styletips #fashionindia,1,74468,51618,69.3,126061,3337,215,606,195,704,92,4353,8.43,1.17,0.38,0.178,0,mens_version:2,okay but the fit,31.7,95,12
17934598900533330,story,13,2026-02-23,10:25,Mon,10,question box: styling questions,31,0,0,none,1,74561,3539,4.7,4080,0,33,0,10,35,3,43,1.22,0.0,0.28,0.085,33,none,none,0.0,40,27
17903152314441517,carousel,13,2026-02-23,11:10,Mon,11,stop tucking your kurta like that. try this. 😍 🔥 😂 ✨,52,4,10,#haircare #groomingtips #ootd #stylediaries #skincare #fashionindia #budgetfashion #weddingoutfit #styletips #indianfashion,3,74561,17627,23.6,22983,914,29,260,79,286,48,1282,7.27,1.48,0.45,0.272,3,link_request:2|skin_tone:2,love love love,41.4,40,27
17968369327176816,reel,13,2026-02-23,15:20,Mon,15,#ad my honest thoughts on this new launch. 💀 🫶,46,2,5,#budgetfashion #styletips #ootd #indianfashion #fashionreels,1,74609,16819,22.5,34916,1059,35,45,20,289,16,1159,6.89,0.27,0.12,0.095,9,mens_version:1|ad_callout:9,obsessed 😍,25.7,40,27
17939481245820364,story,13,2026-02-24,09:51,Tue,9,this or that: saree or lehenga,30,0,0,none,1,74624,5373,7.2,6393,0,58,0,16,53,5,74,1.38,0.0,0.3,0.093,0,none,none,0.0,260,26
17944469250338226,image,13,2026-02-24,11:20,Tue,11,#ad the collection i've been waiting for. code MEHER10.,55,0,8,#fashionreels #budgetfashion #weddingoutfit #skincare #stylediaries #styletips #indianfashion #haircare,1,74624,4564,6.1,5523,238,15,13,5,79,3,271,5.94,0.28,0.11,0.066,4,ad_callout:4,saving this,40.0,260,26
17994973055701327,reel,13,2026-02-24,17:10,Tue,17,"luxury bag vs ₹1,200 dupe. can you tell?",40,0,5,#skincare #fashionindia #groomingtips #styletips #haircare,1,74627,51145,68.5,96762,3129,178,814,433,949,163,4554,8.9,1.59,0.85,0.319,7,link_request:11,can't tell the difference,31.7,260,26
17979601924517679,carousel,13,2026-02-24,19:10,Tue,19,"my night skincare routine, 4 steps only. 👀 😍",44,2,5,#indianfashion #fashionreels #fashionindia #styletips #groomingtips,10,74790,40336,53.9,58174,2304,92,604,174,770,109,3174,7.87,1.5,0.43,0.27,2,mens_version:4|skin_tone:3,need this in my life,45.0,260,26
17974424490065291,story,13,2026-02-24,20:04,Tue,20,bts of today's shoot,20,0,0,none,1,74624,3601,4.8,4126,0,27,0,10,36,3,37,1.03,0.0,0.28,0.083,0,none,none,0.0,260,26
17968306710305361,story,13,2026-02-24,22:06,Tue,22,poll: outfit a or b?,20,0,0,none,1,74624,3539,4.7,4480,0,18,0,10,35,3,28,0.79,0.0,0.28,0.085,0,none,none,0.0,260,26
17992596023071945,reel,13,2026-02-25,11:20,Wed,11,#ad the collection i've been waiting for. code MEHER10.,55,0,10,#ootd #haircare #grwm #budgetfashion #fashionindia #skincare #groomingtips #stylediaries #weddingoutfit #styletips,1,74898,9605,12.8,17392,523,31,24,13,166,9,591,6.15,0.25,0.14,0.094,9,mens_version:3|ad_callout:14,saving this,32.3,46,41
17932707504529292,story,13,2026-02-25,13:49,Wed,13,question box: styling questions,31,0,0,none,1,74898,5216,7.0,6129,0,60,0,15,52,5,75,1.44,0.0,0.29,0.096,60,none,none,0.0,46,41
17927390108722468,carousel,13,2026-02-25,21:20,Wed,21,"one saree, four drapes.",23,0,5,#groomingtips #haircare #fashionreels #indianfashion #stylediaries,4,74907,34000,45.4,43852,1983,112,528,163,479,73,2786,8.19,1.55,0.48,0.215,2,link_request:4|mens_version:1|skin_tone:3,need this in my life,30.0,46,41
17932344503262071,carousel,13,2026-02-26,15:30,Thu,15,fit check before the meeting. ✨,31,1,2,#indianfashion #ootd,5,74950,12925,17.2,17795,662,39,49,27,243,26,777,6.01,0.38,0.21,0.201,2,link_request:7|mens_version:1,you look stunning,30.8,11,15
17904795778169373,carousel,13,2026-02-27,11:20,Fri,11,ootd: linen and loafers. 🫶 😭,28,2,5,#budgetfashion #fashionreels #ootd #haircare #stylediaries,3,74981,16096,21.5,21715,1045,51,74,51,284,27,1221,7.59,0.46,0.32,0.168,4,link_request:6|mens_version:2,love love love,31.4,24,12
17992749493774881,story,13,2026-02-27,20:52,Fri,20,poll: outfit a or b?,20,0,0,none,1,74981,5618,7.5,6418,0,55,0,16,56,5,71,1.26,0.0,0.28,0.089,0,none,none,0.0,24,12
17976944267120815,story,13,2026-02-27,22:10,Fri,22,this or that: saree or lehenga,30,0,0,none,1,74981,4010,5.3,4693,0,35,0,12,40,4,47,1.17,0.0,0.3,0.1,0,none,none,0.0,24,12
17987712927615580,image,13,2026-02-28,09:50,Sat,9,"one saree, four drapes.",23,0,8,#budgetfashion #grwm #fashionindia #haircare #groomingtips #fashionreels #styletips #stylediaries,1,75016,16168,21.6,23668,854,49,210,76,237,44,1189,7.35,1.3,0.47,0.272,4,link_request:7|mens_version:1|skin_tone:3,you look stunning,44.9,108,15
17979289617659869,story,13,2026-02-28,10:42,Sat,10,link sticker: today's outfit,28,0,0,none,1,75016,5563,7.4,6809,0,62,0,16,55,5,78,1.4,0.0,0.29,0.09,0,none,none,0.0,108,15
17965780373826020,reel,13,2026-02-28,20:50,Sat,20,ootd: linen and loafers. 💯,26,1,12,#weddingoutfit #indianfashion #haircare #ootd #groomingtips #fashionreels #styletips #stylediaries #fashionindia #budgetfashion #grwm #skincare,1,75060,45909,61.2,105134,2716,109,185,106,664,74,3116,6.79,0.4,0.23,0.161,1,link_request:4|mens_version:1,you look stunning,26.7,108,15
17986189974893226,story,13,2026-03-01,09:40,Sun,9,this or that: saree or lehenga,30,0,0,none,1,75124,4392,5.8,5255,0,29,0,13,43,4,42,0.96,0.0,0.3,0.091,0,none,none,0.0,322,8
17944771412508892,story,13,2026-03-01,10:09,Sun,10,link sticker: today's outfit,28,0,0,none,1,75124,4464,5.9,5103,0,31,0,13,44,4,44,0.99,0.0,0.29,0.09,0,none,none,0.0,322,8
17913399323132531,reel,13,2026-03-01,11:20,Sun,11,"wedding guest outfits, ranked by comfort. 🔥",43,1,8,#skincare #weddingoutfit #ootd #fashionindia #haircare #styletips #budgetfashion #indianfashion,1,75124,31203,41.5,70596,2038,71,517,187,550,98,2813,9.02,1.66,0.6,0.314,2,mens_version:4|skin_tone:2,love love love,40.0,322,8
17937059255805590,story,13,2026-03-01,13:55,Sun,13,question box: styling questions,31,0,0,none,1,75124,4798,6.4,6225,0,25,0,14,47,4,39,0.81,0.0,0.29,0.083,25,none,none,0.0,322,8
17938782835139714,reel,13,2026-03-01,20:10,Sun,20,"one saree, four drapes. 💀 💯 🙌 🔥 ✨ 😂",35,6,10,#haircare #ootd #budgetfashion #indianfashion #styletips #groomingtips #skincare #grwm #fashionreels #weddingoutfit,1,75222,62226,82.7,118537,3476,177,948,306,1268,220,4907,7.89,1.52,0.49,0.354,4,link_request:8|mens_version:6|skin_tone:5,for darker skin tones?,35.0,322,8
17927092709279144,image,14,2026-03-02,20:20,Mon,20,how to look taller in ethnic wear.,34,0,8,#ootd #indianfashion #haircare #skincare #styletips #groomingtips #fashionreels #stylediaries,1,75452,11153,14.8,17638,599,21,143,62,184,29,825,7.4,1.28,0.56,0.26,1,link_request:1|mens_version:2|skin_tone:1,can you do husband styling next,14.3,71,11
17989233301559672,carousel,14,2026-03-02,21:40,Mon,21,stop tucking your kurta like that. try this. 💯,46,1,2,#stylediaries #fashionindia,7,75481,19657,26.0,26605,1115,47,308,94,316,53,1564,7.96,1.57,0.48,0.27,8,link_request:7|skin_tone:2,saving this,40.4,71,11
17989923440922135,story,14,2026-03-03,17:36,Tue,17,question box: styling questions,31,0,0,none,1,75543,3162,4.2,3720,0,35,0,9,31,3,44,1.39,0.0,0.28,0.095,35,none,none,0.0,86,6
17923628432252232,carousel,14,2026-03-03,19:40,Tue,19,how to look taller in ethnic wear. 🫶,36,1,10,#haircare #groomingtips #fashionreels #weddingoutfit #indianfashion #stylediaries #fashionindia #ootd #budgetfashion #styletips,4,75543,36280,48.0,47311,2299,111,561,187,522,89,3158,8.7,1.55,0.52,0.245,5,link_request:9|mens_version:3,obsessed 😍,33.3,86,6
17970760038212784,carousel,14,2026-03-04,09:30,Wed,9,"luxury bag vs ₹1,200 dupe. can you tell?",40,0,5,#ootd #weddingoutfit #skincare #styletips #stylediaries,3,75654,39795,52.6,54978,2079,81,639,200,776,172,2999,7.54,1.61,0.5,0.432,5,link_request:8|mens_version:2,need this in my life,38.3,249,15
17921391316043733,reel,14,2026-03-04,18:10,Wed,18,heatless curls that last all day.,33,0,8,#stylediaries #budgetfashion #indianfashion #weddingoutfit #ootd #fashionindia #fashionreels #skincare,1,75826,44739,59.0,116655,2638,80,617,199,667,89,3534,7.9,1.38,0.44,0.199,0,mens_version:2,need this in my life,36.7,249,15
17989872814205135,story,14,2026-03-04,22:35,Wed,22,link sticker: today's outfit,28,0,0,none,1,75654,3703,4.9,4233,0,16,0,11,37,3,27,0.73,0.0,0.3,0.081,0,none,none,0.0,249,15
17996727962066161,reel,14,2026-03-05,11:10,Thu,11,3 ways to style one white shirt. 👀,34,1,3,#indianfashion #grwm #weddingoutfit,1,75922,43700,57.6,85317,2492,142,561,194,601,97,3389,7.76,1.28,0.44,0.222,7,link_request:11|skin_tone:3,need this in my life,35.0,156,6
17927850926813452,reel,14,2026-03-05,19:10,Thu,19,ootd: linen and loafers. 💀,26,1,8,#budgetfashion #indianfashion #weddingoutfit #haircare #stylediaries #grwm #groomingtips #fashionreels,1,76019,31727,41.7,66628,2071,82,176,103,641,65,2432,7.67,0.55,0.32,0.205,5,link_request:9|mens_version:2,love love love,38.3,156,6
17952135184563002,carousel,14,2026-03-06,13:20,Fri,13,#ad partnered with a brand i actually use. 🙌 🔥 😭 🫶 💀 👀,54,6,0,none,4,76094,11345,14.9,16508,761,22,32,18,227,12,833,7.34,0.28,0.16,0.106,8,mens_version:2|ad_callout:8,ad again?,45.5,72,10
17996016188512759,carousel,14,2026-03-06,18:10,Fri,18,#ad the collection i've been waiting for. code MEHER10.,55,0,0,none,6,76106,16629,21.8,26483,875,32,50,22,309,17,979,5.89,0.3,0.13,0.102,7,mens_version:2|ad_callout:9,obsessed 😍,31.2,72,10
17948792897074799,carousel,14,2026-03-06,19:30,Fri,19,5 mehendi looks that aren't yellow. ✨ 😍 🔥 👀,43,4,8,#grwm #ootd #fashionreels #skincare #stylediaries #fashionindia #haircare #groomingtips,10,76123,15226,20.0,21647,954,36,205,94,306,50,1289,8.47,1.35,0.62,0.328,1,mens_version:1|skin_tone:1,okay but the fit,33.3,72,10
17924946963406483,story,14,2026-03-06,22:27,Fri,22,poll: outfit a or b?,20,0,0,none,1,76094,3126,4.1,3648,0,30,0,9,31,3,39,1.25,0.0,0.29,0.096,0,none,none,0.0,72,10
17933773951984860,story,14,2026-03-07,09:35,Sat,9,link sticker: today's outfit,28,0,0,none,1,76186,5661,7.4,6395,0,26,0,16,56,5,42,0.74,0.0,0.28,0.088,0,none,none,0.0,128,44
17945779498361926,story,14,2026-03-07,09:45,Sat,9,quiz: guess the price of this look,34,0,0,none,1,76186,4283,5.6,5503,0,46,0,12,42,4,58,1.35,0.0,0.28,0.093,0,none,none,0.0,128,44
17930767559540066,story,14,2026-03-07,10:11,Sat,10,bts of today's shoot,20,0,0,none,1,76186,4708,6.2,5431,0,35,0,14,47,4,49,1.04,0.0,0.3,0.085,0,none,none,0.0,128,44
17917886529310613,carousel,14,2026-03-07,11:10,Sat,11,monochrome monday.,18,0,2,#fashionindia #weddingoutfit,3,76186,20413,26.8,31437,1053,62,69,52,382,42,1236,6.05,0.34,0.25,0.206,5,link_request:7|mens_version:4,your style is everything,23.3,128,44
17912095722909963,story,14,2026-03-07,17:31,Sat,17,poll: outfit a or b?,20,0,0,none,1,76186,4918,6.5,5506,0,20,0,14,49,4,34,0.69,0.0,0.28,0.081,0,none,none,0.0,128,44
17928085372787496,carousel,14,2026-03-07,19:10,Sat,19,"one saree, four drapes. 👀 💀",27,2,5,#styletips #groomingtips #budgetfashion #ootd #fashionindia,6,76228,33349,43.7,41587,2043,67,467,164,602,109,2741,8.22,1.4,0.49,0.327,6,link_request:9|mens_version:1|skin_tone:4,where is this from?,35.0,128,44
17976507414016680,story,14,2026-03-07,22:57,Sat,22,question box: styling questions,31,0,0,none,1,76186,4342,5.7,5122,0,43,0,13,43,4,56,1.29,0.0,0.3,0.092,43,none,none,0.0,128,44
17909692779948685,story,14,2026-03-08,17:10,Sun,17,quiz: guess the price of this look,34,0,0,none,1,76304,4010,5.3,4858,0,33,0,12,40,4,45,1.12,0.0,0.3,0.1,0,none,none,0.0,82,10
17913496243306879,story,14,2026-03-08,17:41,Sun,17,link sticker: today's outfit,28,0,0,none,1,76304,5795,7.6,6232,0,69,0,17,57,5,86,1.48,0.0,0.29,0.086,0,none,none,0.0,82,10
17955902653819164,story,14,2026-03-08,17:44,Sun,17,link sticker: today's outfit,28,0,0,none,1,76304,4359,5.7,5156,0,12,0,13,43,4,25,0.57,0.0,0.3,0.092,0,none,none,0.0,82,10
17980571879983222,carousel,14,2026-03-08,20:20,Sun,20,frizz-free hair in humid weather. 🙌 💀,37,2,12,#skincare #stylediaries #weddingoutfit #groomingtips #indianfashion #haircare #styletips #budgetfashion #ootd #fashionreels #fashionindia #grwm,8,76304,24763,32.5,37968,1636,94,287,118,466,65,2135,8.62,1.16,0.48,0.262,0,mens_version:3,your style is everything,26.7,82,10
17997848632111106,story,14,2026-03-08,20:51,Sun,20,bts of today's shoot,20,0,0,none,1,76304,5845,7.7,7245,0,39,0,17,58,5,56,0.96,0.0,0.29,0.086,0,none,none,0.0,82,10
17916931709767444,story,14,2026-03-08,22:05,Sun,22,this or that: saree or lehenga,30,0,0,none,1,76304,4440,5.8,5595,0,36,0,13,44,4,49,1.1,0.0,0.29,0.09,0,none,none,0.0,82,10
17961625205576954,story,14,2026-03-08,22:14,Sun,22,quiz: guess the price of this look,34,0,0,none,1,76304,5416,7.1,6818,0,14,0,16,54,5,30,0.55,0.0,0.3,0.092,0,none,none,0.0,82,10
17972396231270736,story,15,2026-03-09,17:14,Mon,17,question box: styling questions,31,0,0,none,1,76372,4506,5.9,5416,0,52,0,13,45,4,65,1.44,0.0,0.29,0.089,52,none,none,0.0,112,15
17931207516430518,carousel,15,2026-03-09,19:40,Mon,19,the 3-product routine for oily skin.,36,0,3,#indianfashion #skincare #styletips,4,76372,50151,65.7,74312,2929,198,668,215,897,118,4010,8.0,1.33,0.43,0.235,2,mens_version:4|skin_tone:2,will this work on dusky skin?,40.0,112,15
17956109600898769,story,15,2026-03-09,22:27,Mon,22,poll: outfit a or b?,20,0,0,none,1,76372,5970,7.8,6611,0,28,0,17,59,5,45,0.75,0.0,0.28,0.084,0,none,none,0.0,112,15
17941061719589277,story,15,2026-03-10,13:12,Tue,13,bts of today's shoot,20,0,0,none,1,76498,5072,6.6,6109,0,15,0,15,50,5,30,0.59,0.0,0.3,0.099,0,none,none,0.0,141,15
17952432913484239,reel,15,2026-03-10,13:50,Tue,13,high street dupes that fooled my sister. 🫶 💯,44,2,8,#weddingoutfit #ootd #indianfashion #grwm #budgetfashion #haircare #groomingtips #fashionreels,1,76498,36646,47.9,82471,2425,128,766,305,657,133,3624,9.89,2.09,0.83,0.363,4,link_request:9|mens_version:3,you look stunning,41.7,141,15
17968165648936189,reel,15,2026-03-10,19:00,Tue,19,#ad my honest thoughts on this new launch. 💯 🙌 ✨ 🫶,50,4,10,#ootd #budgetfashion #indianfashion #haircare #skincare #weddingoutfit #fashionreels #grwm #stylediaries #groomingtips,1,76631,22700,29.6,62946,1223,64,70,24,311,18,1381,6.08,0.31,0.11,0.079,9,mens_version:1|ad_callout:16,okay but the fit,31.7,141,15
17954150598339215,reel,15,2026-03-11,17:20,Wed,17,today's fit.,12,0,8,#stylediaries #budgetfashion #groomingtips #fashionreels #weddingoutfit #fashionindia #styletips #skincare,1,76642,23458,30.6,43765,1285,65,98,45,339,39,1493,6.36,0.42,0.19,0.166,2,link_request:4|mens_version:2,need this in my life,40.0,43,24
17917843298600978,story,15,2026-03-11,17:55,Wed,17,bts of today's shoot,20,0,0,none,1,76642,4357,5.7,5177,0,11,0,13,43,4,24,0.55,0.0,0.3,0.092,0,none,none,0.0,43,24
17928346478432367,image,15,2026-03-11,18:00,Wed,18,fit check before the meeting. 🙌,31,1,8,#haircare #stylediaries #indianfashion #fashionreels #weddingoutfit #styletips #ootd #grwm,1,76681,9981,13.0,14985,561,17,45,20,200,20,643,6.44,0.45,0.2,0.2,3,link_request:3|mens_version:2,okay but the fit,29.4,43,24
17989922269508179,story,15,2026-03-11,22:10,Wed,22,quiz: guess the price of this look,34,0,0,none,1,76642,4943,6.4,6136,0,25,0,14,49,4,39,0.79,0.0,0.28,0.081,0,none,none,0.0,43,24
17999692428897388,story,15,2026-03-12,09:44,Thu,9,poll: outfit a or b?,20,0,0,none,1,76691,4216,5.5,5442,0,26,0,12,42,4,38,0.9,0.0,0.28,0.095,0,none,none,0.0,143,13
17960128195741704,carousel,15,2026-03-12,15:30,Thu,15,5 mehendi looks that aren't yellow. 😍,37,1,10,#styletips #indianfashion #budgetfashion #skincare #stylediaries #fashionindia #haircare #weddingoutfit #ootd #grwm,5,76691,8887,11.6,11818,604,36,136,77,129,26,853,9.6,1.53,0.87,0.293,0,mens_version:3|skin_tone:2,need this in my life,27.8,143,13
17982726381537336,story,15,2026-03-12,17:24,Thu,17,link sticker: today's outfit,28,0,0,none,1,76691,4384,5.7,5466,0,18,0,13,43,4,31,0.71,0.0,0.3,0.091,0,none,none,0.0,143,13
17985623075923243,story,15,2026-03-12,17:42,Thu,17,quiz: guess the price of this look,34,0,0,none,1,76691,4889,6.4,5826,0,47,0,14,48,4,61,1.25,0.0,0.29,0.082,0,none,none,0.0,143,13
17907114512759821,carousel,15,2026-03-12,20:10,Thu,20,frizz-free hair in humid weather.,33,0,5,#skincare #indianfashion #groomingtips #fashionreels #grwm,6,76717,42248,55.1,64827,2785,110,538,187,832,115,3620,8.57,1.27,0.44,0.272,0,mens_version:1,your style is everything,43.3,143,13
17902990228941369,story,15,2026-03-12,22:33,Thu,22,question box: styling questions,31,0,0,none,1,76691,3267,4.3,4040,0,38,0,9,32,3,47,1.44,0.0,0.28,0.092,38,none,none,0.0,143,13
17955541341008593,reel,15,2026-03-13,17:30,Fri,17,lehenga styling for the budget bride's sister.,46,0,0,none,1,76847,23478,30.6,56795,1213,63,288,139,473,75,1703,7.25,1.23,0.59,0.319,0,mens_version:3,your style is everything,35.0,64,11
17939710223589432,story,15,2026-03-14,17:38,Sat,17,this or that: saree or lehenga,30,0,0,none,1,76932,5159,6.7,5815,0,46,0,15,51,5,61,1.18,0.0,0.29,0.097,0,none,none,0.0,282,15
17925592560079681,carousel,15,2026-03-14,18:30,Sat,18,grwm for my cousin's sangeet.,29,0,0,none,8,76932,47033,61.1,67196,3134,203,368,252,647,124,3957,8.41,0.78,0.54,0.264,4,link_request:8|mens_version:4,your voice is so calming,35.0,282,15
17900220200452177,reel,15,2026-03-14,19:10,Sat,19,get ready with me: office to dinner in 10 minutes.,50,0,0,none,1,77056,51631,67.0,108217,3297,166,358,202,985,159,4023,7.79,0.69,0.39,0.308,5,link_request:6|mens_version:1,okay but the fit,31.7,282,15
17972088921029095,story,15,2026-03-14,22:06,Sat,22,question box: styling questions,31,0,0,none,1,76932,4906,6.4,5503,0,39,0,14,49,4,53,1.08,0.0,0.29,0.082,39,none,none,0.0,282,15
17902550723544096,story,15,2026-03-14,22:10,Sat,22,question box: styling questions,31,0,0,none,1,76932,5381,7.0,5803,0,21,0,16,53,5,37,0.69,0.0,0.3,0.093,21,none,none,0.0,282,15
17903919461145253,reel,15,2026-03-15,17:10,Sun,17,sunscreen mistakes everyone makes.,34,0,3,#weddingoutfit #ootd #groomingtips,1,77209,32023,41.5,85171,1726,87,308,110,618,92,2231,6.97,0.96,0.34,0.287,3,mens_version:5|skin_tone:6,need this in my life,28.3,86,6
17903689272710311,carousel,16,2026-03-16,20:30,Mon,20,monochrome monday.,18,0,8,#stylediaries #groomingtips #styletips #haircare #ootd #weddingoutfit #budgetfashion #fashionreels,6,77310,33573,43.4,41105,1897,130,138,79,553,53,2244,6.68,0.41,0.24,0.158,3,link_request:5|mens_version:2,love love love,41.7,46,7
17974490459953899,reel,16,2026-03-17,20:50,Tue,20,"luxury bag vs ₹1,200 dupe. can you tell? 🙌 😭 💀 😂 👀 🔥",52,6,8,#haircare #skincare #styletips #grwm #stylediaries #ootd #fashionreels #budgetfashion,1,77385,73657,95.2,165571,4716,151,1510,638,1037,204,7015,9.52,2.05,0.87,0.277,4,link_request:5|mens_version:4,obsessed 😍,46.7,235,15
17936887613291479,carousel,16,2026-03-17,21:40,Tue,21,what to wear to a day wedding vs night wedding. ✨,49,1,2,#styletips #ootd,4,77589,15872,20.5,20468,846,31,225,96,242,46,1198,7.55,1.42,0.6,0.29,2,mens_version:2|skin_tone:3,your style is everything,38.7,235,15
17982160300214064,carousel,16,2026-03-18,09:10,Wed,9,today's fit. 😂,14,1,3,#fashionreels #stylediaries #indianfashion,6,77639,14180,18.3,19838,919,37,84,36,280,27,1076,7.59,0.59,0.25,0.19,4,link_request:6|mens_version:1,you look stunning,43.2,137,15
17961772784286578,story,16,2026-03-18,13:25,Wed,13,bts of today's shoot,20,0,0,none,1,77639,3512,4.5,3730,0,13,0,10,35,3,23,0.65,0.0,0.28,0.085,0,none,none,0.0,137,15
17990308052782154,story,16,2026-03-18,17:55,Wed,17,question box: styling questions,31,0,0,none,1,77639,3295,4.2,3603,0,28,0,9,32,3,37,1.12,0.0,0.27,0.091,28,none,none,0.0,137,15
17999127701130044,carousel,16,2026-03-18,18:40,Wed,18,grwm for my cousin's sangeet. 😍 💀 ✨ 🫶,37,4,10,#skincare #fashionindia #indianfashion #ootd #haircare #weddingoutfit #grwm #groomingtips #budgetfashion #fashionreels,6,77666,27086,34.9,40440,1666,100,217,120,414,69,2103,7.76,0.8,0.44,0.255,7,link_request:8|mens_version:2,saving this,31.7,137,15
17993697240263911,image,16,2026-03-18,20:00,Wed,20,stop tucking your kurta like that. try this.,44,0,3,#stylediaries #haircare #skincare,1,77735,16408,21.1,20907,1087,40,254,96,267,41,1477,9.0,1.55,0.59,0.25,0,link_request:3|mens_version:1|skin_tone:1,saving this,45.0,137,15
17915474504478813,story,16,2026-03-18,20:20,Wed,20,bts of today's shoot,20,0,0,none,1,77639,4374,5.6,5349,0,26,0,13,43,4,39,0.89,0.0,0.3,0.091,0,none,none,0.0,137,15
17982718016469614,story,16,2026-03-18,22:08,Wed,22,this or that: saree or lehenga,30,0,0,none,1,77639,5586,7.2,6418,0,28,0,16,55,5,44,0.79,0.0,0.29,0.09,0,none,none,0.0,137,15
17901294394558985,carousel,16,2026-03-19,13:10,Thu,13,today's fit. 🔥 ✨,16,2,12,#fashionreels #styletips #ootd #budgetfashion #grwm #indianfashion #haircare #weddingoutfit #skincare #fashionindia #groomingtips #stylediaries,9,77780,10848,13.9,17334,748,50,62,36,160,18,896,8.26,0.57,0.33,0.166,4,link_request:7|mens_version:1,your style is everything,44.0,11,7
17945429364318659,reel,16,2026-03-20,09:00,Fri,9,grwm for a sunday brunch. 🫶,27,1,0,none,1,77808,23255,29.9,44494,1356,74,170,84,397,63,1684,7.24,0.73,0.36,0.271,4,link_request:12|mens_version:2,need the link,35.0,224,13
17959705839357784,story,16,2026-03-20,09:37,Fri,9,question box: styling questions,31,0,0,none,1,77808,4904,6.3,5471,0,54,0,14,49,4,68,1.39,0.0,0.29,0.082,54,none,none,0.0,224,13
17909901600506460,story,16,2026-03-20,17:45,Fri,17,quiz: guess the price of this look,34,0,0,none,1,77808,6204,8.0,7857,0,54,0,18,62,6,72,1.16,0.0,0.29,0.097,0,none,none,0.0,224,13
17931264408810587,image,16,2026-03-20,18:50,Fri,18,"the linen set everyone wants, for ₹799. 👀",41,1,2,#stylediaries #fashionindia,1,77871,34637,44.5,42764,2323,107,808,305,689,114,3543,10.23,2.33,0.88,0.329,3,link_request:7|mens_version:3,the dupe queen,30.0,224,13
17905354157778780,story,16,2026-03-20,20:40,Fri,20,this or that: saree or lehenga,30,0,0,none,1,77808,5283,6.8,6509,0,30,0,15,52,5,45,0.85,0.0,0.28,0.095,0,none,none,0.0,224,13
17938511856031468,image,16,2026-03-20,21:30,Fri,21,"the linen set everyone wants, for ₹799. 😍 🙌",43,2,0,none,1,77985,12018,15.4,15560,612,38,177,59,241,41,886,7.37,1.47,0.49,0.341,4,link_request:11|mens_version:1,where is this from?,44.7,224,13
17946273946307826,story,16,2026-03-20,22:09,Fri,22,poll: outfit a or b?,20,0,0,none,1,77808,4311,5.5,4570,0,40,0,12,43,4,52,1.21,0.0,0.28,0.093,0,none,none,0.0,224,13
17904219747806948,image,16,2026-03-21,17:30,Sat,17,sunscreen mistakes everyone makes. 🔥 😂 💀 😍,42,4,10,#fashionindia #indianfashion #groomingtips #stylediaries #grwm #ootd #budgetfashion #fashionreels #skincare #weddingoutfit,1,78026,14836,19.0,22902,802,35,177,55,226,35,1069,7.21,1.19,0.37,0.236,2,mens_version:2|skin_tone:3,saving this,31.4,28,7
17971702880906895,story,16,2026-03-22,09:10,Sun,9,this or that: saree or lehenga,30,0,0,none,1,78072,5207,6.7,5737,0,48,0,15,52,5,63,1.21,0.0,0.29,0.096,0,none,none,0.0,141,14
17908618896456501,story,16,2026-03-22,09:17,Sun,9,this or that: saree or lehenga,30,0,0,none,1,78072,4302,5.5,5484,0,22,0,12,43,4,34,0.79,0.0,0.28,0.093,0,none,none,0.0,141,14
17994647235758633,image,16,2026-03-22,09:20,Sun,9,oiling done right: how long to leave it in.,43,0,5,#groomingtips #weddingoutfit #styletips #budgetfashion #grwm,1,78072,13937,17.9,17901,887,36,161,71,209,32,1155,8.29,1.16,0.51,0.23,0,mens_version:1,obsessed 😍,38.9,141,14
17956753916778451,story,16,2026-03-22,13:25,Sun,13,this or that: saree or lehenga,30,0,0,none,1,78072,3368,4.3,4007,0,35,0,10,33,3,45,1.34,0.0,0.3,0.089,0,none,none,0.0,141,14
17948720871945767,carousel,16,2026-03-22,15:50,Sun,15,get ready with me: office to dinner in 10 minutes.,50,0,2,#fashionreels #grwm,7,78104,23537,30.1,36250,1204,71,149,103,444,69,1527,6.49,0.63,0.44,0.293,4,link_request:5|mens_version:2,okay but the fit,38.3,141,14
17904303095240479,image,16,2026-03-22,17:50,Sun,17,5 mehendi looks that aren't yellow. 🫶 ✨,39,2,2,#haircare #fashionreels,1,78173,12135,15.5,15009,716,22,181,68,215,37,987,8.13,1.49,0.56,0.305,0,mens_version:1|skin_tone:1,your style is everything,45.5,141,14
17973846993468537,story,16,2026-03-22,17:58,Sun,17,link sticker: today's outfit,28,0,0,none,1,78072,5510,7.1,6174,0,47,0,16,55,5,63,1.14,0.0,0.29,0.091,0,none,none,0.0,141,14
17961959422912726,reel,17,2026-03-23,11:40,Mon,11,#ad the collection i've been waiting for. code MEHER10. 💯 🙌,59,2,8,#styletips #weddingoutfit #fashionreels #fashionindia #stylediaries #skincare #groomingtips #haircare,1,78220,15450,19.8,39180,910,52,46,19,223,9,1027,6.65,0.3,0.12,0.058,12,mens_version:5|ad_callout:16,is this paid?,34.6,130,11
17910665190050546,carousel,17,2026-03-23,18:00,Mon,18,high street dupes that fooled my sister. 💀 🫶,44,2,0,none,7,78229,39341,50.3,47286,2047,139,686,213,721,129,3085,7.84,1.74,0.54,0.328,6,link_request:10|mens_version:3,love love love,26.7,130,11
17910190337673687,story,17,2026-03-23,20:58,Mon,20,this or that: saree or lehenga,30,0,0,none,1,78220,3935,5.0,4305,0,9,0,11,39,3,20,0.51,0.0,0.28,0.076,0,none,none,0.0,130,11
17974058674068623,story,17,2026-03-24,09:28,Tue,9,this or that: saree or lehenga,30,0,0,none,1,78359,3153,4.0,3929,0,28,0,9,31,3,37,1.17,0.0,0.29,0.095,0,none,none,0.0,-17,27
17932142404027239,carousel,17,2026-03-24,13:40,Tue,13,#ad partnered with a brand i actually use. 😂 🔥 🫶 ✨,50,4,10,#stylediaries #haircare #weddingoutfit #styletips #ootd #fashionreels #indianfashion #fashionindia #groomingtips #skincare,6,78359,6822,8.7,10200,373,11,20,8,131,7,412,6.04,0.29,0.12,0.103,1,ad_callout:2,obsessed 😍,45.5,-17,27
17953876641691024,reel,17,2026-03-25,09:40,Wed,9,ootd: linen and loafers. 🙌,26,1,2,#fashionreels #stylediaries,1,78363,16066,20.5,39244,1060,43,97,35,288,30,1235,7.69,0.6,0.22,0.187,2,link_request:5|mens_version:1,obsessed 😍,37.2,85,25
17900996547335378,story,17,2026-03-25,10:49,Wed,10,this or that: saree or lehenga,30,0,0,none,1,78363,4136,5.3,4798,0,45,0,12,41,4,57,1.38,0.0,0.29,0.097,0,none,none,0.0,85,25
17980185788609527,reel,17,2026-03-25,21:50,Wed,21,the color combos that always work. 😂 🫶 😍 💯 😭 🔥,46,6,8,#fashionreels #groomingtips #ootd #indianfashion #grwm #fashionindia #weddingoutfit #styletips,1,78393,31863,40.6,72317,1898,88,467,202,448,76,2655,8.33,1.47,0.63,0.239,4,link_request:6|mens_version:2|skin_tone:2,love love love,41.7,85,25
17937500279216870,story,17,2026-03-26,09:48,Thu,9,this or that: saree or lehenga,30,0,0,none,1,78461,3182,4.1,3507,0,25,0,9,31,3,34,1.07,0.0,0.28,0.094,0,none,none,0.0,178,10
17921986475470594,story,17,2026-03-26,17:44,Thu,17,link sticker: today's outfit,28,0,0,none,1,78461,5215,6.6,5961,0,45,0,15,52,5,60,1.15,0.0,0.29,0.096,0,none,none,0.0,178,10
17970913618473530,story,17,2026-03-26,17:50,Thu,17,bts of today's shoot,20,0,0,none,1,78461,3278,4.2,3762,0,35,0,9,32,3,44,1.34,0.0,0.27,0.092,0,none,none,0.0,178,10
17992271377148527,carousel,17,2026-03-26,18:50,Thu,18,stop tucking your kurta like that. try this. 😭 💀 ✨ 💯 😂 👀,56,6,10,#haircare #fashionindia #weddingoutfit #groomingtips #skincare #styletips #grwm #indianfashion #ootd #budgetfashion,7,78461,48716,62.1,73478,2586,96,764,262,860,156,3708,7.61,1.57,0.54,0.32,8,link_request:9|mens_version:3|skin_tone:4,your style is everything,31.7,178,10
17969949748496970,image,17,2026-03-26,21:40,Thu,21,what to wear to a day wedding vs night wedding. ✨ 😍,51,2,2,#ootd #grwm,1,78617,7627,9.7,11936,468,15,121,47,114,21,651,8.54,1.59,0.62,0.275,0,mens_version:1,okay but the fit,33.3,178,10
17999985090818531,story,17,2026-03-27,09:39,Fri,9,link sticker: today's outfit,28,0,0,none,1,78634,5862,7.5,6164,0,48,0,17,58,5,65,1.11,0.0,0.29,0.085,0,none,none,0.0,53,14
17968891780304117,story,17,2026-03-27,13:36,Fri,13,this or that: saree or lehenga,30,0,0,none,1,78634,4182,5.3,4726,0,44,0,12,41,4,56,1.34,0.0,0.29,0.096,0,none,none,0.0,53,14
17955629485343549,story,17,2026-03-27,13:56,Fri,13,question box: styling questions,31,0,0,none,1,78634,5559,7.1,6884,0,40,0,16,55,5,56,1.01,0.0,0.29,0.09,40,none,none,0.0,53,14
17947615896310342,story,17,2026-03-27,17:07,Fri,17,link sticker: today's outfit,28,0,0,none,1,78634,3858,4.9,4590,0,14,0,11,38,3,25,0.65,0.0,0.29,0.078,0,none,none,0.0,53,14
17933404005970120,story,17,2026-03-27,20:37,Fri,20,question box: styling questions,31,0,0,none,1,78634,4649,5.9,4994,0,25,0,13,46,4,38,0.82,0.0,0.28,0.086,25,none,none,0.0,53,14
17900066302065106,carousel,17,2026-03-27,21:10,Fri,21,sunscreen mistakes everyone makes. 💯 🔥,38,2,5,#skincare #budgetfashion #ootd #groomingtips #fashionreels,7,78634,20311,25.8,27534,1130,36,260,105,363,46,1531,7.54,1.28,0.52,0.226,0,none,love love love,30.6,53,14
17971600974599248,carousel,17,2026-03-28,21:40,Sat,21,oiling done right: how long to leave it in. 💀 ✨ 🔥 😭 🙌 🫶,55,6,8,#haircare #skincare #ootd #stylediaries #groomingtips #grwm #budgetfashion #styletips,9,78679,42710,54.3,57915,2761,176,488,191,610,90,3616,8.47,1.14,0.45,0.211,0,mens_version:4,love love love,31.7,80,10
17926492643118507,story,17,2026-03-29,09:06,Sun,9,bts of today's shoot,20,0,0,none,1,78771,4534,5.8,5272,0,45,0,13,45,4,58,1.28,0.0,0.29,0.088,0,none,none,0.0,123,13
17948533930506686,reel,17,2026-03-29,13:10,Sun,13,lehenga styling for the budget bride's sister.,46,0,3,#budgetfashion #fashionindia #grwm,1,78771,32535,41.3,79055,2200,111,436,248,602,96,2995,9.21,1.34,0.76,0.295,1,skin_tone:3,okay but the fit,38.3,123,13
17946009927785133,reel,17,2026-03-29,20:20,Sun,20,#ad the collection i've been waiting for. code MEHER10. 🙌,57,1,2,#indianfashion #skincare,1,78867,27082,34.3,66347,1590,66,82,31,417,22,1769,6.53,0.3,0.11,0.081,22,mens_version:2|ad_callout:27,ad again?,43.3,123,13
17951360995375389,story,17,2026-03-29,22:26,Sun,22,link sticker: today's outfit,28,0,0,none,1,78771,4986,6.3,5974,0,16,0,14,49,4,30,0.6,0.0,0.28,0.08,0,none,none,0.0,123,13
17987593788385303,story,17,2026-03-29,22:27,Sun,22,quiz: guess the price of this look,34,0,0,none,1,78771,5478,7.0,5848,0,26,0,16,54,5,42,0.77,0.0,0.29,0.091,0,none,none,0.0,123,13
17992220297560597,story,17,2026-03-29,22:35,Sun,22,link sticker: today's outfit,28,0,0,none,1,78771,5055,6.4,5413,0,40,0,15,50,5,55,1.09,0.0,0.3,0.099,0,none,none,0.0,123,13
17931519972112488,reel,18,2026-03-30,09:40,Mon,9,stop tucking your kurta like that. try this.,44,0,3,#styletips #weddingoutfit #indianfashion,1,78903,45601,57.8,124245,2815,131,574,248,780,144,3768,8.26,1.26,0.54,0.316,5,link_request:7|mens_version:1|skin_tone:3,obsessed 😍,36.7,239,38
17963211461139188,carousel,18,2026-03-30,17:10,Mon,17,grwm for a sunday brunch. 😂,27,1,5,#haircare #budgetfashion #skincare #ootd #grwm,10,79047,28864,36.5,34939,1977,129,277,157,407,64,2540,8.8,0.96,0.54,0.222,5,link_request:8|mens_version:2,love love love,38.3,239,38
17904311489968558,carousel,18,2026-03-30,18:30,Mon,18,stop tucking your kurta like that. try this. ✨ 💀,48,2,2,#weddingoutfit #budgetfashion,10,79111,30451,38.5,48173,1600,105,410,163,469,69,2278,7.48,1.35,0.54,0.227,6,link_request:8|mens_version:4|skin_tone:6,love love love,30.0,239,38
17929343745453288,carousel,18,2026-03-31,11:40,Tue,11,the hair mask i make from my kitchen.,37,0,12,#stylediaries #groomingtips #indianfashion #weddingoutfit #fashionreels #budgetfashion #fashionindia #haircare #grwm #skincare #ootd #styletips,10,79158,11981,15.1,15617,746,34,159,48,187,25,987,8.24,1.33,0.4,0.209,0,mens_version:2,okay but the fit,29.4,184,15
17984092740032422,story,18,2026-03-31,13:52,Tue,13,bts of today's shoot,20,0,0,none,1,79158,3440,4.3,3712,0,33,0,10,34,3,43,1.25,0.0,0.29,0.087,0,none,none,0.0,184,15
17970114574246466,reel,18,2026-03-31,15:50,Tue,15,"the linen set everyone wants, for ₹799. 😍",41,1,10,#weddingoutfit #skincare #fashionreels #styletips #haircare #grwm #fashionindia #groomingtips #indianfashion #budgetfashion,1,79183,20816,26.3,55192,1157,73,304,141,296,65,1675,8.05,1.46,0.68,0.312,3,link_request:5|mens_version:4,adding to cart rn,33.3,184,15
17957961519688549,story,18,2026-03-31,17:23,Tue,17,this or that: saree or lehenga,30,0,0,none,1,79158,4052,5.1,5138,0,31,0,12,40,4,43,1.06,0.0,0.3,0.099,0,none,none,0.0,184,15
17937284526686659,reel,18,2026-03-31,18:00,Tue,18,heatless curls that last all day. 🔥 🙌 😍 😭 💀 😂,45,6,3,#budgetfashion #skincare #indianfashion,1,79248,46991,59.3,107456,2566,131,475,201,660,98,3373,7.18,1.01,0.43,0.209,0,mens_version:2,you look stunning,35.0,184,15
17968825537068523,story,18,2026-03-31,22:59,Tue,22,poll: outfit a or b?,20,0,0,none,1,79158,4132,5.2,5111,0,39,0,12,41,4,51,1.23,0.0,0.29,0.097,0,none,none,0.0,184,15
17974043328653188,story,18,2026-04-01,10:06,Wed,10,bts of today's shoot,20,0,0,none,1,79344,3694,4.7,4248,0,27,0,11,36,3,38,1.03,0.0,0.3,0.081,0,none,none,0.0,131,6
17966308309450811,story,18,2026-04-01,10:35,Wed,10,poll: outfit a or b?,20,0,0,none,1,79344,3393,4.3,4378,0,30,0,10,33,3,40,1.18,0.0,0.29,0.088,0,none,none,0.0,131,6
17948160792709121,story,18,2026-04-01,13:20,Wed,13,this or that: saree or lehenga,30,0,0,none,1,79344,4390,5.5,5443,0,31,0,13,43,4,44,1.0,0.0,0.3,0.091,0,none,none,0.0,131,6
17989625805368519,carousel,18,2026-04-01,18:30,Wed,18,the color combos that always work. 😍 🫶 🙌 🔥 😭 👀,46,6,5,#budgetfashion #weddingoutfit #haircare #grwm #fashionindia,3,79344,25730,32.4,36621,1688,67,348,165,419,62,2268,8.81,1.35,0.64,0.241,4,link_request:4|mens_version:1|skin_tone:4,shades for brown skin please,40.0,131,6
17961662239032086,reel,18,2026-04-01,21:30,Wed,21,sunscreen mistakes everyone makes. 🫶,36,1,10,#groomingtips #fashionreels #styletips #indianfashion #stylediaries #budgetfashion #skincare #weddingoutfit #haircare #fashionindia,1,79406,18281,23.0,37879,1175,71,269,75,343,56,1590,8.7,1.47,0.41,0.306,4,mens_version:1|skin_tone:4,need this in my life,40.0,131,6
17986945483693625,story,18,2026-04-01,22:21,Wed,22,question box: styling questions,31,0,0,none,1,79344,5466,6.9,6861,0,29,0,16,54,5,45,0.82,0.0,0.29,0.091,29,none,none,0.0,131,6
17939948623028214,story,18,2026-04-01,22:45,Wed,22,poll: outfit a or b?,20,0,0,none,1,79344,4301,5.4,4996,0,20,0,12,43,4,32,0.74,0.0,0.28,0.093,0,none,none,0.0,131,6
17945152141377356,story,18,2026-04-02,09:59,Thu,9,bts of today's shoot,20,0,0,none,1,79463,6252,7.9,6933,0,28,0,18,62,6,46,0.74,0.0,0.29,0.096,0,none,none,0.0,51,13
17983988134096175,story,18,2026-04-02,10:24,Thu,10,bts of today's shoot,20,0,0,none,1,79463,5226,6.6,5795,0,46,0,15,52,5,61,1.17,0.0,0.29,0.096,0,none,none,0.0,51,13
17915492920543983,reel,18,2026-04-02,15:20,Thu,15,ootd: linen and loafers. 😂 🔥,28,2,5,#budgetfashion #indianfashion #skincare #stylediaries #weddingoutfit,1,79463,32359,40.7,78332,1929,65,138,95,481,53,2227,6.88,0.43,0.29,0.164,3,link_request:5|mens_version:1,need this in my life,51.7,51,13
17950809718244258,story,18,2026-04-03,09:28,Fri,9,bts of today's shoot,20,0,0,none,1,79525,3181,4.0,3489,0,27,0,9,31,3,36,1.13,0.0,0.28,0.094,0,none,none,0.0,153,7
17900284116738450,carousel,18,2026-04-03,17:20,Fri,17,how to look taller in ethnic wear.,34,0,12,#groomingtips #haircare #ootd #budgetfashion #fashionindia #indianfashion #weddingoutfit #skincare #fashionreels #styletips #grwm #stylediaries,5,79525,15187,19.1,19542,814,46,207,86,292,53,1153,7.59,1.36,0.57,0.349,3,link_request:8|mens_version:3|skin_tone:1,shades for brown skin please,32.6,153,7
17922675331243350,reel,18,2026-04-03,18:20,Fri,18,frizz-free hair in humid weather.,33,0,10,#skincare #grwm #indianfashion #stylediaries #ootd #groomingtips #fashionreels #styletips #budgetfashion #fashionindia,1,79578,42622,53.6,85504,2400,119,443,149,790,104,3111,7.3,1.04,0.35,0.244,0,mens_version:4,saving this,31.7,153,7
17960850322788775,reel,18,2026-04-04,09:10,Sat,9,grwm for my cousin's sangeet. 🙌 ✨ 👀 💯 😍 🔥,41,6,10,#fashionindia #styletips #ootd #haircare #budgetfashion #fashionreels #indianfashion #stylediaries #groomingtips #grwm,1,79689,26355,33.1,70727,1671,66,223,102,440,67,2062,7.82,0.85,0.39,0.254,3,link_request:6|mens_version:1,saving this,33.3,130,15
17947250961673862,carousel,18,2026-04-04,13:20,Sat,13,#ad partnered with a brand i actually use. 🙌 💀,46,2,12,#skincare #haircare #styletips #stylediaries #ootd #indianfashion #budgetfashion #weddingoutfit #groomingtips #fashionindia #fashionreels #grwm,7,79756,7458,9.4,9450,404,14,20,11,103,4,449,6.02,0.27,0.15,0.054,3,ad_callout:5,need this in my life,35.7,130,15
17981186142760234,story,18,2026-04-04,13:48,Sat,13,poll: outfit a or b?,20,0,0,none,1,79689,5984,7.5,6320,0,48,0,17,59,5,65,1.09,0.0,0.28,0.084,0,none,none,0.0,130,15
17927547432078688,story,18,2026-04-04,17:25,Sat,17,link sticker: today's outfit,28,0,0,none,1,79689,5372,6.7,6013,0,61,0,16,53,5,77,1.43,0.0,0.3,0.093,0,none,none,0.0,130,15
17995122274701503,reel,18,2026-04-04,21:40,Sat,21,monochrome monday.,18,0,2,#budgetfashion #ootd,1,79760,44376,55.6,119723,2882,129,239,114,624,64,3364,7.58,0.54,0.26,0.144,2,link_request:5|mens_version:5,you look stunning,30.0,130,15
17991956931815742,story,18,2026-04-05,13:22,Sun,13,question box: styling questions,31,0,0,none,1,79834,6081,7.6,6389,0,29,0,18,60,6,47,0.77,0.0,0.3,0.099,29,none,none,0.0,270,19
17966214550167714,story,18,2026-04-05,17:58,Sun,17,this or that: saree or lehenga,30,0,0,none,1,79834,6368,8.0,7974,0,48,0,19,63,6,67,1.05,0.0,0.3,0.094,0,none,none,0.0,270,19
17906407612953479,story,18,2026-04-05,20:14,Sun,20,question box: styling questions,31,0,0,none,1,79834,5314,6.7,6446,0,28,0,15,53,5,43,0.81,0.0,0.28,0.094,28,none,none,0.0,270,19
17928537588336991,story,18,2026-04-05,20:21,Sun,20,this or that: saree or lehenga,30,0,0,none,1,79834,5716,7.2,7358,0,46,0,17,57,5,63,1.1,0.0,0.3,0.087,0,none,none,0.0,270,19
17933429780153698,reel,18,2026-04-05,20:50,Sun,20,the color combos that always work. 👀,36,1,5,#indianfashion #ootd #grwm #fashionindia #haircare,1,79834,68250,85.5,186132,4013,124,1097,343,1346,261,5577,8.17,1.61,0.5,0.382,3,link_request:5|mens_version:2|skin_tone:3,your style is everything,35.0,270,19
17978658740206387,story,18,2026-04-05,22:48,Sun,22,bts of today's shoot,20,0,0,none,1,79834,6184,7.7,7763,0,49,0,18,61,6,67,1.08,0.0,0.29,0.097,0,none,none,0.0,270,19
17919762809223228,reel,19,2026-04-06,11:10,Mon,11,the 3-product routine for oily skin. 🙌,38,1,10,#haircare #stylediaries #indianfashion #grwm #styletips #skincare #fashionreels #weddingoutfit #ootd #fashionindia,1,80100,26944,33.6,72349,1379,68,253,128,516,78,1828,6.78,0.94,0.48,0.289,5,mens_version:4|skin_tone:8,you look stunning,36.7,118,15
17951903287192228,story,19,2026-04-06,20:46,Mon,20,bts of today's shoot,20,0,0,none,1,80100,4163,5.2,4610,0,16,0,12,41,4,28,0.67,0.0,0.29,0.096,0,none,none,0.0,118,15
17968548493399201,story,19,2026-04-06,20:49,Mon,20,question box: styling questions,31,0,0,none,1,80100,4596,5.7,5300,0,13,0,13,45,4,26,0.57,0.0,0.28,0.087,13,none,none,0.0,118,15
17929844359070768,reel,19,2026-04-06,21:10,Mon,21,what actually helped my pigmentation. ✨,39,1,3,#groomingtips #skincare #grwm,1,80178,25998,32.4,64740,1453,48,354,116,366,47,1971,7.58,1.36,0.45,0.181,2,mens_version:4|skin_tone:3,saving this,29.2,118,15
17941634718322893,story,19,2026-04-07,09:26,Tue,9,bts of today's shoot,20,0,0,none,1,80227,5041,6.3,6412,0,37,0,15,50,5,52,1.03,0.0,0.3,0.099,0,none,none,0.0,90,10
17974837331879990,reel,19,2026-04-07,17:30,Tue,17,grwm for a sunday brunch. 😍,27,1,3,#fashionreels #haircare #budgetfashion,1,80227,26626,33.2,58337,1697,71,219,101,513,91,2088,7.84,0.82,0.38,0.342,5,link_request:8|mens_version:4,link??,25.0,90,10
17970024731820571,story,19,2026-04-07,22:14,Tue,22,bts of today's shoot,20,0,0,none,1,80227,4582,5.7,5267,0,32,0,13,45,4,45,0.98,0.0,0.28,0.087,0,none,none,0.0,90,10
17977013887655622,reel,19,2026-04-08,13:30,Wed,13,oiling done right: how long to leave it in. 🔥 😭 💯 😍,51,4,12,#stylediaries #fashionindia #weddingoutfit #styletips #fashionreels #ootd #skincare #indianfashion #budgetfashion #grwm #haircare #groomingtips,1,80332,17569,21.9,44954,930,41,173,67,309,48,1211,6.89,0.98,0.38,0.273,0,mens_version:3,you look stunning,31.7,204,9
17902465279791567,story,19,2026-04-08,17:47,Wed,17,link sticker: today's outfit,28,0,0,none,1,80332,4828,6.0,5994,0,18,0,14,48,4,32,0.66,0.0,0.29,0.083,0,none,none,0.0,204,9
17921770840086901,story,19,2026-04-08,20:37,Wed,20,question box: styling questions,31,0,0,none,1,80332,5647,7.0,6146,0,18,0,16,56,5,34,0.6,0.0,0.28,0.089,18,none,none,0.0,204,9
17968742087704003,story,19,2026-04-08,20:39,Wed,20,bts of today's shoot,20,0,0,none,1,80332,5842,7.3,6511,0,28,0,17,58,5,45,0.77,0.0,0.29,0.086,0,none,none,0.0,204,9
17949791910627172,reel,19,2026-04-08,21:20,Wed,21,3 ways to style one white shirt. 💀,34,1,3,#weddingoutfit #grwm #skincare,1,80380,42060,52.3,102294,2738,142,607,268,814,151,3755,8.93,1.44,0.64,0.359,9,link_request:9|mens_version:2|skin_tone:6,saving this,30.0,204,9
17984298242619090,carousel,19,2026-04-09,18:20,Thu,18,ootd: linen and loafers. 💯 ✨ 💀 😍 😂 🔥,36,6,8,#fashionreels #budgetfashion #grwm #stylediaries #weddingoutfit #indianfashion #skincare #haircare,5,80541,43924,54.5,67947,2661,135,249,126,672,73,3171,7.22,0.57,0.29,0.166,5,link_request:8|mens_version:3,obsessed 😍,26.7,125,8
17994285949470293,image,19,2026-04-09,19:30,Thu,19,grwm for my cousin's sangeet. 🫶,31,1,10,#styletips #haircare #skincare #groomingtips #indianfashion #weddingoutfit #budgetfashion #stylediaries #grwm #fashionindia,1,80614,21176,26.3,33738,1419,56,143,122,313,60,1740,8.22,0.68,0.58,0.283,4,link_request:7|mens_version:5,saving this,25.0,125,8
17935499270535850,carousel,19,2026-04-10,15:10,Fri,15,5 mehendi looks that aren't yellow.,35,0,2,#skincare #weddingoutfit,9,80673,13005,16.1,16493,887,57,163,84,228,40,1191,9.16,1.25,0.65,0.308,2,mens_version:4|skin_tone:2,obsessed 😍,31.6,345,10
17957523234625470,reel,19,2026-04-10,18:50,Fri,18,grwm for a sunday brunch. 😍,27,1,8,#ootd #stylediaries #groomingtips #fashionindia #budgetfashion #weddingoutfit #styletips #fashionreels,1,80713,70249,87.0,181810,4780,287,637,378,1060,203,6082,8.66,0.91,0.54,0.289,2,link_request:6|mens_version:4,saving this,28.3,345,10
17911822869023201,reel,19,2026-04-10,20:00,Fri,20,how to look taller in ethnic wear. 🔥 🙌 😂 ✨ 😭 😍,46,6,5,#ootd #skincare #fashionreels #haircare #grwm,1,80916,40152,49.6,89911,2754,84,587,257,712,108,3682,9.17,1.46,0.64,0.269,10,link_request:10|mens_version:3|skin_tone:4,do a grooming routine for guys,40.0,345,10
17977356357629785,story,19,2026-04-10,20:11,Fri,20,bts of today's shoot,20,0,0,none,1,80673,4789,5.9,5527,0,34,0,14,47,4,48,1.0,0.0,0.29,0.084,0,none,none,0.0,345,10
17928971221689682,story,19,2026-04-11,09:16,Sat,9,question box: styling questions,31,0,0,none,1,81025,6256,7.7,7607,0,38,0,18,62,6,56,0.9,0.0,0.29,0.096,38,none,none,0.0,368,14
17921430208103728,story,19,2026-04-11,13:02,Sat,13,bts of today's shoot,20,0,0,none,1,81025,5147,6.4,5441,0,41,0,15,51,5,56,1.09,0.0,0.29,0.097,0,none,none,0.0,368,14
17949622017360001,story,19,2026-04-11,13:47,Sat,13,bts of today's shoot,20,0,0,none,1,81025,3683,4.5,4109,0,23,0,11,36,3,34,0.92,0.0,0.3,0.081,0,none,none,0.0,368,14
17991297232831809,reel,19,2026-04-11,17:30,Sat,17,fit check before the meeting. 😍 💀,33,2,3,#haircare #styletips #groomingtips,1,81025,49438,61.0,129534,3128,200,222,114,749,88,3664,7.41,0.45,0.23,0.178,5,link_request:11,okay but the fit,40.0,368,14
17974867483013523,reel,19,2026-04-11,18:40,Sat,18,what to wear to a day wedding vs night wedding. 🫶,49,1,2,#fashionindia #haircare,1,81113,44644,55.0,86889,2982,150,604,274,872,181,4010,8.98,1.35,0.61,0.405,5,mens_version:5|skin_tone:6,shades for brown skin please,41.7,368,14
17940479985790328,story,19,2026-04-11,20:32,Sat,20,bts of today's shoot,20,0,0,none,1,81025,4042,5.0,4544,0,31,0,12,40,4,43,1.06,0.0,0.3,0.099,0,none,none,0.0,368,14
17936719601266029,reel,19,2026-04-11,21:10,Sat,21,monochrome monday. 👀 🙌,22,2,2,#budgetfashion #ootd,1,81294,47616,58.6,101852,2528,95,234,90,935,95,2947,6.19,0.49,0.19,0.2,3,link_request:4|mens_version:4,obsessed 😍,26.7,368,14
17962187372091797,reel,19,2026-04-12,18:00,Sun,18,"the ₹8,000 look for under ₹999. every piece linked.",51,0,8,#fashionreels #budgetfashion #styletips #grwm #indianfashion #haircare #groomingtips #skincare,1,81388,70848,87.0,152317,4724,226,1530,460,1108,214,6940,9.8,2.16,0.65,0.302,3,link_request:10,adding to cart rn,41.7,321,7
17964937547844035,reel,19,2026-04-12,20:40,Sun,20,sunscreen mistakes everyone makes. 🙌,36,1,2,#groomingtips #grwm,1,81602,46262,56.7,115775,2697,108,675,223,772,114,3703,8.0,1.46,0.48,0.246,4,mens_version:3|skin_tone:6,you look stunning,33.3,321,7
17938010908187786,story,20,2026-04-13,10:24,Mon,10,bts of today's shoot,20,0,0,none,1,81733,3994,4.9,5189,0,13,0,11,39,3,24,0.6,0.0,0.28,0.075,0,none,none,0.0,121,7
17921542062179238,story,20,2026-04-13,13:11,Mon,13,question box: styling questions,31,0,0,none,1,81733,5998,7.3,7379,0,18,0,17,59,5,35,0.58,0.0,0.28,0.083,18,none,none,0.0,121,7
17990040740625344,image,20,2026-04-13,18:40,Mon,18,what to wear to a day wedding vs night wedding.,47,0,12,#skincare #haircare #stylediaries #groomingtips #indianfashion #ootd #budgetfashion #styletips #grwm #fashionreels #fashionindia #weddingoutfit,1,81733,20318,24.9,27213,1332,77,273,163,363,58,1845,9.08,1.34,0.8,0.285,4,mens_version:3|skin_tone:5,obsessed 😍,36.7,121,7
17961737866869008,reel,20,2026-04-13,21:50,Mon,21,"grwm: 5-minute morning routine, no filter. ✨ 🫶 💀 🔥",50,4,0,none,1,81791,27987,34.2,69403,1790,81,223,133,412,62,2227,7.96,0.8,0.48,0.222,3,link_request:5|mens_version:1,do more grwm pls,40.0,121,7
17969038501913344,story,20,2026-04-14,09:21,Tue,9,link sticker: today's outfit,28,0,0,none,1,81855,3853,4.7,4914,0,23,0,11,38,3,34,0.88,0.0,0.29,0.078,0,none,none,0.0,103,15
17956959521202350,reel,20,2026-04-14,21:50,Tue,21,stop tucking your kurta like that. try this. 😭,46,1,12,#styletips #grwm #skincare #indianfashion #groomingtips #ootd #fashionreels #fashionindia #budgetfashion #weddingoutfit #haircare #stylediaries,1,81855,40148,49.0,76476,2305,104,573,196,672,115,3178,7.92,1.43,0.49,0.286,5,link_request:5|mens_version:3|skin_tone:3,where is this from?,33.3,103,15
17951405344627923,story,20,2026-04-15,09:10,Wed,9,link sticker: today's outfit,28,0,0,none,1,81982,3605,4.4,4159,0,28,0,10,36,3,38,1.05,0.0,0.28,0.083,0,none,none,0.0,283,12
17968840281980939,story,20,2026-04-15,10:56,Wed,10,this or that: saree or lehenga,30,0,0,none,1,81982,4921,6.0,5929,0,13,0,14,49,4,27,0.55,0.0,0.28,0.081,0,none,none,0.0,283,12
17984702619097306,carousel,20,2026-04-15,15:40,Wed,15,get ready with me: office to dinner in 10 minutes.,50,0,3,#weddingoutfit #fashionindia #styletips,9,81982,16770,20.5,22969,891,47,125,63,342,60,1126,6.71,0.75,0.38,0.358,4,link_request:7|mens_version:2,where is this from?,38.3,283,12
17909580637796480,reel,20,2026-04-15,20:30,Wed,20,frizz-free hair in humid weather.,33,0,8,#grwm #fashionindia #haircare #groomingtips #stylediaries #skincare #indianfashion #styletips,1,82042,28700,35.0,58721,1935,121,421,147,401,61,2624,9.14,1.47,0.51,0.213,0,mens_version:4,okay but the fit,30.0,283,12
17965887116509626,story,20,2026-04-15,20:52,Wed,20,poll: outfit a or b?,20,0,0,none,1,81982,6310,7.7,7433,0,47,0,18,63,6,65,1.03,0.0,0.29,0.095,0,none,none,0.0,283,12
17929142858419093,reel,20,2026-04-15,21:00,Wed,21,"5 festive looks under ₹1,500. 🙌 💯",33,2,5,#indianfashion #weddingoutfit #skincare #groomingtips #fashionreels,1,82103,52289,63.7,127555,3475,108,1214,382,922,161,5179,9.9,2.32,0.73,0.308,5,link_request:7|mens_version:4,love love love,28.3,283,12
17997534390627365,story,20,2026-04-16,10:25,Thu,10,link sticker: today's outfit,28,0,0,none,1,82279,5145,6.3,6007,0,52,0,15,51,5,67,1.3,0.0,0.29,0.097,0,none,none,0.0,251,13
17976326958046539,story,20,2026-04-16,20:40,Thu,20,question box: styling questions,31,0,0,none,1,82279,4886,5.9,5736,0,28,0,14,48,4,42,0.86,0.0,0.29,0.082,28,none,none,0.0,251,13
17956521761000466,reel,20,2026-04-16,20:50,Thu,20,"one saree, four drapes.",23,0,8,#skincare #fashionindia #budgetfashion #ootd #stylediaries #haircare #grwm #styletips,1,82279,64680,78.6,149663,3823,122,879,392,904,171,5216,8.06,1.36,0.61,0.264,5,link_request:3|mens_version:6|skin_tone:3,need this in my life,31.7,251,13
17902172285735512,reel,20,2026-04-16,21:00,Thu,21,monochrome monday. 😂,20,1,8,#ootd #fashionreels #groomingtips #fashionindia #weddingoutfit #budgetfashion #styletips #grwm,1,82450,35739,43.3,86781,1956,122,183,68,666,79,2329,6.52,0.51,0.19,0.221,1,link_request:6|mens_version:2,saving this,38.3,251,13
17921885428220693,story,20,2026-04-16,22:30,Thu,22,bts of today's shoot,20,0,0,none,1,82279,5304,6.4,6433,0,58,0,15,53,5,73,1.38,0.0,0.28,0.094,0,none,none,0.0,251,13
17974816532482182,story,20,2026-04-17,10:03,Fri,10,question box: styling questions,31,0,0,none,1,82525,6255,7.6,6896,0,53,0,18,62,6,71,1.14,0.0,0.29,0.096,53,none,none,0.0,158,14
17926921584915087,story,20,2026-04-17,13:48,Fri,13,quiz: guess the price of this look,34,0,0,none,1,82525,5107,6.2,6288,0,36,0,15,51,5,51,1.0,0.0,0.29,0.098,0,none,none,0.0,158,14
17948013861606050,reel,20,2026-04-17,17:10,Fri,17,get ready with me: office to dinner in 10 minutes. 🙌,52,1,5,#weddingoutfit #styletips #ootd #haircare #stylediaries,1,82525,31340,38.0,79491,2087,119,264,127,508,81,2597,8.29,0.84,0.41,0.258,5,link_request:7|mens_version:2,your voice is so calming,51.7,158,14
17911861953668019,story,20,2026-04-17,17:22,Fri,17,link sticker: today's outfit,28,0,0,none,1,82525,4293,5.2,5132,0,27,0,12,42,4,39,0.91,0.0,0.28,0.093,0,none,none,0.0,158,14
17912628662517495,story,20,2026-04-17,17:49,Fri,17,question box: styling questions,31,0,0,none,1,82525,3804,4.6,4827,0,29,0,11,38,3,40,1.05,0.0,0.29,0.079,29,none,none,0.0,158,14
17902111431135031,story,20,2026-04-17,17:59,Fri,17,quiz: guess the price of this look,34,0,0,none,1,82525,3483,4.2,3855,0,27,0,10,34,3,37,1.06,0.0,0.29,0.086,0,none,none,0.0,158,14
17970448853192412,reel,20,2026-04-17,19:00,Fri,19,#ad the collection i've been waiting for. code MEHER10. 😍 🫶 😭 😂 👀 ✨,67,6,3,#budgetfashion #indianfashion #fashionindia,1,82606,19885,24.1,54439,1368,84,57,38,340,17,1547,7.78,0.29,0.19,0.085,13,mens_version:6|ad_callout:16,your style is everything,35.0,158,14
17980632068801919,carousel,20,2026-04-17,21:20,Fri,21,lehenga styling for the budget bride's sister.,46,0,12,#fashionreels #styletips #groomingtips #ootd #grwm #weddingoutfit #budgetfashion #skincare #indianfashion #fashionindia #stylediaries #haircare,4,82623,14328,17.3,21165,818,35,195,80,288,44,1128,7.87,1.36,0.56,0.307,4,mens_version:1|skin_tone:6,obsessed 😍,25.7,158,14
17945657887570759,story,20,2026-04-17,22:11,Fri,22,this or that: saree or lehenga,30,0,0,none,1,82525,6023,7.3,7134,0,71,0,18,60,6,89,1.48,0.0,0.3,0.1,0,none,none,0.0,158,14
17930711029775007,story,20,2026-04-17,22:27,Fri,22,question box: styling questions,31,0,0,none,1,82525,3818,4.6,4568,0,28,0,11,38,3,39,1.02,0.0,0.29,0.079,28,none,none,0.0,158,14
17911399316728373,image,20,2026-04-18,15:50,Sat,15,sunscreen mistakes everyone makes. 🔥,36,1,10,#weddingoutfit #groomingtips #fashionreels #budgetfashion #haircare #ootd #stylediaries #fashionindia #styletips #grwm,1,82670,11438,13.8,16614,700,36,157,55,209,26,948,8.29,1.37,0.48,0.227,4,mens_version:1|skin_tone:5,saving this,36.1,48,15
17926220557916444,carousel,20,2026-04-18,20:30,Sat,20,what actually helped my pigmentation. 💀,39,1,5,#weddingoutfit #ootd #fashionindia #indianfashion #groomingtips,9,82696,15945,19.3,25383,1043,64,211,89,235,37,1407,8.82,1.32,0.56,0.232,4,mens_version:4|skin_tone:6,need this in my life,35.0,48,15
17960196671663974,story,20,2026-04-19,10:44,Sun,10,link sticker: today's outfit,28,0,0,none,1,82731,4108,5.0,4585,0,37,0,12,41,4,49,1.19,0.0,0.29,0.097,0,none,none,0.0,363,10
17976857255175550,image,20,2026-04-19,15:00,Sun,15,"grwm: 5-minute morning routine, no filter. 🫶 💯",46,2,0,none,1,82731,11779,14.2,16461,613,41,76,45,218,40,775,6.58,0.65,0.38,0.34,2,link_request:4|mens_version:3,okay but the fit,36.6,363,10
17949932009105019,reel,20,2026-04-19,18:30,Sun,18,"the ₹8,000 look for under ₹999. every piece linked.",51,0,2,#budgetfashion #stylediaries,1,82771,81385,98.3,204011,5139,207,1737,598,1536,320,7681,9.44,2.13,0.73,0.393,6,link_request:9|mens_version:4,you look stunning,31.7,363,10
17962972787381483,story,20,2026-04-19,20:26,Sun,20,quiz: guess the price of this look,34,0,0,none,1,82731,6279,7.6,7076,0,31,0,18,62,6,49,0.78,0.0,0.29,0.096,0,none,none,0.0,363,10
17943668108676660,story,20,2026-04-19,22:47,Sun,22,question box: styling questions,31,0,0,none,1,82731,3737,4.5,4187,0,27,0,11,37,3,38,1.02,0.0,0.29,0.08,27,none,none,0.0,363,10
17949458056436911,carousel,21,2026-04-20,11:50,Mon,11,ootd: linen and loafers. ✨,26,1,3,#fashionreels #ootd #indianfashion,7,83104,29454,35.4,42814,1726,63,135,82,480,47,2006,6.81,0.46,0.28,0.16,2,link_request:7|mens_version:3,saving this,28.3,367,11
17967560222164209,story,21,2026-04-20,17:26,Mon,17,bts of today's shoot,20,0,0,none,1,83104,4093,4.9,4996,0,29,0,12,40,4,41,1.0,0.0,0.29,0.098,0,none,none,0.0,367,11
17949051152467768,reel,21,2026-04-20,18:30,Mon,18,3 ways to style one white shirt.,32,0,8,#weddingoutfit #groomingtips #fashionindia #ootd #indianfashion #budgetfashion #fashionreels #stylediaries,1,83151,62589,75.3,119882,4301,294,1127,345,1005,170,6067,9.69,1.8,0.55,0.272,3,link_request:7|mens_version:4|skin_tone:2,obsessed 😍,36.7,367,11
17936062693116407,story,21,2026-04-20,20:08,Mon,20,quiz: guess the price of this look,34,0,0,none,1,83104,4232,5.1,5359,0,28,0,12,42,4,40,0.95,0.0,0.28,0.095,0,none,none,0.0,367,11
17983804919262238,reel,21,2026-04-20,20:20,Mon,20,get ready with me: office to dinner in 10 minutes. 🫶 ✨ 💀 😍 🔥 👀,62,6,5,#indianfashion #skincare #styletips #stylediaries #groomingtips,1,83321,51818,62.2,111825,2957,149,414,183,819,147,3703,7.15,0.8,0.35,0.284,8,link_request:12|mens_version:4,my boyfriend needs this,33.3,367,11
17961472398594401,story,21,2026-04-20,22:20,Mon,22,question box: styling questions,31,0,0,none,1,83104,6453,7.8,8194,0,41,0,19,64,6,60,0.93,0.0,0.29,0.093,41,none,none,0.0,367,11
17985021359513254,image,21,2026-04-21,15:50,Tue,15,"the linen set everyone wants, for ₹799. 💯",41,1,5,#styletips #budgetfashion #stylediaries #weddingoutfit #skincare,1,83480,16684,20.0,26099,916,57,278,118,235,48,1369,8.21,1.67,0.71,0.288,5,link_request:10|mens_version:5,can't tell the difference,36.8,34,14
17958039654625146,reel,21,2026-04-22,19:10,Wed,19,#ad loving this new serum from my partners. 👀,45,1,12,#stylediaries #styletips #weddingoutfit #budgetfashion #haircare #fashionindia #grwm #groomingtips #ootd #indianfashion #skincare #fashionreels,1,83533,29138,34.9,53772,1819,59,97,37,483,22,2012,6.91,0.33,0.13,0.076,16,mens_version:4|ad_callout:19,too many sponsored posts lately,42.4,204,7
17903972839864978,reel,21,2026-04-22,20:20,Wed,20,"grwm for a first date. yes, really. 😂 💀",39,2,10,#haircare #ootd #stylediaries #styletips #fashionreels #grwm #fashionindia #groomingtips #skincare #indianfashion,1,83555,58708,70.3,140030,3215,212,373,200,986,184,4000,6.81,0.64,0.34,0.313,0,link_request:2|mens_version:6,obsessed 😍,41.7,204,7
17908783237569999,story,21,2026-04-22,22:43,Wed,22,poll: outfit a or b?,20,0,0,none,1,83533,5380,6.4,6639,0,27,0,16,53,5,43,0.8,0.0,0.3,0.093,0,none,none,0.0,204,7
17913417600495043,reel,21,2026-04-23,13:20,Thu,13,the 3-product routine for oily skin. 🔥 😭,40,2,10,#haircare #fashionindia #skincare #budgetfashion #ootd #fashionreels #stylediaries #groomingtips #weddingoutfit #indianfashion,1,83758,23001,27.5,51445,1431,77,335,125,375,61,1968,8.56,1.46,0.54,0.265,7,mens_version:6|skin_tone:10,my boyfriend needs this,36.7,73,31
17994192015124677,carousel,21,2026-04-23,15:50,Thu,15,frizz-free hair in humid weather. 🙌 ✨ 💯 🫶 💀 😍,45,6,8,#groomingtips #ootd #weddingoutfit #haircare #fashionreels #grwm #styletips #indianfashion,6,83819,14231,17.0,17403,930,49,182,74,280,37,1235,8.68,1.28,0.52,0.26,0,mens_version:2,love love love,28.6,73,31
17916784155554360,story,21,2026-04-23,20:47,Thu,20,link sticker: today's outfit,28,0,0,none,1,83758,6366,7.6,7402,0,73,0,19,63,6,92,1.45,0.0,0.3,0.094,0,none,none,0.0,73,31
17967175398800630,carousel,21,2026-04-24,15:20,Fri,15,high street dupes that fooled my sister. 👀 💯,44,2,8,#indianfashion #fashionreels #grwm #styletips #haircare #fashionindia #budgetfashion #skincare,4,83847,22052,26.3,33330,1156,79,342,160,300,62,1737,7.88,1.55,0.73,0.281,1,link_request:3|mens_version:3,can't tell the difference,46.7,147,12
17913322503716437,image,21,2026-04-24,19:20,Fri,19,"5 festive looks under ₹1,500.",29,0,8,#weddingoutfit #ootd #budgetfashion #grwm #indianfashion #fashionindia #haircare #skincare,1,83909,39488,47.1,57180,2553,91,751,253,542,93,3648,9.24,1.9,0.64,0.236,6,link_request:10|mens_version:6,my boyfriend needs this,46.7,147,12
17970550741902989,story,21,2026-04-24,22:08,Fri,22,this or that: saree or lehenga,30,0,0,none,1,83847,4665,5.6,5928,0,29,0,13,46,4,42,0.9,0.0,0.28,0.086,0,none,none,0.0,147,12
17983726327637017,story,21,2026-04-25,09:50,Sat,9,link sticker: today's outfit,28,0,0,none,1,84016,3443,4.1,3675,0,29,0,10,34,3,39,1.13,0.0,0.29,0.087,0,none,none,0.0,317,10
17945794976982908,reel,21,2026-04-25,15:40,Sat,15,the color combos that always work. ✨,36,1,2,#groomingtips #fashionreels,1,84016,34551,41.1,72007,2224,118,622,231,659,99,3195,9.25,1.8,0.67,0.287,7,link_request:8|mens_version:5|skin_tone:6,need the link,38.3,317,10
17936266705713127,reel,21,2026-04-25,18:40,Sat,18,oiling done right: how long to leave it in.,43,0,2,#ootd #fashionindia,1,84115,93367,111.0,218519,5618,328,944,482,1432,211,7372,7.9,1.01,0.52,0.226,0,mens_version:2,you look stunning,41.7,317,10
17977474092617223,story,21,2026-04-25,20:38,Sat,20,question box: styling questions,31,0,0,none,1,84016,5058,6.0,5822,0,20,0,15,50,5,35,0.69,0.0,0.3,0.099,20,none,none,0.0,317,10
17964679094554042,story,21,2026-04-25,22:08,Sat,22,bts of today's shoot,20,0,0,none,1,84016,4241,5.0,4512,0,35,0,12,42,4,47,1.11,0.0,0.28,0.094,0,none,none,0.0,317,10
17999896631645650,story,21,2026-04-25,22:36,Sat,22,link sticker: today's outfit,28,0,0,none,1,84016,5453,6.5,7011,0,35,0,16,54,5,51,0.94,0.0,0.29,0.092,0,none,none,0.0,317,10
17913996973063270,reel,21,2026-04-26,09:20,Sun,9,the hair mask i make from my kitchen. 🫶,39,1,3,#groomingtips #skincare #haircare,1,84321,27114,32.2,56946,1431,44,318,92,383,58,1885,6.95,1.17,0.34,0.214,0,mens_version:3,your style is everything,40.9,47,11
17917029047484448,reel,22,2026-04-27,17:20,Mon,17,today's fit. 😂 😭 👀 💯,20,4,8,#styletips #weddingoutfit #budgetfashion #stylediaries #grwm #ootd #fashionreels #indianfashion,1,84380,55879,66.2,135109,3850,223,286,171,1094,106,4530,8.11,0.51,0.31,0.19,1,link_request:8|mens_version:4,need the link,33.3,124,13
17942508093374126,reel,22,2026-04-27,20:10,Mon,20,#ad the collection i've been waiting for. code MEHER10. 😂 😭,59,2,8,#skincare #stylediaries #ootd #styletips #grwm #fashionreels #budgetfashion #haircare,1,84486,28855,34.2,80782,1916,98,91,44,440,25,2149,7.45,0.32,0.15,0.087,10,mens_version:3|ad_callout:13,okay but the fit,33.3,124,13
17937216116941889,story,22,2026-04-27,22:46,Mon,22,poll: outfit a or b?,20,0,0,none,1,84380,6700,7.9,7902,0,66,0,20,67,6,86,1.28,0.0,0.3,0.09,0,none,none,0.0,124,13
17914603098130558,reel,22,2026-04-28,11:00,Tue,11,"luxury bag vs ₹1,200 dupe. can you tell? 👀 😂 🔥 💯",48,4,10,#grwm #stylediaries #styletips #skincare #fashionindia #indianfashion #haircare #fashionreels #groomingtips #ootd,1,84506,29518,34.9,67947,1524,94,477,187,520,87,2282,7.73,1.62,0.63,0.295,4,link_request:5|mens_version:5,can't tell the difference,35.0,149,34
17992828748569923,story,22,2026-04-28,17:33,Tue,17,this or that: saree or lehenga,30,0,0,none,1,84506,5432,6.4,6095,0,11,0,16,54,5,27,0.5,0.0,0.29,0.092,0,none,none,0.0,149,34
17921438059262497,reel,22,2026-04-28,20:20,Tue,20,today's fit. 💯,14,1,5,#fashionindia #fashionreels #budgetfashion #groomingtips #styletips,1,84593,57643,68.1,135034,3611,219,292,155,870,91,4277,7.42,0.51,0.27,0.158,6,link_request:10|mens_version:6,link pls 🙏,35.0,149,34
17927357374054861,image,22,2026-04-29,20:20,Wed,20,heatless curls that last all day.,33,0,3,#styletips #grwm #weddingoutfit,1,84675,16433,19.4,22902,903,34,151,68,288,46,1156,7.03,0.92,0.41,0.28,0,none,need this in my life,26.5,32,14
17987860195600151,story,22,2026-04-30,10:20,Thu,10,link sticker: today's outfit,28,0,0,none,1,84714,4901,5.8,5486,0,39,0,14,49,4,53,1.08,0.0,0.29,0.082,0,none,none,0.0,12,9
17918831291814676,reel,22,2026-04-30,15:40,Thu,15,#ad loving this new serum from my partners. 🙌 💀 ✨ 😭,51,4,2,#stylediaries #groomingtips,1,84714,19370,22.9,49294,1294,89,64,34,363,17,1481,7.65,0.33,0.18,0.088,10,mens_version:9|ad_callout:21,you look stunning,40.0,12,9
17931952513561194,story,22,2026-05-01,09:44,Fri,9,poll: outfit a or b?,20,0,0,none,1,84737,4285,5.1,5111,0,36,0,12,42,4,48,1.12,0.0,0.28,0.093,0,none,none,0.0,211,32
17960413694527458,reel,22,2026-05-01,13:20,Fri,13,"the linen set everyone wants, for ₹799. 😭",41,1,5,#groomingtips #grwm #stylediaries #fashionreels #weddingoutfit,1,84737,45977,54.3,122822,2764,189,760,278,825,173,3991,8.68,1.65,0.6,0.376,6,link_request:9|mens_version:3,adding to cart rn,36.7,211,32
17962783368769040,story,22,2026-05-01,13:42,Fri,13,poll: outfit a or b?,20,0,0,none,1,84737,4195,5.0,4443,0,23,0,12,41,4,35,0.83,0.0,0.29,0.095,0,none,none,0.0,211,32
17955241911811459,story,22,2026-05-01,17:20,Fri,17,this or that: saree or lehenga,30,0,0,none,1,84737,6102,7.2,7482,0,59,0,18,61,6,77,1.26,0.0,0.29,0.098,0,none,none,0.0,211,32
17936292354599245,image,22,2026-05-01,18:30,Fri,18,grwm for a sunday brunch. ✨ 🙌 😭 🫶 🔥 💯,37,6,12,#budgetfashion #fashionreels #grwm #indianfashion #groomingtips #haircare #skincare #styletips #stylediaries #ootd #weddingoutfit #fashionindia,1,84910,20641,24.3,27479,1237,41,131,75,303,53,1484,7.19,0.63,0.36,0.257,3,link_request:6|mens_version:3,love love love,39.0,211,32
17918498227386715,story,22,2026-05-01,22:03,Fri,22,question box: styling questions,31,0,0,none,1,84737,3794,4.5,4254,0,8,0,11,37,3,19,0.5,0.0,0.29,0.079,8,none,none,0.0,211,32
17987099603614312,story,22,2026-05-02,09:03,Sat,9,quiz: guess the price of this look,34,0,0,none,1,84958,5293,6.2,6103,0,53,0,15,52,5,68,1.28,0.0,0.28,0.094,0,none,none,0.0,45,16
17925408230720393,story,22,2026-05-02,09:58,Sat,9,this or that: saree or lehenga,30,0,0,none,1,84958,5507,6.5,6609,0,24,0,16,55,5,40,0.73,0.0,0.29,0.091,0,none,none,0.0,45,16
17905263039083278,image,22,2026-05-02,17:10,Sat,17,oiling done right: how long to leave it in.,43,0,8,#styletips #stylediaries #groomingtips #ootd #weddingoutfit #skincare #haircare #fashionreels,1,84958,11488,13.5,16941,720,41,144,47,173,22,952,8.29,1.25,0.41,0.192,0,mens_version:3,you look stunning,31.7,45,16
17959463971242562,story,22,2026-05-02,17:16,Sat,17,quiz: guess the price of this look,34,0,0,none,1,84958,3897,4.6,4863,0,40,0,11,38,3,51,1.31,0.0,0.28,0.077,0,none,none,0.0,45,16
17956636679096235,story,22,2026-05-02,17:24,Sat,17,link sticker: today's outfit,28,0,0,none,1,84958,6320,7.4,7896,0,68,0,18,63,6,86,1.36,0.0,0.28,0.095,0,none,none,0.0,45,16
17978059005747346,story,22,2026-05-02,17:29,Sat,17,question box: styling questions,31,0,0,none,1,84958,5883,6.9,6988,0,44,0,17,58,5,61,1.04,0.0,0.29,0.085,44,none,none,0.0,45,16
17963878402473575,story,22,2026-05-02,17:45,Sat,17,bts of today's shoot,20,0,0,none,1,84958,5623,6.6,6151,0,30,0,16,56,5,46,0.82,0.0,0.28,0.089,0,none,none,0.0,45,16
17962393855377758,story,22,2026-05-02,20:53,Sat,20,question box: styling questions,31,0,0,none,1,84958,5473,6.4,5929,0,58,0,16,54,5,74,1.35,0.0,0.29,0.091,58,none,none,0.0,45,16
17963207000790700,story,22,2026-05-02,22:33,Sat,22,poll: outfit a or b?,20,0,0,none,1,84958,5850,6.9,6341,0,63,0,17,58,5,80,1.37,0.0,0.29,0.085,0,none,none,0.0,45,16
17915233458081832,carousel,22,2026-05-03,09:50,Sun,9,"one saree, four drapes.",23,0,0,none,7,84980,31282,36.8,49698,1725,54,433,151,635,122,2363,7.55,1.38,0.48,0.39,4,link_request:7|mens_version:3|skin_tone:2,link pls 🙏,38.9,347,11
17915681788346806,story,22,2026-05-03,10:20,Sun,10,bts of today's shoot,20,0,0,none,1,84980,5337,6.3,5710,0,21,0,16,53,5,37,0.69,0.0,0.3,0.094,0,none,none,0.0,347,11
17993104976554204,story,22,2026-05-03,10:46,Sun,10,link sticker: today's outfit,28,0,0,none,1,84980,5948,7.0,7651,0,50,0,17,59,5,67,1.13,0.0,0.29,0.084,0,none,none,0.0,347,11
17969167411767064,reel,22,2026-05-03,13:30,Sun,13,"my night skincare routine, 4 steps only. 🫶",42,1,5,#fashionindia #weddingoutfit #stylediaries #skincare #grwm,1,85102,48888,57.4,96401,3244,159,622,204,847,126,4229,8.65,1.27,0.42,0.258,1,mens_version:3|skin_tone:3,your style is everything,38.3,347,11
17957857278104362,carousel,22,2026-05-03,18:40,Sun,18,"grwm: 5-minute morning routine, no filter. 💀 😂",46,2,3,#stylediaries #skincare #styletips,5,85228,31913,37.4,48580,1920,76,275,131,537,95,2402,7.53,0.86,0.41,0.298,1,link_request:6|mens_version:5,do more grwm pls,26.7,347,11
17903927274975705,story,22,2026-05-03,22:45,Sun,22,poll: outfit a or b?,20,0,0,none,1,84980,5621,6.6,6855,0,59,0,16,56,5,75,1.33,0.0,0.28,0.089,0,none,none,0.0,347,11
17912809372400992,image,23,2026-05-04,13:00,Mon,13,grwm for a sunday brunch. 🫶,27,1,8,#budgetfashion #ootd #grwm #weddingoutfit #haircare #groomingtips #fashionreels #stylediaries,1,85342,14983,17.6,21450,951,56,104,80,213,31,1191,7.95,0.69,0.53,0.207,4,link_request:11|mens_version:1,need the link,23.2,215,15
17925667205380613,reel,23,2026-05-04,21:10,Mon,21,"luxury bag vs ₹1,200 dupe. can you tell? 😭",42,1,8,#stylediaries #grwm #groomingtips #fashionreels #styletips #fashionindia #budgetfashion #haircare,1,85373,56985,66.7,122598,3309,135,846,356,1012,193,4646,8.15,1.48,0.62,0.339,1,link_request:8|mens_version:3,your style is everything,31.7,215,15
17950326141213839,story,23,2026-05-04,22:19,Mon,22,question box: styling questions,31,0,0,none,1,85342,6802,8.0,8049,0,58,0,20,68,6,78,1.15,0.0,0.29,0.088,58,none,none,0.0,215,15
17903469923260782,reel,23,2026-05-05,15:20,Tue,15,high street dupes that fooled my sister. ✨,42,1,8,#haircare #ootd #weddingoutfit #groomingtips #fashionreels #budgetfashion #indianfashion #fashionindia,1,85581,32147,37.6,72871,2064,102,536,280,584,105,2982,9.28,1.67,0.87,0.327,5,link_request:13|mens_version:5,need the link,33.3,98,7
17948103601005684,carousel,23,2026-05-06,11:10,Wed,11,heatless curls that last all day.,33,0,5,#fashionreels #budgetfashion #groomingtips #indianfashion #skincare,9,85690,23800,27.8,30531,1280,85,256,101,437,61,1722,7.24,1.08,0.42,0.256,0,mens_version:3,obsessed 😍,35.0,51,10
17915334667082918,image,23,2026-05-07,13:30,Thu,13,heatless curls that last all day.,33,0,12,#stylediaries #grwm #indianfashion #fashionreels #skincare #fashionindia #groomingtips #haircare #styletips #ootd #weddingoutfit #budgetfashion,1,85749,6318,7.4,9149,358,19,59,27,110,16,463,7.33,0.93,0.43,0.253,0,mens_version:1,obsessed 😍,21.1,13,8
17981231235720343,story,23,2026-05-07,13:59,Thu,13,link sticker: today's outfit,28,0,0,none,1,85749,5501,6.4,6468,0,39,0,16,55,5,55,1.0,0.0,0.29,0.091,0,none,none,0.0,13,8
17986598541827656,reel,23,2026-05-08,11:00,Fri,11,stop tucking your kurta like that. try this. 🔥,46,1,8,#groomingtips #indianfashion #styletips #fashionindia #weddingoutfit #skincare #ootd #budgetfashion,1,85782,28772,33.5,73806,1487,45,379,131,449,84,2042,7.1,1.32,0.46,0.292,6,link_request:5|mens_version:3|skin_tone:4,you look stunning,37.8,326,10
17916383979188117,carousel,23,2026-05-08,15:30,Fri,15,how to look taller in ethnic wear. 👀 ✨ 😭 💯 🙌 🔥,46,6,2,#haircare #fashionindia,7,85866,14597,17.0,18001,797,35,201,63,261,38,1096,7.51,1.38,0.43,0.26,6,link_request:5|mens_version:1|skin_tone:3,need this in my life,25.7,326,10
17936785500263429,story,23,2026-05-08,20:29,Fri,20,bts of today's shoot,20,0,0,none,1,85782,4628,5.4,5018,0,41,0,13,46,4,54,1.17,0.0,0.28,0.086,0,none,none,0.0,326,10
17949665073353681,reel,23,2026-05-08,20:30,Fri,20,grwm for my cousin's sangeet. 💯,31,1,3,#grwm #stylediaries #styletips,1,85904,70526,82.1,180991,3620,234,422,243,1161,207,4519,6.41,0.6,0.34,0.294,4,link_request:6|mens_version:5,okay but the fit,28.3,326,10
17979828264768184,story,23,2026-05-08,22:11,Fri,22,quiz: guess the price of this look,34,0,0,none,1,85782,3570,4.2,4548,0,7,0,10,35,3,17,0.48,0.0,0.28,0.084,0,none,none,0.0,326,10
17983079178060593,image,23,2026-05-09,11:10,Sat,11,"the linen set everyone wants, for ₹799. 😂",41,1,5,#stylediaries #groomingtips #skincare #haircare #weddingoutfit,1,86108,26224,30.5,31905,1606,88,515,177,365,79,2386,9.1,1.96,0.67,0.301,2,link_request:5|mens_version:3,can't tell the difference,31.7,162,11
17963403318875126,story,23,2026-05-09,13:20,Sat,13,bts of today's shoot,20,0,0,none,1,86108,4528,5.3,5428,0,26,0,13,45,4,39,0.86,0.0,0.29,0.088,0,none,none,0.0,162,11
17940920865079681,story,23,2026-05-09,20:48,Sat,20,question box: styling questions,31,0,0,none,1,86108,4169,4.8,5036,0,39,0,12,41,4,51,1.22,0.0,0.29,0.096,39,none,none,0.0,162,11
17997589862414593,carousel,23,2026-05-09,20:50,Sat,20,3 ways to style one white shirt.,32,0,10,#budgetfashion #fashionreels #ootd #groomingtips #indianfashion #stylediaries #fashionindia #weddingoutfit #grwm #styletips,10,86187,34642,40.2,51753,2327,87,619,172,532,86,3205,9.25,1.79,0.5,0.248,5,link_request:5|mens_version:7|skin_tone:6,your style is everything,43.3,162,11
17903904071735481,story,23,2026-05-10,09:16,Sun,9,link sticker: today's outfit,28,0,0,none,1,86275,5666,6.6,6871,0,15,0,16,56,5,31,0.55,0.0,0.28,0.088,0,none,none,0.0,184,13
17956722500627622,reel,23,2026-05-10,09:30,Sun,9,"one saree, four drapes. 😭 💯 😂 🙌",31,4,12,#haircare #stylediaries #budgetfashion #groomingtips #fashionindia #weddingoutfit #ootd #styletips #fashionreels #skincare #grwm #indianfashion,1,86275,41492,48.1,94974,2563,102,585,255,627,94,3505,8.45,1.41,0.61,0.227,9,link_request:8|mens_version:4|skin_tone:4,obsessed 😍,36.7,184,13
17995358243644847,story,23,2026-05-10,17:03,Sun,17,this or that: saree or lehenga,30,0,0,none,1,86275,4702,5.5,5779,0,36,0,14,47,4,50,1.06,0.0,0.3,0.085,0,none,none,0.0,184,13
17981433552330244,reel,23,2026-05-10,19:50,Sun,19,the 3-product routine for oily skin. 😭 🫶 👀 ✨ 😂 💯,48,6,8,#fashionreels #fashionindia #grwm #stylediaries #skincare #indianfashion #styletips #ootd,1,86369,41678,48.3,92799,2707,183,492,185,654,94,3567,8.56,1.18,0.44,0.226,5,mens_version:1|skin_tone:7,you look stunning,33.3,184,13
17913762425205105,story,24,2026-05-11,09:31,Mon,9,poll: outfit a or b?,20,0,0,none,1,86471,3766,4.4,4213,0,21,0,11,37,3,32,0.85,0.0,0.29,0.08,0,none,none,0.0,83,11
17964581019053141,image,24,2026-05-11,13:20,Mon,13,fit check before the meeting.,29,0,12,#weddingoutfit #grwm #groomingtips #fashionreels #ootd #stylediaries #haircare #styletips #budgetfashion #skincare #fashionindia #indianfashion,1,86471,10884,12.6,13309,558,16,51,21,152,17,646,5.94,0.47,0.19,0.156,2,link_request:2|mens_version:1,need this in my life,37.5,83,11
17979503617028832,carousel,24,2026-05-11,18:30,Mon,18,frizz-free hair in humid weather.,33,0,10,#haircare #ootd #groomingtips #fashionreels #weddingoutfit #skincare #budgetfashion #stylediaries #grwm #indianfashion,4,86488,28929,33.4,35403,1483,71,242,127,449,70,1923,6.65,0.84,0.44,0.242,0,mens_version:7,saving this,26.7,83,11
17973073035768383,story,24,2026-05-11,20:53,Mon,20,bts of today's shoot,20,0,0,none,1,86471,4395,5.1,5003,0,20,0,13,43,4,33,0.75,0.0,0.3,0.091,0,none,none,0.0,83,11
17956483659998435,story,24,2026-05-12,13:01,Tue,13,quiz: guess the price of this look,34,0,0,none,1,86565,6129,7.1,7104,0,33,0,18,61,6,51,0.83,0.0,0.29,0.098,0,none,none,0.0,31,10
17939524166060907,image,24,2026-05-12,19:30,Tue,19,monochrome monday.,18,0,12,#stylediaries #indianfashion #weddingoutfit #haircare #ootd #skincare #fashionreels #styletips #fashionindia #groomingtips #grwm #budgetfashion,1,86565,21555,24.9,29489,1121,78,90,43,351,35,1332,6.18,0.42,0.2,0.162,2,link_request:9|mens_version:5,obsessed 😍,43.3,31,10
17947402933353890,story,24,2026-05-13,09:26,Wed,9,question box: styling questions,31,0,0,none,1,86599,5593,6.5,6313,0,14,0,16,55,5,30,0.54,0.0,0.29,0.089,14,none,none,0.0,55,13
17934510416890194,story,24,2026-05-13,09:42,Wed,9,link sticker: today's outfit,28,0,0,none,1,86599,3963,4.6,5111,0,9,0,11,39,3,20,0.5,0.0,0.28,0.076,0,none,none,0.0,55,13
17999938615953811,carousel,24,2026-05-13,09:50,Wed,9,"my night skincare routine, 4 steps only. 😂",42,1,8,#stylediaries #skincare #fashionreels #grwm #fashionindia #haircare #styletips #groomingtips,10,86599,19004,21.9,27018,996,65,240,73,382,55,1374,7.23,1.26,0.38,0.289,0,mens_version:3|skin_tone:1,okay but the fit,38.3,55,13
17985480928079222,story,24,2026-05-13,22:53,Wed,22,this or that: saree or lehenga,30,0,0,none,1,86599,5885,6.8,6508,0,61,0,17,58,5,78,1.33,0.0,0.29,0.085,0,none,none,0.0,55,13
17973567086673073,carousel,24,2026-05-14,11:30,Thu,11,#ad loving this new serum from my partners.,43,0,8,#fashionreels #indianfashion #grwm #groomingtips #weddingoutfit #styletips #skincare #budgetfashion,4,86653,11385,13.1,17450,746,23,39,20,169,8,828,7.27,0.34,0.18,0.07,4,mens_version:2|ad_callout:6,too many sponsored posts lately,39.1,113,13
17905884814225539,image,24,2026-05-14,19:30,Thu,19,"grwm: 5-minute morning routine, no filter. 😭 💀 🔥 🙌",50,4,0,none,1,86661,27230,31.4,40553,1401,58,169,106,482,81,1734,6.37,0.62,0.39,0.297,6,link_request:9|mens_version:6,need the link,25.9,113,13
17953469442573874,image,24,2026-05-14,20:00,Thu,20,lehenga styling for the budget bride's sister. 💯,48,1,5,#fashionindia #grwm #haircare #styletips #weddingoutfit,1,86742,11581,13.4,17219,795,47,152,94,222,37,1088,9.39,1.31,0.81,0.319,2,skin_tone:2,need this in my life,38.3,113,13
17955768793985014,story,24,2026-05-15,10:29,Fri,10,quiz: guess the price of this look,34,0,0,none,1,86787,6564,7.6,7414,0,58,0,19,65,6,77,1.17,0.0,0.29,0.091,0,none,none,0.0,186,26
17987817594740810,carousel,24,2026-05-15,18:10,Fri,18,"luxury bag vs ₹1,200 dupe. can you tell? 💀",42,1,3,#weddingoutfit #groomingtips #ootd,5,86787,62803,72.4,89816,4113,241,1041,432,1059,202,5827,9.28,1.66,0.69,0.322,2,link_request:9|mens_version:2,you look stunning,35.0,186,26
17974461935558033,story,24,2026-05-15,22:00,Fri,22,quiz: guess the price of this look,34,0,0,none,1,86787,4054,4.7,4826,0,30,0,12,40,4,42,1.04,0.0,0.3,0.099,0,none,none,0.0,186,26
17941679058301230,carousel,24,2026-05-16,09:00,Sat,9,stop tucking your kurta like that. try this. 👀 🔥 💯 ✨,52,4,0,none,6,86981,21168,24.3,33440,1389,63,360,137,304,55,1949,9.21,1.7,0.65,0.26,2,link_request:5|mens_version:6|skin_tone:3,obsessed 😍,35.0,207,8
17995259794589566,story,24,2026-05-16,13:19,Sat,13,this or that: saree or lehenga,30,0,0,none,1,86981,5633,6.5,6086,0,19,0,16,56,5,35,0.62,0.0,0.28,0.089,0,none,none,0.0,207,8
17928423909084074,reel,24,2026-05-16,13:50,Sat,13,"the ₹8,000 look for under ₹999. every piece linked.",51,0,10,#weddingoutfit #groomingtips #fashionindia #indianfashion #grwm #ootd #fashionreels #styletips #haircare #stylediaries,1,87036,37909,43.6,85770,2223,98,777,277,740,150,3375,8.9,2.05,0.73,0.396,1,link_request:7|mens_version:5,saving this,50.0,207,8
17969002731585624,story,24,2026-05-16,17:53,Sat,17,this or that: saree or lehenga,30,0,0,none,1,86981,5811,6.7,6948,0,18,0,17,58,5,35,0.6,0.0,0.29,0.086,0,none,none,0.0,207,8
17994632775197367,carousel,24,2026-05-17,19:30,Sun,19,monochrome monday. ✨ 😂 🫶 💯,26,4,0,none,8,87204,49739,57.0,75461,3018,197,237,142,745,79,3594,7.23,0.48,0.29,0.159,4,link_request:10|mens_version:1,need this in my life,36.7,177,15
17959794670543431,reel,24,2026-05-17,20:10,Sun,20,frizz-free hair in humid weather.,33,0,3,#budgetfashion #groomingtips #grwm,1,87283,51983,59.6,101319,2740,134,452,195,758,109,3521,6.77,0.87,0.38,0.21,0,mens_version:4,saving this,36.7,177,15
17920279235524049,story,24,2026-05-17,20:55,Sun,20,this or that: saree or lehenga,30,0,0,none,1,87204,4676,5.4,5831,0,44,0,14,46,4,58,1.24,0.0,0.3,0.086,0,none,none,0.0,177,15
17975555164791181,carousel,25,2026-05-18,18:40,Mon,18,5 mehendi looks that aren't yellow.,35,0,5,#ootd #weddingoutfit #fashionreels #budgetfashion #indianfashion,6,87389,26882,30.8,39661,1781,57,480,212,542,107,2530,9.41,1.79,0.79,0.398,3,mens_version:3|skin_tone:5,love love love,31.6,170,7
17932620228305533,reel,25,2026-05-18,21:40,Mon,21,today's fit. 💀,14,1,5,#styletips #ootd #indianfashion #budgetfashion #fashionindia,1,87496,33586,38.4,66229,1781,112,134,60,646,70,2087,6.21,0.4,0.18,0.208,5,link_request:5|mens_version:4,men's version please,38.3,170,7
17905973157311857,reel,25,2026-05-19,19:20,Tue,19,#ad the collection i've been waiting for. code MEHER10. ✨ 💯,59,2,2,#haircare #grwm,1,87569,18705,21.4,35729,1265,63,50,35,290,16,1413,7.55,0.27,0.19,0.086,12,mens_version:6|ad_callout:18,my boyfriend needs this,40.0,9,7
17988867190564488,story,25,2026-05-20,10:30,Wed,10,quiz: guess the price of this look,34,0,0,none,1,87587,3822,4.4,4014,0,23,0,11,38,3,34,0.89,0.0,0.29,0.078,0,none,none,0.0,337,19
17983878570150115,story,25,2026-05-20,10:44,Wed,10,quiz: guess the price of this look,34,0,0,none,1,87587,4580,5.2,5686,0,41,0,13,45,4,54,1.18,0.0,0.28,0.087,0,none,none,0.0,337,19
17915503916245542,reel,25,2026-05-20,11:20,Wed,11,"the ₹8,000 look for under ₹999. every piece linked.",51,0,5,#skincare #ootd #groomingtips #weddingoutfit #indianfashion,1,87587,54719,62.5,141018,3384,135,1025,415,1110,188,4959,9.06,1.87,0.76,0.344,8,link_request:12|mens_version:4,you look stunning,25.0,337,19
17912264516704286,image,25,2026-05-20,17:30,Wed,17,frizz-free hair in humid weather. 😍,35,1,3,#haircare #fashionreels #skincare,1,87775,21645,24.7,34194,1443,91,326,114,429,56,1974,9.12,1.51,0.53,0.259,0,mens_version:4,obsessed 😍,45.0,337,19
17900986917011237,reel,25,2026-05-20,21:00,Wed,21,lehenga styling for the budget bride's sister. 💯 👀 🙌 😍,54,4,5,#groomingtips #ootd #budgetfashion #indianfashion #styletips,1,87831,36612,41.7,72546,2014,71,511,235,659,105,2831,7.73,1.4,0.64,0.287,5,mens_version:4|skin_tone:6,men's version please,28.3,337,19
17918471227129245,reel,25,2026-05-21,15:40,Thu,15,the hair mask i make from my kitchen.,37,0,8,#stylediaries #grwm #fashionreels #haircare #indianfashion #weddingoutfit #skincare #ootd,1,87930,34895,39.7,90841,2007,123,417,149,575,79,2696,7.73,1.2,0.43,0.226,0,mens_version:6,love love love,36.7,208,12
17949580156278279,reel,25,2026-05-21,18:50,Thu,18,sunscreen mistakes everyone makes. 💯 👀 🙌 💀,42,4,0,none,1,88009,52968,60.2,96978,2856,166,566,196,868,135,3784,7.14,1.07,0.37,0.255,1,mens_version:5|skin_tone:2,love love love,35.0,208,12
17944742626227643,story,25,2026-05-21,22:40,Thu,22,this or that: saree or lehenga,30,0,0,none,1,87930,6163,7.0,7073,0,32,0,18,61,6,50,0.81,0.0,0.29,0.097,0,none,none,0.0,208,12
17945519094677223,reel,25,2026-05-22,09:00,Fri,9,get ready with me: office to dinner in 10 minutes. 💯,52,1,5,#fashionindia #stylediaries #indianfashion #weddingoutfit #groomingtips,1,88158,42469,48.2,116466,2903,133,407,177,854,142,3620,8.52,0.96,0.42,0.334,4,link_request:10|mens_version:1,obsessed 😍,33.3,223,11
17913278319841546,carousel,25,2026-05-22,11:50,Fri,11,#ad the collection i've been waiting for. code MEHER10. 😭,57,1,5,#stylediaries #fashionreels #haircare #ootd #budgetfashion,6,88300,16107,18.2,23137,1007,46,55,28,241,11,1136,7.05,0.34,0.17,0.068,13,mens_version:2|ad_callout:15,is this paid?,34.8,223,11
17940703065166870,story,25,2026-05-22,17:16,Fri,17,poll: outfit a or b?,20,0,0,none,1,88158,3806,4.3,4815,0,26,0,11,38,3,37,0.97,0.0,0.29,0.079,0,none,none,0.0,223,11
17934260278088412,story,25,2026-05-22,17:31,Fri,17,question box: styling questions,31,0,0,none,1,88158,5598,6.3,7268,0,42,0,16,55,5,58,1.04,0.0,0.29,0.089,42,none,none,0.0,223,11
17925077647290742,story,25,2026-05-22,17:58,Fri,17,bts of today's shoot,20,0,0,none,1,88158,4973,5.6,6270,0,23,0,14,49,4,37,0.74,0.0,0.28,0.08,0,none,none,0.0,223,11
17911072491852913,carousel,25,2026-05-22,21:40,Fri,21,what to wear to a day wedding vs night wedding. 🔥 ✨,51,2,5,#weddingoutfit #indianfashion #groomingtips #styletips #stylediaries,4,88311,20113,22.8,27062,1277,88,284,157,406,69,1806,8.98,1.41,0.78,0.343,1,mens_version:6|skin_tone:2,love love love,25.0,223,11
17954988536166894,story,25,2026-05-23,09:54,Sat,9,this or that: saree or lehenga,30,0,0,none,1,88379,5613,6.4,6818,0,48,0,16,56,5,64,1.14,0.0,0.29,0.089,0,none,none,0.0,24,32
17955846961439020,carousel,25,2026-05-23,11:20,Sat,11,oiling done right: how long to leave it in. 💯,45,1,5,#ootd #fashionreels #groomingtips #skincare #fashionindia,3,88379,17437,19.7,25178,1192,69,245,73,256,34,1579,9.06,1.41,0.42,0.195,0,mens_version:5,love love love,31.7,24,32
17909008626336936,image,25,2026-05-23,15:10,Sat,15,#ad the collection i've been waiting for. code MEHER10. 💀 🙌,59,2,12,#styletips #fashionreels #grwm #indianfashion #haircare #skincare #fashionindia #weddingoutfit #stylediaries #groomingtips #ootd #budgetfashion,1,88413,5379,6.1,7779,295,9,13,7,108,5,324,6.02,0.24,0.13,0.093,3,ad_callout:3,is this paid?,44.4,24,32
17984399214609460,story,25,2026-05-23,17:44,Sat,17,question box: styling questions,31,0,0,none,1,88379,6647,7.5,8211,0,43,0,19,66,6,62,0.93,0.0,0.29,0.09,43,none,none,0.0,24,32
17969968735851113,story,25,2026-05-23,22:29,Sat,22,poll: outfit a or b?,20,0,0,none,1,88379,6470,7.3,7709,0,37,0,19,64,6,56,0.87,0.0,0.29,0.093,0,none,none,0.0,24,32
17975232355086652,story,25,2026-05-24,09:43,Sun,9,poll: outfit a or b?,20,0,0,none,1,88393,4609,5.2,5093,0,52,0,13,46,4,65,1.41,0.0,0.28,0.087,0,none,none,0.0,40,21
17923733173440815,story,25,2026-05-24,10:27,Sun,10,quiz: guess the price of this look,34,0,0,none,1,88393,6733,7.6,8062,0,49,0,20,67,6,69,1.02,0.0,0.3,0.089,0,none,none,0.0,40,21
17913886978351258,story,25,2026-05-24,10:38,Sun,10,link sticker: today's outfit,28,0,0,none,1,88393,5513,6.2,6663,0,51,0,16,55,5,67,1.22,0.0,0.29,0.091,0,none,none,0.0,40,21
17943713513170388,story,25,2026-05-24,10:58,Sun,10,this or that: saree or lehenga,30,0,0,none,1,88393,5875,6.6,6990,0,18,0,17,58,5,35,0.6,0.0,0.29,0.085,0,none,none,0.0,40,21
17995903207156995,carousel,25,2026-05-24,11:20,Sun,11,#ad loving this new serum from my partners.,43,0,5,#fashionreels #skincare #grwm #styletips #indianfashion,5,88393,10265,11.6,16331,612,29,26,16,150,7,683,6.65,0.25,0.16,0.068,5,mens_version:4|ad_callout:11,is this paid?,24.1,40,21
17978473727144952,image,25,2026-05-24,13:50,Sun,13,monochrome monday. 😍,20,1,12,#fashionreels #indianfashion #weddingoutfit #grwm #skincare #stylediaries #styletips #groomingtips #budgetfashion #fashionindia #haircare #ootd,1,88400,14548,16.5,17720,808,32,55,33,287,29,928,6.38,0.38,0.23,0.199,3,link_request:4|mens_version:1,okay but the fit,25.0,40,21
17908219718166716,story,25,2026-05-24,20:37,Sun,20,question box: styling questions,31,0,0,none,1,88393,5064,5.7,5817,0,38,0,15,50,5,53,1.05,0.0,0.3,0.099,38,none,none,0.0,40,21
17934110090467819,reel,26,2026-05-25,09:50,Mon,9,how to look taller in ethnic wear.,34,0,8,#fashionreels #groomingtips #styletips #haircare #stylediaries #skincare #grwm #ootd,1,88424,40309,45.6,80409,2286,77,515,191,726,125,3069,7.61,1.28,0.47,0.31,4,link_request:11|mens_version:5|skin_tone:3,you look stunning,25.0,147,34
17912342087749776,image,26,2026-05-25,20:40,Mon,20,the 3-product routine for oily skin. 💯,38,1,0,none,1,88549,24725,27.9,36710,1273,68,285,114,454,56,1740,7.04,1.15,0.46,0.226,4,mens_version:5|skin_tone:8,saving this,45.0,147,34
17963160602430652,story,26,2026-05-26,13:57,Tue,13,this or that: saree or lehenga,30,0,0,none,1,88601,5015,5.7,5894,0,23,0,15,50,5,38,0.76,0.0,0.3,0.1,0,none,none,0.0,150,10
17929600733081859,carousel,26,2026-05-26,21:50,Tue,21,stop tucking your kurta like that. try this.,44,0,0,none,9,88601,46077,52.0,69478,2685,185,643,199,787,149,3712,8.06,1.4,0.43,0.323,8,link_request:7|mens_version:3|skin_tone:7,love love love,35.0,150,10
17987223678334866,story,26,2026-05-26,22:30,Tue,22,quiz: guess the price of this look,34,0,0,none,1,88601,6475,7.3,8111,0,73,0,19,64,6,92,1.42,0.0,0.29,0.093,0,none,none,0.0,150,10
17994650668712483,reel,26,2026-05-27,09:40,Wed,9,3 ways to style one white shirt. 😭,34,1,10,#haircare #fashionindia #budgetfashion #ootd #stylediaries #grwm #weddingoutfit #skincare #groomingtips #styletips,1,88759,41420,46.7,96409,2651,119,620,205,669,98,3595,8.68,1.5,0.49,0.237,9,link_request:13|mens_version:3|skin_tone:2,obsessed 😍,25.0,167,14
17973708256453302,story,26,2026-05-27,13:26,Wed,13,question box: styling questions,31,0,0,none,1,88759,3604,4.1,4270,0,41,0,10,36,3,51,1.42,0.0,0.28,0.083,41,none,none,0.0,167,14
17918444608962274,reel,26,2026-05-27,21:50,Wed,21,how to look taller in ethnic wear. 😍 🙌 🫶 🔥 👀 💀,46,6,3,#haircare #fashionindia #indianfashion,1,88857,24051,27.1,59719,1400,81,411,112,420,77,2004,8.33,1.71,0.47,0.32,11,link_request:10|mens_version:3|skin_tone:8,your style is everything,33.3,167,14
17947784686552197,story,26,2026-05-27,22:46,Wed,22,bts of today's shoot,20,0,0,none,1,88759,3744,4.2,4798,0,21,0,11,37,3,32,0.85,0.0,0.29,0.08,0,none,none,0.0,167,14
17999813646527154,story,26,2026-05-28,10:53,Thu,10,quiz: guess the price of this look,34,0,0,none,1,88931,5617,6.3,6996,0,24,0,16,56,5,40,0.71,0.0,0.28,0.089,0,none,none,0.0,237,7
17951530571028277,story,26,2026-05-28,13:16,Thu,13,quiz: guess the price of this look,34,0,0,none,1,88931,5066,5.7,5718,0,33,0,15,50,5,48,0.95,0.0,0.3,0.099,0,none,none,0.0,237,7
17952456017598793,story,26,2026-05-28,20:04,Thu,20,poll: outfit a or b?,20,0,0,none,1,88931,5403,6.1,5968,0,16,0,16,54,5,32,0.59,0.0,0.3,0.093,0,none,none,0.0,237,7
17931064545002284,reel,26,2026-05-28,20:40,Thu,20,"luxury bag vs ₹1,200 dupe. can you tell? 🔥 💯 🫶 👀",48,4,5,#weddingoutfit #styletips #fashionreels #groomingtips #grwm,1,88931,85583,96.2,197499,4462,306,1225,504,1354,224,6497,7.59,1.43,0.59,0.262,1,link_request:12|mens_version:3,you look stunning,33.3,237,7
17905002991258901,story,26,2026-05-28,22:31,Thu,22,bts of today's shoot,20,0,0,none,1,88931,5801,6.5,6584,0,19,0,17,58,5,36,0.62,0.0,0.29,0.086,0,none,none,0.0,237,7
17990503523856330,carousel,26,2026-05-29,09:20,Fri,9,lehenga styling for the budget bride's sister. 👀,48,1,0,none,5,89156,8547,9.6,10289,458,23,103,57,167,32,641,7.5,1.21,0.67,0.374,2,mens_version:1|skin_tone:2,you look stunning,47.8,19,13
17997881552163029,story,26,2026-05-30,09:47,Sat,9,question box: styling questions,31,0,0,none,1,89192,6194,6.9,7902,0,53,0,18,61,6,71,1.15,0.0,0.29,0.097,53,none,none,0.0,11,13
17987661625611565,carousel,26,2026-05-30,18:50,Sat,18,#ad partnered with a brand i actually use. 💀 ✨,46,2,5,#haircare #skincare #stylediaries #ootd #indianfashion,5,89192,18683,20.9,24180,1235,57,50,30,318,18,1372,7.34,0.27,0.16,0.096,18,mens_version:2|ad_callout:22,saving this,33.3,11,13
17997359213544724,reel,26,2026-05-31,13:50,Sun,13,the color combos that always work.,34,0,8,#indianfashion #ootd #haircare #weddingoutfit #groomingtips #skincare #grwm #fashionindia,1,89214,33974,38.1,66963,2108,72,450,202,537,94,2832,8.34,1.32,0.59,0.277,14,link_request:5|mens_version:5|skin_tone:9,need this in my life,36.7,174,30
17992622900258255,reel,26,2026-05-31,20:30,Sun,20,how to look taller in ethnic wear. 👀 ✨,38,2,2,#grwm #groomingtips,1,89308,33435,37.4,82997,2204,70,534,224,576,110,3032,9.07,1.6,0.67,0.329,4,link_request:6|mens_version:6|skin_tone:1,need this in my life,33.3,174,30
17946657606175820,story,27,2026-06-01,09:02,Mon,9,poll: outfit a or b?,20,0,0,none,1,89417,7131,8.0,8848,0,83,0,21,71,7,104,1.46,0.0,0.29,0.098,0,none,none,0.0,193,13
17989088744874754,reel,27,2026-06-01,09:40,Mon,9,what actually helped my pigmentation. 🫶 😍 😭 😂,45,4,8,#fashionindia #indianfashion #ootd #budgetfashion #styletips #groomingtips #stylediaries #skincare,1,89417,42771,47.8,81272,2557,103,511,189,819,105,3360,7.86,1.19,0.44,0.245,4,mens_version:5|skin_tone:4,okay but the fit,40.0,193,13
17981389013501006,reel,27,2026-06-01,11:20,Mon,11,#ad my honest thoughts on this new launch. 🔥 😂,46,2,8,#skincare #stylediaries #groomingtips #weddingoutfit #fashionreels #budgetfashion #haircare #grwm,1,89522,13327,14.9,29013,695,47,35,18,217,10,795,5.97,0.26,0.14,0.075,11,mens_version:5|ad_callout:16,obsessed 😍,40.4,193,13
17982265464406734,story,27,2026-06-01,13:18,Mon,13,this or that: saree or lehenga,30,0,0,none,1,89417,5068,5.7,6272,0,51,0,15,50,5,66,1.3,0.0,0.3,0.099,0,none,none,0.0,193,13
17994804269046094,carousel,27,2026-06-01,17:30,Mon,17,what to wear to a day wedding vs night wedding. 😂,49,1,8,#haircare #skincare #stylediaries #fashionreels #budgetfashion #styletips #indianfashion #grwm,10,89532,19326,21.6,30374,1188,47,274,120,391,75,1629,8.43,1.42,0.62,0.388,4,mens_version:5|skin_tone:5,need this in my life,27.7,193,13
17936497110618589,story,27,2026-06-01,17:43,Mon,17,quiz: guess the price of this look,34,0,0,none,1,89417,4734,5.3,5163,0,55,0,14,47,4,69,1.46,0.0,0.3,0.084,0,none,none,0.0,193,13
17962633947157060,carousel,27,2026-06-02,11:40,Tue,11,lehenga styling for the budget bride's sister.,46,0,5,#ootd #fashionreels #haircare #styletips #budgetfashion,5,89624,21079,23.5,26553,1362,43,251,174,354,60,1830,8.68,1.19,0.83,0.285,2,mens_version:5|skin_tone:5,need this in my life,32.6,168,19
17919079237690175,story,27,2026-06-02,13:42,Tue,13,poll: outfit a or b?,20,0,0,none,1,89624,4855,5.4,5307,0,57,0,14,48,4,71,1.46,0.0,0.29,0.082,0,none,none,0.0,168,19
17906445368154326,carousel,27,2026-06-02,18:20,Tue,18,"grwm: 5-minute morning routine, no filter.",42,0,2,#skincare #fashionindia,5,89684,33165,37.0,41807,2015,68,283,134,673,118,2500,7.54,0.85,0.4,0.356,5,link_request:10|mens_version:7,your style is everything,46.7,168,19
17910405904200854,story,27,2026-06-02,22:37,Tue,22,poll: outfit a or b?,20,0,0,none,1,89624,5298,5.9,5808,0,13,0,15,52,5,28,0.53,0.0,0.28,0.094,0,none,none,0.0,168,19
17912624874155284,story,27,2026-06-03,09:02,Wed,9,this or that: saree or lehenga,30,0,0,none,1,89792,3851,4.3,4982,0,8,0,11,38,3,19,0.49,0.0,0.29,0.078,0,none,none,0.0,86,10
17982315173985307,story,27,2026-06-03,10:01,Wed,10,bts of today's shoot,20,0,0,none,1,89792,4454,5.0,5237,0,10,0,13,44,4,23,0.52,0.0,0.29,0.09,0,none,none,0.0,86,10
17930752284923848,image,27,2026-06-03,15:50,Wed,15,"grwm: 5-minute morning routine, no filter. 💯",44,1,12,#weddingoutfit #skincare #fashionreels #haircare #styletips #fashionindia #ootd #budgetfashion #grwm #groomingtips #indianfashion #stylediaries,1,89792,14548,16.2,19638,864,44,91,62,218,35,1061,7.29,0.63,0.43,0.241,2,link_request:5|mens_version:1,love love love,36.4,86,10
17971269152160873,story,27,2026-06-03,17:33,Wed,17,bts of today's shoot,20,0,0,none,1,89792,5304,5.9,6269,0,34,0,15,53,5,49,0.92,0.0,0.28,0.094,0,none,none,0.0,86,10
17907985983506315,carousel,27,2026-06-03,21:20,Wed,21,today's fit. 😂,14,1,0,none,8,89827,26815,29.9,34789,1802,84,169,67,467,49,2122,7.91,0.63,0.25,0.183,0,link_request:4|mens_version:2,love love love,25.0,86,10
17906686569088003,reel,27,2026-06-04,09:30,Thu,9,grwm for my cousin's sangeet.,29,0,2,#budgetfashion #styletips,1,89875,27856,31.0,72632,1820,103,198,127,520,79,2248,8.07,0.71,0.46,0.284,4,link_request:10|mens_version:7,your voice is so calming,41.7,75,14
17965790292291141,story,27,2026-06-04,09:58,Thu,9,quiz: guess the price of this look,34,0,0,none,1,89875,3770,4.2,4794,0,12,0,11,37,3,23,0.61,0.0,0.29,0.08,0,none,none,0.0,75,14
17959425116251921,story,27,2026-06-04,10:46,Thu,10,link sticker: today's outfit,28,0,0,none,1,89875,7033,7.8,8945,0,81,0,21,70,7,102,1.45,0.0,0.3,0.1,0,none,none,0.0,75,14
17905686201934625,story,27,2026-06-05,09:17,Fri,9,poll: outfit a or b?,20,0,0,none,1,89958,6502,7.2,6997,0,17,0,19,65,6,36,0.55,0.0,0.29,0.092,0,none,none,0.0,351,15
17989750089129293,image,27,2026-06-05,15:10,Fri,15,#ad partnered with a brand i actually use. 🫶,44,1,2,#skincare #ootd,1,89958,4498,5.0,5545,261,10,15,5,66,3,291,6.47,0.33,0.11,0.067,1,mens_version:1|ad_callout:2,need this in my life,50.0,351,15
17966486409327822,carousel,27,2026-06-05,20:50,Fri,20,"luxury bag vs ₹1,200 dupe. can you tell?",40,0,2,#skincare #haircare,8,89961,68072,75.7,96537,4331,237,1402,591,1253,269,6561,9.64,2.06,0.87,0.395,4,link_request:9|mens_version:2,your style is everything,41.7,351,15
17999111295959785,reel,27,2026-06-05,21:30,Fri,21,"one saree, four drapes. ✨",25,1,2,#budgetfashion #styletips,1,90230,33279,36.9,69594,2273,147,578,192,562,82,3190,9.59,1.74,0.58,0.246,7,link_request:8|mens_version:4|skin_tone:4,link??,36.7,351,15
17904834649858136,story,27,2026-06-05,22:55,Fri,22,poll: outfit a or b?,20,0,0,none,1,89958,6269,7.0,6740,0,43,0,18,62,6,61,0.97,0.0,0.29,0.096,0,none,none,0.0,351,15
17929771351212303,image,27,2026-06-06,15:40,Sat,15,"the ₹8,000 look for under ₹999. every piece linked. 😭",53,1,8,#grwm #styletips #fashionindia #stylediaries #groomingtips #ootd #weddingoutfit #indianfashion,1,90315,19411,21.5,25449,1054,52,295,139,335,62,1540,7.93,1.52,0.72,0.319,5,link_request:8|mens_version:3,adding to cart rn,40.4,141,16
17982756185899160,story,27,2026-06-06,17:18,Sat,17,this or that: saree or lehenga,30,0,0,none,1,90315,6484,7.2,7562,0,58,0,19,64,6,77,1.19,0.0,0.29,0.093,0,none,none,0.0,141,16
17927270911608156,image,27,2026-06-06,18:40,Sat,18,the hair mask i make from my kitchen. 💀 😂,41,2,0,none,1,90377,40807,45.2,50279,2638,150,586,156,686,84,3530,8.65,1.44,0.38,0.206,0,mens_version:1,need this in my life,40.0,141,16
17985938646912766,story,27,2026-06-06,20:29,Sat,20,this or that: saree or lehenga,30,0,0,none,1,90315,5349,5.9,6589,0,11,0,16,53,5,27,0.5,0.0,0.3,0.093,0,none,none,0.0,141,16
17900628597567049,story,27,2026-06-07,10:44,Sun,10,this or that: saree or lehenga,30,0,0,none,1,90473,6708,7.4,7649,0,40,0,20,67,6,60,0.89,0.0,0.3,0.089,0,none,none,0.0,211,7
17952122715267537,reel,27,2026-06-07,15:20,Sun,15,the hair mask i make from my kitchen.,37,0,10,#haircare #indianfashion #grwm #groomingtips #budgetfashion #styletips #stylediaries #ootd #skincare #weddingoutfit,1,90473,41833,46.2,110394,2704,153,645,232,601,80,3734,8.93,1.54,0.55,0.191,0,mens_version:8,your style is everything,28.3,211,7
17911782203597758,carousel,27,2026-06-07,18:30,Sun,18,stop tucking your kurta like that. try this. 🫶 👀,48,2,3,#fashionindia #budgetfashion #ootd,4,90553,39537,43.7,56782,2125,113,517,196,671,121,2951,7.46,1.31,0.5,0.306,9,link_request:13|mens_version:7|skin_tone:5,need this in my life,41.7,211,7
17968094983028895,story,27,2026-06-07,20:30,Sun,20,bts of today's shoot,20,0,0,none,1,90473,5554,6.1,5884,0,30,0,16,55,5,46,0.83,0.0,0.29,0.09,0,none,none,0.0,211,7
17981682810484041,story,27,2026-06-07,20:30,Sun,20,link sticker: today's outfit,28,0,0,none,1,90473,6893,7.6,7703,0,81,0,20,68,6,101,1.47,0.0,0.29,0.087,0,none,none,0.0,211,7
17920234810824915,story,28,2026-06-08,09:00,Mon,9,link sticker: today's outfit,28,0,0,none,1,90677,6039,6.7,6600,0,38,0,18,60,6,56,0.93,0.0,0.3,0.099,0,none,none,0.0,492,14
17908975079670121,story,28,2026-06-08,09:31,Mon,9,poll: outfit a or b?,20,0,0,none,1,90677,6336,7.0,8213,0,74,0,19,63,6,93,1.47,0.0,0.3,0.095,0,none,none,0.0,492,14
17976475263215486,reel,28,2026-06-08,13:20,Mon,13,stop tucking your kurta like that. try this.,44,0,2,#haircare #styletips,1,90677,28210,31.1,55274,1789,106,453,180,430,81,2528,8.96,1.61,0.64,0.287,5,link_request:5|mens_version:7|skin_tone:5,you look stunning,33.3,492,14
17967145456844295,story,28,2026-06-08,17:33,Mon,17,link sticker: today's outfit,28,0,0,none,1,90677,6433,7.1,8078,0,32,0,19,64,6,51,0.79,0.0,0.3,0.093,0,none,none,0.0,492,14
17951001132166804,carousel,28,2026-06-08,18:00,Mon,18,lehenga styling for the budget bride's sister.,46,0,3,#stylediaries #budgetfashion #indianfashion,7,90758,40768,44.9,53585,2196,127,497,227,612,107,3047,7.47,1.22,0.56,0.262,2,mens_version:6|skin_tone:4,you look stunning,25.0,492,14
17980826682170890,reel,28,2026-06-08,19:50,Mon,19,"the linen set everyone wants, for ₹799.",39,0,10,#budgetfashion #fashionreels #haircare #ootd #fashionindia #stylediaries #indianfashion #groomingtips #weddingoutfit #grwm,1,90865,93049,102.4,172353,4951,160,1406,557,1628,287,7074,7.6,1.51,0.6,0.308,3,link_request:10|mens_version:4,link pls 🙏,30.0,492,14
17928708075301274,story,28,2026-06-08,20:39,Mon,20,this or that: saree or lehenga,30,0,0,none,1,90677,6198,6.8,7054,0,65,0,18,61,6,83,1.34,0.0,0.29,0.097,0,none,none,0.0,492,14
17997438188267897,story,28,2026-06-08,20:53,Mon,20,question box: styling questions,31,0,0,none,1,90677,7101,7.8,7877,0,43,0,21,71,7,64,0.9,0.0,0.3,0.099,43,none,none,0.0,492,14
17931696211949727,story,28,2026-06-09,09:32,Tue,9,quiz: guess the price of this look,34,0,0,none,1,91166,5287,5.8,6853,0,52,0,15,52,5,67,1.27,0.0,0.28,0.095,0,none,none,0.0,154,9
17970864461367137,carousel,28,2026-06-09,20:30,Tue,20,grwm for my cousin's sangeet. 🙌 😍,33,2,5,#skincare #grwm #stylediaries #fashionindia #styletips,4,91166,47436,52.0,66002,3232,106,423,216,955,158,3977,8.38,0.89,0.46,0.333,4,link_request:8|mens_version:7,obsessed 😍,31.7,154,9
17907015931202274,reel,28,2026-06-10,20:50,Wed,20,fit check before the meeting. 😂,31,1,8,#indianfashion #skincare #groomingtips #budgetfashion #fashionindia #ootd #fashionreels #weddingoutfit,1,91321,67634,74.1,138885,4302,261,311,161,1114,104,5035,7.44,0.46,0.24,0.154,6,link_request:9|mens_version:3,can you do husband styling next,35.0,88,16
17987964306801749,carousel,28,2026-06-11,09:20,Thu,9,"5 festive looks under ₹1,500. 💯 😍",33,2,8,#grwm #budgetfashion #fashionindia #ootd #skincare #stylediaries #groomingtips #weddingoutfit,10,91436,36358,39.8,52700,2284,125,637,284,643,131,3330,9.16,1.75,0.78,0.36,4,link_request:10|mens_version:4,can't tell the difference,36.7,659,15
17991697698460785,reel,28,2026-06-11,18:10,Thu,18,fit check before the meeting. ✨,31,1,8,#budgetfashion #fashionindia #weddingoutfit #fashionreels #ootd #skincare #grwm #stylediaries,1,91567,58643,64.0,160853,3862,197,367,136,931,100,4562,7.78,0.63,0.23,0.171,4,link_request:6|mens_version:2,where is this from?,38.3,659,15
17977608524463409,reel,28,2026-06-11,20:40,Thu,20,high street dupes that fooled my sister.,40,0,3,#indianfashion #ootd #budgetfashion,1,91667,114696,125.1,255048,7541,257,1923,796,1984,443,10517,9.17,1.68,0.69,0.386,6,link_request:7|mens_version:4,need this in my life,40.0,659,15
17903858897453026,reel,28,2026-06-12,09:30,Fri,9,grwm for my cousin's sangeet.,29,0,3,#skincare #weddingoutfit #fashionreels,1,92117,33833,36.7,85408,2084,120,201,178,511,74,2583,7.63,0.59,0.53,0.219,3,link_request:6|mens_version:5,love these videos,35.0,229,16
17997795514952740,story,28,2026-06-12,17:14,Fri,17,link sticker: today's outfit,28,0,0,none,1,92117,4557,4.9,5486,0,38,0,13,45,4,51,1.12,0.0,0.29,0.088,0,none,none,0.0,229,16
17973365620413719,story,28,2026-06-12,17:15,Fri,17,question box: styling questions,31,0,0,none,1,92117,6507,7.1,8405,0,61,0,19,65,6,80,1.23,0.0,0.29,0.092,61,none,none,0.0,229,16
17916742758394151,reel,28,2026-06-12,19:40,Fri,19,"grwm: 5-minute morning routine, no filter. 👀 😭 🫶 ✨",50,4,3,#haircare #skincare #ootd,1,92191,47587,51.6,106568,2958,206,309,210,896,158,3683,7.74,0.65,0.44,0.332,4,link_request:8|mens_version:3,okay but the fit,45.0,229,16
17911164323527057,story,28,2026-06-12,20:04,Fri,20,link sticker: today's outfit,28,0,0,none,1,92117,3965,4.3,4646,0,31,0,11,39,3,42,1.06,0.0,0.28,0.076,0,none,none,0.0,229,16
17906773418055038,story,28,2026-06-13,10:57,Sat,10,quiz: guess the price of this look,34,0,0,none,1,92352,5732,6.2,6954,0,12,0,17,57,5,29,0.51,0.0,0.3,0.087,0,none,none,0.0,203,7
17969308811992911,reel,28,2026-06-13,13:30,Sat,13,#ad my honest thoughts on this new launch.,42,0,8,#fashionindia #groomingtips #budgetfashion #stylediaries #fashionreels #indianfashion #weddingoutfit #ootd,1,92352,22598,24.5,62323,1394,70,74,35,458,23,1573,6.96,0.33,0.15,0.102,18,mens_version:3|ad_callout:28,okay but the fit,45.0,203,7
17999734656945140,reel,28,2026-06-13,18:00,Sat,18,what to wear to a day wedding vs night wedding.,47,0,8,#grwm #stylediaries #haircare #fashionindia #skincare #indianfashion #budgetfashion #styletips,1,92375,35895,38.9,72580,2063,92,426,185,544,109,2766,7.71,1.19,0.52,0.304,2,mens_version:8|skin_tone:4,saving this,45.0,203,7
17928325605539774,carousel,28,2026-06-13,20:20,Sat,20,ootd: linen and loafers. 🙌,26,1,2,#groomingtips #indianfashion,6,92484,47734,51.6,76329,2681,179,183,111,730,67,3154,6.61,0.38,0.23,0.14,5,link_request:10|mens_version:3,okay but the fit,28.3,203,7
17949133828866292,story,28,2026-06-13,20:43,Sat,20,link sticker: today's outfit,28,0,0,none,1,92352,6835,7.4,7599,0,44,0,20,68,6,64,0.94,0.0,0.29,0.088,0,none,none,0.0,203,7
17933253916842958,story,28,2026-06-14,10:38,Sun,10,link sticker: today's outfit,28,0,0,none,1,92571,6926,7.5,8836,0,29,0,20,69,6,49,0.71,0.0,0.29,0.087,0,none,none,0.0,327,22
17944816311738098,reel,28,2026-06-14,15:40,Sun,15,#ad loving this new serum from my partners. 🙌 😭 👀 🔥,51,4,0,none,1,92571,16452,17.8,30219,948,52,41,18,236,13,1059,6.44,0.25,0.11,0.079,9,mens_version:3|ad_callout:15,saving this,38.5,327,22
17931294542434905,reel,28,2026-06-14,20:40,Sun,20,"grwm for a first date. yes, really.",35,0,3,#stylediaries #grwm #ootd,1,92584,68106,73.6,144428,3524,108,456,299,992,164,4387,6.44,0.67,0.44,0.241,4,link_request:8|mens_version:3,saving this,41.7,327,22
17994177319043405,story,28,2026-06-14,20:42,Sun,20,bts of today's shoot,20,0,0,none,1,92571,5298,5.7,6490,0,52,0,15,52,5,67,1.26,0.0,0.28,0.094,0,none,none,0.0,327,22
17978685389005863,reel,28,2026-06-14,21:10,Sun,21,the hair mask i make from my kitchen.,37,0,5,#budgetfashion #weddingoutfit #styletips #grwm #groomingtips,1,92748,63682,68.7,168341,4168,250,728,356,1180,156,5502,8.64,1.14,0.56,0.245,0,mens_version:5,need this in my life,23.3,327,22
17943279623582535,story,28,2026-06-14,22:10,Sun,22,this or that: saree or lehenga,30,0,0,none,1,92571,5598,6.0,6777,0,56,0,16,55,5,72,1.29,0.0,0.29,0.089,0,none,none,0.0,327,22
17923598880987226,story,29,2026-06-15,09:39,Mon,9,poll: outfit a or b?,20,0,0,none,1,92896,7163,7.7,8762,0,26,0,21,71,7,47,0.66,0.0,0.29,0.098,0,none,none,0.0,-14,32
17938892172143027,image,29,2026-06-15,15:30,Mon,15,#ad my honest thoughts on this new launch. 💯,44,1,10,#styletips #indianfashion #fashionreels #budgetfashion #groomingtips #skincare #weddingoutfit #ootd #grwm #haircare,1,92896,4353,4.7,6540,288,17,13,6,75,3,324,7.44,0.3,0.14,0.069,4,mens_version:1|ad_callout:7,my boyfriend needs this,52.9,-14,32
17957218768711093,story,29,2026-06-15,17:15,Mon,17,link sticker: today's outfit,28,0,0,none,1,92896,4893,5.3,5377,0,28,0,14,48,4,42,0.86,0.0,0.29,0.082,0,none,none,0.0,-14,32
17904746282410938,story,29,2026-06-15,22:03,Mon,22,poll: outfit a or b?,20,0,0,none,1,92896,4070,4.4,5057,0,10,0,12,40,4,22,0.54,0.0,0.29,0.098,0,none,none,0.0,-14,32
17995944601362330,story,29,2026-06-16,13:05,Tue,13,question box: styling questions,31,0,0,none,1,92872,4020,4.3,4304,0,17,0,12,40,4,29,0.72,0.0,0.3,0.1,17,none,none,0.0,115,31
17983806212415535,story,29,2026-06-16,17:56,Tue,17,question box: styling questions,31,0,0,none,1,92872,7253,7.8,9378,0,54,0,21,72,7,75,1.03,0.0,0.29,0.097,54,none,none,0.0,115,31
17924907448216492,story,29,2026-06-16,20:07,Tue,20,question box: styling questions,31,0,0,none,1,92872,6128,6.6,7574,0,50,0,18,61,6,68,1.11,0.0,0.29,0.098,50,none,none,0.0,115,31
17932239975992862,carousel,29,2026-06-16,20:10,Tue,20,"grwm for a first date. yes, really. 👀",37,1,2,#weddingoutfit #stylediaries,7,92872,52042,56.0,71847,3458,194,466,262,837,129,4380,8.42,0.9,0.5,0.248,4,link_request:8|mens_version:5,okay but the fit,33.3,115,31
17952171292147758,reel,29,2026-06-17,20:20,Wed,20,how to look taller in ethnic wear. 😍 💯,38,2,0,none,1,92979,78157,84.1,147800,4016,131,990,377,1493,263,5514,7.06,1.27,0.48,0.337,5,link_request:8|mens_version:3|skin_tone:4,do a grooming routine for guys,33.3,249,14
17999642701002839,story,29,2026-06-18,17:00,Thu,17,link sticker: today's outfit,28,0,0,none,1,93236,5899,6.3,6892,0,42,0,17,58,5,59,1.0,0.0,0.29,0.085,0,none,none,0.0,242,15
17987389347839804,reel,29,2026-06-18,20:50,Thu,20,high street dupes that fooled my sister. ✨ 💀,44,2,3,#styletips #skincare #ootd,1,93236,106224,113.9,257362,7170,315,2291,882,1449,252,10658,10.03,2.16,0.83,0.237,1,link_request:4|mens_version:5,your style is everything,25.0,242,15
17964031218387956,story,29,2026-06-19,10:31,Fri,10,question box: styling questions,31,0,0,none,1,93503,5156,5.5,6330,0,52,0,15,51,5,67,1.3,0.0,0.29,0.097,52,none,none,0.0,202,10
17918657327811398,reel,29,2026-06-19,11:40,Fri,11,"grwm: 5-minute morning routine, no filter. 😂 ✨",46,2,2,#styletips #stylediaries,1,93503,49935,53.4,94488,3171,131,339,237,823,139,3878,7.77,0.68,0.47,0.278,5,link_request:7|mens_version:3,love these videos,40.0,202,10
17909953767641757,image,29,2026-06-19,18:10,Fri,18,"wedding guest outfits, ranked by comfort. 💯 😂",45,2,5,#styletips #weddingoutfit #fashionindia #grwm #fashionreels,1,93642,17963,19.2,28624,1183,46,272,130,359,68,1631,9.08,1.51,0.72,0.379,1,mens_version:3|skin_tone:3,love love love,32.6,202,10
17987175472422957,image,29,2026-06-20,15:30,Sat,15,how to look taller in ethnic wear.,34,0,5,#skincare #stylediaries #grwm #fashionindia #weddingoutfit,1,93721,13215,14.1,19177,802,52,171,79,266,43,1104,8.35,1.29,0.6,0.325,4,link_request:5|mens_version:2|skin_tone:2,do a grooming routine for guys,38.5,74,13
17982903976757745,reel,29,2026-06-20,20:40,Sat,20,monochrome monday. 😍 😂 🫶 🔥,26,4,5,#budgetfashion #grwm #groomingtips #stylediaries #fashionindia,1,93764,25024,26.7,66028,1290,39,107,60,442,44,1496,5.98,0.43,0.24,0.176,1,link_request:6|mens_version:2,obsessed 😍,35.9,74,13
17997237799236798,story,29,2026-06-21,09:52,Sun,9,this or that: saree or lehenga,30,0,0,none,1,93822,7137,7.6,9154,0,19,0,21,71,7,40,0.56,0.0,0.29,0.098,0,none,none,0.0,271,14
17968110100164284,story,29,2026-06-21,10:28,Sun,10,link sticker: today's outfit,28,0,0,none,1,93822,4271,4.6,4504,0,9,0,12,42,4,21,0.49,0.0,0.28,0.094,0,none,none,0.0,271,14
17907520870645371,reel,29,2026-06-21,13:50,Sun,13,today's fit. 😂 🙌 🫶 🔥 ✨ 💯,24,6,3,#ootd #haircare #fashionreels,1,93822,34025,36.3,76480,1754,100,164,66,636,57,2084,6.12,0.48,0.19,0.168,2,link_request:6|mens_version:6,saving this,33.3,271,14
17908179643776324,story,29,2026-06-21,17:50,Sun,17,question box: styling questions,31,0,0,none,1,93822,4698,5.0,5298,0,28,0,14,46,4,42,0.89,0.0,0.3,0.085,28,none,none,0.0,271,14
17926731342353804,reel,29,2026-06-21,20:10,Sun,20,get ready with me: office to dinner in 10 minutes.,50,0,8,#haircare #indianfashion #skincare #styletips #ootd #groomingtips #weddingoutfit #budgetfashion,1,93879,66494,70.8,161060,4319,294,447,285,1324,204,5345,8.04,0.67,0.43,0.307,5,link_request:8|mens_version:3,do more grwm pls,36.7,271,14
17949551700181259,story,29,2026-06-21,20:54,Sun,20,link sticker: today's outfit,28,0,0,none,1,93822,4499,4.8,5447,0,19,0,13,44,4,32,0.71,0.0,0.29,0.089,0,none,none,0.0,271,14
17907977454310945,story,29,2026-06-21,22:00,Sun,22,question box: styling questions,31,0,0,none,1,93822,5923,6.3,6866,0,46,0,17,59,5,63,1.06,0.0,0.29,0.084,46,none,none,0.0,271,14
17997849018326678,image,30,2026-06-22,09:00,Mon,9,what to wear to a day wedding vs night wedding. 😭 😍,51,2,8,#fashionreels #styletips #groomingtips #grwm #weddingoutfit #ootd #budgetfashion #haircare,1,94096,10638,11.3,14533,684,41,136,67,165,31,928,8.72,1.28,0.63,0.291,7,mens_version:6|skin_tone:7,obsessed 😍,26.8,99,15
17966384587166447,story,30,2026-06-22,09:44,Mon,9,link sticker: today's outfit,28,0,0,none,1,94096,6599,7.0,7860,0,76,0,19,65,6,95,1.44,0.0,0.29,0.091,0,none,none,0.0,99,15
17981209772511401,story,30,2026-06-22,10:35,Mon,10,bts of today's shoot,20,0,0,none,1,94096,6790,7.2,7385,0,34,0,20,67,6,54,0.8,0.0,0.29,0.088,0,none,none,0.0,99,15
17914212832943151,reel,30,2026-06-22,15:20,Mon,15,"one saree, four drapes. 😍 👀",27,2,10,#haircare #stylediaries #skincare #fashionreels #budgetfashion #indianfashion #weddingoutfit #groomingtips #styletips #grwm,1,94127,19955,21.2,38273,1231,71,360,97,320,59,1759,8.81,1.8,0.49,0.296,8,link_request:10|mens_version:4|skin_tone:6,obsessed 😍,28.3,99,15
17927794049268006,story,30,2026-06-22,17:43,Mon,17,bts of today's shoot,20,0,0,none,1,94096,7318,7.8,7798,0,76,0,21,73,7,97,1.33,0.0,0.29,0.096,0,none,none,0.0,99,15
17905495529289922,story,30,2026-06-22,20:01,Mon,20,link sticker: today's outfit,28,0,0,none,1,94096,5134,5.5,6158,0,10,0,15,51,5,25,0.49,0.0,0.29,0.097,0,none,none,0.0,99,15
17991417575505712,story,30,2026-06-23,09:04,Tue,9,quiz: guess the price of this look,34,0,0,none,1,94176,6027,6.4,6735,0,70,0,18,60,6,88,1.46,0.0,0.3,0.1,0,none,none,0.0,158,10
17921981308333845,carousel,30,2026-06-23,18:40,Tue,18,#ad loving this new serum from my partners. 😭 🔥 😍 ✨,51,4,8,#grwm #groomingtips #skincare #weddingoutfit #fashionindia #fashionreels #indianfashion #haircare,7,94176,23660,25.1,35473,1248,80,56,27,481,25,1411,5.96,0.24,0.11,0.106,15,mens_version:1|ad_callout:23,ad again?,36.7,158,10
17918589956318952,reel,30,2026-06-23,20:50,Tue,20,how to look taller in ethnic wear. 🙌,36,1,8,#fashionindia #grwm #styletips #haircare #skincare #fashionreels #weddingoutfit #groomingtips,1,94201,39682,42.1,109850,2339,107,694,216,793,137,3356,8.46,1.75,0.54,0.345,4,link_request:5|mens_version:9|skin_tone:4,link??,31.7,158,10
17948477867550783,story,30,2026-06-24,10:56,Wed,10,this or that: saree or lehenga,30,0,0,none,1,94347,5291,5.6,5819,0,25,0,15,52,5,40,0.76,0.0,0.28,0.095,0,none,none,0.0,102,31
17993083655252581,carousel,30,2026-06-24,17:50,Wed,17,what to wear to a day wedding vs night wedding. 🙌 🫶,51,2,5,#ootd #grwm #budgetfashion #fashionreels #indianfashion,3,94347,17343,18.4,24073,956,62,186,120,331,58,1324,7.63,1.07,0.69,0.334,1,mens_version:7|skin_tone:2,okay but the fit,36.7,102,31
17901312106411632,carousel,30,2026-06-24,19:10,Wed,19,today's fit. 🫶,14,1,5,#stylediaries #styletips #grwm #indianfashion #groomingtips,3,94405,36222,38.4,51038,1998,91,185,75,677,70,2349,6.49,0.51,0.21,0.193,4,link_request:6|mens_version:5,okay but the fit,41.7,102,31
17930142172443446,story,30,2026-06-25,09:43,Thu,9,link sticker: today's outfit,28,0,0,none,1,94465,4599,4.9,5534,0,15,0,13,45,4,28,0.61,0.0,0.28,0.087,0,none,none,0.0,257,10
17968743039088674,story,30,2026-06-25,09:49,Thu,9,link sticker: today's outfit,28,0,0,none,1,94465,6495,6.9,8035,0,57,0,19,64,6,76,1.17,0.0,0.29,0.092,0,none,none,0.0,257,10
17924286687895784,story,30,2026-06-25,09:54,Thu,9,link sticker: today's outfit,28,0,0,none,1,94465,5954,6.3,7414,0,61,0,17,59,5,78,1.31,0.0,0.29,0.084,0,none,none,0.0,257,10
17969057098664306,reel,30,2026-06-25,20:20,Thu,20,"luxury bag vs ₹1,200 dupe. can you tell? 😂 🔥 😭 👀",48,4,2,#styletips #skincare,1,94465,53771,56.9,112819,3551,143,949,453,761,151,5096,9.48,1.76,0.84,0.281,6,link_request:13|mens_version:1,okay but the fit,48.3,257,10
17969241272359429,story,30,2026-06-25,20:47,Thu,20,question box: styling questions,31,0,0,none,1,94465,7178,7.6,8218,0,47,0,21,71,7,68,0.95,0.0,0.29,0.098,47,none,none,0.0,257,10
17945757771999391,reel,30,2026-06-25,21:40,Thu,21,monochrome monday. 😍 🔥 🫶 💀,26,4,5,#skincare #haircare #weddingoutfit #stylediaries #styletips,1,94616,53666,56.7,140578,3491,179,288,127,954,94,4085,7.61,0.54,0.24,0.175,7,link_request:11|mens_version:4,love love love,35.0,257,10
17933397841634985,carousel,30,2026-06-26,20:30,Fri,20,heatless curls that last all day. 🔥 😂,37,2,5,#weddingoutfit #skincare #fashionindia #groomingtips #budgetfashion,7,94723,105426,111.3,147371,6717,302,1163,539,1667,216,8721,8.27,1.1,0.51,0.205,0,mens_version:6,obsessed 😍,35.0,209,7
17993709778327770,story,30,2026-06-27,13:37,Sat,13,this or that: saree or lehenga,30,0,0,none,1,94953,6619,7.0,7707,0,67,0,19,66,6,86,1.3,0.0,0.29,0.091,0,none,none,0.0,62,10
17967672198844593,carousel,30,2026-06-27,15:00,Sat,15,the hair mask i make from my kitchen. 🙌,39,1,3,#styletips #skincare #weddingoutfit,9,94953,23816,25.1,33552,1560,98,317,128,438,66,2103,8.83,1.33,0.54,0.277,0,mens_version:4,you look stunning,40.0,62,10
17958990784672927,carousel,30,2026-06-28,17:40,Sun,17,today's fit.,12,0,3,#stylediaries #grwm #styletips,8,95021,38756,40.8,48272,2443,122,212,94,624,74,2871,7.41,0.55,0.24,0.191,5,link_request:8|mens_version:5,you look stunning,26.7,60,14
17943596449420215,story,31,2026-06-29,09:05,Mon,9,this or that: saree or lehenga,30,0,0,none,1,95101,3872,4.1,4231,0,26,0,11,38,3,37,0.96,0.0,0.28,0.077,0,none,none,0.0,226,14
17930152533288586,story,31,2026-06-29,10:30,Mon,10,bts of today's shoot,20,0,0,none,1,95101,6048,6.4,6641,0,56,0,18,60,6,74,1.22,0.0,0.3,0.099,0,none,none,0.0,226,14
17936268627727042,reel,31,2026-06-29,17:50,Mon,17,monochrome monday. 👀,20,1,5,#haircare #fashionreels #grwm #indianfashion #ootd,1,95101,26124,27.5,60368,1513,69,104,75,519,48,1761,6.74,0.4,0.29,0.184,2,link_request:7|mens_version:5,need the link,48.3,226,14
17911782187396992,reel,31,2026-06-29,18:50,Mon,18,5 mehendi looks that aren't yellow.,35,0,5,#budgetfashion #weddingoutfit #fashionreels #grwm #groomingtips,1,95149,53577,56.3,113584,3179,128,620,393,1004,178,4320,8.06,1.16,0.73,0.332,1,mens_version:6|skin_tone:5,okay but the fit,30.0,226,14
17951657190936297,story,31,2026-06-29,22:11,Mon,22,quiz: guess the price of this look,34,0,0,none,1,95101,5619,5.9,7119,0,35,0,16,56,5,51,0.91,0.0,0.28,0.089,0,none,none,0.0,226,14
17911947493265566,reel,31,2026-06-30,13:10,Tue,13,monochrome monday. 🔥,20,1,5,#stylediaries #styletips #fashionindia #indianfashion #ootd,1,95343,42734,44.8,97580,2460,150,181,93,703,71,2884,6.75,0.42,0.22,0.166,6,link_request:6|mens_version:6,love love love,30.0,264,15
17918454482052843,reel,31,2026-06-30,15:30,Tue,15,the color combos that always work.,34,0,0,none,1,95414,37197,39.0,83045,2398,159,673,181,598,86,3411,9.17,1.81,0.49,0.231,4,link_request:7|mens_version:6|skin_tone:1,your style is everything,26.7,264,15
17914178404346013,reel,31,2026-06-30,21:00,Tue,21,"grwm: 5-minute morning routine, no filter.",42,0,5,#fashionindia #stylediaries #ootd #weddingoutfit #grwm,1,95500,35889,37.6,75670,1996,126,249,139,671,122,2510,6.99,0.69,0.39,0.34,3,link_request:8|mens_version:5,need the link,31.7,264,15
17951214567836925,story,31,2026-07-01,13:03,Wed,13,question box: styling questions,31,0,0,none,1,95636,4193,4.4,5125,0,35,0,12,41,4,47,1.12,0.0,0.29,0.095,35,none,none,0.0,28,7
17935897866313392,carousel,31,2026-07-01,13:40,Wed,13,ootd: linen and loafers. 💀,26,1,0,none,3,95636,17082,17.9,20766,1105,44,82,53,246,22,1284,7.52,0.48,0.31,0.129,5,link_request:5,you look stunning,34.1,28,7
17941464592168603,story,31,2026-07-01,17:25,Wed,17,poll: outfit a or b?,20,0,0,none,1,95636,6586,6.9,8141,0,42,0,19,65,6,61,0.93,0.0,0.29,0.091,0,none,none,0.0,28,7
17940151525261649,story,31,2026-07-01,20:20,Wed,20,quiz: guess the price of this look,34,0,0,none,1,95636,3962,4.1,4490,0,9,0,11,39,3,20,0.5,0.0,0.28,0.076,0,none,none,0.0,28,7
17924657841564088,carousel,31,2026-07-02,20:30,Thu,20,"the linen set everyone wants, for ₹799. 💀",41,1,10,#fashionreels #groomingtips #indianfashion #haircare #budgetfashion #styletips #ootd #stylediaries #grwm #fashionindia,3,95673,42746,44.7,56827,2914,140,816,352,715,139,4222,9.88,1.91,0.82,0.325,4,link_request:5|mens_version:2,saving this,36.7,136,10
17904286960393419,story,31,2026-07-02,22:02,Thu,22,quiz: guess the price of this look,34,0,0,none,1,95673,7513,7.9,9543,0,31,0,22,75,7,53,0.71,0.0,0.29,0.093,0,none,none,0.0,136,10
17982227659916874,reel,31,2026-07-03,11:30,Fri,11,lehenga styling for the budget bride's sister. 💀 🔥 👀 ✨,54,4,12,#grwm #skincare #groomingtips #budgetfashion #ootd #styletips #fashionindia #indianfashion #stylediaries #weddingoutfit #haircare #fashionreels,1,95815,15266,15.9,28300,780,26,148,90,241,43,1044,6.84,0.97,0.59,0.282,2,mens_version:2|skin_tone:4,need this in my life,26.9,337,15
17953438477993868,reel,31,2026-07-03,13:50,Fri,13,how to look taller in ethnic wear.,34,0,8,#groomingtips #fashionreels #haircare #ootd #budgetfashion #styletips #grwm #indianfashion,1,95858,27760,29.0,67483,1833,77,505,187,523,78,2602,9.37,1.82,0.67,0.281,8,link_request:9|mens_version:3|skin_tone:2,my boyfriend needs this,40.0,337,15
17945460385173852,carousel,31,2026-07-03,20:40,Fri,20,"the linen set everyone wants, for ₹799. 💀 💯",43,2,8,#indianfashion #skincare #styletips #fashionindia #ootd #groomingtips #fashionreels #budgetfashion,9,95936,53218,55.5,82624,3603,121,888,370,1062,231,4982,9.36,1.67,0.7,0.434,4,link_request:7|mens_version:5,love love love,41.7,337,15
17948837204469160,carousel,31,2026-07-04,17:30,Sat,17,the 3-product routine for oily skin. 👀,38,1,8,#ootd #stylediaries #fashionindia #budgetfashion #fashionreels #indianfashion #haircare #styletips,8,96177,43317,45.0,68646,2932,158,656,197,764,122,3943,9.1,1.51,0.45,0.282,1,mens_version:5|skin_tone:2,you look stunning,26.7,124,7
17915803585223270,story,31,2026-07-04,20:59,Sat,20,this or that: saree or lehenga,30,0,0,none,1,96177,3956,4.1,5046,0,20,0,11,39,3,31,0.78,0.0,0.28,0.076,0,none,none,0.0,124,7
17905785736402461,story,31,2026-07-04,22:38,Sat,22,question box: styling questions,31,0,0,none,1,96177,6753,7.0,7974,0,32,0,20,67,6,52,0.77,0.0,0.3,0.089,32,none,none,0.0,124,7
17926094635361778,carousel,31,2026-07-05,09:10,Sun,9,what actually helped my pigmentation. 🔥 👀 🙌 🫶,45,4,8,#skincare #stylediaries #indianfashion #styletips #grwm #ootd #groomingtips #weddingoutfit,7,96319,26526,27.5,36855,1635,101,321,112,532,71,2169,8.18,1.21,0.42,0.268,3,skin_tone:4,okay but the fit,43.3,256,12
17951242881670965,reel,31,2026-07-05,17:10,Sun,17,"wedding guest outfits, ranked by comfort.",41,0,5,#weddingoutfit #indianfashion #fashionindia #haircare #styletips,1,96390,56976,59.1,151391,3073,131,682,316,1085,197,4202,7.38,1.2,0.55,0.346,2,mens_version:5|skin_tone:3,you look stunning,30.0,256,12
17950114028432285,story,32,2026-07-06,10:13,Mon,10,this or that: saree or lehenga,30,0,0,none,1,96605,5304,5.5,5935,0,59,0,15,53,5,74,1.4,0.0,0.28,0.094,0,none,none,0.0,197,8
17905113840962508,story,32,2026-07-06,10:59,Mon,10,question box: styling questions,31,0,0,none,1,96605,7485,7.7,9036,0,30,0,22,74,7,52,0.69,0.0,0.29,0.094,30,none,none,0.0,197,8
17938185098478690,carousel,32,2026-07-06,11:10,Mon,11,"my night skincare routine, 4 steps only. 🫶",42,1,5,#stylediaries #styletips #indianfashion #haircare #skincare,4,96605,22189,23.0,32858,1258,67,325,94,433,64,1744,7.86,1.46,0.42,0.288,1,mens_version:6|skin_tone:1,obsessed 😍,40.0,197,8
17919961402632131,story,32,2026-07-06,13:49,Mon,13,bts of today's shoot,20,0,0,none,1,96605,7361,7.6,8888,0,65,0,22,73,7,87,1.18,0.0,0.3,0.095,0,none,none,0.0,197,8
17918939454454351,reel,32,2026-07-06,19:30,Mon,19,"my night skincare routine, 4 steps only. ✨ 💯 🔥 👀",48,4,8,#budgetfashion #haircare #indianfashion #fashionreels #fashionindia #weddingoutfit #grwm #groomingtips,1,96669,43239,44.7,96089,2529,144,596,221,843,122,3490,8.07,1.38,0.51,0.282,6,mens_version:2|skin_tone:7,saving this,33.3,197,8
17974753448150902,story,32,2026-07-07,09:05,Tue,9,bts of today's shoot,20,0,0,none,1,96796,6348,6.6,6746,0,49,0,19,63,6,68,1.07,0.0,0.3,0.095,0,none,none,0.0,198,12
17918372768536531,story,32,2026-07-07,09:43,Tue,9,link sticker: today's outfit,28,0,0,none,1,96796,6617,6.8,7650,0,63,0,19,66,6,82,1.24,0.0,0.29,0.091,0,none,none,0.0,198,12
17932773790897226,story,32,2026-07-07,09:47,Tue,9,quiz: guess the price of this look,34,0,0,none,1,96796,7537,7.8,9636,0,37,0,22,75,7,59,0.78,0.0,0.29,0.093,0,none,none,0.0,198,12
17983256906013911,story,32,2026-07-07,10:39,Tue,10,bts of today's shoot,20,0,0,none,1,96796,5109,5.3,5983,0,31,0,15,51,5,46,0.9,0.0,0.29,0.098,0,none,none,0.0,198,12
17935230595891593,carousel,32,2026-07-07,15:50,Tue,15,get ready with me: office to dinner in 10 minutes. 😍 💯 🔥 😂,58,4,8,#skincare #budgetfashion #fashionreels #ootd #indianfashion #fashionindia #groomingtips #weddingoutfit,4,96796,18219,18.8,22322,1249,43,141,83,347,53,1516,8.32,0.77,0.46,0.291,1,link_request:2|mens_version:3,my boyfriend needs this,27.9,198,12
17948565602758079,story,32,2026-07-07,17:00,Tue,17,link sticker: today's outfit,28,0,0,none,1,96796,6896,7.1,8921,0,37,0,20,68,6,57,0.83,0.0,0.29,0.087,0,none,none,0.0,198,12
17989842342838135,carousel,32,2026-07-07,20:40,Tue,20,high street dupes that fooled my sister. 😭 💀,44,2,5,#weddingoutfit #fashionindia #haircare #budgetfashion #fashionreels,5,96849,40170,41.5,57113,2406,137,771,317,643,127,3631,9.04,1.92,0.79,0.316,5,link_request:13|mens_version:8,need this in my life,28.3,198,12
17999570796483779,reel,32,2026-07-08,09:30,Wed,9,#ad loving this new serum from my partners. 🫶 🙌 ✨ 👀,51,4,2,#stylediaries #fashionindia,1,96973,13221,13.6,33645,805,47,37,17,243,14,906,6.85,0.28,0.13,0.106,12,mens_version:6|ad_callout:18,too many sponsored posts lately,34.0,11,7
17971902668286444,story,32,2026-07-08,22:45,Wed,22,quiz: guess the price of this look,34,0,0,none,1,96973,4213,4.3,5074,0,26,0,12,42,4,38,0.9,0.0,0.28,0.095,0,none,none,0.0,11,7
17914406736593528,story,32,2026-07-09,13:49,Thu,13,poll: outfit a or b?,20,0,0,none,1,97001,6705,6.9,7351,0,37,0,20,67,6,57,0.85,0.0,0.3,0.089,0,none,none,0.0,54,14
17964885030224790,image,32,2026-07-09,19:50,Thu,19,the color combos that always work. ✨,36,1,5,#styletips #ootd #budgetfashion #indianfashion #stylediaries,1,97001,23034,23.7,33488,1313,55,265,107,335,62,1740,7.55,1.15,0.46,0.269,10,link_request:8|mens_version:6|skin_tone:7,saving this,29.1,54,14
17904235990825268,reel,32,2026-07-10,18:20,Fri,18,monochrome monday. 🙌,20,1,2,#ootd #stylediaries,1,97068,43791,45.1,105346,2489,141,226,85,802,78,2941,6.72,0.52,0.19,0.178,7,link_request:10|mens_version:3,your style is everything,43.3,70,8
17944076331758587,story,32,2026-07-11,09:16,Sat,9,this or that: saree or lehenga,30,0,0,none,1,97160,7182,7.4,9322,0,67,0,21,71,7,88,1.23,0.0,0.29,0.097,0,none,none,0.0,308,14
17963899290167814,reel,32,2026-07-11,09:20,Sat,9,get ready with me: office to dinner in 10 minutes.,50,0,0,none,1,97160,100229,103.2,273842,6778,412,782,583,1590,297,8555,8.54,0.78,0.58,0.296,6,link_request:10|mens_version:7,link??,38.3,308,14
17952970682226350,story,32,2026-07-11,10:04,Sat,10,quiz: guess the price of this look,34,0,0,none,1,97160,7653,7.9,9893,0,61,0,22,76,7,83,1.08,0.0,0.29,0.091,0,none,none,0.0,308,14
17942245440415688,story,32,2026-07-11,10:53,Sat,10,bts of today's shoot,20,0,0,none,1,97160,6581,6.8,8265,0,38,0,19,65,6,57,0.87,0.0,0.29,0.091,0,none,none,0.0,308,14
17938532702868219,story,32,2026-07-11,22:54,Sat,22,quiz: guess the price of this look,34,0,0,none,1,97160,5808,6.0,7142,0,35,0,17,58,5,52,0.9,0.0,0.29,0.086,0,none,none,0.0,308,14
17927867605330364,reel,32,2026-07-12,11:10,Sun,11,#ad my honest thoughts on this new launch. 💯,44,1,5,#fashionindia #groomingtips #stylediaries #styletips #weddingoutfit,1,97449,32371,33.2,80627,2204,68,111,48,489,24,2431,7.51,0.34,0.15,0.074,9,mens_version:4|ad_callout:25,you look stunning,31.7,13,11
17978645137712365,reel,33,2026-07-13,13:50,Mon,13,fit check before the meeting. 💀,31,1,10,#grwm #fashionindia #fashionreels #skincare #indianfashion #weddingoutfit #stylediaries #budgetfashion #ootd #haircare,1,97480,20445,21.0,39644,1252,84,108,62,360,36,1506,7.37,0.53,0.3,0.176,5,link_request:9|mens_version:3,saving this,31.7,109,37
17915709342692011,story,33,2026-07-13,17:28,Mon,17,this or that: saree or lehenga,30,0,0,none,1,97480,6901,7.1,8417,0,23,0,20,69,6,43,0.62,0.0,0.29,0.087,0,none,none,0.0,109,37
17957489420706187,carousel,33,2026-07-13,20:50,Mon,20,"my night skincare routine, 4 steps only.",40,0,8,#haircare #weddingoutfit #indianfashion #fashionindia #stylediaries #styletips #skincare #budgetfashion,4,97516,49522,50.8,69113,3393,223,744,251,724,104,4611,9.31,1.5,0.51,0.21,3,mens_version:4|skin_tone:4,you look stunning,50.0,109,37
17923009981122959,story,33,2026-07-14,09:09,Tue,9,this or that: saree or lehenga,30,0,0,none,1,97593,7278,7.5,8387,0,66,0,21,72,7,87,1.2,0.0,0.29,0.096,0,none,none,0.0,274,11
17941467965846130,story,33,2026-07-14,09:21,Tue,9,quiz: guess the price of this look,34,0,0,none,1,97593,6118,6.3,7188,0,47,0,18,61,6,65,1.06,0.0,0.29,0.098,0,none,none,0.0,274,11
17967586682960765,carousel,33,2026-07-14,13:40,Tue,13,heatless curls that last all day. ✨ 👀,37,2,3,#haircare #styletips #stylediaries,4,97593,36525,37.4,50149,2353,72,413,151,622,90,2989,8.18,1.13,0.41,0.246,0,mens_version:6,saving this,30.0,274,11
17917105078332439,reel,33,2026-07-14,15:20,Tue,15,how to look taller in ethnic wear. 🫶,36,1,3,#ootd #weddingoutfit #styletips,1,97683,43562,44.6,92479,2275,144,528,206,866,144,3153,7.24,1.21,0.47,0.331,9,link_request:4|mens_version:5|skin_tone:9,you look stunning,25.0,274,11
17913469750992159,carousel,33,2026-07-14,17:30,Tue,17,ootd: linen and loafers. 🔥,26,1,0,none,4,97827,19154,19.6,27291,1012,33,74,39,341,38,1158,6.05,0.39,0.2,0.198,2,link_request:3|mens_version:2,okay but the fit,27.3,274,11
17920524387609294,image,33,2026-07-15,11:10,Wed,11,"grwm for a first date. yes, really.",35,0,2,#groomingtips #budgetfashion,1,97872,18444,18.8,22905,1120,68,155,71,267,43,1414,7.67,0.84,0.38,0.233,2,link_request:10|mens_version:3,link pls 🙏,26.7,257,13
17906738098190965,reel,33,2026-07-15,20:00,Wed,20,frizz-free hair in humid weather. 😭,35,1,10,#stylediaries #groomingtips #grwm #ootd #fashionindia #weddingoutfit #haircare #fashionreels #indianfashion #skincare,1,97915,84724,86.5,212895,5714,216,1238,383,1277,164,7551,8.91,1.46,0.45,0.194,0,mens_version:4,okay but the fit,40.0,257,13
17934456245253014,image,33,2026-07-15,21:10,Wed,21,3 ways to style one white shirt. 💀 🔥 🫶 😍,40,4,3,#ootd #skincare #groomingtips,1,98079,24871,25.4,31541,1675,67,399,133,388,59,2274,9.14,1.6,0.53,0.237,13,link_request:11|mens_version:2|skin_tone:9,obsessed 😍,35.0,257,13
17958378963809033,story,33,2026-07-15,22:31,Wed,22,question box: styling questions,31,0,0,none,1,97872,4457,4.6,4870,0,33,0,13,44,4,46,1.03,0.0,0.29,0.09,33,none,none,0.0,257,13
17911156453174685,reel,33,2026-07-16,19:30,Thu,19,what to wear to a day wedding vs night wedding.,47,0,8,#weddingoutfit #ootd #indianfashion #grwm #fashionindia #skincare #groomingtips #fashionreels,1,98139,50351,51.3,130166,3045,100,783,270,932,181,4198,8.34,1.56,0.54,0.359,2,mens_version:5|skin_tone:4,love love love,28.3,175,15
17940654367438523,story,33,2026-07-16,20:10,Thu,20,link sticker: today's outfit,28,0,0,none,1,98139,6745,6.9,8659,0,16,0,20,67,6,36,0.53,0.0,0.3,0.089,0,none,none,0.0,175,15
17990026422592419,story,33,2026-07-16,20:41,Thu,20,question box: styling questions,31,0,0,none,1,98139,3975,4.1,5008,0,32,0,11,39,3,43,1.08,0.0,0.28,0.075,32,none,none,0.0,175,15
17957892667327253,story,33,2026-07-17,10:07,Fri,10,question box: styling questions,31,0,0,none,1,98325,6129,6.2,7508,0,28,0,18,61,6,46,0.75,0.0,0.29,0.098,28,none,none,0.0,179,13
17906174042652895,image,33,2026-07-17,15:10,Fri,15,"luxury bag vs ₹1,200 dupe. can you tell? 😂 🙌 👀 💀",48,4,5,#ootd #groomingtips #budgetfashion #weddingoutfit #indianfashion,1,98325,20435,20.8,29306,1243,63,381,163,351,75,1850,9.05,1.86,0.8,0.367,1,link_request:2|mens_version:4,saving this,33.3,179,13
17956942828538224,story,33,2026-07-17,17:43,Fri,17,link sticker: today's outfit,28,0,0,none,1,98325,6370,6.5,7208,0,61,0,19,63,6,80,1.26,0.0,0.3,0.094,0,none,none,0.0,179,13
17956036490500187,carousel,33,2026-07-17,21:10,Fri,21,"the linen set everyone wants, for ₹799. 🔥 ✨ 👀 🙌",47,4,5,#stylediaries #budgetfashion #styletips #fashionindia #skincare,10,98400,35011,35.6,50334,1797,68,455,173,616,105,2493,7.12,1.3,0.49,0.3,4,link_request:6|mens_version:7,link pls 🙏,31.7,179,13
17944332309866753,story,33,2026-07-18,09:11,Sat,9,bts of today's shoot,20,0,0,none,1,98498,4840,4.9,5975,0,44,0,14,48,4,58,1.2,0.0,0.29,0.083,0,none,none,0.0,176,8
17926169805890236,story,33,2026-07-18,09:39,Sat,9,poll: outfit a or b?,20,0,0,none,1,98498,7704,7.8,8657,0,70,0,23,77,7,93,1.21,0.0,0.3,0.091,0,none,none,0.0,176,8
17944930527603947,story,33,2026-07-18,10:41,Sat,10,this or that: saree or lehenga,30,0,0,none,1,98498,5663,5.7,6674,0,56,0,16,56,5,72,1.27,0.0,0.28,0.088,0,none,none,0.0,176,8
17900738862459830,carousel,33,2026-07-18,13:20,Sat,13,frizz-free hair in humid weather.,33,0,0,none,8,98498,39711,40.3,61575,2658,166,434,161,578,74,3419,8.61,1.09,0.41,0.186,0,mens_version:7,obsessed 😍,28.3,176,8
17967991915314058,carousel,33,2026-07-18,15:50,Sat,15,"grwm: 5-minute morning routine, no filter.",42,0,3,#indianfashion #stylediaries #skincare,8,98572,30892,31.3,39078,1990,116,238,128,553,94,2472,8.0,0.77,0.41,0.304,3,link_request:5|mens_version:3,you look stunning,31.7,176,8
17943895959225418,story,33,2026-07-19,17:37,Sun,17,question box: styling questions,31,0,0,none,1,98676,6970,7.1,8871,0,59,0,20,69,6,79,1.13,0.0,0.29,0.086,59,none,none,0.0,238,12
17988697606533446,carousel,33,2026-07-19,19:30,Sun,19,ootd: linen and loafers. 🫶,26,1,0,none,4,98676,42210,42.8,65544,2700,87,198,114,784,77,3099,7.34,0.47,0.27,0.182,3,link_request:9|mens_version:4,okay but the fit,41.7,238,12
17942269376719803,reel,33,2026-07-19,21:40,Sun,21,the 3-product routine for oily skin. 💯 😭 ✨ 🔥,44,4,5,#grwm #styletips #fashionindia #fashionreels #stylediaries,1,98753,79029,80.0,191495,4590,291,1150,327,1215,167,6358,8.05,1.46,0.41,0.211,3,mens_version:7|skin_tone:4,obsessed 😍,30.0,238,12
17968446899212535,story,34,2026-07-20,09:22,Mon,9,quiz: guess the price of this look,34,0,0,none,1,98936,7356,7.4,9356,0,62,0,22,73,7,84,1.14,0.0,0.3,0.095,0,none,none,0.0,61,12
17918753764124186,story,34,2026-07-20,09:29,Mon,9,bts of today's shoot,20,0,0,none,1,98936,5377,5.4,6439,0,39,0,16,53,5,55,1.02,0.0,0.3,0.093,0,none,none,0.0,61,12
17931313063229654,carousel,34,2026-07-20,19:30,Mon,19,stop tucking your kurta like that. try this. 💀,46,1,10,#weddingoutfit #fashionreels #grwm #skincare #ootd #indianfashion #groomingtips #styletips #budgetfashion #stylediaries,7,98936,25532,25.8,35324,1385,72,361,132,355,61,1950,7.64,1.41,0.52,0.239,7,link_request:9|mens_version:6|skin_tone:1,saving this,28.3,61,12
17969537218441715,carousel,34,2026-07-21,11:30,Tue,11,sunscreen mistakes everyone makes. 👀,36,1,2,#haircare #stylediaries,3,99003,27066,27.3,32528,1425,80,320,95,467,64,1920,7.09,1.18,0.35,0.236,5,mens_version:3|skin_tone:6,saving this,35.0,158,16
17978778489780446,story,34,2026-07-21,13:39,Tue,13,bts of today's shoot,20,0,0,none,1,99003,6771,6.8,8247,0,43,0,20,67,6,63,0.93,0.0,0.3,0.089,0,none,none,0.0,158,16
17950137081132713,reel,34,2026-07-21,20:10,Tue,20,monochrome monday. 👀 💯,22,2,5,#budgetfashion #fashionindia #groomingtips #grwm #skincare,1,99067,55813,56.3,117650,2917,193,190,120,1096,97,3420,6.13,0.34,0.22,0.174,4,link_request:6|mens_version:4,saving this,33.3,158,16
17931719436754220,story,34,2026-07-21,20:30,Tue,20,poll: outfit a or b?,20,0,0,none,1,99003,7369,7.4,9198,0,40,0,22,73,7,62,0.84,0.0,0.3,0.095,0,none,none,0.0,158,16
17917456029543113,story,34,2026-07-22,09:08,Wed,9,poll: outfit a or b?,20,0,0,none,1,99158,5430,5.5,5918,0,17,0,16,54,5,33,0.61,0.0,0.29,0.092,0,none,none,0.0,53,16
17942586011353257,image,34,2026-07-22,15:20,Wed,15,"luxury bag vs ₹1,200 dupe. can you tell? 😂",42,1,5,#fashionreels #groomingtips #fashionindia #weddingoutfit #styletips,1,99158,16879,17.0,23980,958,42,270,107,330,60,1377,8.16,1.6,0.63,0.355,1,link_request:4|mens_version:7,need the link,38.1,53,16
17912588104075328,story,34,2026-07-22,22:54,Wed,22,bts of today's shoot,20,0,0,none,1,99158,4473,4.5,5559,0,46,0,13,44,4,59,1.32,0.0,0.29,0.089,0,none,none,0.0,53,16
17928965559295017,carousel,34,2026-07-23,11:50,Thu,11,today's fit. 😭 ✨,16,2,8,#stylediaries #budgetfashion #fashionreels #ootd #styletips #grwm #fashionindia #skincare,10,99216,35996,36.3,43550,2109,94,198,93,633,59,2494,6.93,0.55,0.26,0.164,1,link_request:6|mens_version:6,need this in my life,41.7,113,12
17968636146069080,reel,34,2026-07-23,13:10,Thu,13,"wedding guest outfits, ranked by comfort. ✨ 😂 🙌 👀",49,4,12,#grwm #fashionindia #weddingoutfit #ootd #fashionreels #stylediaries #groomingtips #budgetfashion #haircare #styletips #skincare #indianfashion,1,99275,17930,18.1,35445,1165,65,239,139,357,58,1608,8.97,1.33,0.78,0.323,3,mens_version:4|skin_tone:3,will this work on dusky skin?,23.3,113,12
17950013264139727,story,34,2026-07-23,13:22,Thu,13,quiz: guess the price of this look,34,0,0,none,1,99216,4959,5.0,5899,0,53,0,14,49,4,67,1.35,0.0,0.28,0.081,0,none,none,0.0,113,12
17990666386629256,story,34,2026-07-23,13:27,Thu,13,question box: styling questions,31,0,0,none,1,99216,4338,4.4,4606,0,12,0,13,43,4,25,0.58,0.0,0.3,0.092,12,none,none,0.0,113,12
17986596952290385,story,34,2026-07-24,09:14,Fri,9,this or that: saree or lehenga,30,0,0,none,1,99343,4754,4.8,5294,0,10,0,14,47,4,24,0.5,0.0,0.29,0.084,0,none,none,0.0,198,13
17961776228521753,story,34,2026-07-24,10:18,Fri,10,poll: outfit a or b?,20,0,0,none,1,99343,6862,6.9,8093,0,37,0,20,68,6,57,0.83,0.0,0.29,0.087,0,none,none,0.0,198,13
17994124156764574,reel,34,2026-07-24,15:50,Fri,15,monochrome monday. 😍 💯 😭 👀,26,4,5,#fashionreels #indianfashion #budgetfashion #fashionindia #styletips,1,99343,14174,14.3,39613,815,32,61,29,259,26,937,6.61,0.43,0.2,0.183,3,link_request:5|mens_version:3,link pls 🙏,34.4,198,13
17902077242223420,story,34,2026-07-24,17:14,Fri,17,bts of today's shoot,20,0,0,none,1,99343,5143,5.2,6205,0,21,0,15,51,5,36,0.7,0.0,0.29,0.097,0,none,none,0.0,198,13
17912615013701195,reel,34,2026-07-24,17:50,Fri,17,grwm for a sunday brunch. 🫶,27,1,10,#indianfashion #fashionreels #grwm #haircare #ootd #fashionindia #weddingoutfit #groomingtips #budgetfashion #skincare,1,99369,41350,41.6,104396,2695,94,295,187,622,108,3271,7.91,0.71,0.45,0.261,6,link_request:9|mens_version:1,love these videos,38.3,198,13
17996319781905856,story,34,2026-07-24,17:55,Fri,17,this or that: saree or lehenga,30,0,0,none,1,99343,5206,5.2,5628,0,54,0,15,52,5,69,1.33,0.0,0.29,0.096,0,none,none,0.0,198,13
17936172219636501,carousel,34,2026-07-24,21:50,Fri,21,"grwm: 5-minute morning routine, no filter. 🔥",44,1,10,#styletips #weddingoutfit #fashionreels #haircare #ootd #groomingtips #stylediaries #budgetfashion #fashionindia #indianfashion,3,99477,20677,20.8,28233,1379,68,192,93,335,57,1732,8.38,0.93,0.45,0.276,5,link_request:8|mens_version:7,need this in my life,33.3,198,13
17975194074180462,image,34,2026-07-25,11:30,Sat,11,fit check before the meeting.,29,0,2,#grwm #fashionindia,1,99545,21366,21.5,26188,1427,48,108,58,353,34,1641,7.68,0.51,0.27,0.159,2,link_request:5|mens_version:7,love love love,43.8,165,7
17958376262309540,image,34,2026-07-25,13:30,Sat,13,heatless curls that last all day. 🫶,35,1,2,#stylediaries #budgetfashion,1,99579,14246,14.3,20541,769,47,182,48,242,31,1046,7.34,1.28,0.34,0.218,0,mens_version:4,do a grooming routine for guys,36.2,165,7
17957495899582063,reel,34,2026-07-25,20:30,Sat,20,"wedding guest outfits, ranked by comfort.",41,0,5,#stylediaries #skincare #fashionindia #grwm #groomingtips,1,99610,38027,38.2,91224,2118,134,398,183,558,101,2833,7.45,1.05,0.48,0.266,2,mens_version:4|skin_tone:4,saving this,26.7,165,7
17952951260470169,story,34,2026-07-25,20:57,Sat,20,question box: styling questions,31,0,0,none,1,99545,6402,6.4,7580,0,45,0,19,64,6,64,1.0,0.0,0.3,0.094,45,none,none,0.0,165,7
17923426036326221,reel,34,2026-07-26,13:10,Sun,13,grwm for a sunday brunch. 🙌 🫶 ✨ 🔥,33,4,5,#ootd #stylediaries #haircare #weddingoutfit #indianfashion,1,99710,57432,57.6,116529,3152,123,341,245,832,133,3861,6.72,0.59,0.43,0.232,6,link_request:10|mens_version:4,okay but the fit,30.0,280,9
17990266222949157,reel,34,2026-07-26,20:10,Sun,20,grwm for a sunday brunch. 😍,27,1,2,#budgetfashion #indianfashion,1,99843,65985,66.1,140492,4097,156,498,320,950,152,5071,7.69,0.75,0.48,0.23,4,link_request:11|mens_version:3,need this in my life,26.7,280,9
17952579250818861,story,34,2026-07-26,20:30,Sun,20,poll: outfit a or b?,20,0,0,none,1,99710,4568,4.6,5770,0,46,0,13,45,4,59,1.29,0.0,0.28,0.088,0,none,none,0.0,280,9
17955198222081087,story,35,2026-07-27,13:42,Mon,13,link sticker: today's outfit,28,0,0,none,1,100013,6547,6.5,7852,0,77,0,19,65,6,96,1.47,0.0,0.29,0.092,0,none,none,0.0,79,11
17913464009422020,story,35,2026-07-27,13:46,Mon,13,quiz: guess the price of this look,34,0,0,none,1,100013,7414,7.4,9597,0,80,0,22,74,7,102,1.38,0.0,0.3,0.094,0,none,none,0.0,79,11
17924990649849408,reel,35,2026-07-27,15:10,Mon,15,grwm for my cousin's sangeet. ✨ 🔥,33,2,8,#grwm #fashionreels #styletips #skincare #indianfashion #budgetfashion #weddingoutfit #fashionindia,1,100013,29557,29.6,80428,1527,60,187,111,420,77,1885,6.38,0.63,0.38,0.261,3,link_request:9|mens_version:6,your voice is so calming,28.3,79,11
17905885937074460,carousel,35,2026-07-28,15:40,Tue,15,high street dupes that fooled my sister. 😭 ✨ 🙌 🔥,48,4,8,#fashionreels #ootd #skincare #haircare #budgetfashion #stylediaries #fashionindia #groomingtips,5,100101,33888,33.9,53712,2135,99,605,298,547,97,3137,9.26,1.79,0.88,0.286,6,link_request:8|mens_version:8,your style is everything,38.3,292,12
17984923768679340,reel,35,2026-07-28,19:20,Tue,19,lehenga styling for the budget bride's sister. 🔥 🫶,50,2,5,#styletips #weddingoutfit #budgetfashion #stylediaries #groomingtips,1,100198,39466,39.4,79863,2098,82,505,208,685,136,2893,7.33,1.28,0.53,0.345,3,mens_version:5|skin_tone:7,you look stunning,25.0,292,12
17972515529512068,carousel,35,2026-07-28,21:50,Tue,21,what actually helped my pigmentation. 🔥 😭,41,2,2,#fashionreels #fashionindia,10,100334,33959,33.8,44936,1920,123,362,145,483,71,2550,7.51,1.07,0.43,0.209,5,mens_version:2|skin_tone:10,shades for brown skin please,45.0,292,12
17960291432051917,story,35,2026-07-29,13:11,Wed,13,poll: outfit a or b?,20,0,0,none,1,100410,7971,7.9,8760,0,49,0,23,79,7,72,0.9,0.0,0.29,0.088,0,none,none,0.0,80,17
17958183281131557,carousel,35,2026-07-29,13:30,Wed,13,today's fit.,12,0,0,none,3,100410,15450,15.4,19071,810,44,67,38,218,19,959,6.21,0.43,0.25,0.123,5,link_request:7|mens_version:4,saving this,38.6,80,17
17917169957139075,reel,35,2026-07-29,17:50,Wed,17,sunscreen mistakes everyone makes. 🔥 👀 😂 🙌 💯 😭,46,6,10,#budgetfashion #haircare #stylediaries #groomingtips #skincare #grwm #fashionindia #indianfashion #weddingoutfit #ootd,1,100429,35595,35.4,78659,2400,156,591,154,525,71,3301,9.27,1.66,0.43,0.199,5,mens_version:13|skin_tone:5,okay but the fit,35.0,80,17
17925503210275488,image,35,2026-07-30,13:10,Thu,13,get ready with me: office to dinner in 10 minutes. 🫶,52,1,2,#styletips #grwm,1,100508,24712,24.6,35409,1438,74,159,86,479,91,1757,7.11,0.64,0.35,0.368,5,link_request:6|mens_version:6,saving this,31.7,407,14
17909397432327000,reel,35,2026-07-30,15:30,Thu,15,the hair mask i make from my kitchen. 💀 😭 😂 🙌 👀 💯,49,6,3,#indianfashion #stylediaries #ootd,1,100599,44607,44.3,107836,2930,154,583,187,871,131,3854,8.64,1.31,0.42,0.294,0,mens_version:7,obsessed 😍,43.3,407,14
17904696427799617,story,35,2026-07-30,17:39,Thu,17,quiz: guess the price of this look,34,0,0,none,1,100508,4172,4.2,4467,0,31,0,12,41,4,43,1.03,0.0,0.29,0.096,0,none,none,0.0,407,14
17903869563147370,reel,35,2026-07-30,19:00,Thu,19,oiling done right: how long to leave it in. 💯 😂,47,2,3,#skincare #styletips #budgetfashion,1,100730,70925,70.4,175294,4381,181,877,312,1440,195,5751,8.11,1.24,0.44,0.275,0,mens_version:6,okay but the fit,48.3,407,14
17970393394855903,story,35,2026-07-31,09:25,Fri,9,this or that: saree or lehenga,30,0,0,none,1,100919,6816,6.8,8840,0,24,0,20,68,6,44,0.65,0.0,0.29,0.088,0,none,none,0.0,171,15
17977964059062983,reel,35,2026-07-31,11:30,Fri,11,#ad partnered with a brand i actually use. 😂 👀 🙌 💀,50,4,3,#skincare #groomingtips #stylediaries,1,100919,24187,24.0,47393,1321,53,67,28,445,23,1469,6.07,0.28,0.12,0.095,11,mens_version:8|ad_callout:18,love love love,49.1,171,15
17985301791535989,story,35,2026-07-31,13:25,Fri,13,link sticker: today's outfit,28,0,0,none,1,100919,5313,5.3,6673,0,27,0,15,53,5,42,0.79,0.0,0.28,0.094,0,none,none,0.0,171,15
17909092467373374,reel,35,2026-07-31,17:00,Fri,17,"the linen set everyone wants, for ₹799.",39,0,5,#budgetfashion #styletips #ootd #indianfashion #weddingoutfit,1,100942,54371,53.9,150276,2820,183,755,383,789,152,4141,7.62,1.39,0.7,0.28,4,link_request:8|mens_version:3,you look stunning,33.3,171,15
17955890114093715,reel,35,2026-08-01,11:30,Sat,11,5 mehendi looks that aren't yellow.,35,0,5,#budgetfashion #groomingtips #stylediaries #ootd #haircare,1,101108,25067,24.8,60126,1411,54,321,132,418,72,1918,7.65,1.28,0.53,0.287,2,mens_version:7|skin_tone:2,need this in my life,33.3,493,20
17926577227851232,reel,35,2026-08-01,17:00,Sat,17,the color combos that always work. 😂,36,1,8,#grwm #styletips #fashionreels #groomingtips #stylediaries #ootd #weddingoutfit #indianfashion,1,101180,59886,59.2,116598,3107,149,741,326,856,139,4323,7.22,1.24,0.54,0.232,4,link_request:7|mens_version:6|skin_tone:1,okay but the fit,43.3,493,20
17953071631264934,reel,35,2026-08-01,20:50,Sat,20,frizz-free hair in humid weather.,33,0,10,#fashionreels #fashionindia #groomingtips #grwm #weddingoutfit #styletips #ootd #haircare #indianfashion #budgetfashion,1,101319,146857,144.9,392648,9690,381,1786,822,2366,302,12679,8.63,1.22,0.56,0.206,0,mens_version:6,need this in my life,48.3,493,20
17939127019543639,story,35,2026-08-02,10:50,Sun,10,question box: styling questions,31,0,0,none,1,101609,5613,5.5,7126,0,29,0,16,56,5,45,0.8,0.0,0.29,0.089,29,none,none,0.0,648,9
17943243476933462,story,35,2026-08-02,13:07,Sun,13,question box: styling questions,31,0,0,none,1,101609,7272,7.2,7890,0,65,0,21,72,7,86,1.18,0.0,0.29,0.096,65,none,none,0.0,648,9
17918045331857286,story,35,2026-08-02,17:21,Sun,17,link sticker: today's outfit,28,0,0,none,1,101609,5365,5.3,6639,0,18,0,16,53,5,34,0.63,0.0,0.3,0.093,0,none,none,0.0,648,9
17953362347061423,story,35,2026-08-02,17:29,Sun,17,quiz: guess the price of this look,34,0,0,none,1,101609,4734,4.7,5610,0,16,0,14,47,4,30,0.63,0.0,0.3,0.084,0,none,none,0.0,648,9
17982207656848922,reel,35,2026-08-02,19:50,Sun,19,grwm for a sunday brunch.,25,0,5,#grwm #stylediaries #weddingoutfit #groomingtips #budgetfashion,1,101609,105367,103.7,233125,5992,234,804,454,1506,263,7484,7.1,0.76,0.43,0.25,6,link_request:8|mens_version:3,your style is everything,33.3,648,9
17939482186552631,story,35,2026-08-02,20:19,Sun,20,question box: styling questions,31,0,0,none,1,101609,6856,6.7,8258,0,52,0,20,68,6,72,1.05,0.0,0.29,0.088,52,none,none,0.0,648,9
17964931629327812,reel,35,2026-08-02,21:30,Sun,21,"the ₹8,000 look for under ₹999. every piece linked.",51,0,5,#fashionreels #stylediaries #skincare #budgetfashion #weddingoutfit,1,101872,98497,96.7,254150,6388,401,2204,827,2005,361,9820,9.97,2.24,0.84,0.367,6,link_request:6|mens_version:2,the dupe queen,33.3,648,9
17995123392913983,story,35,2026-08-02,22:08,Sun,22,bts of today's shoot,20,0,0,none,1,101609,6433,6.3,7624,0,61,0,19,64,6,80,1.24,0.0,0.3,0.093,0,none,none,0.0,648,9
17960828383983969,story,36,2026-08-03,09:52,Mon,9,link sticker: today's outfit,28,0,0,none,1,102250,7015,6.9,8382,0,67,0,21,70,7,88,1.25,0.0,0.3,0.1,0,none,none,0.0,96,10
17989544121583921,story,36,2026-08-03,17:01,Mon,17,quiz: guess the price of this look,34,0,0,none,1,102250,6027,5.9,6378,0,20,0,18,60,6,38,0.63,0.0,0.3,0.1,0,none,none,0.0,96,10
17978693419343565,story,36,2026-08-03,20:16,Mon,20,bts of today's shoot,20,0,0,none,1,102250,7045,6.9,8072,0,76,0,21,70,7,97,1.38,0.0,0.3,0.099,0,none,none,0.0,96,10
17959425378455517,carousel,36,2026-08-03,21:50,Mon,21,oiling done right: how long to leave it in.,43,0,2,#haircare #fashionindia,6,102250,45974,45.0,56997,3093,103,592,224,651,79,4012,8.73,1.29,0.49,0.172,0,mens_version:5,need this in my life,40.0,96,10
17918771373057186,story,36,2026-08-03,22:03,Mon,22,question box: styling questions,31,0,0,none,1,102250,7262,7.1,8994,0,38,0,21,72,7,59,0.81,0.0,0.29,0.096,38,none,none,0.0,96,10
17952204419660640,story,36,2026-08-04,09:21,Tue,9,bts of today's shoot,20,0,0,none,1,102338,5049,4.9,6238,0,16,0,15,50,5,31,0.61,0.0,0.3,0.099,0,none,none,0.0,210,14
17941720209689024,reel,36,2026-08-04,18:40,Tue,18,heatless curls that last all day. 🫶 💯,37,2,12,#weddingoutfit #haircare #ootd #indianfashion #fashionreels #fashionindia #groomingtips #budgetfashion #styletips #grwm #skincare #stylediaries,1,102338,90207,88.1,222638,5477,276,1100,341,1454,219,7194,7.97,1.22,0.38,0.243,0,mens_version:3,love love love,28.3,210,14
17962712539682571,image,36,2026-08-05,09:40,Wed,9,3 ways to style one white shirt.,32,0,3,#haircare #grwm #ootd,1,102570,17195,16.8,25735,883,32,203,72,248,38,1190,6.92,1.18,0.42,0.221,3,link_request:5|mens_version:3|skin_tone:2,do a grooming routine for guys,43.8,277,15
17967526940733289,carousel,36,2026-08-05,13:00,Wed,13,grwm for a sunday brunch. 😍,27,1,10,#haircare #skincare #ootd #weddingoutfit #indianfashion #budgetfashion #groomingtips #styletips #stylediaries #fashionreels,3,102608,24130,23.5,31631,1284,52,127,81,350,57,1544,6.4,0.53,0.34,0.236,7,link_request:9|mens_version:4,okay but the fit,26.9,277,15
17970160108198208,story,36,2026-08-05,17:37,Wed,17,bts of today's shoot,20,0,0,none,1,102570,5271,5.1,6819,0,46,0,15,52,5,61,1.16,0.0,0.28,0.095,0,none,none,0.0,277,15
17938800635675544,reel,36,2026-08-05,18:20,Wed,18,the 3-product routine for oily skin. 🙌 😭 👀 💀 😍 🔥,48,6,2,#budgetfashion #weddingoutfit,1,102665,87471,85.2,244405,5819,225,1427,492,1302,192,7963,9.1,1.63,0.56,0.22,3,mens_version:10|skin_tone:4,love love love,35.0,277,15
17992634170534214,reel,36,2026-08-06,09:30,Thu,9,heatless curls that last all day. 😍 😭,37,2,8,#grwm #weddingoutfit #indianfashion #stylediaries #skincare #fashionreels #haircare #ootd,1,102849,77969,75.8,171578,5353,301,968,320,1525,194,6942,8.9,1.24,0.41,0.249,0,mens_version:7,saving this,35.0,208,16
17955302412258138,story,36,2026-08-06,13:06,Thu,13,poll: outfit a or b?,20,0,0,none,1,102849,7474,7.3,8693,0,40,0,22,74,7,62,0.83,0.0,0.29,0.094,0,none,none,0.0,208,16
17949000411567883,reel,36,2026-08-06,19:10,Thu,19,#ad partnered with a brand i actually use. 😭,44,1,2,#fashionindia #groomingtips,1,103043,24561,23.8,60645,1317,57,54,28,365,16,1456,5.93,0.22,0.11,0.065,15,mens_version:5|ad_callout:19,ad again?,33.3,208,16
17952204073527521,story,36,2026-08-06,20:11,Thu,20,this or that: saree or lehenga,30,0,0,none,1,102849,7953,7.7,10013,0,78,0,23,79,7,101,1.27,0.0,0.29,0.088,0,none,none,0.0,208,16
17933134767998989,carousel,36,2026-08-07,09:00,Fri,9,"one saree, four drapes. 😍 😭",27,2,2,#ootd #stylediaries,4,103069,36416,35.3,48996,2505,136,544,235,521,82,3420,9.39,1.49,0.65,0.225,7,link_request:9|mens_version:9|skin_tone:2,saving this,40.0,229,33
17924482753724276,story,36,2026-08-07,09:00,Fri,9,question box: styling questions,31,0,0,none,1,103069,5823,5.6,6631,0,55,0,17,58,5,72,1.24,0.0,0.29,0.086,55,none,none,0.0,229,33
17938795186874002,carousel,36,2026-08-07,17:30,Fri,17,"grwm for a first date. yes, really. 😭",37,1,12,#ootd #haircare #grwm #weddingoutfit #groomingtips #fashionreels #indianfashion #styletips #fashionindia #skincare #stylediaries #budgetfashion,9,103151,28035,27.2,39879,1469,91,144,109,494,80,1813,6.47,0.51,0.39,0.285,2,link_request:5|mens_version:2,love these videos,40.0,229,33
17958585814036301,reel,36,2026-08-07,18:00,Fri,18,ootd: linen and loafers.,24,0,8,#stylediaries #ootd #indianfashion #skincare #weddingoutfit #groomingtips #haircare #grwm,1,103231,53629,52.0,119081,3654,194,292,141,783,89,4281,7.98,0.54,0.26,0.166,3,link_request:9|mens_version:5,men's version please,31.7,229,33
17942503124368795,story,36,2026-08-07,20:55,Fri,20,link sticker: today's outfit,28,0,0,none,1,103069,6082,5.9,7836,0,63,0,18,60,6,81,1.33,0.0,0.3,0.099,0,none,none,0.0,229,33
17975951108211146,story,36,2026-08-08,10:10,Sat,10,link sticker: today's outfit,28,0,0,none,1,103307,7580,7.3,8633,0,21,0,22,75,7,43,0.57,0.0,0.29,0.092,0,none,none,0.0,458,10
17921257665623293,reel,36,2026-08-08,13:40,Sat,13,how to look taller in ethnic wear. 👀,36,1,12,#ootd #haircare #fashionreels #groomingtips #indianfashion #grwm #weddingoutfit #styletips #stylediaries #skincare #fashionindia #budgetfashion,1,103307,40011,38.7,98749,2751,106,576,221,553,102,3654,9.13,1.44,0.55,0.255,4,link_request:7|mens_version:7|skin_tone:8,okay but the fit,26.7,458,10
17919033732544265,reel,36,2026-08-08,19:20,Sat,19,frizz-free hair in humid weather. 😂,35,1,12,#skincare #grwm #haircare #fashionindia #styletips #weddingoutfit #ootd #fashionreels #indianfashion #stylediaries #groomingtips #budgetfashion,1,103409,163458,158.1,407429,10071,399,1803,677,2419,359,12950,7.92,1.1,0.41,0.22,0,mens_version:5,okay but the fit,43.3,458,10
17965859892784105,story,36,2026-08-09,09:12,Sun,9,link sticker: today's outfit,28,0,0,none,1,103768,7491,7.2,8855,0,16,0,22,74,7,38,0.51,0.0,0.29,0.093,0,none,none,0.0,333,13
17969797904941692,reel,36,2026-08-09,09:50,Sun,9,"grwm: 5-minute morning routine, no filter. 😂 💯 🙌 😍",50,4,12,#weddingoutfit #fashionindia #indianfashion #ootd #haircare #budgetfashion #skincare #styletips #grwm #groomingtips #stylediaries #fashionreels,1,103768,37587,36.2,91698,2489,99,288,207,672,115,3083,8.2,0.77,0.55,0.306,2,link_request:4|mens_version:7,saving this,23.3,333,13
17900615633720723,story,36,2026-08-09,20:11,Sun,20,poll: outfit a or b?,20,0,0,none,1,103768,6900,6.6,8505,0,73,0,20,69,6,93,1.35,0.0,0.29,0.087,0,none,none,0.0,333,13
17971830707186980,reel,36,2026-08-09,20:40,Sun,20,"one saree, four drapes.",23,0,2,#fashionindia #styletips,1,103883,52331,50.4,135557,3018,174,844,243,912,147,4279,8.18,1.61,0.46,0.281,8,link_request:7|mens_version:3|skin_tone:5,link pls 🙏,40.0,333,13
17983486300787872,carousel,36,2026-08-09,21:00,Sun,21,how to look taller in ethnic wear. 🔥 💀 😂 ✨ 💯 😭,46,6,5,#weddingoutfit #haircare #stylediaries #groomingtips #indianfashion,9,104030,25527,24.5,39452,1747,107,388,142,357,66,2384,9.34,1.52,0.56,0.259,8,link_request:10|mens_version:5|skin_tone:8,your style is everything,38.3,333,13
17950298835197577,story,36,2026-08-09,22:14,Sun,22,this or that: saree or lehenga,30,0,0,none,1,103768,5909,5.7,6333,0,45,0,17,59,5,62,1.05,0.0,0.29,0.085,0,none,none,0.0,333,13
17950110407287821,carousel,37,2026-08-10,11:30,Mon,11,what to wear to a day wedding vs night wedding. 💯 ✨ 👀 🙌,55,4,3,#fashionindia #weddingoutfit #styletips,6,104112,28494,27.4,45584,1904,59,365,183,469,73,2511,8.81,1.28,0.64,0.256,5,mens_version:11|skin_tone:8,saving this,37.3,68,12
17939590295305993,story,37,2026-08-10,17:24,Mon,17,poll: outfit a or b?,20,0,0,none,1,104112,7249,7.0,7853,0,66,0,21,72,7,87,1.2,0.0,0.29,0.097,0,none,none,0.0,68,12
17911846424815473,carousel,37,2026-08-11,21:00,Tue,21,#ad loving this new serum from my partners. 💯,45,1,5,#fashionreels #ootd #indianfashion #stylediaries #grwm,7,104185,19542,18.8,25581,1038,41,44,29,295,13,1152,5.89,0.23,0.15,0.067,12,mens_version:6|ad_callout:20,is this paid?,34.1,-2,15
17994754265524779,story,37,2026-08-12,17:03,Wed,17,link sticker: today's outfit,28,0,0,none,1,104197,7567,7.3,8114,0,40,0,22,75,7,62,0.82,0.0,0.29,0.093,0,none,none,0.0,220,29
17979720064468646,reel,37,2026-08-12,19:50,Wed,19,stop tucking your kurta like that. try this. 🙌 😭,48,2,0,none,1,104197,86718,83.2,228565,5224,296,1151,535,1446,234,7206,8.31,1.33,0.62,0.27,8,link_request:8|mens_version:6|skin_tone:1,do a grooming routine for guys,35.0,220,29
17924773267996013,story,37,2026-08-12,22:12,Wed,22,quiz: guess the price of this look,34,0,0,none,1,104197,4801,4.6,5993,0,19,0,14,48,4,33,0.69,0.0,0.29,0.083,0,none,none,0.0,220,29
17992144912935746,story,37,2026-08-12,22:29,Wed,22,poll: outfit a or b?,20,0,0,none,1,104197,4901,4.7,5787,0,12,0,14,49,4,26,0.53,0.0,0.29,0.082,0,none,none,0.0,220,29
17902930284755201,image,37,2026-08-13,09:10,Thu,9,"one saree, four drapes. 😭 💀 🫶 ✨",31,4,10,#haircare #budgetfashion #grwm #fashionreels #ootd #groomingtips #skincare #fashionindia #styletips #indianfashion,1,104418,13662,13.1,20883,831,53,248,80,252,42,1212,8.87,1.82,0.59,0.307,7,link_request:10|mens_version:4|skin_tone:5,you look stunning,35.8,156,17
17952459853399368,carousel,37,2026-08-13,18:50,Thu,18,how to look taller in ethnic wear. 😂 😭,38,2,5,#skincare #ootd #stylediaries #fashionindia #budgetfashion,7,104460,45298,43.4,62796,2879,107,823,255,838,131,4064,8.97,1.82,0.56,0.289,9,link_request:6|mens_version:5|skin_tone:6,okay but the fit,30.0,156,17
17922965688717344,reel,37,2026-08-14,11:10,Fri,11,what actually helped my pigmentation. 🔥,39,1,2,#budgetfashion #fashionreels,1,104587,64330,61.5,161065,3557,120,889,274,1287,179,4840,7.52,1.38,0.43,0.278,2,mens_version:13|skin_tone:4,need this in my life,30.0,183,9
17959570690186134,story,37,2026-08-14,20:25,Fri,20,bts of today's shoot,20,0,0,none,1,104587,7656,7.3,8533,0,55,0,22,76,7,77,1.01,0.0,0.29,0.091,0,none,none,0.0,183,9
17925883947425855,story,37,2026-08-14,20:31,Fri,20,link sticker: today's outfit,28,0,0,none,1,104587,6786,6.5,7621,0,48,0,20,67,6,68,1.0,0.0,0.29,0.088,0,none,none,0.0,183,9
17921492647840577,image,37,2026-08-15,13:40,Sat,13,oiling done right: how long to leave it in. 😭 💯,47,2,3,#fashionindia #ootd #grwm,1,104769,29043,27.7,41267,1703,62,362,140,488,59,2267,7.81,1.25,0.48,0.203,0,mens_version:5,love love love,30.0,48,11
17998085786763303,reel,37,2026-08-16,09:20,Sun,9,"grwm: 5-minute morning routine, no filter. 👀",44,1,8,#grwm #weddingoutfit #styletips #budgetfashion #fashionindia #fashionreels #indianfashion #skincare,1,104837,63559,60.6,130625,4195,187,432,295,1172,204,5109,8.04,0.68,0.46,0.321,3,link_request:8|mens_version:5,do more grwm pls,26.7,424,11
17977542274599256,story,37,2026-08-16,10:46,Sun,10,link sticker: today's outfit,28,0,0,none,1,104837,7272,6.9,8631,0,50,0,21,72,7,71,0.98,0.0,0.29,0.096,0,none,none,0.0,424,11
17900387404760890,reel,37,2026-08-16,11:50,Sun,11,the 3-product routine for oily skin. 🫶 ✨,40,2,0,none,1,105041,61501,58.5,159219,3956,189,886,293,836,135,5324,8.66,1.44,0.48,0.22,3,mens_version:4|skin_tone:7,love love love,30.0,424,11
17901606563963676,carousel,37,2026-08-16,15:50,Sun,15,5 mehendi looks that aren't yellow.,35,0,0,none,6,105176,22139,21.0,30653,1495,60,346,139,421,84,2040,9.21,1.56,0.63,0.379,1,mens_version:8|skin_tone:2,love love love,35.0,424,11
17945572640715235,story,37,2026-08-16,22:10,Sun,22,quiz: guess the price of this look,34,0,0,none,1,104837,5342,5.1,6446,0,33,0,16,53,5,49,0.92,0.0,0.3,0.094,0,none,none,0.0,424,11
17935921810765473,reel,38,2026-08-17,09:40,Mon,9,"one saree, four drapes.",23,0,2,#stylediaries #grwm,1,105262,52546,49.9,95004,3604,231,1072,382,908,157,5289,10.07,2.04,0.73,0.299,8,link_request:9|mens_version:4|skin_tone:5,for darker skin tones?,31.7,278,8
17983620754329685,image,38,2026-08-17,11:00,Mon,11,"the ₹8,000 look for under ₹999. every piece linked. 💯 🔥",55,2,0,none,1,105419,35070,33.3,51543,1880,103,640,265,585,117,2888,8.23,1.82,0.76,0.334,3,link_request:7|mens_version:5,saving this,40.0,278,8
17959784078247702,story,38,2026-08-17,17:27,Mon,17,bts of today's shoot,20,0,0,none,1,105262,6759,6.4,8676,0,74,0,20,67,6,94,1.39,0.0,0.3,0.089,0,none,none,0.0,278,8
17940950103201199,story,38,2026-08-17,20:14,Mon,20,this or that: saree or lehenga,30,0,0,none,1,105262,6977,6.6,8004,0,68,0,20,69,6,88,1.26,0.0,0.29,0.086,0,none,none,0.0,278,8
17930724111678629,story,38,2026-08-18,13:48,Tue,13,this or that: saree or lehenga,30,0,0,none,1,105536,6674,6.3,7621,0,57,0,20,66,6,77,1.15,0.0,0.3,0.09,0,none,none,0.0,95,12
17963235730620789,carousel,38,2026-08-18,15:00,Tue,15,"the ₹8,000 look for under ₹999. every piece linked. 😂 💀",55,2,2,#fashionreels #groomingtips,6,105536,33256,31.5,47221,2138,139,662,231,602,101,3170,9.53,1.99,0.69,0.304,3,link_request:6|mens_version:6,need this in my life,31.7,95,12
17992963931651009,reel,38,2026-08-19,15:40,Wed,15,"the ₹8,000 look for under ₹999. every piece linked.",51,0,12,#groomingtips #fashionreels #styletips #weddingoutfit #grwm #haircare #skincare #budgetfashion #stylediaries #fashionindia #indianfashion #ootd,1,105645,22260,21.1,49524,1157,56,367,143,401,74,1723,7.74,1.65,0.64,0.332,5,link_request:12|mens_version:4,your style is everything,35.7,72,13
17980892262643098,story,38,2026-08-19,22:28,Wed,22,quiz: guess the price of this look,34,0,0,none,1,105645,4439,4.2,5688,0,13,0,13,44,4,26,0.59,0.0,0.29,0.09,0,none,none,0.0,72,13
17983319479593566,story,38,2026-08-19,22:49,Wed,22,this or that: saree or lehenga,30,0,0,none,1,105645,7926,7.5,9884,0,40,0,23,79,7,63,0.79,0.0,0.29,0.088,0,none,none,0.0,72,13
17935475658853303,reel,38,2026-08-20,11:10,Thu,11,frizz-free hair in humid weather.,33,0,3,#skincare #grwm #fashionindia,1,105722,84041,79.5,194876,5350,173,1002,384,1347,220,6909,8.22,1.19,0.46,0.262,0,mens_version:5,love love love,26.7,411,12
17987964313048516,reel,38,2026-08-20,13:10,Thu,13,"one saree, four drapes. ✨",25,1,8,#indianfashion #stylediaries #weddingoutfit #fashionreels #ootd #haircare #groomingtips #skincare,1,105942,45867,43.3,121369,2776,193,746,218,921,152,3933,8.57,1.63,0.48,0.331,5,link_request:7|mens_version:1|skin_tone:5,love love love,28.3,411,12
17906634420331815,story,38,2026-08-20,17:48,Thu,17,poll: outfit a or b?,20,0,0,none,1,105722,4896,4.6,5292,0,34,0,14,48,4,48,0.98,0.0,0.29,0.082,0,none,none,0.0,411,12
17940286514631243,image,38,2026-08-20,21:00,Thu,21,get ready with me: office to dinner in 10 minutes.,50,0,5,#weddingoutfit #indianfashion #fashionindia #budgetfashion #stylediaries,1,106094,20365,19.2,30600,1311,89,160,76,289,47,1636,8.03,0.79,0.37,0.231,5,link_request:10|mens_version:5,obsessed 😍,36.7,411,12
17954689278010386,carousel,38,2026-08-21,09:30,Fri,9,ootd: linen and loafers. 🔥,26,1,3,#fashionindia #weddingoutfit #styletips,6,106135,30681,28.9,45098,1797,117,124,70,598,56,2108,6.87,0.4,0.23,0.183,4,link_request:8|mens_version:5,need this in my life,38.3,121,10
17913473881826665,story,38,2026-08-21,10:55,Fri,10,quiz: guess the price of this look,34,0,0,none,1,106135,4841,4.6,5783,0,47,0,14,48,4,61,1.26,0.0,0.29,0.083,0,none,none,0.0,121,10
17924324462204350,carousel,38,2026-08-21,15:50,Fri,15,"grwm for a first date. yes, really. 💀",37,1,5,#styletips #fashionindia #weddingoutfit #haircare #budgetfashion,3,106191,28170,26.5,41178,1441,69,157,102,474,71,1769,6.28,0.56,0.36,0.252,6,link_request:13|mens_version:7,men's version please,28.3,121,10
17920572674452718,story,38,2026-08-22,10:32,Sat,10,poll: outfit a or b?,20,0,0,none,1,106263,8407,7.9,9601,0,67,0,25,84,8,92,1.09,0.0,0.3,0.095,0,none,none,0.0,177,14
17933338166633592,story,38,2026-08-22,17:41,Sat,17,link sticker: today's outfit,28,0,0,none,1,106263,5024,4.7,5556,0,18,0,15,50,5,33,0.66,0.0,0.3,0.1,0,none,none,0.0,177,14
17927165821731281,reel,38,2026-08-22,17:50,Sat,17,#ad my honest thoughts on this new launch. 😍 💀 🔥 🙌,50,4,0,none,1,106263,32450,30.5,67086,2186,68,89,43,500,27,2386,7.35,0.27,0.13,0.083,17,mens_version:6|ad_callout:22,okay but the fit,41.7,177,14
17930283999647799,carousel,38,2026-08-22,20:10,Sat,20,grwm for my cousin's sangeet.,29,0,10,#fashionindia #weddingoutfit #budgetfashion #skincare #groomingtips #styletips #grwm #stylediaries #fashionreels #haircare,4,106290,56784,53.4,80814,3630,135,450,266,816,151,4481,7.89,0.79,0.47,0.266,3,link_request:7|mens_version:8,your voice is so calming,41.7,177,14
17950512516387226,story,38,2026-08-23,09:45,Sun,9,question box: styling questions,31,0,0,none,1,106440,5510,5.2,6702,0,59,0,16,55,5,75,1.36,0.0,0.29,0.091,59,none,none,0.0,28,36
17987424366481856,carousel,38,2026-08-23,17:40,Sun,17,monochrome monday. 💯,20,1,12,#fashionreels #skincare #ootd #weddingoutfit #haircare #styletips #fashionindia #groomingtips #stylediaries #grwm #indianfashion #budgetfashion,5,106440,23850,22.4,32825,1406,47,104,63,450,44,1620,6.79,0.44,0.26,0.184,4,link_request:10|mens_version:2,saving this,36.2,28,36
17938793938475032,story,38,2026-08-23,22:24,Sun,22,question box: styling questions,31,0,0,none,1,106440,7267,6.8,9133,0,83,0,21,72,7,104,1.43,0.0,0.29,0.096,83,none,none,0.0,28,36
17903369781582051,story,38,2026-08-23,22:40,Sun,22,link sticker: today's outfit,28,0,0,none,1,106440,8061,7.6,10185,0,47,0,24,80,8,71,0.88,0.0,0.3,0.099,0,none,none,0.0,28,36
17964226616069378,story,39,2026-08-24,10:37,Mon,10,this or that: saree or lehenga,30,0,0,none,1,106473,7929,7.4,8638,0,49,0,23,79,7,72,0.91,0.0,0.29,0.088,0,none,none,0.0,634,16
17986682775147891,carousel,39,2026-08-24,15:10,Mon,15,#ad partnered with a brand i actually use. 👀 ✨,46,2,0,none,5,106473,10035,9.4,14041,659,28,31,18,175,8,736,7.33,0.31,0.18,0.08,5,mens_version:2|ad_callout:8,saving this,39.3,634,16
17959635455319020,reel,39,2026-08-24,17:30,Mon,17,fit check before the meeting.,29,0,8,#haircare #weddingoutfit #budgetfashion #indianfashion #fashionindia #fashionreels #skincare #groomingtips,1,106481,31665,29.7,84847,1926,85,135,87,619,68,2233,7.05,0.43,0.27,0.215,2,link_request:8|mens_version:8,can you do husband styling next,35.0,634,16
17904543911993298,reel,39,2026-08-24,18:50,Mon,18,"luxury bag vs ₹1,200 dupe. can you tell?",40,0,8,#fashionreels #groomingtips #fashionindia #styletips #haircare #grwm #skincare #ootd,1,106549,154618,145.1,329458,9868,501,3011,1113,2924,561,14493,9.37,1.95,0.72,0.363,3,link_request:7|mens_version:8,okay but the fit,46.7,634,16
17996300605876487,story,39,2026-08-24,20:53,Mon,20,quiz: guess the price of this look,34,0,0,none,1,106473,6031,5.7,6663,0,32,0,18,60,6,50,0.83,0.0,0.3,0.099,0,none,none,0.0,634,16
17983761189442389,story,39,2026-08-25,13:45,Tue,13,this or that: saree or lehenga,30,0,0,none,1,107114,8438,7.9,10941,0,35,0,25,84,8,60,0.71,0.0,0.3,0.095,0,none,none,0.0,318,20
17907118059039855,reel,39,2026-08-25,18:50,Tue,18,what actually helped my pigmentation. ✨,39,1,10,#grwm #fashionindia #budgetfashion #styletips #haircare #indianfashion #ootd #stylediaries #weddingoutfit #fashionreels,1,107114,42709,39.9,81640,2700,123,551,251,859,130,3625,8.49,1.29,0.59,0.304,3,mens_version:7|skin_tone:5,you look stunning,36.7,318,20
17925098444692592,reel,39,2026-08-25,20:30,Tue,20,"5 festive looks under ₹1,500. 💀",31,1,8,#weddingoutfit #groomingtips #fashionreels #ootd #styletips #fashionindia #haircare #budgetfashion,1,107244,58785,54.8,133741,3403,158,1040,400,1000,200,5001,8.51,1.77,0.68,0.34,2,link_request:6|mens_version:6,can't tell the difference,31.7,318,20
17997510889578840,reel,39,2026-08-26,17:10,Wed,17,"my night skincare routine, 4 steps only.",40,0,3,#indianfashion #weddingoutfit #fashionindia,1,107444,54836,51.0,99075,3480,157,735,217,835,102,4589,8.37,1.34,0.4,0.186,2,mens_version:6|skin_tone:4,love love love,26.7,244,17
17937872075932515,story,39,2026-08-26,17:24,Wed,17,quiz: guess the price of this look,34,0,0,none,1,107444,5477,5.1,5824,0,27,0,16,54,5,43,0.79,0.0,0.29,0.091,0,none,none,0.0,244,17
17935936102759856,image,39,2026-08-26,18:20,Wed,18,today's fit. 👀,14,1,0,none,1,107546,16279,15.1,25436,982,41,69,39,260,24,1131,6.95,0.42,0.24,0.147,1,link_request:4|mens_version:2,need this in my life,34.1,244,17
17989874738950571,carousel,39,2026-08-26,21:30,Wed,21,the color combos that always work. ✨ 🙌 💯 😍 🔥 😭,46,6,8,#haircare #stylediaries #styletips #grwm #skincare #indianfashion #fashionindia #groomingtips,5,107570,47381,44.0,68757,2482,150,703,261,787,130,3596,7.59,1.48,0.55,0.274,4,link_request:9|mens_version:6|skin_tone:2,need this in my life,38.3,244,17
17933836238445061,story,39,2026-08-27,10:13,Thu,10,quiz: guess the price of this look,34,0,0,none,1,107698,5894,5.5,6988,0,21,0,17,58,5,38,0.64,0.0,0.29,0.085,0,none,none,0.0,103,11
17952845117056789,reel,39,2026-08-27,11:20,Thu,11,lehenga styling for the budget bride's sister.,46,0,8,#grwm #haircare #styletips #fashionreels #budgetfashion #groomingtips #fashionindia #indianfashion,1,107698,28558,26.5,57934,1924,123,449,219,458,93,2715,9.51,1.57,0.77,0.326,8,mens_version:6|skin_tone:10,will this work on dusky skin?,45.0,103,11
17926741559177792,story,39,2026-08-27,13:37,Thu,13,bts of today's shoot,20,0,0,none,1,107698,5439,5.1,6314,0,23,0,16,54,5,39,0.72,0.0,0.29,0.092,0,none,none,0.0,103,11
17939141260498103,story,39,2026-08-27,22:25,Thu,22,quiz: guess the price of this look,34,0,0,none,1,107698,4616,4.3,5798,0,14,0,13,46,4,27,0.58,0.0,0.28,0.087,0,none,none,0.0,103,11
17939377379906077,story,39,2026-08-27,22:51,Thu,22,this or that: saree or lehenga,30,0,0,none,1,107698,7448,6.9,9155,0,18,0,22,74,7,40,0.54,0.0,0.3,0.094,0,none,none,0.0,103,11
17981269679679187,story,39,2026-08-28,10:44,Fri,10,link sticker: today's outfit,28,0,0,none,1,107785,6489,6.0,7990,0,14,0,19,64,6,33,0.51,0.0,0.29,0.092,0,none,none,0.0,142,16
17993881381657831,carousel,39,2026-08-28,18:00,Fri,18,frizz-free hair in humid weather. 🙌,35,1,3,#fashionreels #budgetfashion #ootd,4,107785,50795,47.1,75127,3194,180,672,187,956,152,4233,8.33,1.32,0.37,0.299,0,mens_version:6,do a grooming routine for guys,40.0,142,16
17920427056008225,story,39,2026-08-29,13:19,Sat,13,this or that: saree or lehenga,30,0,0,none,1,107942,4334,4.0,5516,0,46,0,13,43,4,59,1.36,0.0,0.3,0.092,0,none,none,0.0,645,9
17962871511242698,reel,39,2026-08-29,17:00,Sat,17,5 mehendi looks that aren't yellow. 😭 😍 😂 🔥 👀 💯,47,6,10,#ootd #grwm #stylediaries #skincare #fashionreels #weddingoutfit #haircare #indianfashion #groomingtips #styletips,1,107942,50264,46.6,108175,2675,154,613,339,714,138,3781,7.52,1.22,0.67,0.275,2,mens_version:8|skin_tone:2,will this work on dusky skin?,31.7,645,9
17938522928762448,carousel,39,2026-08-29,18:10,Sat,18,high street dupes that fooled my sister. 💀 👀,44,2,10,#ootd #groomingtips #budgetfashion #styletips #grwm #haircare #fashionreels #stylediaries #fashionindia #weddingoutfit,3,108080,56304,52.1,76294,3849,158,1165,532,810,170,5704,10.13,2.07,0.94,0.302,2,link_request:10|mens_version:3,your style is everything,30.0,645,9
17904801577250962,reel,39,2026-08-29,20:50,Sat,20,frizz-free hair in humid weather. 💀 😍,37,2,8,#haircare #stylediaries #ootd #styletips #budgetfashion #fashionreels #groomingtips #grwm,1,108250,135748,125.4,314321,7723,253,1581,538,2247,342,10095,7.44,1.16,0.4,0.252,0,mens_version:8,obsessed 😍,41.7,645,9
17908667336325676,reel,39,2026-08-30,11:30,Sun,11,"5 festive looks under ₹1,500. 💀",31,1,10,#groomingtips #ootd #haircare #styletips #stylediaries #fashionindia #weddingoutfit #budgetfashion #grwm #fashionreels,1,108592,59039,54.4,140807,3390,153,1128,330,893,172,5001,8.47,1.91,0.56,0.291,3,link_request:4|mens_version:5,okay but the fit,21.7,435,16
17982845508868159,story,39,2026-08-30,17:56,Sun,17,link sticker: today's outfit,28,0,0,none,1,108592,5690,5.2,6173,0,44,0,17,56,5,61,1.07,0.0,0.3,0.088,0,none,none,0.0,435,16
17946918095090583,reel,39,2026-08-30,21:30,Sun,21,grwm for my cousin's sangeet.,29,0,0,none,1,108764,86075,79.1,214261,5447,288,574,362,1477,274,6671,7.75,0.67,0.42,0.318,2,link_request:3|mens_version:5,okay but the fit,23.3,435,16
17986146476397998,story,40,2026-08-31,13:55,Mon,13,this or that: saree or lehenga,30,0,0,none,1,109031,8594,7.9,9246,0,56,0,25,85,8,81,0.94,0.0,0.29,0.093,0,none,none,0.0,189,8
17923716649914264,carousel,40,2026-08-31,19:30,Mon,19,"one saree, four drapes.",23,0,3,#weddingoutfit #budgetfashion #fashionreels,4,109031,55721,51.1,88080,3591,232,865,353,1117,189,5041,9.05,1.55,0.63,0.339,7,link_request:5|mens_version:4|skin_tone:4,saving this,35.0,189,8
