content_id,content_type,week_number,date_ist,time_ist,weekday,hour_ist,caption,caption_length,emoji_count,hashtag_count,hashtags,media_items,followers_at_post,reach,reach_pct_of_followers,views,likes,comments,saves,shares,profile_visits,follows,total_interactions,engagement_rate_pct,save_rate_pct,share_rate_pct,follow_rate_pct,question_comments,comment_themes,top_comment,brand_reply_rate_pct,account_net_follows_that_day,account_unfollows_that_day
17942287846641945,story,1,2026-01-01,10:46,Thu,10,link: this week's newsletter,28,0,0,none,1,140000,8207,5.9,9001,0,52,0,24,82,8,76,0.93,0.0,0.29,0.097,0,none,none,0.0,141,12
17939155618593157,reel,1,2026-01-01,18:00,Thu,18,today's market in 3 charts. 😍 😭,31,2,0,none,1,140000,27671,19.8,75599,1752,67,122,91,542,65,2032,7.34,0.44,0.33,0.235,2,options_trading:2|panic_sell:1,why is it always banks,33.3,141,12
17954467307713947,story,1,2026-01-01,20:25,Thu,20,reminder: tax deadline in 10 days,33,0,0,none,1,140000,6464,4.6,8001,0,50,0,19,64,6,69,1.07,0.0,0.29,0.093,0,none,none,0.0,141,12
17952144421091105,story,1,2026-01-01,20:38,Thu,20,poll: did you invest this month?,32,0,0,none,1,140000,8590,6.1,10106,0,58,0,25,85,8,83,0.97,0.0,0.29,0.093,0,none,none,0.0,141,12
17918059752739211,reel,1,2026-01-01,21:40,Thu,21,today's market in 3 charts.,27,0,12,#financialliteracy #taxsaving #investing #personalfinance #sensex #stocks #stockmarketindia #nifty50 #wealth #mutualfunds #sip #moneytips,1,140065,30461,21.7,64749,1983,142,110,108,546,66,2343,7.69,0.36,0.35,0.217,2,options_trading:2,saved!,40.0,141,12
17970396544059106,reel,1,2026-01-02,08:50,Fri,8,what happens when a company does a stock split. 💯 😭,51,2,3,#personalfinance #taxsaving #financialliteracy,1,140132,99659,71.1,248883,6407,529,1911,608,1840,346,9455,9.49,1.92,0.61,0.347,6,options_trading:4|start_small:4,school should teach this,31.7,522,17
17942895316789166,story,1,2026-01-02,13:05,Fri,13,poll: did you invest this month?,32,0,0,none,1,140132,10189,7.3,12585,0,99,0,30,101,10,129,1.27,0.0,0.29,0.098,0,none,none,0.0,522,17
17902346221504918,story,1,2026-01-02,17:55,Fri,17,question box: ask me anything about SIPs,40,0,0,none,1,140132,9776,7.0,11780,0,106,0,29,97,9,135,1.38,0.0,0.3,0.092,106,none,none,0.0,522,17
17930909115910940,story,1,2026-01-02,20:55,Fri,20,reminder: tax deadline in 10 days,33,0,0,none,1,140132,8743,6.2,10372,0,52,0,26,87,8,78,0.89,0.0,0.3,0.092,0,none,none,0.0,522,17
17919066392282057,reel,1,2026-01-02,21:20,Fri,21,emergency fund: how much is actually enough. 💀 🙌,48,2,8,#nifty50 #mutualfunds #sip #financialliteracy #stocks #investing #moneytips #stockmarketindia,1,140478,51057,36.3,142930,3018,219,878,244,847,160,4359,8.54,1.72,0.48,0.313,9,start_small:9|term_insurance:2,best finance page,25.0,522,17
17947938175682252,story,1,2026-01-02,22:18,Fri,22,quiz: what does P/E stand for?,30,0,0,none,1,140132,6783,4.8,7658,0,59,0,20,67,6,79,1.16,0.0,0.29,0.088,0,none,none,0.0,522,17
17980738939023272,story,1,2026-01-03,09:13,Sat,9,quiz: what does P/E stand for?,30,0,0,none,1,140626,7355,5.2,8616,0,63,0,22,73,7,85,1.16,0.0,0.3,0.095,0,none,none,0.0,97,16
17906434865642601,story,1,2026-01-03,09:29,Sat,9,market close: nifty in one slide,32,0,0,none,1,140626,5807,4.1,7432,0,52,0,17,58,5,69,1.19,0.0,0.29,0.086,0,none,none,0.0,97,16
17955309170421842,reel,1,2026-01-03,18:50,Sat,18,old vs new tax regime: which one for your salary. ✨ 💯,53,2,5,#nifty50 #stocks #financialliteracy #sip #sensex,1,140626,30623,21.8,73720,2082,112,672,195,560,101,3061,10.0,2.19,0.64,0.33,1,term_insurance:4,clear as always,36.7,97,16
17944225405881322,carousel,1,2026-01-04,15:00,Sun,15,the sector that's about to explode 🚀 🫶 😍,40,2,12,#taxsaving #stockmarketindia #wealth #nifty50 #financialliteracy #sensex #mutualfunds #investing #personalfinance #stocks #moneytips #sip,6,140740,15281,10.9,23431,903,33,25,27,291,15,988,6.47,0.16,0.18,0.098,4,options_trading:1|trust_callout:8,are you sebi registered?,33.3,42,13
17983785820335734,story,1,2026-01-04,17:15,Sun,17,link: this week's newsletter,28,0,0,none,1,140740,8374,5.9,9676,0,99,0,25,83,8,124,1.48,0.0,0.3,0.096,0,none,none,0.0,42,13
17981790296319090,reel,1,2026-01-04,20:20,Sun,20,"why the market fell today, without the jargon.",46,0,3,#taxsaving #nifty50 #stockmarketindia,1,140755,19059,13.5,49704,973,49,65,50,319,32,1137,5.97,0.34,0.26,0.168,2,options_trading:1,thanks for the update,34.7,42,13
17968294939389577,carousel,1,2026-01-05,16:40,Mon,16,salary credited vs salary gone: a timeline. ✨,45,1,2,#moneytips #personalfinance,8,140794,31906,22.7,40940,2018,85,35,300,640,48,2438,7.64,0.11,0.94,0.15,0,none,thanks for keeping it simple,31.7,154,82
17917253085358128,carousel,1,2026-01-05,18:10,Mon,18,last-minute tax saving without bad decisions.,45,0,0,none,10,140842,70863,50.3,91553,3836,296,1092,312,1256,188,5536,7.81,1.54,0.44,0.265,2,term_insurance:3,term insurance explainer please,30.0,154,82
17991431232273930,reel,1,2026-01-06,08:10,Tue,8,"the 50/30/20 rule, adjusted for indian salaries. 🔥 🫶",52,2,0,none,1,140963,112971,80.1,234513,7733,422,1774,570,1909,367,10499,9.29,1.57,0.5,0.325,2,start_small:1|term_insurance:6,wish i knew this at 22,26.7,362,14
17959509570137564,story,1,2026-01-06,22:17,Tue,22,reminder: tax deadline in 10 days,33,0,0,none,1,140963,9791,6.9,11375,0,27,0,29,97,9,56,0.57,0.0,0.3,0.092,0,none,none,0.0,362,14
17982387281963867,reel,1,2026-01-07,09:50,Wed,9,"why the market fell today, without the jargon. 😂",48,1,3,#wealth #taxsaving #mutualfunds,1,141333,44626,31.6,119397,2773,123,146,132,666,84,3174,7.11,0.33,0.3,0.188,2,options_trading:2,thanks for keeping it simple,23.3,172,19
17955606855540185,story,1,2026-01-07,10:39,Wed,10,market close: nifty in one slide,32,0,0,none,1,141333,8969,6.3,10779,0,92,0,26,89,8,118,1.32,0.0,0.29,0.089,0,none,none,0.0,172,19
17944452598424362,story,1,2026-01-07,10:50,Wed,10,quiz: what does P/E stand for?,30,0,0,none,1,141333,10278,7.3,12068,0,119,0,30,102,10,149,1.45,0.0,0.29,0.097,0,none,none,0.0,172,19
17913230385690119,story,1,2026-01-07,10:51,Wed,10,question box: ask me anything about SIPs,40,0,0,none,1,141333,7920,5.6,8446,0,89,0,23,79,7,112,1.41,0.0,0.29,0.088,89,none,none,0.0,172,19
17975751757221513,reel,1,2026-01-07,16:20,Wed,16,the 'Zentrix Logistics' IPO: what the prospectus actually says. 💀 🙌 ✨ 😍 👀 🔥,75,6,2,#sip #moneytips,1,141417,16316,11.5,29477,979,61,168,68,315,44,1276,7.82,1.03,0.42,0.27,0,none,best finance page,38.3,172,19
17985467116855703,story,1,2026-01-07,17:42,Wed,17,link: this week's newsletter,28,0,0,none,1,141333,11099,7.9,14385,0,132,0,33,110,11,165,1.49,0.0,0.3,0.099,0,none,none,0.0,172,19
17903944151441884,story,1,2026-01-07,17:48,Wed,17,market close: nifty in one slide,32,0,0,none,1,141333,6768,4.8,8235,0,72,0,20,67,6,92,1.36,0.0,0.3,0.089,0,none,none,0.0,172,19
17907948013515354,story,1,2026-01-07,17:56,Wed,17,market close: nifty in one slide,32,0,0,none,1,141333,10389,7.4,12079,0,30,0,31,103,10,61,0.59,0.0,0.3,0.096,0,none,none,0.0,172,19
17948217887464152,story,1,2026-01-07,22:23,Wed,22,reminder: tax deadline in 10 days,33,0,0,none,1,141333,11275,8.0,12825,0,77,0,33,112,11,110,0.98,0.0,0.29,0.098,0,none,none,0.0,172,19
17971189469739605,carousel,2,2026-01-08,07:50,Thu,7,credit card rules that keep you out of debt. 😭 🔥,48,2,5,#stockmarketindia #mutualfunds #nifty50 #sensex #personalfinance,7,141462,59212,41.9,90689,3652,184,1002,339,970,173,5177,8.74,1.69,0.57,0.292,4,start_small:4|term_insurance:1,thanks for keeping it simple,28.3,183,10
17999683867567655,story,2,2026-01-08,10:02,Thu,10,question box: ask me anything about SIPs,40,0,0,none,1,141462,7773,5.5,8956,0,66,0,23,77,7,89,1.14,0.0,0.3,0.09,66,none,none,0.0,183,10
17954564715154197,story,2,2026-01-08,22:01,Thu,22,quiz: what does P/E stand for?,30,0,0,none,1,141462,6959,4.9,8590,0,49,0,20,69,6,69,0.99,0.0,0.29,0.086,0,none,none,0.0,183,10
17931039934742269,story,2,2026-01-08,22:29,Thu,22,question box: ask me anything about SIPs,40,0,0,none,1,141462,7493,5.3,8827,0,50,0,22,74,7,72,0.96,0.0,0.29,0.093,50,none,none,0.0,183,10
17943834477064254,story,2,2026-01-09,09:25,Fri,9,quiz: what does P/E stand for?,30,0,0,none,1,141633,8349,5.9,10346,0,76,0,25,83,8,101,1.21,0.0,0.3,0.096,0,none,none,0.0,237,19
17957904540695107,story,2,2026-01-09,10:31,Fri,10,poll: did you invest this month?,32,0,0,none,1,141633,8821,6.2,9498,0,83,0,26,88,8,109,1.24,0.0,0.29,0.091,0,none,none,0.0,237,19
17996128883325993,reel,2,2026-01-09,12:50,Fri,12,sensex in 60 seconds: what moved and why.,41,0,5,#nifty50 #mutualfunds #personalfinance #wealth #stocks,1,141633,23995,16.9,59100,1486,110,94,75,371,45,1765,7.36,0.39,0.31,0.188,4,options_trading:2|panic_sell:2,thanks for the update,43.3,237,19
17957986450483606,story,2,2026-01-09,17:00,Fri,17,poll: did you invest this month?,32,0,0,none,1,141633,5901,4.2,6860,0,33,0,17,59,5,50,0.85,0.0,0.29,0.085,0,none,none,0.0,237,19
17936623245951782,carousel,2,2026-01-09,20:20,Fri,20,SIP vs lump sum: which actually wins over 10 years. 😭 🙌 💀 👀,59,4,8,#personalfinance #nifty50 #taxsaving #stockmarketindia #stocks #sensex #moneytips #wealth,5,141678,48539,34.3,72823,3017,141,805,277,840,190,4240,8.74,1.66,0.57,0.391,2,options_trading:5|start_small:1,finally understood this,33.3,237,19
17976181090990367,carousel,2,2026-01-10,07:10,Sat,7,sensex in 60 seconds: what moved and why. 👀 💀 🫶 🔥,49,4,5,#sip #personalfinance #mutualfunds #wealth #financialliteracy,6,141865,19229,13.6,28525,1191,50,57,53,366,38,1351,7.03,0.3,0.28,0.198,3,options_trading:2,what are call and put options?,28.0,79,10
17920604354183662,story,2,2026-01-10,10:21,Sat,10,link: this week's newsletter,28,0,0,none,1,141865,9015,6.4,10202,0,32,0,27,90,9,59,0.65,0.0,0.3,0.1,0,none,none,0.0,79,10
17922973105170090,reel,2,2026-01-10,16:30,Sat,16,sensex in 60 seconds: what moved and why.,41,0,3,#investing #stockmarketindia #sip,1,141903,14545,10.2,33556,866,67,47,39,266,27,1019,7.01,0.32,0.27,0.186,3,options_trading:3|panic_sell:2,wish i knew this at 22,20.0,79,10
17971390677704942,story,2,2026-01-10,17:18,Sat,17,link: this week's newsletter,28,0,0,none,1,141865,7653,5.4,8562,0,54,0,22,76,7,76,0.99,0.0,0.29,0.091,0,none,none,0.0,79,10
17987169187582148,story,2,2026-01-10,22:30,Sat,22,quiz: what does P/E stand for?,30,0,0,none,1,141865,8145,5.7,10562,0,89,0,24,81,8,113,1.39,0.0,0.29,0.098,0,none,none,0.0,79,10
17902651582268335,carousel,2,2026-01-11,12:00,Sun,12,stocks to watch this week 🔥 🙌,29,1,5,#financialliteracy #investing #personalfinance #taxsaving #nifty50,7,141925,21868,15.4,32997,1430,68,49,56,443,19,1603,7.33,0.22,0.26,0.087,10,options_trading:2|trust_callout:18,are you sebi registered?,26.7,14,13
17912433182694191,story,2,2026-01-11,13:11,Sun,13,poll: did you invest this month?,32,0,0,none,1,141925,8208,5.8,10132,0,18,0,24,82,8,42,0.51,0.0,0.29,0.097,0,none,none,0.0,14,13
17997130661858333,story,2,2026-01-12,10:19,Mon,10,question box: ask me anything about SIPs,40,0,0,none,1,141951,10143,7.1,12539,0,30,0,30,101,10,60,0.59,0.0,0.3,0.099,30,none,none,0.0,356,81
17917236603981883,story,2,2026-01-12,17:17,Mon,17,reminder: tax deadline in 10 days,33,0,0,none,1,141951,10873,7.7,12358,0,36,0,32,108,10,68,0.63,0.0,0.29,0.092,0,none,none,0.0,356,81
17987421672830553,story,2,2026-01-12,17:37,Mon,17,market close: nifty in one slide,32,0,0,none,1,141951,7806,5.5,8460,0,44,0,23,78,7,67,0.86,0.0,0.29,0.09,0,none,none,0.0,356,81
17948263024862941,story,2,2026-01-12,17:51,Mon,17,reminder: tax deadline in 10 days,33,0,0,none,1,141951,9387,6.6,11091,0,83,0,28,93,9,111,1.18,0.0,0.3,0.096,0,none,none,0.0,356,81
17981599080410270,reel,2,2026-01-12,18:10,Mon,18,old vs new tax regime: which one for your salary.,49,0,10,#taxsaving #investing #financialliteracy #wealth #stocks #stockmarketindia #mutualfunds #personalfinance #sip #moneytips,1,141951,97165,68.4,179829,6147,260,1745,545,1521,228,8697,8.95,1.8,0.56,0.235,1,term_insurance:2,clear as always,41.7,356,81
17978721832353186,story,2,2026-01-12,20:32,Mon,20,link: this week's newsletter,28,0,0,none,1,141951,6971,4.9,7742,0,24,0,20,69,6,44,0.63,0.0,0.29,0.086,0,none,none,0.0,356,81
17982055949023119,carousel,2,2026-01-12,20:40,Mon,20,debt funds vs FDs: the honest comparison. ✨ 💀 🙌 🫶 💯 🔥,53,6,0,none,5,142179,49128,34.6,76288,3092,201,1073,244,802,167,4610,9.38,2.18,0.5,0.34,5,options_trading:1|start_small:5,clear as always,31.7,356,81
17984343743967959,carousel,2,2026-01-13,07:00,Tue,7,sensex in 60 seconds: what moved and why. 🫶,43,1,8,#taxsaving #sip #investing #wealth #mutualfunds #personalfinance #sensex #nifty50,8,142282,51991,36.5,81265,3580,176,219,140,983,117,4115,7.91,0.42,0.27,0.225,3,options_trading:2|panic_sell:1,thanks for the update,36.7,410,12
17935202161036785,image,2,2026-01-13,09:50,Tue,9,what is an expense ratio and why it matters. 🫶 🔥,48,2,5,#nifty50 #sensex #personalfinance #mutualfunds #investing,1,142399,29455,20.7,38946,1824,101,672,132,577,136,2729,9.26,2.28,0.45,0.462,7,options_trading:4|start_small:4,"beginner here, where do i start?",31.7,410,12
17986876349438389,reel,2,2026-01-13,16:10,Tue,16,how compounding works (the boring truth).,41,0,2,#stocks #taxsaving,1,142535,39490,27.7,100872,2040,153,698,159,746,169,3050,7.72,1.77,0.4,0.428,4,options_trading:4|start_small:2,best finance page,25.0,410,12
17918664441107746,carousel,2,2026-01-14,09:30,Wed,9,buy high sell low: my strategy. 👀 🙌 💀 😭 😂 ✨,43,6,12,#taxsaving #sensex #investing #moneytips #stockmarketindia #financialliteracy #stocks #wealth #nifty50 #personalfinance #sip #mutualfunds,10,142698,21165,14.8,32635,1180,76,20,172,395,26,1448,6.84,0.09,0.81,0.123,0,none,saved!,38.3,168,17
17913749152365948,carousel,2,2026-01-14,12:30,Wed,12,last-minute tax saving without bad decisions.,45,0,10,#wealth #financialliteracy #taxsaving #stocks #moneytips #nifty50 #personalfinance #sip #mutualfunds #investing,6,142724,45893,32.2,66372,3087,177,752,289,805,151,4305,9.38,1.64,0.63,0.329,0,term_insurance:1,clear as always,23.3,168,17
17953951432045301,story,2,2026-01-14,17:51,Wed,17,poll: did you invest this month?,32,0,0,none,1,142698,8173,5.7,10607,0,53,0,24,81,8,77,0.94,0.0,0.29,0.098,0,none,none,0.0,168,17
17992974251346656,carousel,3,2026-01-15,09:30,Thu,9,"HRA, 80D, NPS: what most people miss. 🫶 🙌 😂 😍",45,4,2,#wealth #moneytips,4,142870,26309,18.4,32597,1784,65,410,180,402,63,2439,9.27,1.56,0.68,0.239,1,term_insurance:3,very helpful,41.7,170,16
17970302057956908,story,3,2026-01-15,09:44,Thu,9,market close: nifty in one slide,32,0,0,none,1,142870,8219,5.8,9180,0,58,0,24,82,8,82,1.0,0.0,0.29,0.097,0,none,none,0.0,170,16
17996164322731933,story,3,2026-01-15,13:42,Thu,13,market close: nifty in one slide,32,0,0,none,1,142870,7726,5.4,8676,0,67,0,23,77,7,90,1.16,0.0,0.3,0.091,0,none,none,0.0,170,16
17923685865604210,story,3,2026-01-15,20:17,Thu,20,question box: ask me anything about SIPs,40,0,0,none,1,142870,7694,5.4,8880,0,71,0,23,76,7,94,1.22,0.0,0.3,0.091,71,none,none,0.0,170,16
17994871276124117,carousel,3,2026-01-15,20:30,Thu,20,the 'Zentrix Logistics' IPO: what the prospectus actually says. ✨ 😭 👀 🫶,71,4,2,#moneytips #nifty50,7,142933,42088,29.4,58241,2324,150,410,182,754,101,3066,7.28,0.97,0.43,0.24,0,none,very helpful,28.3,170,16
17966545100889665,story,3,2026-01-16,09:17,Fri,9,poll: did you invest this month?,32,0,0,none,1,143041,9399,6.6,11035,0,54,0,28,93,9,82,0.87,0.0,0.3,0.096,0,none,none,0.0,63,12
17959210185736076,reel,3,2026-01-16,12:20,Fri,12,me checking my portfolio 47 times on a red day. 💯,49,1,3,#sip #taxsaving #personalfinance,1,143041,24771,17.3,68664,1286,61,26,202,453,35,1575,6.36,0.1,0.82,0.141,0,none,tag your broke friend,38.3,63,12
17977072522039436,reel,3,2026-01-16,18:10,Fri,18,the sector that's about to explode 🚀 🙌,38,1,2,#mutualfunds #nifty50,1,143076,44926,31.4,107706,2882,166,91,84,643,31,3223,7.17,0.2,0.19,0.069,4,options_trading:1|trust_callout:14,thanks for keeping it simple,26.7,63,12
17970360512609444,story,3,2026-01-17,17:59,Sat,17,link: this week's newsletter,28,0,0,none,1,143124,6531,4.6,7252,0,64,0,19,65,6,83,1.27,0.0,0.29,0.092,0,none,none,0.0,-71,77
17950274221266986,reel,3,2026-01-18,08:30,Sun,8,80C in one slide: every option ranked. 😭 👀 🫶 😍,46,4,8,#stockmarketindia #sensex #moneytips #mutualfunds #taxsaving #nifty50 #wealth #stocks,1,143071,52201,36.5,142284,3443,264,941,317,710,135,4965,9.51,1.8,0.61,0.259,0,term_insurance:3,sharing with my dad,33.3,140,12
17902947968436605,story,3,2026-01-18,10:36,Sun,10,link: this week's newsletter,28,0,0,none,1,143071,8315,5.8,10511,0,99,0,24,83,8,123,1.48,0.0,0.29,0.096,0,none,none,0.0,140,12
17947826442424020,story,3,2026-01-18,22:28,Sun,22,quiz: what does P/E stand for?,30,0,0,none,1,143071,9077,6.3,10188,0,41,0,27,90,9,68,0.75,0.0,0.3,0.099,0,none,none,0.0,140,12
17939271632840507,story,3,2026-01-19,17:53,Mon,17,reminder: tax deadline in 10 days,33,0,0,none,1,143209,9166,6.4,11473,0,61,0,27,91,9,88,0.96,0.0,0.29,0.098,0,none,none,0.0,84,14
17971188580933895,reel,3,2026-01-19,18:50,Mon,18,how IPO allotment actually works. 😍 👀,37,2,0,none,1,143209,37200,26.0,86637,2134,157,325,125,744,89,2741,7.37,0.87,0.34,0.239,0,none,very helpful,31.7,84,14
17913128957607035,carousel,3,2026-01-20,13:10,Tue,13,SIP vs lump sum: which actually wins over 10 years. 🔥,53,1,10,#financialliteracy #investing #moneytips #sip #stocks #sensex #taxsaving #mutualfunds #wealth #personalfinance,4,143291,33441,23.3,49324,1965,152,730,194,663,142,3041,9.09,2.18,0.58,0.425,3,options_trading:3|start_small:2,school should teach this,36.7,240,17
17948228399967808,carousel,3,2026-01-20,20:50,Tue,20,the 'Zentrix Logistics' IPO: what the prospectus actually says. 🔥 💀 🙌 😭,71,4,8,#mutualfunds #nifty50 #stocks #wealth #taxsaving #sensex #financialliteracy #stockmarketindia,9,143433,21495,15.0,26154,1314,83,164,86,324,43,1647,7.66,0.76,0.4,0.2,0,none,very helpful,28.3,240,17
17992103671965757,image,3,2026-01-20,21:00,Tue,21,5 money mistakes i made in my first job. 😭,42,1,12,#personalfinance #stocks #sip #wealth #sensex #taxsaving #investing #moneytips #mutualfunds #stockmarketindia #financialliteracy #nifty50,1,143476,19785,13.8,30311,1117,57,247,91,353,62,1512,7.64,1.25,0.46,0.313,4,start_small:4|term_insurance:1,clear as always,29.8,240,17
17950686403067662,story,3,2026-01-20,22:20,Tue,22,reminder: tax deadline in 10 days,33,0,0,none,1,143291,10494,7.3,12217,0,121,0,31,104,10,152,1.45,0.0,0.3,0.095,0,none,none,0.0,240,17
17911023351149955,reel,3,2026-01-21,09:20,Wed,9,last-minute tax saving without bad decisions. 😍,47,1,2,#taxsaving #financialliteracy,1,143550,136591,95.2,284459,8461,536,2184,753,1892,328,11934,8.74,1.6,0.55,0.24,2,term_insurance:4,best finance page,33.3,375,11
17955344276974558,story,3,2026-01-21,09:21,Wed,9,link: this week's newsletter,28,0,0,none,1,143550,10292,7.2,12438,0,118,0,30,102,10,148,1.44,0.0,0.29,0.097,0,none,none,0.0,375,11
17940533083062138,carousel,3,2026-01-21,15:50,Wed,15,"market wrap: nifty closed flat, banks dragged, IT held up. 3 things that moved today. 💀 👀 🫶 🔥 😍 😂",97,6,5,#nifty50 #taxsaving #stockmarketindia #moneytips #financialliteracy,9,143878,16997,11.8,24872,963,80,67,41,232,30,1151,6.77,0.39,0.24,0.177,0,options_trading:1,best finance page,35.0,375,11
17972402221661949,story,3,2026-01-21,17:39,Wed,17,quiz: what does P/E stand for?,30,0,0,none,1,143550,8808,6.1,9358,0,74,0,26,88,8,100,1.14,0.0,0.3,0.091,0,none,none,0.0,375,11
17933219809324290,story,3,2026-01-21,22:38,Wed,22,reminder: tax deadline in 10 days,33,0,0,none,1,143550,10836,7.5,11407,0,110,0,32,108,10,142,1.31,0.0,0.3,0.092,0,none,none,0.0,375,11
17957371618870983,story,4,2026-01-22,09:49,Thu,9,poll: did you invest this month?,32,0,0,none,1,143918,10268,7.1,12696,0,101,0,30,102,10,131,1.28,0.0,0.29,0.097,0,none,none,0.0,83,17
17929081610642153,story,4,2026-01-22,09:51,Thu,9,quiz: what does P/E stand for?,30,0,0,none,1,143918,8605,6.0,9406,0,95,0,25,86,8,120,1.39,0.0,0.29,0.093,0,none,none,0.0,83,17
17951016660823152,story,4,2026-01-22,13:38,Thu,13,market close: nifty in one slide,32,0,0,none,1,143918,9908,6.9,12355,0,116,0,29,99,9,145,1.46,0.0,0.29,0.091,0,none,none,0.0,83,17
17926171605895620,story,4,2026-01-22,17:02,Thu,17,link: this week's newsletter,28,0,0,none,1,143918,7767,5.4,9263,0,58,0,23,77,7,81,1.04,0.0,0.3,0.09,0,none,none,0.0,83,17
17909464632760927,reel,4,2026-01-22,21:50,Thu,21,3 stocks that could double this year 🚀 😍,40,1,10,#sensex #mutualfunds #sip #moneytips #investing #nifty50 #stocks #financialliteracy #wealth #taxsaving,1,143918,64598,44.9,118862,3917,248,100,131,1242,59,4396,6.81,0.15,0.2,0.091,5,options_trading:2|trust_callout:17,are you sebi registered?,30.0,83,17
17901055824767220,story,4,2026-01-22,22:41,Thu,22,question box: ask me anything about SIPs,40,0,0,none,1,143918,7104,4.9,8209,0,15,0,21,71,7,36,0.51,0.0,0.3,0.099,15,none,none,0.0,83,17
17926676202047216,carousel,4,2026-01-23,09:10,Fri,9,"'Novaleaf Foods' IPO breakdown: revenue, debt, red flags.",57,0,3,#nifty50 #taxsaving #sensex,4,143965,50069,34.8,61356,2654,103,409,163,956,109,3329,6.65,0.82,0.33,0.218,0,none,saved!,25.0,60,57
17912121915211750,story,4,2026-01-23,22:42,Fri,22,market close: nifty in one slide,32,0,0,none,1,143965,8738,6.1,9227,0,66,0,26,87,8,92,1.05,0.0,0.3,0.092,0,none,none,0.0,60,57
17976367363991382,story,4,2026-01-24,13:19,Sat,13,poll: did you invest this month?,32,0,0,none,1,144045,6152,4.3,7515,0,35,0,18,61,6,53,0.86,0.0,0.29,0.098,0,none,none,0.0,12,11
17937497127541764,story,4,2026-01-24,17:23,Sat,17,question box: ask me anything about SIPs,40,0,0,none,1,144045,8781,6.1,9821,0,31,0,26,87,8,57,0.65,0.0,0.3,0.091,31,none,none,0.0,12,11
17912749116698323,story,4,2026-01-24,20:58,Sat,20,reminder: tax deadline in 10 days,33,0,0,none,1,144045,9680,6.7,11863,0,44,0,29,96,9,73,0.75,0.0,0.3,0.093,0,none,none,0.0,12,11
17928919364537378,story,4,2026-01-25,10:07,Sun,10,quiz: what does P/E stand for?,30,0,0,none,1,144051,9752,6.8,11476,0,110,0,29,97,9,139,1.43,0.0,0.3,0.092,0,none,none,0.0,0,14
17965637717105966,story,4,2026-01-25,13:40,Sun,13,question box: ask me anything about SIPs,40,0,0,none,1,144051,5792,4.0,7369,0,15,0,17,57,5,32,0.55,0.0,0.29,0.086,15,none,none,0.0,0,14
17953254278869219,story,4,2026-01-26,10:18,Mon,10,question box: ask me anything about SIPs,40,0,0,none,1,144057,8573,6.0,11021,0,84,0,25,85,8,109,1.27,0.0,0.29,0.093,84,none,none,0.0,54,13
17941835336236900,carousel,4,2026-01-26,12:40,Mon,12,"'Novaleaf Foods' IPO breakdown: revenue, debt, red flags. 💯",59,1,0,none,10,144057,26284,18.2,36498,1674,84,236,130,468,51,2124,8.08,0.9,0.49,0.194,0,none,sharing with my dad,31.7,54,13
17976815433445048,story,4,2026-01-26,17:16,Mon,17,market close: nifty in one slide,32,0,0,none,1,144057,8769,6.1,10916,0,55,0,26,87,8,81,0.92,0.0,0.3,0.091,0,none,none,0.0,54,13
17948460900362152,reel,4,2026-01-27,09:20,Tue,9,this smallcap is flying under the radar 👀,41,0,5,#wealth #financialliteracy #personalfinance #mutualfunds #investing,1,144117,46573,32.3,97821,2980,215,80,106,663,31,3381,7.26,0.17,0.23,0.067,8,options_trading:3|trust_callout:17,thanks for keeping it simple,35.0,389,17
17962506020470106,story,4,2026-01-27,17:22,Tue,17,market close: nifty in one slide,32,0,0,none,1,144117,9110,6.3,10532,0,23,0,27,91,9,50,0.55,0.0,0.3,0.099,0,none,none,0.0,389,17
17951785212331640,story,4,2026-01-27,17:33,Tue,17,poll: did you invest this month?,32,0,0,none,1,144117,6204,4.3,6661,0,57,0,18,62,6,75,1.21,0.0,0.29,0.097,0,none,none,0.0,389,17
17994074962215362,reel,4,2026-01-27,20:20,Tue,20,old vs new tax regime: which one for your salary.,49,0,5,#sensex #stocks #stockmarketindia #mutualfunds #wealth,1,144148,80086,55.6,213620,4899,206,1108,512,1393,219,6725,8.4,1.38,0.64,0.273,1,term_insurance:2,best finance page,20.0,389,17
17974468372531014,carousel,4,2026-01-27,21:10,Tue,21,80C in one slide: every option ranked. 👀 😂 🙌 😭,46,4,10,#mutualfunds #stockmarketindia #wealth #nifty50 #taxsaving #investing #moneytips #sensex #personalfinance #stocks,5,144367,51041,35.4,62549,2677,162,844,272,765,141,3955,7.75,1.65,0.53,0.276,0,term_insurance:3,clear as always,33.3,389,17
17970105609299886,story,4,2026-01-28,10:27,Wed,10,question box: ask me anything about SIPs,40,0,0,none,1,144509,10578,7.3,11800,0,31,0,31,105,10,62,0.59,0.0,0.29,0.095,31,none,none,0.0,295,117
17979249789868461,carousel,4,2026-01-28,12:50,Wed,12,how to read a company's annual report in 15 minutes. 😍,54,1,8,#investing #moneytips #mutualfunds #financialliteracy #wealth #personalfinance #stocks #nifty50,3,144509,39437,27.3,58396,2052,126,539,217,731,170,2934,7.44,1.37,0.55,0.431,4,options_trading:3|start_small:3,"beginner here, where do i start?",36.7,295,117
17959282531284742,story,4,2026-01-28,20:08,Wed,20,poll: did you invest this month?,32,0,0,none,1,144509,10410,7.2,13416,0,104,0,31,104,10,135,1.3,0.0,0.3,0.096,0,none,none,0.0,295,117
17980216850455381,reel,4,2026-01-28,20:20,Wed,20,emergency fund: how much is actually enough.,44,0,0,none,1,144679,62470,43.2,127067,3733,220,892,345,1216,222,5190,8.31,1.43,0.55,0.355,3,start_small:1|term_insurance:4,best finance page,25.0,295,117
17944274341112887,carousel,5,2026-01-29,13:20,Thu,13,the budget in 8 slides. no jargon.,34,0,12,#wealth #sensex #nifty50 #moneytips #mutualfunds #stocks #financialliteracy #investing #sip #stockmarketindia #personalfinance #taxsaving,4,144811,49815,34.4,68890,2762,109,666,451,797,194,3988,8.01,1.34,0.91,0.389,0,none,wish i knew this at 22,35.0,221,15
17915445400135531,carousel,5,2026-01-29,20:00,Thu,20,"'Novaleaf Foods' IPO breakdown: revenue, debt, red flags. 🫶 👀 😂 🔥",65,4,5,#sensex #financialliteracy #personalfinance #mutualfunds #stockmarketindia,5,145005,18796,13.0,29858,1117,86,155,75,334,42,1433,7.62,0.82,0.4,0.223,0,none,best finance page,28.3,221,15
17930714590780109,story,5,2026-01-30,09:30,Fri,9,poll: did you invest this month?,32,0,0,none,1,145056,7227,5.0,9180,0,51,0,21,72,7,72,1.0,0.0,0.29,0.097,0,none,none,0.0,570,16
17901527231836217,story,5,2026-01-30,09:30,Fri,9,reminder: tax deadline in 10 days,33,0,0,none,1,145056,11183,7.7,13099,0,66,0,33,111,11,99,0.89,0.0,0.3,0.098,0,none,none,0.0,570,16
17909692769598081,carousel,5,2026-01-30,09:40,Fri,9,budget day: what changes for salaried people.,45,0,12,#nifty50 #mutualfunds #wealth #stocks #investing #sip #personalfinance #taxsaving #stockmarketindia #sensex #financialliteracy #moneytips,8,145056,62331,43.0,90899,3571,163,811,603,1002,282,5148,8.26,1.3,0.97,0.452,0,none,best finance page,25.0,570,16
17945384542537607,story,5,2026-01-30,09:46,Fri,9,market close: nifty in one slide,32,0,0,none,1,145056,7123,4.9,8740,0,47,0,21,71,7,68,0.95,0.0,0.29,0.098,0,none,none,0.0,570,16
17904902337511323,reel,5,2026-01-30,13:20,Fri,13,old vs new tax regime: which one for your salary.,49,0,10,#personalfinance #nifty50 #taxsaving #stockmarketindia #sensex #sip #financialliteracy #investing #moneytips #mutualfunds,1,145338,59694,41.1,124048,3206,200,924,251,976,174,4581,7.67,1.55,0.42,0.291,1,term_insurance:3,sharing with my dad,23.3,570,16
17982559376622823,reel,5,2026-01-30,21:10,Fri,21,"the 50/30/20 rule, adjusted for indian salaries. 🫶",50,1,8,#moneytips #stocks #investing #financialliteracy #mutualfunds #nifty50 #wealth #taxsaving,1,145512,35390,24.3,80058,1879,90,541,142,657,105,2652,7.49,1.53,0.4,0.297,2,start_small:2,best finance page,28.3,570,16
17957885823325947,carousel,5,2026-01-31,07:40,Sat,7,how to read a company's annual report in 15 minutes.,52,0,10,#investing #nifty50 #mutualfunds #moneytips #wealth #financialliteracy #sip #sensex #personalfinance #taxsaving,8,145610,35372,24.3,56063,1917,140,522,205,614,136,2784,7.87,1.48,0.58,0.384,8,options_trading:6|start_small:3,finally understood this,23.3,226,12
17953687919908476,reel,5,2026-01-31,08:40,Sat,8,the 'Zentrix Logistics' IPO: what the prospectus actually says. ✨,65,1,0,none,1,145746,36966,25.4,100694,2344,163,339,155,642,76,3001,8.12,0.92,0.42,0.206,0,none,wish i knew this at 22,38.3,226,12
17913431381438696,story,5,2026-01-31,17:02,Sat,17,question box: ask me anything about SIPs,40,0,0,none,1,145610,10763,7.4,11895,0,119,0,32,107,10,151,1.4,0.0,0.3,0.093,119,none,none,0.0,226,12
17957742002510308,story,5,2026-01-31,17:04,Sat,17,link: this week's newsletter,28,0,0,none,1,145610,7395,5.1,9044,0,52,0,22,73,7,74,1.0,0.0,0.3,0.095,0,none,none,0.0,226,12
17998685476764848,story,5,2026-01-31,20:39,Sat,20,poll: did you invest this month?,32,0,0,none,1,145610,9395,6.5,10906,0,34,0,28,93,9,62,0.66,0.0,0.3,0.096,0,none,none,0.0,226,12
17997380284391848,story,5,2026-02-01,09:37,Sun,9,question box: ask me anything about SIPs,40,0,0,none,1,145837,10229,7.0,12042,0,105,0,30,102,10,135,1.32,0.0,0.29,0.098,105,none,none,0.0,172,13
17901129542945056,story,5,2026-02-01,09:48,Sun,9,poll: did you invest this month?,32,0,0,none,1,145837,10099,6.9,12243,0,93,0,30,100,10,123,1.22,0.0,0.3,0.099,0,none,none,0.0,172,13
17940411287801012,story,5,2026-02-01,10:22,Sun,10,poll: did you invest this month?,32,0,0,none,1,145837,8223,5.6,8802,0,92,0,24,82,8,116,1.41,0.0,0.29,0.097,0,none,none,0.0,172,13
17939294263133700,story,5,2026-02-01,13:13,Sun,13,link: this week's newsletter,28,0,0,none,1,145837,10385,7.1,11969,0,122,0,31,103,10,153,1.47,0.0,0.3,0.096,0,none,none,0.0,172,13
17928411153021812,story,5,2026-02-01,17:09,Sun,17,quiz: what does P/E stand for?,30,0,0,none,1,145837,10449,7.2,12450,0,33,0,31,104,10,64,0.61,0.0,0.3,0.096,0,none,none,0.0,172,13
17960475186005595,reel,5,2026-02-01,20:10,Sun,20,the sector that's about to explode 🚀,36,0,2,#stockmarketindia #nifty50,1,145837,46466,31.9,88217,2968,156,90,87,694,34,3301,7.1,0.19,0.19,0.073,8,options_trading:5|trust_callout:18,are you sebi registered?,30.0,172,13
17972820034575472,image,5,2026-02-01,21:30,Sun,21,last-minute tax saving without bad decisions. 👀 💀,49,2,8,#sensex #wealth #personalfinance #mutualfunds #stockmarketindia #taxsaving #sip #investing,1,145871,32259,22.1,49168,2004,97,549,180,552,103,2830,8.77,1.7,0.56,0.319,2,term_insurance:3,health vs term insurance?,33.3,172,13
17915538201401875,carousel,5,2026-02-02,08:40,Mon,8,how to build a budget you'll actually follow.,45,0,2,#financialliteracy #personalfinance,6,145974,52961,36.3,81808,3343,164,855,283,786,123,4645,8.77,1.61,0.53,0.232,3,start_small:3|term_insurance:2,sharing with my dad,28.3,63,96
17926262066847651,story,5,2026-02-02,09:05,Mon,9,quiz: what does P/E stand for?,30,0,0,none,1,145974,7577,5.2,8333,0,88,0,22,75,7,110,1.45,0.0,0.29,0.092,0,none,none,0.0,63,96
17969269714563220,story,5,2026-02-02,10:18,Mon,10,poll: did you invest this month?,32,0,0,none,1,145974,8404,5.8,9147,0,88,0,25,84,8,113,1.34,0.0,0.3,0.095,0,none,none,0.0,63,96
17981133817483280,story,5,2026-02-02,17:39,Mon,17,market close: nifty in one slide,32,0,0,none,1,145974,7666,5.3,9121,0,88,0,22,76,7,110,1.43,0.0,0.29,0.091,0,none,none,0.0,63,96
17957120420090104,story,5,2026-02-02,20:15,Mon,20,quiz: what does P/E stand for?,30,0,0,none,1,145974,5985,4.1,6910,0,31,0,17,59,5,48,0.8,0.0,0.28,0.084,0,none,none,0.0,63,96
17977956215949441,story,5,2026-02-02,22:22,Mon,22,question box: ask me anything about SIPs,40,0,0,none,1,145974,9408,6.4,10343,0,87,0,28,94,9,115,1.22,0.0,0.3,0.096,87,none,none,0.0,63,96
17917727189581004,carousel,5,2026-02-03,07:40,Tue,7,"market wrap: nifty closed flat, banks dragged, IT held up. 3 things that moved today. 😂",87,1,3,#sensex #stockmarketindia #sip,6,146006,49240,33.7,69779,3042,117,162,143,774,102,3464,7.03,0.33,0.29,0.207,4,options_trading:8,can you do an options series,40.0,421,10
17988684237461309,story,5,2026-02-03,09:10,Tue,9,question box: ask me anything about SIPs,40,0,0,none,1,146006,10801,7.4,11480,0,89,0,32,108,10,121,1.12,0.0,0.3,0.093,89,none,none,0.0,421,10
17924770571970676,reel,5,2026-02-03,12:00,Tue,12,80C in one slide: every option ranked. 💀,40,1,3,#wealth #mutualfunds #nifty50,1,146108,46208,31.6,124456,2454,181,571,225,825,158,3431,7.43,1.24,0.49,0.342,1,term_insurance:2,thanks for keeping it simple,30.0,421,10
17954283897640373,carousel,5,2026-02-03,15:00,Tue,15,last-minute tax saving without bad decisions.,45,0,2,#stocks #personalfinance,5,146266,75169,51.4,92195,4395,221,1126,501,1062,154,6243,8.31,1.5,0.67,0.205,1,term_insurance:3,clear as always,20.0,421,10
17903014512835460,story,5,2026-02-03,22:48,Tue,22,quiz: what does P/E stand for?,30,0,0,none,1,146006,7054,4.8,8539,0,52,0,21,70,7,73,1.03,0.0,0.3,0.099,0,none,none,0.0,421,10
17941371133556360,story,5,2026-02-04,09:20,Wed,9,market close: nifty in one slide,32,0,0,none,1,146422,6594,4.5,7274,0,63,0,19,65,6,82,1.24,0.0,0.29,0.091,0,none,none,0.0,403,15
17933074324628525,carousel,5,2026-02-04,12:50,Wed,12,budget day: what changes for salaried people.,45,0,5,#personalfinance #mutualfunds #investing #wealth #taxsaving,10,146422,65091,44.5,99309,3893,311,793,525,1145,341,5522,8.48,1.22,0.81,0.524,0,none,very helpful,33.3,403,15
17972490846892095,reel,5,2026-02-04,16:50,Wed,16,today's market in 3 charts.,27,0,8,#mutualfunds #taxsaving #moneytips #sensex #financialliteracy #nifty50 #wealth #sip,1,146763,37229,25.4,99971,2370,158,167,134,678,71,2829,7.6,0.45,0.36,0.191,1,options_trading:2|panic_sell:1,saved!,21.7,403,15
17952488413873067,story,6,2026-02-05,09:05,Thu,9,question box: ask me anything about SIPs,40,0,0,none,1,146848,11441,7.8,12558,0,66,0,34,114,11,100,0.87,0.0,0.3,0.096,66,none,none,0.0,343,18
17957577597686097,carousel,6,2026-02-05,16:00,Thu,16,debt funds vs FDs: the honest comparison. 🔥,43,1,0,none,6,146848,50975,34.7,69520,2936,184,1018,218,980,179,4356,8.55,2.0,0.43,0.351,4,options_trading:4|start_small:4,school should teach this,41.7,343,18
17963020320718796,story,6,2026-02-05,17:57,Thu,17,poll: did you invest this month?,32,0,0,none,1,146848,10120,6.9,12929,0,56,0,30,101,10,86,0.85,0.0,0.3,0.099,0,none,none,0.0,343,18
17999457969596222,carousel,6,2026-02-05,21:00,Thu,21,"the 50/30/20 rule, adjusted for indian salaries. 💀",50,1,3,#investing #personalfinance #sensex,6,147027,51180,34.8,63351,2797,184,768,255,882,161,4004,7.82,1.5,0.5,0.315,6,start_small:6|term_insurance:1,best finance page,33.3,343,18
17924134302814253,carousel,6,2026-02-06,08:20,Fri,8,debt funds vs FDs: the honest comparison.,41,0,12,#nifty50 #mutualfunds #financialliteracy #sensex #wealth #sip #personalfinance #stocks #taxsaving #moneytips #investing #stockmarketindia,10,147175,80414,54.6,124413,4347,229,1174,349,1473,278,6099,7.58,1.46,0.43,0.346,6,options_trading:4|start_small:3,school should teach this,43.3,695,19
17909808628741708,story,6,2026-02-06,09:01,Fri,9,reminder: tax deadline in 10 days,33,0,0,none,1,147175,5947,4.0,7409,0,57,0,17,59,5,74,1.24,0.0,0.29,0.084,0,none,none,0.0,695,19
17977138339996610,story,6,2026-02-06,13:04,Fri,13,reminder: tax deadline in 10 days,33,0,0,none,1,147175,9830,6.7,11119,0,110,0,29,98,9,139,1.41,0.0,0.3,0.092,0,none,none,0.0,695,19
17931368286456412,story,6,2026-02-06,13:58,Fri,13,quiz: what does P/E stand for?,30,0,0,none,1,147175,7899,5.4,9620,0,39,0,23,78,7,62,0.78,0.0,0.29,0.089,0,none,none,0.0,695,19
17937697073465257,reel,6,2026-02-06,21:20,Fri,21,last-minute tax saving without bad decisions. 🔥,47,1,2,#nifty50 #sip,1,147453,143268,97.2,314523,8748,441,2871,852,2553,395,12912,9.01,2.0,0.59,0.276,0,term_insurance:3,thanks for keeping it simple,21.7,695,19
17918369912187090,story,6,2026-02-06,22:49,Fri,22,question box: ask me anything about SIPs,40,0,0,none,1,147175,11198,7.6,13445,0,28,0,33,111,11,61,0.54,0.0,0.29,0.098,28,none,none,0.0,695,19
17968384073702056,story,6,2026-02-06,22:56,Fri,22,link: this week's newsletter,28,0,0,none,1,147175,9739,6.6,10887,0,71,0,29,97,9,100,1.03,0.0,0.3,0.092,0,none,none,0.0,695,19
17907939911555800,story,6,2026-02-07,10:55,Sat,10,market close: nifty in one slide,32,0,0,none,1,147842,6142,4.2,7327,0,27,0,18,61,6,45,0.73,0.0,0.29,0.098,0,none,none,0.0,15,15
17912812222710138,carousel,6,2026-02-07,15:00,Sat,15,the sector that's about to explode 🚀,36,0,5,#sip #personalfinance #moneytips #nifty50 #mutualfunds,3,147842,26380,17.8,33334,1494,116,53,47,475,24,1710,6.48,0.2,0.18,0.091,5,options_trading:2|trust_callout:13,saved!,16.7,15,15
17997644122473013,story,6,2026-02-08,10:33,Sun,10,reminder: tax deadline in 10 days,33,0,0,none,1,147876,9717,6.6,11158,0,68,0,29,97,9,97,1.0,0.0,0.3,0.093,0,none,none,0.0,-13,84
17965084238429765,story,6,2026-02-08,13:07,Sun,13,question box: ask me anything about SIPs,40,0,0,none,1,147876,7359,5.0,8796,0,82,0,22,73,7,104,1.41,0.0,0.3,0.095,82,none,none,0.0,-13,84
17946802660187688,carousel,6,2026-02-08,13:30,Sun,13,"the 50/30/20 rule, adjusted for indian salaries. 😭",50,1,5,#stocks #sip #taxsaving #personalfinance #moneytips,8,147876,11814,8.0,17481,800,44,221,72,172,28,1137,9.62,1.87,0.61,0.237,3,start_small:1|term_insurance:3,clear as always,38.6,-13,84
17982414441480773,story,6,2026-02-08,17:47,Sun,17,reminder: tax deadline in 10 days,33,0,0,none,1,147876,11674,7.9,13761,0,130,0,35,116,11,165,1.41,0.0,0.3,0.094,0,none,none,0.0,-13,84
17920920554958388,story,6,2026-02-08,22:18,Sun,22,poll: did you invest this month?,32,0,0,none,1,147876,10030,6.8,11730,0,74,0,30,100,10,104,1.04,0.0,0.3,0.1,0,none,none,0.0,-13,84
17928097339329918,story,6,2026-02-08,22:58,Sun,22,reminder: tax deadline in 10 days,33,0,0,none,1,147876,6183,4.2,7260,0,69,0,18,61,6,87,1.41,0.0,0.29,0.097,0,none,none,0.0,-13,84
17992971380714094,story,6,2026-02-09,09:53,Mon,9,poll: did you invest this month?,32,0,0,none,1,147835,8171,5.5,9245,0,17,0,24,81,8,41,0.5,0.0,0.29,0.098,0,none,none,0.0,112,11
17977233416979514,story,6,2026-02-09,10:11,Mon,10,poll: did you invest this month?,32,0,0,none,1,147835,7161,4.8,7853,0,67,0,21,71,7,88,1.23,0.0,0.29,0.098,0,none,none,0.0,112,11
17956443377504957,story,6,2026-02-09,13:48,Mon,13,reminder: tax deadline in 10 days,33,0,0,none,1,147835,6975,4.7,9038,0,60,0,20,69,6,80,1.15,0.0,0.29,0.086,0,none,none,0.0,112,11
17933098286363330,carousel,6,2026-02-09,16:20,Mon,16,this smallcap is flying under the radar 👀 💀,43,1,8,#mutualfunds #financialliteracy #nifty50 #sensex #investing #personalfinance #taxsaving #sip,3,147835,37951,25.7,47000,2311,180,67,88,527,24,2646,6.97,0.18,0.23,0.063,6,options_trading:2|trust_callout:20,best finance page,36.7,112,11
17951222505124955,story,6,2026-02-09,20:04,Mon,20,question box: ask me anything about SIPs,40,0,0,none,1,147835,9991,6.8,11712,0,94,0,29,99,9,123,1.23,0.0,0.29,0.09,94,none,none,0.0,112,11
17945486468603467,reel,6,2026-02-09,20:30,Mon,20,today's market in 3 charts. 😍,29,1,5,#stockmarketindia #financialliteracy #nifty50 #mutualfunds #stocks,1,147859,31667,21.4,78351,1782,96,91,100,525,69,2069,6.53,0.29,0.32,0.218,5,options_trading:4|panic_sell:3,saved!,21.7,112,11
17958431261549136,story,6,2026-02-10,10:27,Tue,10,link: this week's newsletter,28,0,0,none,1,147941,10427,7.0,12538,0,76,0,31,104,10,107,1.03,0.0,0.3,0.096,0,none,none,0.0,216,106
17928988985821916,reel,6,2026-02-10,12:30,Tue,12,the sector that's about to explode 🚀 🫶 😭,40,2,5,#wealth #sip #stocks #personalfinance #sensex,1,147941,48079,32.5,105765,2567,132,61,100,925,47,2860,5.95,0.13,0.21,0.098,9,options_trading:3|trust_callout:19,are you sebi registered?,28.3,216,106
17958908137794619,carousel,6,2026-02-10,16:50,Tue,16,old vs new tax regime: which one for your salary. 🫶,51,1,5,#sip #sensex #mutualfunds #taxsaving #wealth,6,147988,73669,49.8,108473,4829,224,1606,419,1369,258,7078,9.61,2.18,0.57,0.35,1,term_insurance:3,wish i knew this at 22,30.0,216,106
17989307617112495,story,6,2026-02-10,22:08,Tue,22,quiz: what does P/E stand for?,30,0,0,none,1,147941,7732,5.2,8873,0,41,0,23,77,7,64,0.83,0.0,0.3,0.091,0,none,none,0.0,216,106
17905109378783242,reel,6,2026-02-11,08:00,Wed,8,IPO basics: grey market premium is not a guarantee.,51,0,2,#financialliteracy #mutualfunds,1,148161,59627,40.2,159842,3597,274,609,207,1160,138,4687,7.86,1.02,0.35,0.231,0,none,clear as always,30.0,452,94
17990363484197979,story,6,2026-02-11,09:42,Wed,9,reminder: tax deadline in 10 days,33,0,0,none,1,148161,10281,6.9,12928,0,31,0,30,102,10,61,0.59,0.0,0.29,0.097,0,none,none,0.0,452,94
17985752521549894,story,6,2026-02-11,10:25,Wed,10,link: this week's newsletter,28,0,0,none,1,148161,10164,6.9,12164,0,40,0,30,101,10,70,0.69,0.0,0.3,0.098,0,none,none,0.0,452,94
17914926136747117,carousel,6,2026-02-11,16:30,Wed,16,what is a P/E ratio? explained with a samosa shop.,50,0,2,#sip #stocks,3,148299,39176,26.4,59804,2281,134,728,201,757,143,3344,8.54,1.86,0.51,0.365,2,options_trading:2|start_small:1,saved!,26.7,452,94
17930536139009444,story,6,2026-02-11,17:55,Wed,17,poll: did you invest this month?,32,0,0,none,1,148161,10920,7.4,12910,0,64,0,32,109,10,96,0.88,0.0,0.29,0.092,0,none,none,0.0,452,94
17976988171784960,carousel,6,2026-02-11,20:40,Wed,20,"HRA, 80D, NPS: what most people miss. ✨ 😂",41,2,3,#sensex #mutualfunds #sip,6,148442,69833,47.0,104580,4696,269,1207,536,1306,235,6708,9.61,1.73,0.77,0.337,0,term_insurance:1,sharing with my dad,28.3,452,94
17917834751177960,carousel,7,2026-02-12,08:50,Thu,8,debt funds vs FDs: the honest comparison.,41,0,5,#investing #sensex #stockmarketindia #sip #financialliteracy,5,148594,80036,53.9,124139,4455,367,1499,339,1413,314,6660,8.32,1.87,0.42,0.392,3,options_trading:1|start_small:2,sharing with my dad,30.0,738,16
17929487835224036,carousel,7,2026-02-12,16:20,Thu,16,credit card rules that keep you out of debt. 😍,46,1,3,#mutualfunds #investing #taxsaving,6,148908,36433,24.5,43894,2176,177,613,216,718,134,3182,8.73,1.68,0.59,0.368,4,start_small:2|term_insurance:3,thanks for keeping it simple,35.0,738,16
17952783889834351,reel,7,2026-02-12,20:50,Thu,20,what happens when a company does a stock split.,47,0,2,#nifty50 #moneytips,1,149042,86842,58.3,235037,4451,179,1386,415,1346,306,6431,7.41,1.6,0.48,0.352,8,options_trading:2|start_small:7,"beginner here, where do i start?",26.7,738,16
17930089522255911,reel,7,2026-02-13,12:50,Fri,12,"market wrap: nifty closed flat, banks dragged, IT held up. 3 things that moved today.",85,0,2,#wealth #personalfinance,1,149357,20925,14.0,51463,1409,117,86,72,425,44,1684,8.05,0.41,0.34,0.21,5,options_trading:5|panic_sell:1,why is it always banks,31.7,100,18
17939370016400337,story,7,2026-02-13,13:54,Fri,13,question box: ask me anything about SIPs,40,0,0,none,1,149357,6563,4.4,7295,0,41,0,19,65,6,60,0.91,0.0,0.29,0.091,41,none,none,0.0,100,18
17935924660420987,story,7,2026-02-13,17:37,Fri,17,quiz: what does P/E stand for?,30,0,0,none,1,149357,9048,6.1,10257,0,46,0,27,90,9,73,0.81,0.0,0.3,0.099,0,none,none,0.0,100,18
17960961160195074,story,7,2026-02-13,17:53,Fri,17,reminder: tax deadline in 10 days,33,0,0,none,1,149357,11855,7.9,13766,0,139,0,35,118,11,174,1.47,0.0,0.3,0.093,0,none,none,0.0,100,18
17994160275637595,carousel,7,2026-02-13,21:10,Fri,21,"why the market fell today, without the jargon. 💯 😂 🔥 🫶",54,4,0,none,7,149401,20157,13.5,26499,1099,55,77,52,403,48,1283,6.37,0.38,0.26,0.238,2,options_trading:6|panic_sell:1,best finance page,29.1,100,18
17912633758604234,story,7,2026-02-14,17:07,Sat,17,quiz: what does P/E stand for?,30,0,0,none,1,149450,10083,6.7,11851,0,28,0,30,100,10,58,0.58,0.0,0.3,0.099,0,none,none,0.0,60,12
17964775061417662,reel,7,2026-02-14,20:00,Sat,20,IPO basics: grey market premium is not a guarantee. 🫶,53,1,3,#stocks #stockmarketindia #sip,1,149450,30414,20.4,55633,1841,92,235,100,496,62,2268,7.46,0.77,0.33,0.204,0,none,clear as always,38.3,60,12
17967533984836337,story,7,2026-02-15,09:08,Sun,9,link: this week's newsletter,28,0,0,none,1,149522,7850,5.3,9569,0,39,0,23,78,7,62,0.79,0.0,0.29,0.089,0,none,none,0.0,41,15
17949112398895558,carousel,7,2026-02-15,13:00,Sun,13,"why the market fell today, without the jargon. ✨",48,1,10,#mutualfunds #stocks #wealth #stockmarketindia #investing #moneytips #nifty50 #financialliteracy #sip #taxsaving,5,149522,13409,9.0,18085,921,76,64,42,191,22,1103,8.23,0.48,0.31,0.164,3,options_trading:3,sharing with my dad,33.3,41,15
17921807923066485,reel,7,2026-02-15,18:20,Sun,18,"market wrap: nifty closed flat, banks dragged, IT held up. 3 things that moved today. 👀",87,1,10,#mutualfunds #sensex #personalfinance #moneytips #sip #wealth #financialliteracy #taxsaving #investing #stockmarketindia,1,149544,15911,10.6,39269,1066,57,61,56,258,27,1240,7.79,0.38,0.35,0.17,3,options_trading:3|panic_sell:1,saved!,31.6,41,15
17952881257383375,carousel,7,2026-02-16,08:10,Mon,8,salary credited vs salary gone: a timeline. ✨ 💯,47,2,8,#stockmarketindia #financialliteracy #sensex #stocks #nifty50 #moneytips #investing #mutualfunds,10,149562,60961,40.8,86301,3265,204,52,491,992,69,4012,6.58,0.09,0.81,0.113,0,none,thanks for keeping it simple,26.7,242,19
17997460417744125,story,7,2026-02-16,10:41,Mon,10,question box: ask me anything about SIPs,40,0,0,none,1,149562,7912,5.3,8941,0,34,0,23,79,7,57,0.72,0.0,0.29,0.088,34,none,none,0.0,242,19
17910098732391900,carousel,7,2026-02-16,13:20,Mon,13,5 money mistakes i made in my first job.,40,0,2,#personalfinance #sensex,8,149631,30806,20.6,38564,1759,97,453,161,612,105,2470,8.02,1.47,0.52,0.341,4,start_small:4|term_insurance:1,clear as always,28.3,242,19
17988303950788232,reel,7,2026-02-16,20:30,Mon,20,"market wrap: nifty closed flat, banks dragged, IT held up. 3 things that moved today.",85,0,3,#sip #investing #nifty50,1,149736,40586,27.1,95877,2371,174,137,134,712,74,2816,6.94,0.34,0.33,0.182,0,options_trading:3,why is it always banks,36.7,242,19
17932811038253034,story,7,2026-02-16,22:39,Mon,22,quiz: what does P/E stand for?,30,0,0,none,1,149562,6127,4.1,6668,0,50,0,18,61,6,68,1.11,0.0,0.29,0.098,0,none,none,0.0,242,19
17955868953744555,carousel,7,2026-02-17,09:30,Tue,9,80C in one slide: every option ranked.,38,0,5,#sip #investing #stockmarketindia #nifty50 #moneytips,7,149813,80103,53.5,100668,4600,173,1188,479,1134,218,6440,8.04,1.48,0.6,0.272,2,term_insurance:4,wish i knew this at 22,28.3,306,11
17917407161785649,story,7,2026-02-17,09:41,Tue,9,question box: ask me anything about SIPs,40,0,0,none,1,149813,7130,4.8,7963,0,41,0,21,71,7,62,0.87,0.0,0.29,0.098,41,none,none,0.0,306,11
17985142424791827,carousel,7,2026-02-17,12:30,Tue,12,SIP vs lump sum: which actually wins over 10 years. 💯 😂 🔥 🙌 👀 😭,63,6,10,#taxsaving #financialliteracy #wealth #stocks #personalfinance #stockmarketindia #nifty50 #sensex #sip #moneytips,7,150031,25348,16.9,32736,1619,75,569,141,394,72,2404,9.48,2.24,0.56,0.284,7,options_trading:4|start_small:5,very helpful,33.3,306,11
17960734527434726,story,7,2026-02-17,13:35,Tue,13,question box: ask me anything about SIPs,40,0,0,none,1,149813,8921,6.0,10989,0,71,0,26,89,8,97,1.09,0.0,0.29,0.09,71,none,none,0.0,306,11
17962091763188631,story,7,2026-02-17,13:55,Tue,13,link: this week's newsletter,28,0,0,none,1,149813,6127,4.1,7888,0,72,0,18,61,6,90,1.47,0.0,0.29,0.098,0,none,none,0.0,306,11
17913713753004104,story,7,2026-02-17,17:37,Tue,17,market close: nifty in one slide,32,0,0,none,1,149813,6732,4.5,7823,0,24,0,20,67,6,44,0.65,0.0,0.3,0.089,0,none,none,0.0,306,11
17905155214809628,carousel,7,2026-02-18,09:50,Wed,9,how to read a company's annual report in 15 minutes. 🔥,54,1,8,#moneytips #financialliteracy #nifty50 #personalfinance #taxsaving #stocks #sip #stockmarketindia,6,150099,54828,36.5,81308,3671,173,1280,350,879,207,5474,9.98,2.33,0.64,0.378,7,options_trading:7|start_small:3,sharing with my dad,36.7,346,11
17956143605236579,carousel,7,2026-02-18,16:20,Wed,16,80C in one slide: every option ranked. 🔥,40,1,5,#moneytips #stockmarketindia #wealth #sip #nifty50,10,150306,55477,36.9,82056,3128,239,1031,301,758,133,4699,8.47,1.86,0.54,0.24,1,term_insurance:3,saved!,26.7,346,11
17934955961852025,story,7,2026-02-18,17:04,Wed,17,link: this week's newsletter,28,0,0,none,1,150099,9148,6.1,10419,0,78,0,27,91,9,105,1.15,0.0,0.3,0.098,0,none,none,0.0,346,11
17940475295650440,story,7,2026-02-18,17:13,Wed,17,market close: nifty in one slide,32,0,0,none,1,150099,8623,5.7,10128,0,73,0,25,86,8,98,1.14,0.0,0.29,0.093,0,none,none,0.0,346,11
17929827536787155,reel,8,2026-02-19,08:30,Thu,8,3 stocks that could double this year 🚀,38,0,12,#nifty50 #stocks #mutualfunds #investing #stockmarketindia #moneytips #financialliteracy #personalfinance #sip #wealth #sensex #taxsaving,1,150438,48389,32.2,119911,3162,240,103,135,907,46,3640,7.52,0.21,0.28,0.095,6,options_trading:5|trust_callout:18,best finance page,28.3,257,12
17964155220601091,story,8,2026-02-19,13:06,Thu,13,market close: nifty in one slide,32,0,0,none,1,150438,8696,5.8,10650,0,63,0,26,86,8,89,1.02,0.0,0.3,0.092,0,none,none,0.0,257,12
17967308089980819,carousel,8,2026-02-19,16:00,Thu,16,80C in one slide: every option ranked. 💯,40,1,3,#investing #personalfinance #wealth,8,150484,76867,51.1,104876,4939,233,1535,410,1445,215,7117,9.26,2.0,0.53,0.28,3,term_insurance:5,saved!,26.7,257,12
17910092728616014,carousel,8,2026-02-20,13:00,Fri,13,what is a P/E ratio? explained with a samosa shop.,50,0,3,#moneytips #taxsaving #sip,3,150703,46707,31.0,68644,3221,258,913,235,667,137,4627,9.91,1.95,0.5,0.293,8,options_trading:4|start_small:5,very helpful,26.7,540,54
17984248065093461,reel,8,2026-02-20,18:50,Fri,18,emergency fund: how much is actually enough. 😍 👀 🔥 💯 😭 😂,56,6,10,#taxsaving #personalfinance #financialliteracy #sip #mutualfunds #nifty50 #stocks #stockmarketindia #sensex #wealth,1,150840,45233,30.0,121727,2415,186,616,216,873,152,3433,7.59,1.36,0.48,0.336,4,start_small:4|term_insurance:3,sharing with my dad,23.3,540,54
17988579856352914,story,8,2026-02-20,20:22,Fri,20,link: this week's newsletter,28,0,0,none,1,150703,6331,4.2,7071,0,70,0,18,63,6,88,1.39,0.0,0.28,0.095,0,none,none,0.0,540,54
17914228094622184,story,8,2026-02-20,20:32,Fri,20,poll: did you invest this month?,32,0,0,none,1,150703,7968,5.3,9321,0,87,0,23,79,7,110,1.38,0.0,0.29,0.088,0,none,none,0.0,540,54
17924460842570251,carousel,8,2026-02-20,20:50,Fri,20,how to read a company's annual report in 15 minutes.,52,0,5,#sensex #sip #taxsaving #nifty50 #stockmarketindia,3,150992,78886,52.2,99877,5141,305,1505,391,1385,292,7342,9.31,1.91,0.5,0.37,8,options_trading:3|start_small:6,wish i knew this at 22,28.3,540,54
17937489743370404,story,8,2026-02-21,10:32,Sat,10,poll: did you invest this month?,32,0,0,none,1,151244,7792,5.2,9753,0,62,0,23,77,7,85,1.09,0.0,0.3,0.09,0,none,none,0.0,12,14
17940353992611911,story,8,2026-02-21,13:39,Sat,13,reminder: tax deadline in 10 days,33,0,0,none,1,151244,10813,7.1,11471,0,114,0,32,108,10,146,1.35,0.0,0.3,0.092,0,none,none,0.0,12,14
17970823691858069,story,8,2026-02-21,22:01,Sat,22,poll: did you invest this month?,32,0,0,none,1,151244,9038,6.0,11204,0,82,0,27,90,9,109,1.21,0.0,0.3,0.1,0,none,none,0.0,12,14
17971702848733912,story,8,2026-02-22,10:38,Sun,10,question box: ask me anything about SIPs,40,0,0,none,1,151253,11530,7.6,13402,0,68,0,34,115,11,102,0.88,0.0,0.29,0.095,68,none,none,0.0,4,12
17906999259157281,image,8,2026-02-22,15:30,Sun,15,the sector that's about to explode 🚀 ✨ 💯 😂 💀,44,4,8,#moneytips #taxsaving #sip #sensex #wealth #nifty50 #stockmarketindia #stocks,1,151253,6502,4.3,8838,411,27,11,13,106,5,462,7.11,0.17,0.2,0.077,5,options_trading:3|trust_callout:9,thanks for keeping it simple,22.2,4,12
17958249530934778,reel,8,2026-02-23,09:10,Mon,9,IPO basics: grey market premium is not a guarantee. 😂 ✨,55,2,5,#nifty50 #sip #wealth #mutualfunds #personalfinance,1,151274,50685,33.5,95398,3247,207,576,246,983,116,4276,8.44,1.14,0.49,0.229,0,none,very helpful,30.0,153,55
17963666471081441,story,8,2026-02-23,09:52,Mon,9,reminder: tax deadline in 10 days,33,0,0,none,1,151274,8206,5.4,10571,0,33,0,24,82,8,57,0.69,0.0,0.29,0.097,0,none,none,0.0,153,55
17986602482661655,carousel,8,2026-02-23,18:30,Mon,18,when your friend asks for stock tips at a wedding. 😭 💯 😂 🫶,58,4,12,#personalfinance #wealth #moneytips #sensex #taxsaving #investing #nifty50 #sip #stocks #stockmarketindia #financialliteracy #mutualfunds,4,151390,22853,15.1,35533,1434,98,27,178,402,26,1737,7.6,0.12,0.78,0.114,0,none,me 😭,31.7,153,55
17905831876037476,story,8,2026-02-23,20:27,Mon,20,market close: nifty in one slide,32,0,0,none,1,151274,8171,5.4,10568,0,62,0,24,81,8,86,1.05,0.0,0.29,0.098,0,none,none,0.0,153,55
17998868673338528,reel,8,2026-02-23,21:20,Mon,21,"market wrap: nifty closed flat, banks dragged, IT held up. 3 things that moved today. 😂 💀 🔥 🫶 👀 😭",97,6,10,#investing #nifty50 #wealth #taxsaving #sensex #moneytips #stocks #sip #mutualfunds #stockmarketindia,1,151416,26103,17.2,65903,1490,105,105,81,472,50,1781,6.82,0.4,0.31,0.192,3,options_trading:2|panic_sell:1,best finance page,33.3,153,55
17920734947851748,reel,8,2026-02-24,08:30,Tue,8,what is an expense ratio and why it matters. 🔥,46,1,12,#stocks #investing #wealth #taxsaving #financialliteracy #mutualfunds #stockmarketindia #nifty50 #personalfinance #moneytips #sensex #sip,1,151416,101575,67.1,245749,6051,276,1982,629,1551,366,8938,8.8,1.95,0.62,0.36,6,options_trading:2|start_small:5,wish i knew this at 22,26.7,419,17
17949127812730704,story,8,2026-02-24,17:41,Tue,17,poll: did you invest this month?,32,0,0,none,1,151416,8948,5.9,11365,0,97,0,26,89,8,123,1.37,0.0,0.29,0.089,0,none,none,0.0,419,17
17985981246503400,story,8,2026-02-24,17:52,Tue,17,link: this week's newsletter,28,0,0,none,1,151416,10476,6.9,12457,0,48,0,31,104,10,79,0.75,0.0,0.3,0.095,0,none,none,0.0,419,17
17953653653993318,carousel,8,2026-02-24,18:50,Tue,18,when your friend asks for stock tips at a wedding.,50,0,3,#financialliteracy #personalfinance #stockmarketindia,10,151782,32329,21.3,44623,1675,89,36,238,601,46,2038,6.3,0.11,0.74,0.142,0,none,me 😭,40.0,419,17
17927712266530111,story,8,2026-02-24,22:00,Tue,22,link: this week's newsletter,28,0,0,none,1,151416,6754,4.5,8080,0,22,0,20,67,6,42,0.62,0.0,0.3,0.089,0,none,none,0.0,419,17
17984739740579751,reel,8,2026-02-25,12:40,Wed,12,what happens when a company does a stock split.,47,0,0,none,1,151822,65988,43.5,127297,3475,180,930,313,1155,271,4898,7.42,1.41,0.47,0.411,6,options_trading:2|start_small:4,the samosa example 😂,20.0,394,17
17927593579703605,story,8,2026-02-25,13:38,Wed,13,link: this week's newsletter,28,0,0,none,1,151822,6702,4.4,8235,0,69,0,20,67,6,89,1.33,0.0,0.3,0.09,0,none,none,0.0,394,17
17903856959954325,story,8,2026-02-25,17:53,Wed,17,market close: nifty in one slide,32,0,0,none,1,151822,8942,5.9,9510,0,72,0,26,89,8,98,1.1,0.0,0.29,0.089,0,none,none,0.0,394,17
17984947244167160,reel,8,2026-02-25,21:10,Wed,21,how to read a company's annual report in 15 minutes.,52,0,3,#moneytips #sip #stockmarketindia,1,152093,36325,23.9,86738,1869,89,649,186,540,116,2793,7.69,1.79,0.51,0.319,4,options_trading:4|start_small:3,clear as always,16.7,394,17
17999450938638596,story,8,2026-02-25,22:11,Wed,22,quiz: what does P/E stand for?,30,0,0,none,1,151822,10542,6.9,11820,0,26,0,31,105,10,57,0.54,0.0,0.29,0.095,0,none,none,0.0,394,17
17946867540704713,reel,9,2026-02-26,09:40,Thu,9,how compounding works (the boring truth). 🙌 🫶,45,2,12,#stocks #financialliteracy #sensex #moneytips #nifty50 #stockmarketindia #sip #taxsaving #wealth #mutualfunds #investing #personalfinance,1,152200,52022,34.2,118051,2806,159,911,204,981,177,4080,7.84,1.75,0.39,0.34,5,options_trading:4|start_small:3,thanks for keeping it simple,36.7,368,13
17903322654448418,story,9,2026-02-26,17:39,Thu,17,link: this week's newsletter,28,0,0,none,1,152200,8167,5.4,9020,0,53,0,24,81,8,77,0.94,0.0,0.29,0.098,0,none,none,0.0,368,13
17956826127762734,carousel,9,2026-02-26,20:30,Thu,20,80C in one slide: every option ranked. 😭 🔥 💯 ✨,46,4,10,#sensex #stockmarketindia #moneytips #nifty50 #wealth #financialliteracy #sip #personalfinance #taxsaving #mutualfunds,6,152377,61639,40.5,78766,3900,272,1051,426,1034,196,5649,9.16,1.71,0.69,0.318,0,term_insurance:3,wish i knew this at 22,35.0,368,13
17988667310642002,carousel,9,2026-02-27,12:10,Fri,12,"market wrap: nifty closed flat, banks dragged, IT held up. 3 things that moved today. ✨ 💯",89,2,2,#mutualfunds #moneytips,4,152583,22545,14.8,31541,1338,51,83,60,309,34,1532,6.8,0.37,0.27,0.151,2,options_trading:4,clear as always,45.1,106,19
17921812916904483,reel,9,2026-02-27,15:40,Fri,15,this smallcap is flying under the radar 👀 💀,43,1,2,#moneytips #investing,1,152617,53362,35.0,133778,3132,210,100,100,839,43,3542,6.64,0.19,0.19,0.081,9,options_trading:2|trust_callout:17,sharing with my dad,41.7,106,19
17929676614436421,story,9,2026-02-27,17:07,Fri,17,poll: did you invest this month?,32,0,0,none,1,152583,11240,7.4,13732,0,97,0,33,112,11,130,1.16,0.0,0.29,0.098,0,none,none,0.0,106,19
17972612625213195,reel,9,2026-02-27,18:20,Fri,18,the sector that's about to explode 🚀,36,0,5,#sip #wealth #sensex #personalfinance #mutualfunds,1,152660,30112,19.7,77172,1793,86,49,69,464,26,1997,6.63,0.16,0.23,0.086,8,options_trading:5|trust_callout:13,can you do an options series,25.0,106,19
17983505301795026,story,9,2026-02-27,22:40,Fri,22,poll: did you invest this month?,32,0,0,none,1,152583,11875,7.8,12890,0,102,0,35,118,11,137,1.15,0.0,0.29,0.093,0,none,none,0.0,106,19
17972635554313662,carousel,9,2026-02-28,08:30,Sat,8,3 stocks that could double this year 🚀 😍,40,1,10,#taxsaving #investing #wealth #nifty50 #mutualfunds #sip #stocks #stockmarketindia #personalfinance #sensex,6,152676,23887,15.6,29856,1617,76,47,51,386,21,1791,7.5,0.2,0.21,0.088,5,options_trading:6|trust_callout:11,pump and dump vibes,21.7,-91,121
17922041992949704,story,9,2026-02-28,10:13,Sat,10,quiz: what does P/E stand for?,30,0,0,none,1,152676,9157,6.0,9615,0,85,0,27,91,9,112,1.22,0.0,0.29,0.098,0,none,none,0.0,-91,121
17908059816627931,story,9,2026-03-01,09:09,Sun,9,poll: did you invest this month?,32,0,0,none,1,152602,11816,7.7,15027,0,108,0,35,118,11,143,1.21,0.0,0.3,0.093,0,none,none,0.0,6,117
17992130281199250,story,9,2026-03-01,13:06,Sun,13,link: this week's newsletter,28,0,0,none,1,152602,11527,7.6,13450,0,65,0,34,115,11,99,0.86,0.0,0.29,0.095,0,none,none,0.0,6,117
17989445290135478,story,9,2026-03-01,17:04,Sun,17,market close: nifty in one slide,32,0,0,none,1,152602,6258,4.1,6808,0,59,0,18,62,6,77,1.23,0.0,0.29,0.096,0,none,none,0.0,6,117
17963651662552429,reel,9,2026-03-01,21:10,Sun,21,"the 50/30/20 rule, adjusted for indian salaries. 😂 🫶 💯 👀",56,4,5,#sensex #taxsaving #financialliteracy #mutualfunds #stocks,1,152602,30214,19.8,71379,2077,106,598,188,549,95,2969,9.83,1.98,0.62,0.314,5,start_small:3|term_insurance:3,sharing with my dad,21.7,6,117
17920361999502277,carousel,9,2026-03-02,12:30,Mon,12,today's market in 3 charts. 🔥,29,1,8,#stocks #stockmarketindia #nifty50 #taxsaving #moneytips #wealth #investing #sip,8,152597,23239,15.2,32325,1544,78,91,74,390,52,1787,7.69,0.39,0.32,0.224,3,options_trading:4,sharing with my dad,40.0,172,17
17993058775020693,reel,9,2026-03-02,13:20,Mon,13,5 money mistakes i made in my first job. 👀 🙌,44,2,8,#wealth #mutualfunds #stockmarketindia #stocks #taxsaving #moneytips #investing #nifty50,1,152649,39349,25.8,94379,2235,111,563,193,615,89,3102,7.88,1.43,0.49,0.226,5,start_small:3|term_insurance:4,saved!,26.7,172,17
17921017762352407,image,9,2026-03-02,16:50,Mon,16,5 money mistakes i made in my first job.,40,0,2,#nifty50 #moneytips,1,152738,14066,9.2,22464,902,42,270,72,225,38,1286,9.14,1.92,0.51,0.27,3,start_small:3|term_insurance:2,sharing with my dad,9.5,172,17
17943447923320617,story,9,2026-03-02,22:13,Mon,22,link: this week's newsletter,28,0,0,none,1,152597,10222,6.7,12218,0,22,0,30,102,10,52,0.51,0.0,0.29,0.098,0,none,none,0.0,172,17
17901256595780779,carousel,9,2026-03-03,09:10,Tue,9,how compounding works (the boring truth). 💯,43,1,2,#wealth #stockmarketindia,9,152777,75502,49.4,108498,4911,225,1604,386,1126,234,7126,9.44,2.12,0.51,0.31,5,options_trading:1|start_small:4,please do more basics,30.0,253,10
17990131367973238,story,9,2026-03-03,09:31,Tue,9,reminder: tax deadline in 10 days,33,0,0,none,1,152777,10166,6.7,11699,0,40,0,30,101,10,70,0.69,0.0,0.3,0.098,0,none,none,0.0,253,10
17997864030500669,story,9,2026-03-03,10:37,Tue,10,market close: nifty in one slide,32,0,0,none,1,152777,8298,5.4,9960,0,36,0,24,82,8,60,0.72,0.0,0.29,0.096,0,none,none,0.0,253,10
17924296859151821,story,9,2026-03-03,20:48,Tue,20,question box: ask me anything about SIPs,40,0,0,none,1,152777,11108,7.3,14389,0,63,0,33,111,11,96,0.86,0.0,0.3,0.099,63,none,none,0.0,253,10
17907588043138081,carousel,9,2026-03-04,08:40,Wed,8,"market wrap: nifty closed flat, banks dragged, IT held up. 3 things that moved today. 🫶 😍",89,2,8,#sensex #moneytips #stocks #personalfinance #investing #nifty50 #stockmarketindia #wealth,10,153014,44662,29.2,65970,2823,127,194,120,693,71,3264,7.31,0.43,0.27,0.159,6,options_trading:5|panic_sell:1,saved!,18.3,311,17
17925586183645136,story,9,2026-03-04,09:49,Wed,9,question box: ask me anything about SIPs,40,0,0,none,1,153014,10620,6.9,13753,0,43,0,31,106,10,74,0.7,0.0,0.29,0.094,43,none,none,0.0,311,17
17936926584850290,story,9,2026-03-04,13:36,Wed,13,poll: did you invest this month?,32,0,0,none,1,153014,7859,5.1,9977,0,85,0,23,78,7,108,1.37,0.0,0.29,0.089,0,none,none,0.0,311,17
17964488405635656,story,9,2026-03-04,17:20,Wed,17,poll: did you invest this month?,32,0,0,none,1,153014,9739,6.4,12278,0,103,0,29,97,9,132,1.36,0.0,0.3,0.092,0,none,none,0.0,311,17
17991236968932498,reel,9,2026-03-04,20:00,Wed,20,sensex in 60 seconds: what moved and why. 🫶,43,1,5,#stockmarketindia #nifty50 #sip #investing #taxsaving,1,153085,24199,15.8,54141,1417,75,82,68,394,49,1642,6.79,0.34,0.28,0.202,4,options_trading:3|panic_sell:2,can you do an options series,30.0,311,17
17985484626387894,reel,9,2026-03-04,21:20,Wed,21,last-minute tax saving without bad decisions. 🔥,47,1,5,#financialliteracy #wealth #sensex #taxsaving #stockmarketindia,1,153134,87207,56.9,168313,4643,234,1366,449,1211,182,6692,7.67,1.57,0.51,0.209,1,term_insurance:5,wish i knew this at 22,36.7,311,17
17931217032071874,reel,10,2026-03-05,15:40,Thu,15,what is an expense ratio and why it matters. 😍 🫶,48,2,8,#sensex #nifty50 #financialliteracy #taxsaving #stocks #wealth #mutualfunds #sip,1,153309,52931,34.5,128724,3590,131,975,315,1030,187,5011,9.47,1.84,0.6,0.353,5,options_trading:2|start_small:5,sharing with my dad,23.3,322,10
17948579595854316,reel,10,2026-03-05,20:00,Thu,20,how to build a budget you'll actually follow. 👀,47,1,3,#stocks #financialliteracy #sensex,1,153496,59812,39.0,129852,3801,268,929,303,882,137,5301,8.86,1.55,0.51,0.229,10,start_small:5|term_insurance:7,best finance page,23.3,322,10
17998454712342388,story,10,2026-03-05,20:21,Thu,20,reminder: tax deadline in 10 days,33,0,0,none,1,153309,8794,5.7,9659,0,35,0,26,87,8,61,0.69,0.0,0.3,0.091,0,none,none,0.0,322,10
17988901447781984,image,10,2026-03-06,08:20,Fri,8,"market wrap: nifty closed flat, banks dragged, IT held up. 3 things that moved today.",85,0,2,#investing #sip,1,153636,23742,15.5,29556,1500,89,97,61,348,38,1747,7.36,0.41,0.26,0.16,1,options_trading:1,why is it always banks,31.7,130,13
17986327412146277,story,10,2026-03-06,10:54,Fri,10,market close: nifty in one slide,32,0,0,none,1,153636,7782,5.1,8933,0,56,0,23,77,7,79,1.02,0.0,0.3,0.09,0,none,none,0.0,130,13
17966844825605954,carousel,10,2026-03-06,13:30,Fri,13,"'Novaleaf Foods' IPO breakdown: revenue, debt, red flags. 😍 👀 🔥 ✨ 🫶 🙌",69,6,12,#wealth #personalfinance #investing #moneytips #nifty50 #mutualfunds #stockmarketindia #taxsaving #financialliteracy #sip #sensex #stocks,9,153674,28000,18.2,33635,1528,114,253,115,485,65,2010,7.18,0.9,0.41,0.232,0,none,wish i knew this at 22,23.3,130,13
17923397441472741,story,10,2026-03-06,13:38,Fri,13,market close: nifty in one slide,32,0,0,none,1,153636,10586,6.9,11886,0,33,0,31,105,10,64,0.6,0.0,0.29,0.094,0,none,none,0.0,130,13
17906495559694902,story,10,2026-03-06,17:27,Fri,17,poll: did you invest this month?,32,0,0,none,1,153636,8261,5.4,9390,0,71,0,24,82,8,95,1.15,0.0,0.29,0.097,0,none,none,0.0,130,13
17937318506394444,story,10,2026-03-06,17:36,Fri,17,quiz: what does P/E stand for?,30,0,0,none,1,153636,8836,5.8,10560,0,75,0,26,88,8,101,1.14,0.0,0.29,0.091,0,none,none,0.0,130,13
17933574319627571,story,10,2026-03-06,22:32,Fri,22,link: this week's newsletter,28,0,0,none,1,153636,7517,4.9,9485,0,53,0,22,75,7,75,1.0,0.0,0.29,0.093,0,none,none,0.0,130,13
17902680252339998,carousel,10,2026-03-07,08:20,Sat,8,today's market in 3 charts.,27,0,8,#taxsaving #sensex #nifty50 #mutualfunds #stocks #sip #stockmarketindia #financialliteracy,4,153736,24643,16.0,35415,1471,53,94,84,403,51,1702,6.91,0.38,0.34,0.207,0,options_trading:2,saved!,41.5,73,19
17936308830842006,story,10,2026-03-07,10:56,Sat,10,poll: did you invest this month?,32,0,0,none,1,153736,12294,8.0,13755,0,121,0,36,122,12,157,1.28,0.0,0.29,0.098,0,none,none,0.0,73,19
17917138172165149,carousel,10,2026-03-07,12:50,Sat,12,this smallcap is flying under the radar 👀 😭 ✨,45,2,0,none,6,153787,21659,14.1,27956,1397,72,33,44,338,18,1546,7.14,0.15,0.2,0.083,13,options_trading:2|trust_callout:24,sharing with my dad,33.3,73,19
17903114906732864,story,10,2026-03-07,17:32,Sat,17,quiz: what does P/E stand for?,30,0,0,none,1,153736,11915,7.8,13102,0,27,0,35,119,11,62,0.52,0.0,0.29,0.092,0,none,none,0.0,73,19
17907632993661754,reel,10,2026-03-08,08:20,Sun,8,IPO basics: grey market premium is not a guarantee. 🫶,53,1,2,#financialliteracy #stocks,1,153796,40211,26.1,75871,2512,196,380,174,790,116,3262,8.11,0.95,0.43,0.288,0,none,wish i knew this at 22,40.0,183,102
17987449548571001,story,10,2026-03-08,10:01,Sun,10,market close: nifty in one slide,32,0,0,none,1,153796,8836,5.7,11111,0,97,0,26,88,8,123,1.39,0.0,0.29,0.091,0,none,none,0.0,183,102
17963860677706544,story,10,2026-03-08,10:42,Sun,10,question box: ask me anything about SIPs,40,0,0,none,1,153796,10817,7.0,13298,0,45,0,32,108,10,77,0.71,0.0,0.3,0.092,45,none,none,0.0,183,102
17971764755238811,story,10,2026-03-08,13:00,Sun,13,market close: nifty in one slide,32,0,0,none,1,153796,6516,4.2,6904,0,57,0,19,65,6,76,1.17,0.0,0.29,0.092,0,none,none,0.0,183,102
17925641841151070,story,10,2026-03-08,13:26,Sun,13,quiz: what does P/E stand for?,30,0,0,none,1,153796,8407,5.5,9001,0,63,0,25,84,8,88,1.05,0.0,0.3,0.095,0,none,none,0.0,183,102
17963172940170600,story,10,2026-03-08,13:43,Sun,13,poll: did you invest this month?,32,0,0,none,1,153796,10459,6.8,11518,0,104,0,31,104,10,135,1.29,0.0,0.3,0.096,0,none,none,0.0,183,102
17909569383561988,carousel,10,2026-03-08,18:20,Sun,18,old vs new tax regime: which one for your salary. 🙌 😍 😭 👀,57,4,2,#investing #wealth,8,153912,36001,23.4,50016,1929,103,562,148,645,109,2742,7.62,1.56,0.41,0.303,3,term_insurance:4,sharing with my dad,30.0,183,102
17960671140739079,story,10,2026-03-08,20:26,Sun,20,reminder: tax deadline in 10 days,33,0,0,none,1,153796,10231,6.7,12232,0,94,0,30,102,10,124,1.21,0.0,0.29,0.098,0,none,none,0.0,183,102
17922346018342079,story,10,2026-03-08,20:38,Sun,20,link: this week's newsletter,28,0,0,none,1,153796,8627,5.6,9590,0,37,0,25,86,8,62,0.72,0.0,0.29,0.093,0,none,none,0.0,183,102
17920518355776602,reel,10,2026-03-09,16:10,Mon,16,IPO basics: grey market premium is not a guarantee.,51,0,5,#personalfinance #moneytips #stocks #financialliteracy #mutualfunds,1,153931,26044,16.9,48951,1340,107,199,71,401,57,1717,6.59,0.76,0.27,0.219,0,none,sharing with my dad,26.7,126,12
17992670156101845,carousel,10,2026-03-09,18:50,Mon,18,how IPO allotment actually works. 😂 ✨ 💀 🙌 🔥 😍,45,6,2,#nifty50 #moneytips,3,153988,28262,18.4,42061,1462,103,176,77,556,81,1818,6.43,0.62,0.27,0.287,0,none,sharing with my dad,28.3,126,12
17997351080030663,carousel,10,2026-03-10,09:50,Tue,9,friday wrap: the week in 5 numbers. 💯,37,1,10,#taxsaving #moneytips #wealth #nifty50 #personalfinance #stockmarketindia #financialliteracy #sensex #sip #investing,9,154084,40069,26.0,60931,2513,172,156,99,564,69,2940,7.34,0.39,0.25,0.172,5,options_trading:4|panic_sell:1,clear summary,20.0,331,11
17919880636413540,story,10,2026-03-10,10:28,Tue,10,quiz: what does P/E stand for?,30,0,0,none,1,154084,6206,4.0,7292,0,43,0,18,62,6,61,0.98,0.0,0.29,0.097,0,none,none,0.0,331,11
17933998107577201,carousel,10,2026-03-10,16:10,Tue,16,stocks to watch this week 🔥,27,0,10,#personalfinance #financialliteracy #taxsaving #sip #stockmarketindia #wealth #mutualfunds #nifty50 #sensex #stocks,7,154153,30293,19.7,43594,2006,121,68,83,566,29,2278,7.52,0.22,0.27,0.096,11,options_trading:5|trust_callout:18,this is not financial education,38.3,331,11
17990783174117538,story,10,2026-03-10,17:46,Tue,17,reminder: tax deadline in 10 days,33,0,0,none,1,154084,11844,7.7,12646,0,66,0,35,118,11,101,0.85,0.0,0.3,0.093,0,none,none,0.0,331,11
17997907807129147,reel,10,2026-03-10,18:00,Tue,18,SIP vs lump sum: which actually wins over 10 years. 👀 💯,55,2,8,#taxsaving #wealth #financialliteracy #stockmarketindia #sip #moneytips #stocks #sensex,1,154182,61206,39.7,137276,3756,288,1397,370,1157,227,5811,9.49,2.28,0.6,0.371,5,options_trading:5|start_small:3,please do more basics,36.7,331,11
17938954788909044,reel,10,2026-03-11,09:40,Wed,9,"market wrap: nifty closed flat, banks dragged, IT held up. 3 things that moved today. 🔥",87,1,2,#mutualfunds #sip,1,154403,71970,46.6,166327,4892,204,235,277,1251,131,5608,7.79,0.33,0.38,0.182,1,options_trading:2,saved!,21.7,253,86
17999741667855546,story,10,2026-03-11,13:40,Wed,13,quiz: what does P/E stand for?,30,0,0,none,1,154403,8659,5.6,9503,0,23,0,25,86,8,48,0.55,0.0,0.29,0.092,0,none,none,0.0,253,86
17904817175576972,reel,10,2026-03-11,18:30,Wed,18,friday wrap: the week in 5 numbers. 👀 ✨,39,2,3,#taxsaving #wealth #investing,1,154534,26909,17.4,73665,1698,67,100,75,402,42,1940,7.21,0.37,0.28,0.156,3,options_trading:6,clear as always,26.7,253,86
17905108169252731,reel,10,2026-03-11,20:40,Wed,20,credit card rules that keep you out of debt. 🙌,46,1,12,#stocks #wealth #moneytips #investing #nifty50 #personalfinance #mutualfunds #sensex #taxsaving #stockmarketindia #financialliteracy #sip,1,154576,67515,43.7,129977,4095,183,1071,401,1018,158,5750,8.52,1.59,0.59,0.234,8,start_small:6|term_insurance:6,saved!,41.7,253,86
17973749382488249,reel,11,2026-03-12,09:00,Thu,9,today's market in 3 charts. 🔥 ✨,31,2,10,#stockmarketindia #stocks #sensex #financialliteracy #moneytips #nifty50 #sip #taxsaving #wealth #investing,1,154658,37957,24.5,94880,2435,139,120,121,647,64,2815,7.42,0.32,0.32,0.169,1,options_trading:3,daily habit,31.7,463,15
17989143923559213,story,11,2026-03-12,09:47,Thu,9,link: this week's newsletter,28,0,0,none,1,154658,8982,5.8,10888,0,21,0,26,89,8,47,0.52,0.0,0.29,0.089,0,none,none,0.0,463,15
17929165537857698,reel,11,2026-03-12,12:10,Thu,12,emergency fund: how much is actually enough. 👀,46,1,2,#sensex #nifty50,1,154722,70753,45.7,177854,4833,390,1018,454,1013,179,6695,9.46,1.44,0.64,0.253,6,start_small:4|term_insurance:5,clear as always,36.7,463,15
17999767599872546,reel,11,2026-03-12,18:00,Thu,18,80C in one slide: every option ranked. 😍 ✨,42,2,3,#sip #stockmarketindia #financialliteracy,1,154901,86282,55.7,160203,4978,190,1268,469,1345,215,6905,8.0,1.47,0.54,0.249,3,term_insurance:4,best finance page,26.7,463,15
17910434910737106,story,11,2026-03-12,20:38,Thu,20,quiz: what does P/E stand for?,30,0,0,none,1,154658,6836,4.4,7610,0,53,0,20,68,6,73,1.07,0.0,0.29,0.088,0,none,none,0.0,463,15
17912666953237384,story,11,2026-03-12,22:23,Thu,22,poll: did you invest this month?,32,0,0,none,1,154658,6651,4.3,8599,0,45,0,19,66,6,64,0.96,0.0,0.29,0.09,0,none,none,0.0,463,15
17987048758344094,story,11,2026-03-13,10:41,Fri,10,quiz: what does P/E stand for?,30,0,0,none,1,155117,9627,6.2,10541,0,110,0,28,96,9,138,1.43,0.0,0.29,0.093,0,none,none,0.0,383,10
17930256427080056,reel,11,2026-03-13,13:20,Fri,13,old vs new tax regime: which one for your salary. 💀 😭,53,2,5,#moneytips #sensex #nifty50 #financialliteracy #stocks,1,155117,66283,42.7,181540,3608,291,853,307,1212,195,5059,7.63,1.29,0.46,0.294,1,term_insurance:3,thanks for keeping it simple,38.3,383,10
17951647331629042,reel,11,2026-03-13,21:50,Fri,21,debt funds vs FDs: the honest comparison. 💀,43,1,0,none,1,155312,61982,39.9,140273,3973,220,1412,406,871,177,6011,9.7,2.28,0.66,0.286,8,options_trading:3|start_small:6,sharing with my dad,30.0,383,10
17985943326262804,story,11,2026-03-13,22:36,Fri,22,poll: did you invest this month?,32,0,0,none,1,155117,12116,7.8,14413,0,79,0,36,121,12,115,0.95,0.0,0.3,0.099,0,none,none,0.0,383,10
17970070739807325,carousel,11,2026-03-14,07:30,Sat,7,the sector that's about to explode 🚀 😍,38,1,5,#sensex #investing #stocks #financialliteracy #moneytips,5,155505,40856,26.3,65105,2662,135,83,100,670,35,2980,7.29,0.2,0.24,0.086,9,options_trading:3|trust_callout:17,thanks for keeping it simple,36.7,42,11
17975252320154635,story,11,2026-03-14,13:38,Sat,13,reminder: tax deadline in 10 days,33,0,0,none,1,155505,8787,5.7,11008,0,32,0,26,87,8,58,0.66,0.0,0.3,0.091,0,none,none,0.0,42,11
17957887296709372,story,11,2026-03-14,17:38,Sat,17,quiz: what does P/E stand for?,30,0,0,none,1,155505,10581,6.8,11308,0,44,0,31,105,10,75,0.71,0.0,0.29,0.095,0,none,none,0.0,42,11
17926269505461865,story,11,2026-03-15,10:46,Sun,10,link: this week's newsletter,28,0,0,none,1,155541,10560,6.8,11296,0,124,0,31,105,10,155,1.47,0.0,0.29,0.095,0,none,none,0.0,-23,84
17998083085369252,story,11,2026-03-15,10:51,Sun,10,reminder: tax deadline in 10 days,33,0,0,none,1,155541,10989,7.1,12298,0,86,0,32,109,10,118,1.07,0.0,0.29,0.091,0,none,none,0.0,-23,84
17988178306605148,story,11,2026-03-15,17:06,Sun,17,link: this week's newsletter,28,0,0,none,1,155541,7278,4.7,8706,0,78,0,21,72,7,99,1.36,0.0,0.29,0.096,0,none,none,0.0,-23,84
17987652622107637,reel,11,2026-03-15,20:10,Sun,20,me checking my portfolio 47 times on a red day. ✨,49,1,5,#stockmarketindia #stocks #nifty50 #sip #mutualfunds,1,155541,23430,15.1,50154,1427,99,29,189,437,34,1744,7.44,0.12,0.81,0.145,0,none,painfully accurate,28.3,-23,84
17998968194588936,reel,11,2026-03-16,08:20,Mon,8,the sector that's about to explode 🚀 💯 💀,40,2,0,none,1,155514,98138,63.1,250091,5585,305,196,226,1489,83,6312,6.43,0.2,0.23,0.085,6,options_trading:5|trust_callout:14,best finance page,31.7,393,10
17954204965983396,carousel,11,2026-03-16,12:20,Mon,12,80C in one slide: every option ranked.,38,0,3,#wealth #nifty50 #investing,5,155597,111008,71.3,145133,6914,441,2147,718,2100,314,10220,9.21,1.93,0.65,0.283,0,term_insurance:2,wish i knew this at 22,23.3,393,10
17937299821450721,story,11,2026-03-16,17:30,Mon,17,reminder: tax deadline in 10 days,33,0,0,none,1,155514,6868,4.4,7476,0,78,0,20,68,6,98,1.43,0.0,0.29,0.087,0,none,none,0.0,393,10
17998390470242433,carousel,11,2026-03-17,07:50,Tue,7,sensex in 60 seconds: what moved and why. 🙌 😍 ✨ 🫶,49,4,5,#wealth #investing #nifty50 #moneytips #stockmarketindia,9,155924,42200,27.1,64813,2724,199,180,107,793,82,3210,7.61,0.43,0.25,0.194,4,options_trading:5|panic_sell:1,very helpful,35.0,183,87
17960843573658138,carousel,11,2026-03-17,21:10,Tue,21,what is an expense ratio and why it matters. 💯 😂 😭 🔥 👀 ✨,56,6,2,#sip #financialliteracy,6,156006,56304,36.1,69150,3248,217,879,289,837,188,4633,8.23,1.56,0.51,0.334,2,options_trading:3|start_small:2,please do more basics,36.7,183,87
17927736070174303,carousel,11,2026-03-18,12:40,Wed,12,last-minute tax saving without bad decisions.,45,0,5,#mutualfunds #sensex #stockmarketindia #taxsaving #personalfinance,7,156133,65922,42.2,81850,3766,284,1156,327,1316,242,5533,8.39,1.75,0.5,0.367,3,term_insurance:5,very helpful,33.3,644,18
17917396732684599,carousel,11,2026-03-18,18:40,Wed,18,sensex in 60 seconds: what moved and why. 😂 🔥,45,2,8,#nifty50 #mutualfunds #sip #stocks #financialliteracy #sensex #taxsaving #wealth,3,156375,32026,20.5,43713,2067,126,110,80,460,59,2383,7.44,0.34,0.25,0.184,4,options_trading:5,daily habit,28.3,644,18
17933716279241512,story,11,2026-03-18,20:14,Wed,20,link: this week's newsletter,28,0,0,none,1,156133,11748,7.5,12778,0,63,0,35,117,11,98,0.83,0.0,0.3,0.094,0,none,none,0.0,644,18
17940680688297529,reel,11,2026-03-18,21:20,Wed,21,last-minute tax saving without bad decisions.,45,0,2,#investing #personalfinance,1,156434,121091,77.4,286164,6542,384,2006,727,1756,324,9659,7.98,1.66,0.6,0.268,1,term_insurance:2,saved!,23.3,644,18
17923508613215345,story,11,2026-03-18,22:07,Wed,22,poll: did you invest this month?,32,0,0,none,1,156133,10995,7.0,12906,0,28,0,32,109,10,60,0.55,0.0,0.29,0.091,0,none,none,0.0,644,18
17913115957529109,story,11,2026-03-18,22:13,Wed,22,quiz: what does P/E stand for?,30,0,0,none,1,156133,9297,6.0,11002,0,69,0,27,92,9,96,1.03,0.0,0.29,0.097,0,none,none,0.0,644,18
17904863696749540,story,11,2026-03-18,22:56,Wed,22,quiz: what does P/E stand for?,30,0,0,none,1,156133,7696,4.9,8819,0,50,0,23,76,7,73,0.95,0.0,0.3,0.091,0,none,none,0.0,644,18
17981023174747402,story,12,2026-03-19,09:58,Thu,9,quiz: what does P/E stand for?,30,0,0,none,1,156748,10078,6.4,12806,0,82,0,30,100,10,112,1.11,0.0,0.3,0.099,0,none,none,0.0,120,15
17922267406311237,carousel,12,2026-03-19,15:30,Thu,15,what happens when a company does a stock split. 🫶,49,1,2,#taxsaving #stocks,6,156748,34965,22.3,45284,2172,95,563,204,561,119,3034,8.68,1.61,0.58,0.34,10,options_trading:6|start_small:6,wish i knew this at 22,25.0,120,15
17980850239210534,story,12,2026-03-19,17:35,Thu,17,market close: nifty in one slide,32,0,0,none,1,156748,6587,4.2,7238,0,75,0,19,65,6,94,1.43,0.0,0.29,0.091,0,none,none,0.0,120,15
17951123049860105,carousel,12,2026-03-20,09:30,Fri,9,what is a P/E ratio? explained with a samosa shop. 🫶 😂 💯 🙌,58,4,8,#stocks #mutualfunds #taxsaving #stockmarketindia #personalfinance #sensex #financialliteracy #wealth,7,156865,40330,25.7,58403,2455,196,868,254,722,146,3773,9.36,2.15,0.63,0.362,8,options_trading:1|start_small:7,can a student start with 500 rupees?,25.0,574,17
17973910139567409,story,12,2026-03-20,09:43,Fri,9,market close: nifty in one slide,32,0,0,none,1,156865,8694,5.5,9430,0,90,0,26,86,8,116,1.33,0.0,0.3,0.092,0,none,none,0.0,574,17
17963943292734496,story,12,2026-03-20,09:44,Fri,9,quiz: what does P/E stand for?,30,0,0,none,1,156865,11964,7.6,13588,0,78,0,35,119,11,113,0.94,0.0,0.29,0.092,0,none,none,0.0,574,17
17952487762173799,reel,12,2026-03-20,13:30,Fri,13,80C in one slide: every option ranked. 🔥 😂,42,2,0,none,1,157011,90767,57.8,248761,5984,234,1354,673,1271,237,8245,9.08,1.49,0.74,0.261,3,term_insurance:6,sharing with my dad,28.3,574,17
17906755073851060,story,12,2026-03-20,13:56,Fri,13,poll: did you invest this month?,32,0,0,none,1,156865,10631,6.8,11574,0,71,0,31,106,10,102,0.96,0.0,0.29,0.094,0,none,none,0.0,574,17
17929872798095653,reel,12,2026-03-20,15:20,Fri,15,what is a P/E ratio? explained with a samosa shop. 😍,52,1,12,#wealth #stocks #taxsaving #moneytips #sip #investing #mutualfunds #sensex #financialliteracy #nifty50 #stockmarketindia #personalfinance,1,157248,53579,34.1,107287,3580,175,965,288,1016,179,5008,9.35,1.8,0.54,0.334,9,options_trading:7|start_small:6,please do more basics,31.7,574,17
17900037261169791,story,12,2026-03-21,09:08,Sat,9,quiz: what does P/E stand for?,30,0,0,none,1,157424,7709,4.9,8258,0,31,0,23,77,7,54,0.7,0.0,0.3,0.091,0,none,none,0.0,40,18
17994445078435677,story,12,2026-03-21,10:12,Sat,10,poll: did you invest this month?,32,0,0,none,1,157424,8648,5.5,9560,0,53,0,25,86,8,78,0.9,0.0,0.29,0.093,0,none,none,0.0,40,18
17950955050511941,story,12,2026-03-21,13:30,Sat,13,question box: ask me anything about SIPs,40,0,0,none,1,157424,6330,4.0,6686,0,21,0,18,63,6,39,0.62,0.0,0.28,0.095,21,none,none,0.0,40,18
17987098362055968,reel,12,2026-03-21,20:00,Sat,20,friday wrap: the week in 5 numbers. 😭 👀 💀 🫶 ✨ 😂,47,6,5,#taxsaving #investing #wealth #mutualfunds #stockmarketindia,1,157424,21227,13.5,39262,1292,98,80,74,338,37,1544,7.27,0.38,0.35,0.174,6,options_trading:8|panic_sell:1,clear summary,30.0,40,18
17956363692836015,story,12,2026-03-22,09:24,Sun,9,link: this week's newsletter,28,0,0,none,1,157468,9699,6.2,12420,0,20,0,29,96,9,49,0.51,0.0,0.3,0.093,0,none,none,0.0,-5,14
17928993406825355,carousel,12,2026-03-23,08:20,Mon,8,how to build a budget you'll actually follow. 👀 💯 🫶 😭,53,4,3,#sip #stockmarketindia #investing,10,157463,52998,33.7,83339,2807,123,662,220,824,149,3812,7.19,1.25,0.42,0.281,6,start_small:3|term_insurance:7,best finance page,26.7,366,14
17997994795069737,story,12,2026-03-23,09:29,Mon,9,quiz: what does P/E stand for?,30,0,0,none,1,157463,8610,5.5,9500,0,21,0,25,86,8,46,0.53,0.0,0.29,0.093,0,none,none,0.0,366,14
17920975107993384,reel,12,2026-03-23,09:50,Mon,9,when your friend asks for stock tips at a wedding.,50,0,5,#mutualfunds #nifty50 #stockmarketindia #taxsaving #investing,1,157612,52449,33.3,100133,3581,298,84,415,973,65,4378,8.35,0.16,0.79,0.124,0,none,tag your broke friend,38.3,366,14
17985029738270631,reel,12,2026-03-23,15:10,Mon,15,emergency fund: how much is actually enough. 😍 🙌,48,2,5,#sip #mutualfunds #taxsaving #personalfinance #moneytips,1,157677,45042,28.6,91614,2910,109,787,202,871,139,4008,8.9,1.75,0.45,0.309,5,start_small:4|term_insurance:4,very helpful,26.7,366,14
17997267102316459,story,12,2026-03-23,17:45,Mon,17,quiz: what does P/E stand for?,30,0,0,none,1,157463,11750,7.5,13582,0,110,0,35,117,11,145,1.23,0.0,0.3,0.094,0,none,none,0.0,366,14
17946605054776411,story,12,2026-03-23,22:17,Mon,22,market close: nifty in one slide,32,0,0,none,1,157463,8847,5.6,11403,0,34,0,26,88,8,60,0.68,0.0,0.29,0.09,0,none,none,0.0,366,14
17913054405814641,reel,12,2026-03-24,20:20,Tue,20,SIP vs lump sum: which actually wins over 10 years.,51,0,5,#nifty50 #wealth #sensex #stocks #mutualfunds,1,157813,82474,52.3,177561,4309,167,1245,432,1445,269,6153,7.46,1.51,0.52,0.326,9,options_trading:7|start_small:3,the samosa example 😂,20.0,265,11
17947066863187396,story,12,2026-03-24,22:25,Tue,22,poll: did you invest this month?,32,0,0,none,1,157813,7433,4.7,9575,0,69,0,22,74,7,91,1.22,0.0,0.3,0.094,0,none,none,0.0,265,11
17918634411623962,story,12,2026-03-25,10:13,Wed,10,question box: ask me anything about SIPs,40,0,0,none,1,158085,8307,5.3,9663,0,63,0,24,83,8,87,1.05,0.0,0.29,0.096,63,none,none,0.0,211,19
17922752348588025,reel,12,2026-03-25,12:50,Wed,12,SIP vs lump sum: which actually wins over 10 years.,51,0,12,#nifty50 #sensex #stockmarketindia #stocks #moneytips #financialliteracy #investing #wealth #taxsaving #sip #personalfinance #mutualfunds,1,158085,45843,29.0,120212,2919,183,897,258,738,156,4257,9.29,1.96,0.56,0.34,6,options_trading:4|start_small:4,saved!,40.0,211,19
17912946950938308,carousel,12,2026-03-25,16:20,Wed,16,salary credited vs salary gone: a timeline. ✨ 👀,47,2,10,#sip #moneytips #sensex #mutualfunds #financialliteracy #investing #stockmarketindia #taxsaving #personalfinance #wealth,9,158241,34839,22.0,49845,2065,163,48,354,644,57,2630,7.55,0.14,1.02,0.164,0,none,tag your broke friend,25.0,211,19
17925628332881923,story,12,2026-03-25,22:01,Wed,22,quiz: what does P/E stand for?,30,0,0,none,1,158085,9879,6.2,10594,0,37,0,29,98,9,66,0.67,0.0,0.29,0.091,0,none,none,0.0,211,19
17902927338812765,carousel,13,2026-03-26,08:30,Thu,8,80C in one slide: every option ranked.,38,0,5,#mutualfunds #moneytips #stocks #nifty50 #financialliteracy,5,158286,95737,60.5,129722,5435,436,1372,479,1478,221,7722,8.07,1.43,0.5,0.231,2,term_insurance:5,clear as always,30.0,728,18
17995166095750875,story,13,2026-03-26,09:18,Thu,9,poll: did you invest this month?,32,0,0,none,1,158286,8245,5.2,10282,0,55,0,24,82,8,79,0.96,0.0,0.29,0.097,0,none,none,0.0,728,18
17932410965049930,reel,13,2026-03-26,09:30,Thu,9,friday wrap: the week in 5 numbers. 👀,37,1,10,#stockmarketindia #nifty50 #personalfinance #investing #moneytips #stocks #wealth #mutualfunds #sensex #sip,1,158507,37494,23.7,71770,2423,93,151,120,534,54,2787,7.43,0.4,0.32,0.144,1,options_trading:4,clear summary,38.3,728,18
17951336646889166,story,13,2026-03-26,10:47,Thu,10,question box: ask me anything about SIPs,40,0,0,none,1,158286,7390,4.7,9599,0,79,0,22,73,7,101,1.37,0.0,0.3,0.095,79,none,none,0.0,728,18
17969758006143306,story,13,2026-03-26,10:51,Thu,10,quiz: what does P/E stand for?,30,0,0,none,1,158286,11982,7.6,14970,0,109,0,35,119,11,144,1.2,0.0,0.29,0.092,0,none,none,0.0,728,18
17994411985821703,story,13,2026-03-26,17:00,Thu,17,poll: did you invest this month?,32,0,0,none,1,158286,6482,4.1,8050,0,51,0,19,64,6,70,1.08,0.0,0.29,0.093,0,none,none,0.0,728,18
17986360691591288,story,13,2026-03-26,17:19,Thu,17,question box: ask me anything about SIPs,40,0,0,none,1,158286,8891,5.6,10366,0,54,0,26,88,8,80,0.9,0.0,0.29,0.09,54,none,none,0.0,728,18
17961809396502111,reel,13,2026-03-26,18:50,Thu,18,debt funds vs FDs: the honest comparison.,41,0,3,#stocks #investing #taxsaving,1,158561,112522,71.0,285060,6252,290,2312,646,1958,420,9500,8.44,2.05,0.57,0.373,9,options_trading:6|start_small:6,can you do an options series,25.0,728,18
17902963493206785,story,13,2026-03-26,20:02,Thu,20,link: this week's newsletter,28,0,0,none,1,158286,11225,7.1,11977,0,111,0,33,112,11,144,1.28,0.0,0.29,0.098,0,none,none,0.0,728,18
17947124176089508,story,13,2026-03-27,10:43,Fri,10,link: this week's newsletter,28,0,0,none,1,158977,10920,6.9,13602,0,117,0,32,109,10,149,1.36,0.0,0.29,0.092,0,none,none,0.0,175,15
17979333502279351,carousel,13,2026-03-27,12:50,Fri,12,5 money mistakes i made in my first job. 👀,42,1,8,#sensex #wealth #mutualfunds #sip #nifty50 #taxsaving #investing #financialliteracy,7,158977,57277,36.0,89806,3063,228,797,254,956,169,4342,7.58,1.39,0.44,0.295,8,start_small:7|term_insurance:3,clear as always,25.0,175,15
17947071677260505,story,13,2026-03-27,17:11,Fri,17,reminder: tax deadline in 10 days,33,0,0,none,1,158977,11021,6.9,12863,0,32,0,33,110,11,65,0.59,0.0,0.3,0.1,0,none,none,0.0,175,15
17997259815464265,story,13,2026-03-28,20:10,Sat,20,question box: ask me anything about SIPs,40,0,0,none,1,159159,7561,4.8,8835,0,44,0,22,75,7,66,0.87,0.0,0.29,0.093,44,none,none,0.0,8,10
17915388518042238,story,13,2026-03-28,20:31,Sat,20,link: this week's newsletter,28,0,0,none,1,159159,11829,7.4,14278,0,94,0,35,118,11,129,1.09,0.0,0.3,0.093,0,none,none,0.0,8,10
17941532899350825,story,13,2026-03-29,10:46,Sun,10,quiz: what does P/E stand for?,30,0,0,none,1,159158,9551,6.0,11232,0,70,0,28,95,9,98,1.03,0.0,0.29,0.094,0,none,none,0.0,126,10
17968918575152576,reel,13,2026-03-29,13:00,Sun,13,how to read a company's annual report in 15 minutes. 😂 👀 💀 😭 ✨ 🫶,64,6,5,#financialliteracy #mutualfunds #sensex #stockmarketindia #sip,1,159158,26825,16.9,49305,1709,64,530,178,518,117,2481,9.25,1.98,0.66,0.436,8,options_trading:8|start_small:4,please explain options trading,31.7,126,10
17926805661811325,story,13,2026-03-29,13:11,Sun,13,reminder: tax deadline in 10 days,33,0,0,none,1,159158,10919,6.9,11773,0,24,0,32,109,10,56,0.51,0.0,0.29,0.092,0,none,none,0.0,126,10
17939614930250860,story,13,2026-03-30,10:29,Mon,10,question box: ask me anything about SIPs,40,0,0,none,1,159294,6900,4.3,7452,0,67,0,20,69,6,87,1.26,0.0,0.29,0.087,67,none,none,0.0,239,12
17901142914530236,reel,13,2026-03-30,12:30,Mon,12,5 money mistakes i made in my first job. 💀 🔥 😂 💯 🙌 ✨,52,6,2,#investing #sip,1,159294,48606,30.5,91730,2749,151,844,260,803,138,4004,8.24,1.74,0.53,0.284,7,start_small:5|term_insurance:4,clear as always,28.3,239,12
17985445943468164,reel,13,2026-03-30,21:20,Mon,21,how IPO allotment actually works. 👀,35,1,0,none,1,159432,51437,32.3,98334,3020,214,499,202,905,107,3935,7.65,0.97,0.39,0.208,0,none,best finance page,28.3,239,12
17981968658722749,reel,13,2026-03-31,15:40,Tue,15,"market wrap: nifty closed flat, banks dragged, IT held up. 3 things that moved today.",85,0,0,none,1,159545,39904,25.0,90412,2129,113,110,96,569,66,2448,6.13,0.28,0.24,0.165,8,options_trading:4|panic_sell:4,thanks for the update,30.0,278,19
17946912318434771,carousel,13,2026-03-31,18:10,Tue,18,80C in one slide: every option ranked. 💯 👀,42,2,12,#sip #stocks #nifty50 #moneytips #stockmarketindia #mutualfunds #investing #financialliteracy #sensex #personalfinance #wealth #taxsaving,6,159611,68075,42.7,87082,4499,345,1282,423,1255,231,6549,9.62,1.88,0.62,0.339,1,term_insurance:8,very helpful,30.0,278,19
17918237800593487,carousel,13,2026-04-01,07:00,Wed,7,what is an expense ratio and why it matters.,44,0,3,#stocks #personalfinance #sip,7,159840,43705,27.3,62552,2818,170,782,295,619,147,4065,9.3,1.79,0.67,0.336,6,options_trading:5|start_small:5,thanks for keeping it simple,26.7,376,15
17930501765783359,reel,13,2026-04-01,08:20,Wed,8,the 'Zentrix Logistics' IPO: what the prospectus actually says. 💯 👀 🙌 🔥 😭 😍,75,6,10,#sensex #wealth #taxsaving #stockmarketindia #mutualfunds #stocks #sip #investing #nifty50 #moneytips,1,159987,50013,31.3,98082,3260,247,413,229,899,129,4149,8.3,0.83,0.46,0.258,0,none,saved!,30.0,376,15
17972309600433461,story,13,2026-04-01,13:18,Wed,13,reminder: tax deadline in 10 days,33,0,0,none,1,159840,12191,7.6,13710,0,52,0,36,121,12,88,0.72,0.0,0.3,0.098,0,none,none,0.0,376,15
17988482080881297,reel,13,2026-04-01,20:40,Wed,20,sensex in 60 seconds: what moved and why. 💀,43,1,8,#wealth #sensex #nifty50 #sip #personalfinance #investing #taxsaving #moneytips,1,160116,42081,26.3,115418,2285,87,145,115,818,103,2632,6.25,0.34,0.27,0.245,1,options_trading:1|panic_sell:1,sharing with my dad,31.7,376,15
17935201323613605,carousel,14,2026-04-02,09:30,Thu,9,debt funds vs FDs: the honest comparison.,41,0,0,none,8,160229,53883,33.6,83643,2857,230,1043,271,750,138,4401,8.17,1.94,0.5,0.256,9,options_trading:9|start_small:5,school should teach this,30.0,342,18
17992715327358944,story,14,2026-04-02,10:02,Thu,10,question box: ask me anything about SIPs,40,0,0,none,1,160229,6472,4.0,7551,0,66,0,19,64,6,85,1.31,0.0,0.29,0.093,66,none,none,0.0,342,18
17945132606953081,story,14,2026-04-02,10:14,Thu,10,poll: did you invest this month?,32,0,0,none,1,160229,7780,4.9,8242,0,46,0,23,77,7,69,0.89,0.0,0.3,0.09,0,none,none,0.0,342,18
17900264442356383,story,14,2026-04-02,10:16,Thu,10,poll: did you invest this month?,32,0,0,none,1,160229,12117,7.6,15574,0,112,0,36,121,12,148,1.22,0.0,0.3,0.099,0,none,none,0.0,342,18
17975248529411819,story,14,2026-04-02,10:16,Thu,10,quiz: what does P/E stand for?,30,0,0,none,1,160229,9487,5.9,12007,0,46,0,28,94,9,74,0.78,0.0,0.3,0.095,0,none,none,0.0,342,18
17983792932558416,story,14,2026-04-02,10:57,Thu,10,market close: nifty in one slide,32,0,0,none,1,160229,8651,5.4,10657,0,29,0,25,86,8,54,0.62,0.0,0.29,0.092,0,none,none,0.0,342,18
17929526853332904,reel,14,2026-04-02,15:20,Thu,15,when your friend asks for stock tips at a wedding.,50,0,5,#financialliteracy #mutualfunds #sip #moneytips #investing,1,160367,67027,41.8,177418,4313,185,100,734,1065,72,5332,7.96,0.15,1.1,0.107,0,none,best finance page,36.7,342,18
17956299490182161,reel,14,2026-04-02,16:40,Thu,16,"the 50/30/20 rule, adjusted for indian salaries.",48,0,3,#mutualfunds #stocks #wealth,1,160439,28525,17.8,57793,1638,82,358,143,477,86,2221,7.79,1.26,0.5,0.301,5,start_small:3|term_insurance:5,thanks for keeping it simple,23.3,342,18
17912631119024140,story,14,2026-04-02,20:18,Thu,20,quiz: what does P/E stand for?,30,0,0,none,1,160229,11452,7.1,13231,0,36,0,34,114,11,70,0.61,0.0,0.3,0.096,0,none,none,0.0,342,18
17922503310391078,story,14,2026-04-02,20:21,Thu,20,market close: nifty in one slide,32,0,0,none,1,160229,11982,7.5,13750,0,124,0,35,119,11,159,1.33,0.0,0.29,0.092,0,none,none,0.0,342,18
17985913661738927,story,14,2026-04-03,13:42,Fri,13,reminder: tax deadline in 10 days,33,0,0,none,1,160513,9850,6.1,11142,0,112,0,29,98,9,141,1.43,0.0,0.29,0.091,0,none,none,0.0,422,12
17928845158623101,reel,14,2026-04-03,20:50,Fri,20,index funds explained in 6 slides. 😍,36,1,8,#personalfinance #mutualfunds #sip #wealth #sensex #nifty50 #taxsaving #moneytips,1,160513,79417,49.5,166569,4692,347,1581,367,1211,233,6987,8.8,1.99,0.46,0.293,5,options_trading:3|start_small:3,finally understood this,25.0,422,12
17912267886486211,reel,14,2026-04-03,21:00,Fri,21,what is an expense ratio and why it matters. 🙌,46,1,8,#taxsaving #moneytips #nifty50 #mutualfunds #wealth #financialliteracy #personalfinance #sip,1,160746,57206,35.6,112038,3312,254,856,296,896,192,4718,8.25,1.5,0.52,0.336,3,options_trading:2|start_small:3,sharing with my dad,33.3,422,12
17951229795309305,carousel,14,2026-04-04,09:30,Sat,9,how to read a company's annual report in 15 minutes. 🫶,54,1,2,#investing #stockmarketindia,8,160954,28795,17.9,44435,1845,151,657,195,407,80,2848,9.89,2.28,0.68,0.278,11,options_trading:9|start_small:5,thanks for keeping it simple,38.3,71,19
17948358831670985,story,14,2026-04-04,20:32,Sat,20,question box: ask me anything about SIPs,40,0,0,none,1,160954,10809,6.7,13465,0,40,0,32,108,10,72,0.67,0.0,0.3,0.093,40,none,none,0.0,71,19
17904920377188203,reel,14,2026-04-05,09:30,Sun,9,friday wrap: the week in 5 numbers.,35,0,5,#moneytips #taxsaving #personalfinance #wealth #sensex,1,161025,35097,21.8,64702,1955,120,94,111,595,73,2280,6.5,0.27,0.32,0.208,5,options_trading:6,why is it always banks,38.3,85,14
17984835736669359,story,14,2026-04-05,10:05,Sun,10,market close: nifty in one slide,32,0,0,none,1,161025,9478,5.9,11624,0,41,0,28,94,9,69,0.73,0.0,0.3,0.095,0,none,none,0.0,85,14
17944406275601699,story,14,2026-04-05,10:44,Sun,10,poll: did you invest this month?,32,0,0,none,1,161025,8326,5.2,9522,0,54,0,24,83,8,78,0.94,0.0,0.29,0.096,0,none,none,0.0,85,14
17983959236173564,story,14,2026-04-05,22:38,Sun,22,link: this week's newsletter,28,0,0,none,1,161025,9014,5.6,11645,0,70,0,27,90,9,97,1.08,0.0,0.3,0.1,0,none,none,0.0,85,14
17956515718261731,carousel,14,2026-04-06,07:10,Mon,7,what is an expense ratio and why it matters.,44,0,8,#taxsaving #stockmarketindia #stocks #nifty50 #investing #financialliteracy #mutualfunds #moneytips,7,161100,66188,41.1,89713,3615,239,1273,343,1317,257,5470,8.26,1.92,0.52,0.388,7,options_trading:9|start_small:3,saved!,15.0,470,12
17946576596844254,reel,14,2026-04-06,09:00,Mon,9,"market wrap: nifty closed flat, banks dragged, IT held up. 3 things that moved today. 💀",87,1,10,#taxsaving #investing #mutualfunds #stockmarketindia #sensex #financialliteracy #stocks #personalfinance #wealth #nifty50,1,161357,80125,49.7,164426,4365,264,306,232,1405,151,5167,6.45,0.38,0.29,0.188,4,options_trading:5,clear summary,38.3,470,12
17932456612188954,story,14,2026-04-06,10:27,Mon,10,reminder: tax deadline in 10 days,33,0,0,none,1,161100,8673,5.4,10442,0,65,0,26,86,8,91,1.05,0.0,0.3,0.092,0,none,none,0.0,470,12
17949460880446582,story,14,2026-04-06,10:54,Mon,10,reminder: tax deadline in 10 days,33,0,0,none,1,161100,8167,5.1,9117,0,57,0,24,81,8,81,0.99,0.0,0.29,0.098,0,none,none,0.0,470,12
17944188714703247,story,14,2026-04-06,13:12,Mon,13,reminder: tax deadline in 10 days,33,0,0,none,1,161100,10624,6.6,12079,0,77,0,31,106,10,108,1.02,0.0,0.29,0.094,0,none,none,0.0,470,12
17990810702070789,story,14,2026-04-06,17:40,Mon,17,poll: did you invest this month?,32,0,0,none,1,161100,7207,4.5,8764,0,47,0,21,72,7,68,0.94,0.0,0.29,0.097,0,none,none,0.0,470,12
17920330433759728,carousel,14,2026-04-06,21:20,Mon,21,stocks to watch this week 🔥 🔥,29,1,5,#taxsaving #investing #sip #stockmarketindia #personalfinance,3,161508,60590,37.5,80469,3110,259,88,108,915,41,3565,5.88,0.15,0.18,0.068,11,options_trading:10|trust_callout:19,pump and dump vibes,28.3,470,12
17966628521167034,carousel,14,2026-04-07,07:00,Tue,7,how to read a company's annual report in 15 minutes.,52,0,8,#personalfinance #financialliteracy #sensex #sip #mutualfunds #nifty50 #taxsaving #investing,9,161565,81978,50.7,126465,5181,285,1494,525,1158,276,7485,9.13,1.82,0.64,0.337,4,options_trading:4|start_small:2,very helpful,18.3,320,51
17958891496839245,story,14,2026-04-07,09:02,Tue,9,question box: ask me anything about SIPs,40,0,0,none,1,161565,12485,7.7,16022,0,57,0,37,124,12,94,0.75,0.0,0.3,0.096,57,none,none,0.0,320,51
17970981354666998,reel,14,2026-04-07,16:50,Tue,16,last-minute tax saving without bad decisions. ✨,47,1,5,#mutualfunds #moneytips #nifty50 #personalfinance #wealth,1,161841,20696,12.8,48515,1265,68,336,139,397,67,1808,8.74,1.62,0.67,0.324,1,term_insurance:3,very helpful,20.0,320,51
17965081111113766,story,14,2026-04-07,20:51,Tue,20,poll: did you invest this month?,32,0,0,none,1,161565,10803,6.7,12273,0,115,0,32,108,10,147,1.36,0.0,0.3,0.093,0,none,none,0.0,320,51
17919195060249172,story,14,2026-04-07,22:55,Tue,22,link: this week's newsletter,28,0,0,none,1,161565,6676,4.1,7980,0,17,0,20,66,6,37,0.55,0.0,0.3,0.09,0,none,none,0.0,320,51
17930558821974235,carousel,14,2026-04-08,07:10,Wed,7,emergency fund: how much is actually enough.,44,0,2,#stocks #stockmarketindia,10,161875,40841,25.2,62655,2187,80,658,214,742,108,3139,7.69,1.61,0.52,0.264,9,start_small:8|term_insurance:5,wish i knew this at 22,35.0,519,20
17989153595741207,reel,14,2026-04-08,08:10,Wed,8,what is a P/E ratio? explained with a samosa shop. 😭 ✨,54,2,5,#nifty50 #personalfinance #wealth #taxsaving #sip,1,161983,113014,69.8,316143,6569,251,2202,591,1617,305,9613,8.51,1.95,0.52,0.27,10,options_trading:5|start_small:8,can a student start with 500 rupees?,28.3,519,20
17959915084539954,story,14,2026-04-08,13:59,Wed,13,market close: nifty in one slide,32,0,0,none,1,161875,8675,5.4,10667,0,61,0,26,86,8,87,1.0,0.0,0.3,0.092,0,none,none,0.0,519,20
17989989890239737,carousel,14,2026-04-08,20:40,Wed,20,how to read a company's annual report in 15 minutes. 😭 🔥 💯 👀,60,4,0,none,5,162288,39687,24.5,47999,2420,186,646,202,542,118,3454,8.7,1.63,0.51,0.297,6,options_trading:3|start_small:5,thanks for keeping it simple,25.0,519,20
17973533519743061,reel,15,2026-04-09,13:10,Thu,13,emergency fund: how much is actually enough. 💯 💀 🔥 👀,52,4,2,#sensex #nifty50,1,162392,39829,24.5,111285,2367,112,559,167,654,98,3205,8.05,1.4,0.42,0.246,4,start_small:4|term_insurance:3,saved!,23.3,79,19
17939748864310927,reel,15,2026-04-10,07:50,Fri,7,stocks to watch this week 🔥 😂,29,1,5,#investing #financialliteracy #mutualfunds #stocks #nifty50,1,162491,61373,37.8,134623,3787,197,103,148,868,39,4235,6.9,0.17,0.24,0.064,10,options_trading:2|trust_callout:22,clear as always,35.0,132,11
17913715740834707,story,15,2026-04-10,17:02,Fri,17,quiz: what does P/E stand for?,30,0,0,none,1,162491,12453,7.7,15198,0,27,0,37,124,12,64,0.51,0.0,0.3,0.096,0,none,none,0.0,132,11
17991600825469470,carousel,15,2026-04-10,20:10,Fri,20,old vs new tax regime: which one for your salary. 👀,51,1,0,none,3,162530,32022,19.7,39388,1772,79,408,158,456,85,2417,7.55,1.27,0.49,0.265,1,term_insurance:6,sharing with my dad,33.3,132,11
17932730142996114,story,15,2026-04-10,22:26,Fri,22,market close: nifty in one slide,32,0,0,none,1,162491,7997,4.9,9755,0,65,0,23,79,7,88,1.1,0.0,0.29,0.088,0,none,none,0.0,132,11
17981969066752439,carousel,15,2026-04-11,07:50,Sat,7,"HRA, 80D, NPS: what most people miss. 💯",39,1,2,#sip #taxsaving,7,162614,17169,10.6,23459,1035,38,236,88,281,41,1397,8.14,1.37,0.51,0.239,2,term_insurance:2,wish i knew this at 22,23.7,24,60
17989905057930039,story,15,2026-04-11,09:07,Sat,9,reminder: tax deadline in 10 days,33,0,0,none,1,162614,11322,7.0,12432,0,83,0,33,113,11,116,1.02,0.0,0.29,0.097,0,none,none,0.0,24,60
17960789039678880,story,15,2026-04-11,10:13,Sat,10,link: this week's newsletter,28,0,0,none,1,162614,11636,7.2,14005,0,132,0,34,116,11,166,1.43,0.0,0.29,0.095,0,none,none,0.0,24,60
17917952475862502,carousel,15,2026-04-11,12:40,Sat,12,old vs new tax regime: which one for your salary.,49,0,12,#sensex #sip #moneytips #stockmarketindia #personalfinance #investing #financialliteracy #mutualfunds #nifty50 #taxsaving #wealth #stocks,4,162655,7294,4.5,8817,470,27,109,39,114,21,645,8.84,1.49,0.53,0.288,0,term_insurance:1,very helpful,40.7,24,60
17948220838292188,story,15,2026-04-12,17:24,Sun,17,quiz: what does P/E stand for?,30,0,0,none,1,162621,8738,5.4,10897,0,79,0,26,87,8,105,1.2,0.0,0.3,0.092,0,none,none,0.0,-7,15
17979883296843760,reel,15,2026-04-13,09:30,Mon,9,index funds explained in 6 slides. 🙌,36,1,10,#moneytips #sensex #taxsaving #stockmarketindia #mutualfunds #nifty50 #financialliteracy #investing #wealth #stocks,1,162622,58063,35.7,145453,3115,241,836,233,909,175,4425,7.62,1.44,0.4,0.301,6,options_trading:5|start_small:3,best finance page,38.3,366,20
17926601129550989,story,15,2026-04-13,10:35,Mon,10,question box: ask me anything about SIPs,40,0,0,none,1,162622,9665,5.9,10258,0,47,0,28,96,9,75,0.78,0.0,0.29,0.093,47,none,none,0.0,366,20
17928338966610406,story,15,2026-04-13,13:34,Mon,13,market close: nifty in one slide,32,0,0,none,1,162622,11837,7.3,13696,0,51,0,35,118,11,86,0.73,0.0,0.3,0.093,0,none,none,0.0,366,20
17929258267458408,reel,15,2026-04-13,20:00,Mon,20,credit card rules that keep you out of debt. 🙌,46,1,0,none,1,162797,46643,28.7,121246,2982,245,658,241,698,131,4126,8.85,1.41,0.52,0.281,2,start_small:1|term_insurance:6,wish i knew this at 22,28.3,366,20
17904699318671255,story,15,2026-04-13,20:59,Mon,20,market close: nifty in one slide,32,0,0,none,1,162622,10669,6.6,13088,0,52,0,32,106,10,84,0.79,0.0,0.3,0.094,0,none,none,0.0,366,20
17984198916309938,reel,15,2026-04-13,21:30,Mon,21,last-minute tax saving without bad decisions. 👀 💯 💀 ✨ 🫶 😂,57,6,8,#investing #taxsaving #stocks #moneytips #stockmarketindia #personalfinance #wealth #nifty50,1,162928,16276,10.0,40444,1026,77,271,86,253,39,1460,8.97,1.67,0.53,0.24,2,term_insurance:4,how much term insurance do i need,28.3,366,20
17917587222613181,story,15,2026-04-13,22:23,Mon,22,link: this week's newsletter,28,0,0,none,1,162622,11575,7.1,14281,0,79,0,34,115,11,113,0.98,0.0,0.29,0.095,0,none,none,0.0,366,20
17923029955425679,reel,15,2026-04-14,18:40,Tue,18,what is an expense ratio and why it matters. 🙌,46,1,10,#investing #taxsaving #wealth #moneytips #financialliteracy #sip #nifty50 #stockmarketindia #personalfinance #sensex,1,162972,56891,34.9,121066,3442,199,915,353,835,175,4909,8.63,1.61,0.62,0.308,8,options_trading:5|start_small:4,what are call and put options?,25.0,228,17
17977030998862843,reel,15,2026-04-14,20:00,Tue,20,stocks to watch this week 🔥 😂,29,1,0,none,1,163147,70058,42.9,188182,4443,225,141,155,1250,70,4964,7.09,0.2,0.22,0.1,13,options_trading:10|trust_callout:22,F&O explainer when?,25.0,228,17
17909163000237093,image,15,2026-04-15,08:50,Wed,8,sensex in 60 seconds: what moved and why. 😍 😭 👀 🙌,49,4,5,#mutualfunds #investing #stockmarketindia #personalfinance #wealth,1,163221,52717,32.3,65921,2773,104,185,124,823,109,3186,6.04,0.35,0.24,0.207,4,options_trading:5|panic_sell:1,best finance page,26.7,106,99
17974606067285715,story,15,2026-04-15,13:45,Wed,13,quiz: what does P/E stand for?,30,0,0,none,1,163221,8175,5.0,10019,0,76,0,24,81,8,100,1.22,0.0,0.29,0.098,0,none,none,0.0,106,99
17972025458441542,carousel,15,2026-04-15,15:00,Wed,15,80C in one slide: every option ranked. 🔥,40,1,3,#moneytips #personalfinance #nifty50,10,163330,23470,14.4,35779,1559,118,468,133,375,69,2278,9.71,1.99,0.57,0.294,0,term_insurance:2,how much term insurance do i need,23.3,106,99
17920525296412458,story,15,2026-04-15,17:50,Wed,17,link: this week's newsletter,28,0,0,none,1,163221,9522,5.8,10094,0,112,0,28,95,9,140,1.47,0.0,0.29,0.095,0,none,none,0.0,106,99
17987614864149088,story,15,2026-04-15,20:47,Wed,20,link: this week's newsletter,28,0,0,none,1,163221,10094,6.2,10780,0,90,0,30,100,10,120,1.19,0.0,0.3,0.099,0,none,none,0.0,106,99
17973429822732390,reel,16,2026-04-16,07:50,Thu,7,how to read a company's annual report in 15 minutes.,52,0,8,#investing #sip #stocks #personalfinance #stockmarketindia #taxsaving #financialliteracy #mutualfunds,1,163315,45861,28.1,113134,2941,164,1006,280,734,143,4391,9.57,2.19,0.61,0.312,3,options_trading:6|start_small:2,the samosa example 😂,33.3,300,11
17912752324722587,story,16,2026-04-16,10:32,Thu,10,reminder: tax deadline in 10 days,33,0,0,none,1,163315,8201,5.0,8844,0,79,0,24,82,8,103,1.26,0.0,0.29,0.098,0,none,none,0.0,300,11
17987928440260007,reel,16,2026-04-16,16:50,Thu,16,5 money mistakes i made in my first job. 💯,42,1,0,none,1,163458,60612,37.1,167750,4152,246,1072,385,1080,160,5855,9.66,1.77,0.64,0.264,7,start_small:4|term_insurance:6,very helpful,31.7,300,11
17979578206495145,reel,16,2026-04-17,07:30,Fri,7,"HRA, 80D, NPS: what most people miss. 💯 🔥 😍 ✨",45,4,5,#mutualfunds #personalfinance #taxsaving #nifty50 #financialliteracy,1,163620,22499,13.8,52899,1548,126,447,119,330,53,2240,9.96,1.99,0.53,0.236,1,term_insurance:1,thanks for keeping it simple,35.0,387,19
17919932333808803,story,16,2026-04-17,10:14,Fri,10,reminder: tax deadline in 10 days,33,0,0,none,1,163620,11466,7.0,12921,0,45,0,34,114,11,79,0.69,0.0,0.3,0.096,0,none,none,0.0,387,19
17961217284179548,reel,16,2026-04-17,18:30,Fri,18,how to read a company's annual report in 15 minutes. 😂 🙌 😍 💯,60,4,8,#sensex #taxsaving #mutualfunds #moneytips #investing #stockmarketindia #wealth #financialliteracy,1,163673,61385,37.5,162407,3394,205,903,359,1222,289,4861,7.92,1.47,0.58,0.471,4,options_trading:4|start_small:4,best finance page,20.0,387,19
17913379353050057,reel,16,2026-04-17,20:50,Fri,20,old vs new tax regime: which one for your salary.,49,0,2,#stockmarketindia #sip,1,163962,26071,15.9,65340,1434,85,324,123,356,53,1966,7.54,1.24,0.47,0.203,2,term_insurance:4,best finance page,18.3,387,19
17992177075528829,image,16,2026-04-18,12:40,Sat,12,credit card rules that keep you out of debt. 💯,46,1,0,none,1,164002,9081,5.5,14415,505,25,152,45,151,28,727,8.01,1.67,0.5,0.308,2,start_small:2|term_insurance:2,thanks for keeping it simple,24.0,32,18
17961703855634454,story,16,2026-04-18,13:47,Sat,13,poll: did you invest this month?,32,0,0,none,1,164002,13116,8.0,14604,0,90,0,39,131,13,129,0.98,0.0,0.3,0.099,0,none,none,0.0,32,18
17924124991828446,story,16,2026-04-18,22:30,Sat,22,link: this week's newsletter,28,0,0,none,1,164002,9321,5.7,10744,0,83,0,27,93,9,110,1.18,0.0,0.29,0.097,0,none,none,0.0,32,18
17948396864540186,story,16,2026-04-19,13:09,Sun,13,market close: nifty in one slide,32,0,0,none,1,164033,9128,5.6,11237,0,100,0,27,91,9,127,1.39,0.0,0.3,0.099,0,none,none,0.0,28,13
17904439099783928,story,16,2026-04-19,13:34,Sun,13,question box: ask me anything about SIPs,40,0,0,none,1,164033,11299,6.9,13782,0,86,0,33,112,11,119,1.05,0.0,0.29,0.097,86,none,none,0.0,28,13
17963596838144555,story,16,2026-04-19,13:47,Sun,13,link: this week's newsletter,28,0,0,none,1,164033,12428,7.6,13518,0,139,0,37,124,12,176,1.42,0.0,0.3,0.097,0,none,none,0.0,28,13
17939777667825241,story,16,2026-04-19,17:48,Sun,17,quiz: what does P/E stand for?,30,0,0,none,1,164033,9072,5.5,10421,0,50,0,27,90,9,77,0.85,0.0,0.3,0.099,0,none,none,0.0,28,13
17905117663272535,story,16,2026-04-20,09:48,Mon,9,poll: did you invest this month?,32,0,0,none,1,164040,12899,7.9,16637,0,125,0,38,128,12,163,1.26,0.0,0.29,0.093,0,none,none,0.0,262,12
17949239291528366,carousel,16,2026-04-20,16:40,Mon,16,today's market in 3 charts. ✨ 💯,31,2,5,#moneytips #stocks #financialliteracy #taxsaving #stockmarketindia,4,164040,27305,16.6,36603,1833,142,90,87,383,47,2152,7.88,0.33,0.32,0.172,5,options_trading:7|panic_sell:1,thanks for the update,28.3,262,12
17969020810169637,reel,16,2026-04-20,18:30,Mon,18,how compounding works (the boring truth). 😂 🫶,45,2,3,#taxsaving #stocks #nifty50,1,164087,50163,30.6,135050,3200,167,985,312,761,151,4664,9.3,1.96,0.62,0.301,8,options_trading:7|start_small:4,best finance page,38.3,262,12
17957393298086215,carousel,16,2026-04-20,21:30,Mon,21,salary credited vs salary gone: a timeline. 🙌,45,1,0,none,4,164238,57813,35.2,76318,3934,212,91,601,924,64,4838,8.37,0.16,1.04,0.111,0,none,tag your broke friend,41.7,262,12
17904750561448812,story,16,2026-04-21,13:31,Tue,13,market close: nifty in one slide,32,0,0,none,1,164319,12405,7.5,15263,0,29,0,37,124,12,66,0.53,0.0,0.3,0.097,0,none,none,0.0,114,14
17987402141352213,carousel,16,2026-04-21,15:10,Tue,15,friday wrap: the week in 5 numbers.,35,0,10,#sensex #taxsaving #sip #personalfinance #financialliteracy #moneytips #investing #stockmarketindia #wealth #mutualfunds,8,164319,19479,11.9,24044,1057,44,70,42,314,31,1213,6.23,0.36,0.22,0.159,3,options_trading:6|panic_sell:1,wish i knew this at 22,29.5,114,14
17922329136186570,story,16,2026-04-21,17:26,Tue,17,question box: ask me anything about SIPs,40,0,0,none,1,164319,7934,4.8,9100,0,33,0,23,79,7,56,0.71,0.0,0.29,0.088,33,none,none,0.0,114,14
17909710982393221,story,16,2026-04-21,20:55,Tue,20,link: this week's newsletter,28,0,0,none,1,164319,11611,7.1,14985,0,111,0,34,116,11,145,1.25,0.0,0.29,0.095,0,none,none,0.0,114,14
17946241877820542,reel,16,2026-04-21,21:30,Tue,21,old vs new tax regime: which one for your salary. 😍 💀 💯 ✨,57,4,8,#mutualfunds #moneytips #investing #personalfinance #financialliteracy #nifty50 #sensex #wealth,1,164350,20942,12.7,50969,1113,71,302,87,406,67,1573,7.51,1.44,0.42,0.32,0,none,thanks for keeping it simple,33.3,114,14
17976018158592173,carousel,16,2026-04-22,07:40,Wed,7,index funds explained in 6 slides.,34,0,2,#wealth #taxsaving,9,164426,59236,36.0,76419,3603,169,1104,372,972,198,5248,8.86,1.86,0.63,0.334,7,options_trading:9|start_small:3,very helpful,28.3,447,15
17960494401829351,reel,16,2026-04-22,08:30,Wed,8,how compounding works (the boring truth). 🙌 💀 🔥 😂,49,4,2,#taxsaving #wealth,1,164624,61997,37.7,129106,4082,295,1520,317,1227,218,6214,10.02,2.45,0.51,0.352,11,options_trading:7|start_small:7,can a student start with 500 rupees?,35.0,447,15
17937001923456472,story,16,2026-04-22,09:38,Wed,9,reminder: tax deadline in 10 days,33,0,0,none,1,164426,8482,5.2,9823,0,72,0,25,84,8,97,1.14,0.0,0.29,0.094,0,none,none,0.0,447,15
17907255897803835,story,16,2026-04-22,09:59,Wed,9,question box: ask me anything about SIPs,40,0,0,none,1,164426,9952,6.1,12335,0,67,0,29,99,9,96,0.96,0.0,0.29,0.09,67,none,none,0.0,447,15
17969853712527102,story,16,2026-04-22,10:01,Wed,10,poll: did you invest this month?,32,0,0,none,1,164426,11540,7.0,14146,0,27,0,34,115,11,61,0.53,0.0,0.29,0.095,0,none,none,0.0,447,15
17973693637270827,story,16,2026-04-22,13:20,Wed,13,link: this week's newsletter,28,0,0,none,1,164426,7481,4.5,9681,0,55,0,22,74,7,77,1.03,0.0,0.29,0.094,0,none,none,0.0,447,15
17911136818794920,story,16,2026-04-22,13:22,Wed,13,poll: did you invest this month?,32,0,0,none,1,164426,11980,7.3,15433,0,89,0,35,119,11,124,1.04,0.0,0.29,0.092,0,none,none,0.0,447,15
17942631739249339,reel,17,2026-04-23,07:40,Thu,7,3 stocks that could double this year 🚀 😂 😍 🔥 ✨ 🫶 🙌,50,6,10,#sip #financialliteracy #stockmarketindia #personalfinance #investing #mutualfunds #sensex #stocks #wealth #moneytips,1,164834,64363,39.0,178568,3751,272,103,157,1096,49,4283,6.65,0.16,0.24,0.076,13,options_trading:6|trust_callout:20,very helpful,30.0,174,14
17979175190142185,story,17,2026-04-23,09:52,Thu,9,market close: nifty in one slide,32,0,0,none,1,164834,12535,7.6,13328,0,64,0,37,125,12,101,0.81,0.0,0.3,0.096,0,none,none,0.0,174,14
17959174520364274,carousel,17,2026-04-23,16:10,Thu,16,what happens when a company does a stock split. 🔥 😍 👀 🙌 🫶 😭,59,6,2,#mutualfunds #taxsaving,10,164883,33936,20.6,47144,2008,156,627,199,566,127,2990,8.81,1.85,0.59,0.374,4,options_trading:4|start_small:2,finally understood this,30.0,174,14
17999890939616343,story,17,2026-04-24,10:03,Fri,10,poll: did you invest this month?,32,0,0,none,1,165005,10914,6.6,12788,0,34,0,32,109,10,66,0.6,0.0,0.29,0.092,0,none,none,0.0,-56,94
17929698438073070,story,17,2026-04-24,13:04,Fri,13,poll: did you invest this month?,32,0,0,none,1,165005,7251,4.4,9176,0,30,0,21,72,7,51,0.7,0.0,0.29,0.097,0,none,none,0.0,-56,94
17975315593230596,reel,17,2026-04-24,13:20,Fri,13,this smallcap is flying under the radar 👀 🔥 😭 🫶 😍 💯 💀,53,6,10,#wealth #investing #taxsaving #sensex #sip #personalfinance #mutualfunds #nifty50 #stockmarketindia #moneytips,1,165005,27657,16.8,56680,1472,72,38,46,418,21,1628,5.89,0.14,0.17,0.076,7,options_trading:6|trust_callout:13,clear as always,36.7,-56,94
17936326682427661,story,17,2026-04-25,13:39,Sat,13,market close: nifty in one slide,32,0,0,none,1,164958,8628,5.2,10487,0,47,0,25,86,8,72,0.83,0.0,0.29,0.093,0,none,none,0.0,136,66
17979767961043790,reel,17,2026-04-25,15:30,Sat,15,SIP vs lump sum: which actually wins over 10 years. ✨,53,1,12,#sensex #investing #stockmarketindia #sip #stocks #taxsaving #mutualfunds #moneytips #personalfinance #nifty50 #wealth #financialliteracy,1,164958,44789,27.2,82509,2370,142,630,246,909,163,3388,7.56,1.41,0.55,0.364,8,options_trading:9|start_small:2,finally understood this,30.0,136,66
17993322241709960,story,17,2026-04-25,20:04,Sat,20,market close: nifty in one slide,32,0,0,none,1,164958,12474,7.6,15187,0,113,0,37,124,12,150,1.2,0.0,0.3,0.096,0,none,none,0.0,136,66
17971587085655309,story,17,2026-04-25,20:19,Sat,20,question box: ask me anything about SIPs,40,0,0,none,1,164958,10647,6.5,13331,0,124,0,31,106,10,155,1.46,0.0,0.29,0.094,124,none,none,0.0,136,66
17928826724500837,story,17,2026-04-25,22:47,Sat,22,quiz: what does P/E stand for?,30,0,0,none,1,164958,9190,5.6,11745,0,100,0,27,91,9,127,1.38,0.0,0.29,0.098,0,none,none,0.0,136,66
17953776396178625,reel,17,2026-04-26,08:30,Sun,8,stocks to watch this week 🔥 💀,29,1,0,none,1,165084,56533,34.2,129978,3449,280,104,117,857,42,3950,6.99,0.18,0.21,0.074,8,options_trading:4|trust_callout:18,this is not financial education,31.7,24,18
17962200928251816,story,17,2026-04-27,09:43,Mon,9,question box: ask me anything about SIPs,40,0,0,none,1,165124,12629,7.6,14422,0,97,0,37,126,12,134,1.06,0.0,0.29,0.095,97,none,none,0.0,167,66
17934335313801137,story,17,2026-04-27,10:01,Mon,10,market close: nifty in one slide,32,0,0,none,1,165124,12877,7.8,14177,0,95,0,38,128,12,133,1.03,0.0,0.3,0.093,0,none,none,0.0,167,66
17988577815720348,carousel,17,2026-04-27,13:50,Mon,13,index funds explained in 6 slides. 😂,36,1,5,#nifty50 #taxsaving #investing #moneytips #personalfinance,7,165124,36529,22.1,51459,2135,77,771,162,599,108,3145,8.61,2.11,0.44,0.296,10,options_trading:6|start_small:7,please do more basics,28.3,167,66
17964567894297948,carousel,17,2026-04-27,20:20,Mon,20,"'Novaleaf Foods' IPO breakdown: revenue, debt, red flags. 🫶 ✨",61,2,3,#mutualfunds #taxsaving #moneytips,9,165232,48407,29.3,71777,2504,113,336,161,753,85,3114,6.43,0.69,0.33,0.176,0,none,best finance page,23.3,167,66
17940703624036593,story,17,2026-04-27,22:01,Mon,22,poll: did you invest this month?,32,0,0,none,1,165124,7512,4.5,9435,0,87,0,22,75,7,109,1.45,0.0,0.29,0.093,0,none,none,0.0,167,66
17998148612922952,story,17,2026-04-27,22:41,Mon,22,reminder: tax deadline in 10 days,33,0,0,none,1,165124,9462,5.7,10532,0,78,0,28,94,9,106,1.12,0.0,0.3,0.095,0,none,none,0.0,167,66
17911576885531542,story,17,2026-04-28,09:01,Tue,9,quiz: what does P/E stand for?,30,0,0,none,1,165256,9125,5.5,9729,0,90,0,27,91,9,117,1.28,0.0,0.3,0.099,0,none,none,0.0,208,16
17990096366693577,image,17,2026-04-28,12:50,Tue,12,"HRA, 80D, NPS: what most people miss. 😭 ✨ 🔥 💀",45,4,5,#stockmarketindia #taxsaving #investing #mutualfunds #stocks,1,165256,9530,5.8,12124,619,28,150,69,134,24,866,9.09,1.57,0.72,0.252,0,term_insurance:2,thanks for keeping it simple,28.6,208,16
17972058579898398,carousel,17,2026-04-28,16:10,Tue,16,what happens when a company does a stock split. 🔥 😍 😭 😂,55,4,8,#sensex #mutualfunds #taxsaving #financialliteracy #stockmarketindia #stocks #investing #wealth,8,165280,52224,31.6,67322,3407,160,1266,302,927,191,5135,9.83,2.42,0.58,0.366,11,options_trading:4|start_small:8,the samosa example 😂,25.0,208,16
17912939594000216,carousel,17,2026-04-29,18:00,Wed,18,how compounding works (the boring truth). 🙌 👀 ✨ 💀 😍 😭,53,6,12,#moneytips #taxsaving #stocks #personalfinance #wealth #sensex #financialliteracy #stockmarketindia #mutualfunds #nifty50 #investing #sip,5,165461,30929,18.7,45948,1837,85,601,160,594,109,2683,8.67,1.94,0.52,0.352,8,options_trading:8|start_small:4,sharing with my dad,33.3,160,14
17908043040091051,reel,17,2026-04-29,21:50,Wed,21,"HRA, 80D, NPS: what most people miss. 💀 😭 🙌 🔥",45,4,8,#personalfinance #sensex #mutualfunds #investing #nifty50 #financialliteracy #moneytips #taxsaving,1,165570,22897,13.8,50927,1292,102,298,111,417,65,1803,7.87,1.3,0.48,0.284,2,term_insurance:7,clear as always,23.3,160,14
17989019380118073,carousel,18,2026-04-30,07:30,Thu,7,index funds explained in 6 slides.,34,0,3,#wealth #sip #mutualfunds,9,165645,83239,50.3,116385,5727,212,2117,583,1473,311,8639,10.38,2.54,0.7,0.374,8,options_trading:6|start_small:3,saved!,21.7,603,15
17916149523869176,story,18,2026-04-30,10:06,Thu,10,reminder: tax deadline in 10 days,33,0,0,none,1,165645,11946,7.2,13078,0,32,0,35,119,11,67,0.56,0.0,0.29,0.092,0,none,none,0.0,603,15
17999993599538958,carousel,18,2026-04-30,16:40,Thu,16,today's market in 3 charts. 🫶 😍,31,2,10,#stocks #investing #financialliteracy #taxsaving #wealth #stockmarketindia #personalfinance #moneytips #mutualfunds #nifty50,9,165956,54228,32.7,71091,3196,194,206,176,1016,129,3772,6.96,0.38,0.32,0.238,5,options_trading:7|panic_sell:1,wish i knew this at 22,30.0,603,15
17901489323269971,carousel,18,2026-04-30,18:40,Thu,18,how to build a budget you'll actually follow.,45,0,3,#moneytips #wealth #financialliteracy,4,166085,53687,32.3,84188,3417,285,724,247,944,146,4673,8.7,1.35,0.46,0.272,8,start_small:6|term_insurance:3,sharing with my dad,26.7,603,15
17937183471278552,story,18,2026-04-30,22:34,Thu,22,market close: nifty in one slide,32,0,0,none,1,165645,9415,5.7,11123,0,59,0,28,94,9,87,0.92,0.0,0.3,0.096,0,none,none,0.0,603,15
17904509057869000,story,18,2026-04-30,22:52,Thu,22,poll: did you invest this month?,32,0,0,none,1,165645,12740,7.7,15812,0,59,0,38,127,12,97,0.76,0.0,0.3,0.094,0,none,none,0.0,603,15
17950798439310982,carousel,18,2026-05-01,07:30,Fri,7,stocks to watch this week 🔥 😭,29,1,10,#moneytips #nifty50 #stockmarketindia #financialliteracy #sip #wealth #stocks #taxsaving #personalfinance #sensex,9,166235,29343,17.7,41144,1647,84,48,52,404,23,1831,6.24,0.16,0.18,0.078,8,options_trading:6|trust_callout:13,this is not financial education,23.3,101,11
17925474946343389,story,18,2026-05-01,10:58,Fri,10,quiz: what does P/E stand for?,30,0,0,none,1,166235,9054,5.4,10393,0,56,0,27,90,9,83,0.92,0.0,0.3,0.099,0,none,none,0.0,101,11
17902105430645538,story,18,2026-05-01,13:10,Fri,13,poll: did you invest this month?,32,0,0,none,1,166235,9072,5.5,9741,0,64,0,27,90,9,91,1.0,0.0,0.3,0.099,0,none,none,0.0,101,11
17935764596865092,carousel,18,2026-05-01,20:00,Fri,20,sensex in 60 seconds: what moved and why. 😭 😍,45,2,5,#sip #nifty50 #wealth #moneytips #stocks,10,166258,35011,21.1,43751,2073,128,125,103,641,71,2429,6.94,0.36,0.29,0.203,7,options_trading:6|panic_sell:3,sharing with my dad,28.3,101,11
17957280785807111,image,18,2026-05-02,07:10,Sat,7,80C in one slide: every option ranked. 💀 😭 😍 ✨,46,4,2,#sensex #personalfinance,1,166344,6777,4.1,10762,462,30,104,37,110,20,633,9.34,1.53,0.55,0.295,2,term_insurance:3,sharing with my dad,10.0,-40,88
17958979677841202,story,18,2026-05-02,13:55,Sat,13,quiz: what does P/E stand for?,30,0,0,none,1,166344,9259,5.6,9740,0,42,0,27,92,9,69,0.75,0.0,0.29,0.097,0,none,none,0.0,-40,88
17971205273001657,story,18,2026-05-02,17:15,Sat,17,link: this week's newsletter,28,0,0,none,1,166344,9253,5.6,9716,0,46,0,27,92,9,73,0.79,0.0,0.29,0.097,0,none,none,0.0,-40,88
17984539306603726,story,18,2026-05-02,22:38,Sat,22,quiz: what does P/E stand for?,30,0,0,none,1,166344,10238,6.2,11579,0,26,0,30,102,10,56,0.55,0.0,0.29,0.098,0,none,none,0.0,-40,88
17994269989335706,story,18,2026-05-03,13:41,Sun,13,question box: ask me anything about SIPs,40,0,0,none,1,166301,7518,4.5,8356,0,52,0,22,75,7,74,0.98,0.0,0.29,0.093,52,none,none,0.0,-2,15
17922548485022636,story,18,2026-05-03,20:27,Sun,20,question box: ask me anything about SIPs,40,0,0,none,1,166301,6761,4.1,8613,0,45,0,20,67,6,65,0.96,0.0,0.3,0.089,45,none,none,0.0,-2,15
17931280034313223,carousel,18,2026-05-04,15:10,Mon,15,how to build a budget you'll actually follow. 🔥 👀,49,2,8,#personalfinance #sip #wealth #moneytips #nifty50 #stocks #financialliteracy #investing,5,166315,27099,16.3,35073,1736,112,492,149,406,61,2489,9.18,1.82,0.55,0.225,6,start_small:5|term_insurance:5,clear as always,28.3,469,14
17958008400647491,reel,18,2026-05-04,16:30,Mon,16,friday wrap: the week in 5 numbers. 💀 👀 🫶 🙌 🔥 ✨,47,6,8,#stockmarketindia #wealth #sensex #stocks #mutualfunds #moneytips #investing #taxsaving,1,166376,28498,17.1,70619,1570,85,90,80,454,50,1825,6.4,0.32,0.28,0.175,5,options_trading:4|panic_sell:2,daily habit,26.7,469,14
17941284225985335,story,18,2026-05-04,20:48,Mon,20,poll: did you invest this month?,32,0,0,none,1,166315,8176,4.9,9919,0,93,0,24,81,8,117,1.43,0.0,0.29,0.098,0,none,none,0.0,469,14
17905112711943977,reel,18,2026-05-04,20:50,Mon,20,how to build a budget you'll actually follow. 👀 😭 😂 ✨ 💀 🫶,57,6,8,#taxsaving #stocks #nifty50 #sensex #mutualfunds #financialliteracy #investing #personalfinance,1,166426,126220,75.8,254865,8134,636,2186,547,2307,353,11503,9.11,1.73,0.43,0.28,3,start_small:2|term_insurance:5,clear as always,26.7,469,14
17933821555550649,story,18,2026-05-04,22:13,Mon,22,market close: nifty in one slide,32,0,0,none,1,166315,11228,6.8,12450,0,40,0,33,112,11,73,0.65,0.0,0.29,0.098,0,none,none,0.0,469,14
17938014058456825,reel,18,2026-05-05,09:20,Tue,9,how to build a budget you'll actually follow. 👀 🔥,49,2,10,#sip #mutualfunds #investing #sensex #personalfinance #moneytips #taxsaving #wealth #stocks #stockmarketindia,1,166775,42126,25.3,106695,2586,128,679,212,573,94,3605,8.56,1.61,0.5,0.223,4,start_small:4|term_insurance:2,wish i knew this at 22,33.3,174,11
17919131340951408,carousel,18,2026-05-05,15:10,Tue,15,the 'Zentrix Logistics' IPO: what the prospectus actually says. 💀,65,1,5,#stocks #taxsaving #stockmarketindia #financialliteracy #wealth,6,166869,34954,20.9,55018,2115,110,329,114,592,78,2668,7.63,0.94,0.33,0.223,0,none,wish i knew this at 22,20.0,174,11
17997531542714478,story,18,2026-05-05,22:05,Tue,22,link: this week's newsletter,28,0,0,none,1,166775,13135,7.9,15361,0,150,0,39,131,13,189,1.44,0.0,0.3,0.099,0,none,none,0.0,174,11
17916389297132831,carousel,18,2026-05-06,08:00,Wed,8,how to build a budget you'll actually follow.,45,0,8,#stockmarketindia #sip #sensex #stocks #moneytips #wealth #personalfinance #investing,8,166954,47562,28.5,58907,2617,152,694,235,909,136,3698,7.78,1.46,0.49,0.286,6,start_small:6|term_insurance:1,very helpful,33.3,312,19
17911712775475201,story,18,2026-05-06,09:42,Wed,9,quiz: what does P/E stand for?,30,0,0,none,1,166954,7999,4.8,8421,0,43,0,23,79,7,66,0.83,0.0,0.29,0.088,0,none,none,0.0,312,19
17952287798823780,reel,18,2026-05-06,18:40,Wed,18,old vs new tax regime: which one for your salary. 💯 😍,53,2,2,#sip #mutualfunds,1,167090,21154,12.7,57193,1411,65,463,118,293,47,2057,9.72,2.19,0.56,0.222,0,term_insurance:2,sharing with my dad,23.3,312,19
17939779687877440,story,18,2026-05-06,20:13,Wed,20,link: this week's newsletter,28,0,0,none,1,166954,13307,8.0,15753,0,94,0,39,133,13,133,1.0,0.0,0.29,0.098,0,none,none,0.0,312,19
17917860545535654,reel,18,2026-05-06,21:00,Wed,21,"market wrap: nifty closed flat, banks dragged, IT held up. 3 things that moved today. 👀 🫶",89,2,0,none,1,167137,53960,32.3,128192,3310,169,189,186,1019,128,3854,7.14,0.35,0.34,0.237,3,options_trading:8|panic_sell:1,thanks for the update,35.0,312,19
17967982574817422,image,19,2026-05-07,08:10,Thu,8,"the 50/30/20 rule, adjusted for indian salaries. ✨",50,1,0,none,1,167263,29830,17.8,41173,1844,108,459,157,467,69,2568,8.61,1.54,0.53,0.231,7,start_small:6|term_insurance:7,very helpful,28.3,227,11
17976968084736040,story,19,2026-05-07,09:52,Thu,9,poll: did you invest this month?,32,0,0,none,1,167263,9855,5.9,12001,0,56,0,29,98,9,85,0.86,0.0,0.29,0.091,0,none,none,0.0,227,11
17996522592728357,carousel,19,2026-05-07,20:10,Thu,20,credit card rules that keep you out of debt. 😭 😂 🔥 👀 😍 🙌,56,6,0,none,7,167332,32790,19.6,45008,2124,79,616,161,633,94,2980,9.09,1.88,0.49,0.287,5,start_small:4|term_insurance:3,wish i knew this at 22,21.7,227,11
17957724456718324,reel,19,2026-05-07,21:30,Thu,21,this smallcap is flying under the radar 👀 🔥 👀,45,2,5,#investing #taxsaving #mutualfunds #sip #sensex,1,167426,67828,40.5,147861,4005,311,121,137,1174,66,4574,6.74,0.18,0.2,0.097,7,options_trading:5|trust_callout:15,sharing with my dad,28.3,227,11
17905080812136086,story,19,2026-05-08,09:44,Fri,9,quiz: what does P/E stand for?,30,0,0,none,1,167510,12827,7.7,14735,0,49,0,38,128,12,87,0.68,0.0,0.3,0.094,0,none,none,0.0,227,57
17933067793509993,carousel,19,2026-05-08,12:40,Fri,12,how IPO allotment actually works. 🙌 🫶 😭 💀 😂 ✨,45,6,8,#nifty50 #sip #mutualfunds #financialliteracy #wealth #sensex #stocks #moneytips,5,167510,25033,14.9,35687,1366,89,182,105,494,54,1742,6.96,0.73,0.42,0.216,0,none,best finance page,28.3,227,57
17968804124853864,story,19,2026-05-08,13:22,Fri,13,link: this week's newsletter,28,0,0,none,1,167510,12472,7.4,15655,0,86,0,37,124,12,123,0.99,0.0,0.3,0.096,0,none,none,0.0,227,57
17929376021539005,story,19,2026-05-08,13:54,Fri,13,reminder: tax deadline in 10 days,33,0,0,none,1,167510,9546,5.7,11884,0,45,0,28,95,9,73,0.76,0.0,0.29,0.094,0,none,none,0.0,227,57
17998981703681538,story,19,2026-05-08,17:07,Fri,17,link: this week's newsletter,28,0,0,none,1,167510,8524,5.1,9915,0,63,0,25,85,8,88,1.03,0.0,0.29,0.094,0,none,none,0.0,227,57
17922369239725552,story,19,2026-05-08,17:54,Fri,17,quiz: what does P/E stand for?,30,0,0,none,1,167510,9421,5.6,10615,0,53,0,28,94,9,81,0.86,0.0,0.3,0.096,0,none,none,0.0,227,57
17979855409939951,carousel,19,2026-05-08,21:30,Fri,21,"the 50/30/20 rule, adjusted for indian salaries. ✨ 😂",52,2,0,none,10,167564,64690,38.6,99469,3721,180,929,251,924,161,5081,7.85,1.44,0.39,0.249,7,start_small:4|term_insurance:3,thanks for keeping it simple,21.7,227,57
17904505508183129,story,19,2026-05-08,22:32,Fri,22,question box: ask me anything about SIPs,40,0,0,none,1,167510,10115,6.0,10882,0,39,0,30,101,10,69,0.68,0.0,0.3,0.099,39,none,none,0.0,227,57
17977758901231518,story,19,2026-05-08,22:50,Fri,22,link: this week's newsletter,28,0,0,none,1,167510,9347,5.6,11781,0,108,0,28,93,9,136,1.46,0.0,0.3,0.096,0,none,none,0.0,227,57
17923369015513597,story,19,2026-05-09,13:57,Sat,13,reminder: tax deadline in 10 days,33,0,0,none,1,167692,11023,6.6,13711,0,74,0,33,110,11,107,0.97,0.0,0.3,0.1,0,none,none,0.0,59,16
17993258496128976,reel,19,2026-05-09,16:00,Sat,16,how IPO allotment actually works. 🫶,35,1,10,#taxsaving #investing #wealth #sip #moneytips #personalfinance #mutualfunds #nifty50 #stocks #financialliteracy,1,167692,26338,15.7,51284,1645,121,203,94,445,54,2063,7.83,0.77,0.36,0.205,0,none,very helpful,31.7,59,16
17917649530098585,story,19,2026-05-09,22:22,Sat,22,poll: did you invest this month?,32,0,0,none,1,167692,10407,6.2,11472,0,119,0,31,104,10,150,1.44,0.0,0.3,0.096,0,none,none,0.0,59,16
17946394933657670,story,19,2026-05-10,09:48,Sun,9,reminder: tax deadline in 10 days,33,0,0,none,1,167752,10613,6.3,12182,0,45,0,31,106,10,76,0.72,0.0,0.29,0.094,0,none,none,0.0,179,14
17992031070975512,reel,19,2026-05-10,09:50,Sun,9,"market wrap: nifty closed flat, banks dragged, IT held up. 3 things that moved today. ✨ 😭",89,2,8,#nifty50 #investing #sip #moneytips #wealth #personalfinance #sensex #financialliteracy,1,167752,21733,13.0,48684,1300,66,72,56,321,41,1494,6.87,0.33,0.26,0.189,5,options_trading:3|panic_sell:2,daily habit,35.0,179,14
17916774494358917,story,19,2026-05-10,10:39,Sun,10,quiz: what does P/E stand for?,30,0,0,none,1,167752,10864,6.5,11606,0,118,0,32,108,10,150,1.38,0.0,0.29,0.092,0,none,none,0.0,179,14
17975954002324880,reel,19,2026-05-10,12:30,Sun,12,what is a P/E ratio? explained with a samosa shop. ✨ 👀,54,2,8,#sensex #financialliteracy #nifty50 #sip #moneytips #stocks #personalfinance #investing,1,167793,32889,19.6,78265,2267,176,799,231,477,110,3473,10.56,2.43,0.7,0.334,13,options_trading:10|start_small:9,can you do an options series,33.3,179,14
17924470437646753,story,19,2026-05-10,17:35,Sun,17,poll: did you invest this month?,32,0,0,none,1,167752,9002,5.4,9962,0,105,0,27,90,9,132,1.47,0.0,0.3,0.1,0,none,none,0.0,179,14
17997403669661666,story,19,2026-05-10,22:41,Sun,22,link: this week's newsletter,28,0,0,none,1,167752,13054,7.8,14165,0,52,0,39,130,13,91,0.7,0.0,0.3,0.1,0,none,none,0.0,179,14
17963140715328925,carousel,19,2026-05-11,08:30,Mon,8,IPO basics: grey market premium is not a guarantee.,51,0,5,#stocks #financialliteracy #wealth #stockmarketindia #mutualfunds,10,167918,42061,25.0,56079,2726,182,458,204,609,73,3570,8.49,1.09,0.49,0.174,0,none,wish i knew this at 22,33.3,191,16
17923712468070842,story,19,2026-05-11,09:06,Mon,9,question box: ask me anything about SIPs,40,0,0,none,1,167918,9028,5.4,10975,0,55,0,27,90,9,82,0.91,0.0,0.3,0.1,55,none,none,0.0,191,16
17945033117424218,story,19,2026-05-11,10:03,Mon,10,quiz: what does P/E stand for?,30,0,0,none,1,167918,10004,6.0,11103,0,69,0,30,100,10,99,0.99,0.0,0.3,0.1,0,none,none,0.0,191,16
17970964822128584,reel,19,2026-05-11,16:10,Mon,16,"HRA, 80D, NPS: what most people miss. 💯 ✨",41,2,8,#moneytips #taxsaving #financialliteracy #mutualfunds #nifty50 #wealth #sensex #sip,1,167991,35800,21.3,76760,2260,135,650,236,608,115,3281,9.16,1.82,0.66,0.321,1,term_insurance:6,clear as always,30.0,191,16
17916647661631185,reel,19,2026-05-12,08:40,Tue,8,buy high sell low: my strategy.,31,0,3,#mutualfunds #sensex #moneytips,1,168099,42548,25.3,98289,2886,174,59,497,738,50,3616,8.5,0.14,1.17,0.118,0,none,sharing with my dad,36.7,196,17
17914464093120408,story,19,2026-05-12,09:24,Tue,9,reminder: tax deadline in 10 days,33,0,0,none,1,168099,8372,5.0,9098,0,58,0,25,83,8,83,0.99,0.0,0.3,0.096,0,none,none,0.0,196,17
17906437163725789,story,19,2026-05-12,10:19,Tue,10,market close: nifty in one slide,32,0,0,none,1,168099,9768,5.8,11187,0,108,0,29,97,9,137,1.4,0.0,0.3,0.092,0,none,none,0.0,196,17
17990007918905090,reel,19,2026-05-12,15:10,Tue,15,credit card rules that keep you out of debt.,44,0,10,#wealth #financialliteracy #personalfinance #moneytips #stockmarketindia #taxsaving #sip #investing #stocks #sensex,1,168149,37493,22.3,69960,2387,137,497,188,696,112,3209,8.56,1.33,0.5,0.299,2,start_small:2|term_insurance:3,best finance page,36.7,196,17
17953089421106243,story,19,2026-05-12,17:10,Tue,17,link: this week's newsletter,28,0,0,none,1,168099,11465,6.8,12367,0,135,0,34,114,11,169,1.47,0.0,0.3,0.096,0,none,none,0.0,196,17
17911617333446304,story,19,2026-05-12,20:30,Tue,20,reminder: tax deadline in 10 days,33,0,0,none,1,168099,12318,7.3,14567,0,70,0,36,123,12,106,0.86,0.0,0.29,0.097,0,none,none,0.0,196,17
17944774884125140,story,19,2026-05-12,22:08,Tue,22,reminder: tax deadline in 10 days,33,0,0,none,1,168099,11942,7.1,14811,0,63,0,35,119,11,98,0.82,0.0,0.29,0.092,0,none,none,0.0,196,17
17969658232087498,story,19,2026-05-13,09:32,Wed,9,link: this week's newsletter,28,0,0,none,1,168257,13378,8.0,15859,0,129,0,40,133,13,169,1.26,0.0,0.3,0.097,0,none,none,0.0,101,11
17961540700664971,story,19,2026-05-13,10:40,Wed,10,quiz: what does P/E stand for?,30,0,0,none,1,168257,10241,6.1,11794,0,115,0,30,102,10,145,1.42,0.0,0.29,0.098,0,none,none,0.0,101,11
17944411219819542,carousel,19,2026-05-13,13:10,Wed,13,"HRA, 80D, NPS: what most people miss. 👀 🔥",41,2,5,#stockmarketindia #moneytips #nifty50 #wealth #personalfinance,5,168257,18528,11.0,29495,1181,58,365,133,367,67,1737,9.38,1.97,0.72,0.362,3,term_insurance:9,very helpful,32.8,101,11
17993536346908112,reel,19,2026-05-13,15:30,Wed,15,old vs new tax regime: which one for your salary. 🙌 🔥 😍 ✨,57,4,5,#stockmarketindia #moneytips #stocks #financialliteracy #investing,1,168324,8572,5.1,16291,513,23,158,51,117,22,745,8.69,1.84,0.59,0.257,0,term_insurance:4,clear as always,34.8,101,11
17907789679174276,reel,20,2026-05-14,09:00,Thu,9,5 money mistakes i made in my first job. 😭 ✨ 🫶 💯,48,4,8,#sensex #moneytips #sip #wealth #mutualfunds #nifty50 #investing #personalfinance,1,168361,82154,48.8,158543,5021,243,1458,468,1292,212,7190,8.75,1.77,0.57,0.258,4,start_small:4|term_insurance:4,saved!,38.3,376,13
17982765277282436,story,20,2026-05-14,10:32,Thu,10,poll: did you invest this month?,32,0,0,none,1,168361,8765,5.2,11203,0,77,0,26,87,8,103,1.18,0.0,0.3,0.091,0,none,none,0.0,376,13
17968394300986074,story,20,2026-05-14,13:41,Thu,13,question box: ask me anything about SIPs,40,0,0,none,1,168361,11018,6.5,14039,0,62,0,33,110,11,95,0.86,0.0,0.3,0.1,62,none,none,0.0,376,13
17981176489901514,story,20,2026-05-14,17:29,Thu,17,question box: ask me anything about SIPs,40,0,0,none,1,168361,7759,4.6,8417,0,78,0,23,77,7,101,1.3,0.0,0.3,0.09,78,none,none,0.0,376,13
17975544190066635,carousel,20,2026-05-14,18:50,Thu,18,"the 50/30/20 rule, adjusted for indian salaries.",48,0,8,#investing #sensex #personalfinance #stocks #moneytips #financialliteracy #wealth #sip,4,168573,32281,19.1,43887,1723,120,410,116,491,92,2369,7.34,1.27,0.36,0.285,7,start_small:5|term_insurance:6,term insurance explainer please,36.7,376,13
17982705064893022,image,20,2026-05-14,20:30,Thu,20,how IPO allotment actually works. 🙌,35,1,3,#stocks #mutualfunds #investing,1,168665,28847,17.1,40019,1875,105,322,128,424,59,2430,8.42,1.12,0.44,0.205,0,none,saved!,28.3,376,13
17915466705023351,carousel,20,2026-05-15,09:50,Fri,9,old vs new tax regime: which one for your salary. 👀 ✨,53,2,2,#investing #moneytips,9,168738,22629,13.4,27529,1452,80,379,112,316,46,2023,8.94,1.67,0.49,0.203,3,term_insurance:5,best finance page,30.0,113,12
17984077102425810,story,20,2026-05-15,10:13,Fri,10,question box: ask me anything about SIPs,40,0,0,none,1,168738,9508,5.6,10818,0,68,0,28,95,9,96,1.01,0.0,0.29,0.095,68,none,none,0.0,113,12
17948875172031991,carousel,20,2026-05-15,16:00,Fri,16,the 'Zentrix Logistics' IPO: what the prospectus actually says.,63,0,12,#investing #sensex #stockmarketindia #stocks #nifty50 #taxsaving #personalfinance #sip #moneytips #financialliteracy #mutualfunds #wealth,5,168784,26234,15.5,36394,1729,124,296,127,414,60,2276,8.68,1.13,0.48,0.229,0,none,sharing with my dad,26.7,113,12
17903163487730426,story,20,2026-05-15,17:37,Fri,17,question box: ask me anything about SIPs,40,0,0,none,1,168738,10447,6.2,12661,0,33,0,31,104,10,64,0.61,0.0,0.3,0.096,33,none,none,0.0,113,12
17940733088465029,story,20,2026-05-16,09:14,Sat,9,reminder: tax deadline in 10 days,33,0,0,none,1,168851,13364,7.9,14882,0,142,0,40,133,13,182,1.36,0.0,0.3,0.097,0,none,none,0.0,50,11
17918687450226461,image,20,2026-05-16,09:50,Sat,9,today's market in 3 charts. ✨ 💀,31,2,10,#stocks #stockmarketindia #investing #taxsaving #nifty50 #personalfinance #wealth #mutualfunds #sensex #sip,1,168851,11871,7.0,16135,811,38,42,38,191,22,929,7.83,0.35,0.32,0.185,1,panic_sell:1,"market crashing, should i exit?",28.9,50,11
17996488238550209,story,20,2026-05-16,10:18,Sat,10,quiz: what does P/E stand for?,30,0,0,none,1,168851,7658,4.5,8372,0,83,0,22,76,7,105,1.37,0.0,0.29,0.091,0,none,none,0.0,50,11
17924371463540667,story,20,2026-05-16,20:19,Sat,20,link: this week's newsletter,28,0,0,none,1,168851,8040,4.8,8856,0,83,0,24,80,8,107,1.33,0.0,0.3,0.1,0,none,none,0.0,50,11
17922575601520801,story,20,2026-05-16,20:40,Sat,20,market close: nifty in one slide,32,0,0,none,1,168851,11299,6.7,11894,0,40,0,33,112,11,73,0.65,0.0,0.29,0.097,0,none,none,0.0,50,11
17960133898973790,story,20,2026-05-17,17:20,Sun,17,quiz: what does P/E stand for?,30,0,0,none,1,168875,7395,4.4,7866,0,83,0,22,73,7,105,1.42,0.0,0.3,0.095,0,none,none,0.0,4,12
17928750969033115,story,20,2026-05-17,20:27,Sun,20,quiz: what does P/E stand for?,30,0,0,none,1,168875,9980,5.9,12346,0,90,0,29,99,9,119,1.19,0.0,0.29,0.09,0,none,none,0.0,4,12
17955974338093578,reel,20,2026-05-18,08:20,Mon,8,"market wrap: nifty closed flat, banks dragged, IT held up. 3 things that moved today. 💀",87,1,2,#investing #stocks,1,168879,45747,27.1,102446,2520,197,129,97,694,73,2943,6.43,0.28,0.21,0.16,3,options_trading:8,thanks for keeping it simple,25.0,240,16
17931390951336539,story,20,2026-05-18,13:04,Mon,13,link: this week's newsletter,28,0,0,none,1,168879,11783,7.0,12685,0,70,0,35,117,11,105,0.89,0.0,0.3,0.093,0,none,none,0.0,240,16
17942590114952249,carousel,20,2026-05-18,15:40,Mon,15,SIP vs lump sum: which actually wins over 10 years. 🙌,53,1,5,#nifty50 #investing #personalfinance #stockmarketindia #wealth,9,168952,38976,23.1,54446,2516,177,732,248,689,160,3673,9.42,1.88,0.64,0.411,6,options_trading:5|start_small:5,the samosa example 😂,36.7,240,16
17922452235574048,story,20,2026-05-18,22:04,Mon,22,link: this week's newsletter,28,0,0,none,1,168879,12278,7.3,14485,0,41,0,36,122,12,77,0.63,0.0,0.29,0.098,0,none,none,0.0,240,16
17931753201880183,carousel,20,2026-05-19,08:40,Tue,8,"the 50/30/20 rule, adjusted for indian salaries. 🔥 🙌 ✨ 🫶",56,4,8,#moneytips #taxsaving #personalfinance #sip #nifty50 #financialliteracy #mutualfunds #stockmarketindia,7,169125,39649,23.4,60687,2214,153,479,154,560,91,3000,7.57,1.21,0.39,0.23,7,start_small:7|term_insurance:5,how do i start with ₹500?,25.0,157,14
17926328520373093,reel,20,2026-05-19,15:50,Tue,15,"HRA, 80D, NPS: what most people miss. 💀 😂",41,2,5,#financialliteracy #taxsaving #sip #personalfinance #nifty50,1,169216,22316,13.2,46318,1285,51,291,106,451,80,1733,7.77,1.3,0.47,0.358,0,term_insurance:4,thanks for keeping it simple,43.1,157,14
17919696788898690,carousel,20,2026-05-20,12:50,Wed,12,today's market in 3 charts. 🙌,29,1,3,#personalfinance #financialliteracy #mutualfunds,4,169295,32230,19.0,50526,2186,181,109,99,509,52,2575,7.99,0.34,0.31,0.161,3,options_trading:4|panic_sell:1,sharing with my dad,25.0,130,20
17900966900472338,story,20,2026-05-20,13:45,Wed,13,poll: did you invest this month?,32,0,0,none,1,169295,11396,6.7,13349,0,66,0,34,113,11,100,0.88,0.0,0.3,0.097,0,none,none,0.0,130,20
17983487455653861,carousel,20,2026-05-20,16:50,Wed,16,me checking my portfolio 47 times on a red day. 💀,49,1,0,none,4,169347,57281,33.8,71749,3401,173,59,524,989,87,4157,7.26,0.1,0.91,0.152,0,none,me 😭,45.0,130,20
17979179822667720,reel,21,2026-05-21,08:30,Thu,8,what is a P/E ratio? explained with a samosa shop. 👀,52,1,8,#mutualfunds #taxsaving #nifty50 #financialliteracy #stockmarketindia #moneytips #investing #sip,1,169424,98684,58.2,202839,6036,462,1706,520,1854,338,8724,8.84,1.73,0.53,0.343,7,options_trading:5|start_small:3,saved!,21.7,452,19
17927208503746137,story,21,2026-05-21,09:27,Thu,9,reminder: tax deadline in 10 days,33,0,0,none,1,169424,9660,5.7,11779,0,94,0,28,96,9,122,1.26,0.0,0.29,0.093,0,none,none,0.0,452,19
17903695800294540,reel,21,2026-05-21,21:20,Thu,21,"'Novaleaf Foods' IPO breakdown: revenue, debt, red flags.",57,0,8,#nifty50 #personalfinance #sip #investing #moneytips #stocks #stockmarketindia #taxsaving,1,169762,75047,44.2,152833,5130,187,734,323,1118,124,6374,8.49,0.98,0.43,0.165,0,none,saved!,30.0,452,19
17983258718106424,carousel,21,2026-05-22,08:20,Fri,8,how to read a company's annual report in 15 minutes. 🔥 🫶 💀 ✨ 😍 😂,64,6,2,#financialliteracy #taxsaving,8,169897,62715,36.9,81892,3682,257,1345,303,921,206,5587,8.91,2.14,0.48,0.328,8,options_trading:3|start_small:6,school should teach this,41.7,453,15
17967878104904873,story,21,2026-05-22,09:16,Fri,9,reminder: tax deadline in 10 days,33,0,0,none,1,169897,10792,6.4,12104,0,47,0,32,107,10,79,0.73,0.0,0.3,0.093,0,none,none,0.0,453,15
17992522978333008,story,21,2026-05-22,09:43,Fri,9,quiz: what does P/E stand for?,30,0,0,none,1,169897,8115,4.8,8582,0,93,0,24,81,8,117,1.44,0.0,0.3,0.099,0,none,none,0.0,453,15
17984149736370604,reel,21,2026-05-22,12:50,Fri,12,index funds explained in 6 slides.,34,0,12,#financialliteracy #nifty50 #investing #stockmarketindia #taxsaving #wealth #stocks #mutualfunds #moneytips #sensex #sip #personalfinance,1,170103,39127,23.0,106045,2527,150,871,230,701,135,3778,9.66,2.23,0.59,0.345,10,options_trading:6|start_small:7,can you do an options series,38.3,453,15
17989648918207238,carousel,21,2026-05-22,15:20,Fri,15,what is an expense ratio and why it matters. ✨ 👀,48,2,3,#stockmarketindia #sensex #wealth,9,170238,32064,18.8,44802,1849,138,517,150,524,98,2654,8.28,1.61,0.47,0.306,12,options_trading:11|start_small:5,please do more basics,30.0,453,15
17997768409215424,story,21,2026-05-22,22:29,Fri,22,question box: ask me anything about SIPs,40,0,0,none,1,169897,11036,6.5,13105,0,131,0,33,110,11,164,1.49,0.0,0.3,0.1,131,none,none,0.0,453,15
17918670290506947,story,21,2026-05-23,09:09,Sat,9,market close: nifty in one slide,32,0,0,none,1,170348,8363,4.9,10359,0,81,0,25,83,8,106,1.27,0.0,0.3,0.096,0,none,none,0.0,-4,20
17935285926199437,story,21,2026-05-23,10:13,Sat,10,link: this week's newsletter,28,0,0,none,1,170348,8112,4.8,9739,0,39,0,24,81,8,63,0.78,0.0,0.3,0.099,0,none,none,0.0,-4,20
17958158447427239,story,21,2026-05-24,10:32,Sun,10,market close: nifty in one slide,32,0,0,none,1,170358,10964,6.4,12068,0,24,0,32,109,10,56,0.51,0.0,0.29,0.091,0,none,none,0.0,56,16
17902740872588802,carousel,21,2026-05-24,13:30,Sun,13,salary credited vs salary gone: a timeline.,43,0,0,none,7,170358,11165,6.6,16597,683,39,15,103,206,15,840,7.52,0.13,0.92,0.134,0,none,me 😭,17.9,56,16
17979339118560706,carousel,21,2026-05-24,20:10,Sun,20,friday wrap: the week in 5 numbers. 😭 🙌 👀 🔥 💀 😂,47,6,2,#taxsaving #stockmarketindia,10,170373,18227,10.7,26280,1220,94,84,55,332,36,1453,7.97,0.46,0.3,0.198,5,options_trading:10|panic_sell:2,can you do an options series,20.0,56,16
17913000488280232,story,21,2026-05-24,22:59,Sun,22,poll: did you invest this month?,32,0,0,none,1,170358,11677,6.9,13154,0,86,0,35,116,11,121,1.04,0.0,0.3,0.094,0,none,none,0.0,56,16
17965527548937080,story,21,2026-05-25,10:33,Mon,10,reminder: tax deadline in 10 days,33,0,0,none,1,170406,11194,6.6,14453,0,124,0,33,111,11,157,1.4,0.0,0.29,0.098,0,none,none,0.0,229,20
17927137329342134,story,21,2026-05-25,10:59,Mon,10,market close: nifty in one slide,32,0,0,none,1,170406,11607,6.8,13417,0,69,0,34,116,11,103,0.89,0.0,0.29,0.095,0,none,none,0.0,229,20
17926459680956250,story,21,2026-05-25,13:38,Mon,13,market close: nifty in one slide,32,0,0,none,1,170406,8647,5.1,10412,0,66,0,25,86,8,91,1.05,0.0,0.29,0.093,0,none,none,0.0,229,20
17985270449183715,story,21,2026-05-25,20:22,Mon,20,question box: ask me anything about SIPs,40,0,0,none,1,170406,8394,4.9,9637,0,46,0,25,83,8,71,0.85,0.0,0.3,0.095,46,none,none,0.0,229,20
17978759832238495,carousel,21,2026-05-25,21:10,Mon,21,debt funds vs FDs: the honest comparison. 😭,43,1,2,#personalfinance #taxsaving,10,170406,60539,35.5,90257,3195,172,977,338,1134,211,4682,7.73,1.61,0.56,0.349,11,options_trading:8|start_small:5,thanks for keeping it simple,28.3,229,20
17998405843507842,story,21,2026-05-26,10:43,Tue,10,question box: ask me anything about SIPs,40,0,0,none,1,170615,12484,7.3,15487,0,107,0,37,124,12,144,1.15,0.0,0.3,0.096,107,none,none,0.0,139,11
17980010033035049,carousel,21,2026-05-26,15:40,Tue,15,today's market in 3 charts. 💀 🔥 😂 😭,35,4,10,#nifty50 #sensex #financialliteracy #personalfinance #taxsaving #mutualfunds #sip #investing #stockmarketindia #moneytips,3,170615,35497,20.8,52217,2295,155,123,92,660,66,2665,7.51,0.35,0.26,0.186,2,options_trading:6,please explain options trading,31.7,139,11
17982978449941026,carousel,21,2026-05-26,18:10,Tue,18,friday wrap: the week in 5 numbers. 😂,37,1,12,#wealth #stocks #mutualfunds #nifty50 #financialliteracy #moneytips #sip #personalfinance #stockmarketindia #taxsaving #investing #sensex,5,170681,20077,11.8,26050,1162,49,63,61,393,43,1335,6.65,0.31,0.3,0.214,4,options_trading:5|panic_sell:1,clear as always,28.6,139,11
17914904590278748,image,21,2026-05-26,20:30,Tue,20,friday wrap: the week in 5 numbers. 💯 ✨ 🫶 😂 🔥 💀,47,6,10,#nifty50 #sip #investing #mutualfunds #personalfinance #stocks #taxsaving #stockmarketindia #moneytips #financialliteracy,1,170724,11324,6.6,13641,747,35,44,41,224,29,867,7.66,0.39,0.36,0.256,4,options_trading:5,sharing with my dad,28.6,139,11
17934540395218738,carousel,21,2026-05-27,13:10,Wed,13,today's market in 3 charts. 😍,29,1,5,#investing #taxsaving #stocks #sip #wealth,5,170768,13404,7.8,17583,684,51,45,36,236,29,816,6.09,0.34,0.27,0.216,5,options_trading:6,thanks for the update,33.3,265,14
17987953449253934,story,21,2026-05-27,17:23,Wed,17,question box: ask me anything about SIPs,40,0,0,none,1,170768,13444,7.9,17204,0,44,0,40,134,13,84,0.62,0.0,0.3,0.097,44,none,none,0.0,265,14
17948869051770735,reel,21,2026-05-27,18:10,Wed,18,IPO basics: grey market premium is not a guarantee. 😭 🫶 😂 👀,59,4,10,#moneytips #nifty50 #investing #mutualfunds #sip #personalfinance #financialliteracy #stocks #taxsaving #wealth,1,170797,25167,14.7,59364,1374,84,196,102,383,51,1756,6.98,0.78,0.41,0.203,0,none,wish i knew this at 22,25.0,265,14
17949784373428615,story,21,2026-05-27,20:03,Wed,20,reminder: tax deadline in 10 days,33,0,0,none,1,170768,8285,4.9,9513,0,38,0,24,82,8,62,0.75,0.0,0.29,0.097,0,none,none,0.0,265,14
17936258539844444,reel,21,2026-05-27,21:30,Wed,21,credit card rules that keep you out of debt.,44,0,10,#mutualfunds #investing #sensex #financialliteracy #wealth #stockmarketindia #sip #personalfinance #nifty50 #taxsaving,1,170848,52839,30.9,126126,2804,131,678,242,1024,178,3855,7.3,1.28,0.46,0.337,9,start_small:5|term_insurance:5,wish i knew this at 22,30.0,265,14
17965965870317333,image,22,2026-05-28,09:00,Thu,9,"'Novaleaf Foods' IPO breakdown: revenue, debt, red flags. 💯 🔥 🙌 👀",65,4,2,#investing #moneytips,1,171040,18751,11.0,23965,999,59,176,53,277,38,1287,6.86,0.94,0.28,0.203,0,none,saved!,27.1,98,12
17949950319462015,story,22,2026-05-28,09:23,Thu,9,market close: nifty in one slide,32,0,0,none,1,171040,9990,5.8,10964,0,93,0,29,99,9,122,1.22,0.0,0.29,0.09,0,none,none,0.0,98,12
17940642662096323,reel,22,2026-05-28,15:40,Thu,15,friday wrap: the week in 5 numbers. ✨ 💀,39,2,2,#sip #wealth,1,171078,27108,15.8,67466,1576,98,82,83,534,56,1839,6.78,0.3,0.31,0.207,5,options_trading:9,best finance page,28.3,98,12
17934196721554626,story,22,2026-05-28,20:52,Thu,20,link: this week's newsletter,28,0,0,none,1,171040,7937,4.6,9944,0,58,0,23,79,7,81,1.02,0.0,0.29,0.088,0,none,none,0.0,98,12
17905718802473913,reel,22,2026-05-29,09:00,Fri,9,"the 50/30/20 rule, adjusted for indian salaries. 🔥 😭 👀 🫶 💀 ✨",60,6,8,#stocks #financialliteracy #sip #mutualfunds #investing #nifty50 #moneytips #taxsaving,1,171129,62616,36.6,153095,3236,235,928,322,933,138,4721,7.54,1.48,0.51,0.22,12,start_small:10|term_insurance:9,clear as always,26.7,224,15
17971695221436935,image,22,2026-05-29,12:40,Fri,12,old vs new tax regime: which one for your salary. 🙌 🫶 😭 💀,57,4,0,none,1,171267,11103,6.5,15807,675,36,172,55,216,41,938,8.45,1.55,0.5,0.369,1,term_insurance:7,very helpful,30.6,224,15
17906069845464943,carousel,22,2026-05-29,20:50,Fri,20,today's market in 3 charts.,27,0,10,#taxsaving #financialliteracy #stockmarketindia #sip #investing #nifty50 #personalfinance #wealth #sensex #moneytips,4,171308,31189,18.2,38267,1599,123,107,82,561,60,1911,6.13,0.34,0.26,0.192,3,options_trading:3,why is it always banks,31.7,224,15
17960846996861154,story,22,2026-05-30,09:21,Sat,9,poll: did you invest this month?,32,0,0,none,1,171373,9500,5.5,11352,0,29,0,28,95,9,57,0.6,0.0,0.29,0.095,0,none,none,0.0,120,15
17936455262479129,story,22,2026-05-30,10:00,Sat,10,link: this week's newsletter,28,0,0,none,1,171373,8959,5.2,9705,0,25,0,26,89,8,51,0.57,0.0,0.29,0.089,0,none,none,0.0,120,15
17941463979321073,story,22,2026-05-30,10:23,Sat,10,market close: nifty in one slide,32,0,0,none,1,171373,9000,5.3,11665,0,36,0,27,90,9,63,0.7,0.0,0.3,0.1,0,none,none,0.0,120,15
17931691009967576,carousel,22,2026-05-30,20:30,Sat,20,index funds explained in 6 slides.,34,0,10,#wealth #stockmarketindia #sip #mutualfunds #financialliteracy #stocks #taxsaving #investing #sensex #moneytips,9,171373,36133,21.1,48986,2335,145,638,174,580,109,3292,9.11,1.77,0.48,0.302,4,options_trading:3|start_small:2,school should teach this,28.3,120,15
17914338468087472,story,22,2026-05-31,10:20,Sun,10,reminder: tax deadline in 10 days,33,0,0,none,1,171489,10691,6.2,12789,0,29,0,32,106,10,61,0.57,0.0,0.3,0.094,0,none,none,0.0,50,16
17949163049684514,story,22,2026-05-31,10:46,Sun,10,link: this week's newsletter,28,0,0,none,1,171489,8845,5.2,9438,0,94,0,26,88,8,120,1.36,0.0,0.29,0.09,0,none,none,0.0,50,16
17929604879936758,carousel,22,2026-05-31,21:20,Sun,21,salary credited vs salary gone: a timeline.,43,0,2,#sip #nifty50,3,171489,41878,24.4,66915,2593,182,49,428,644,48,3252,7.77,0.12,1.02,0.115,0,none,thanks for keeping it simple,33.3,50,16
17994853854682498,carousel,22,2026-06-01,15:20,Mon,15,IPO basics: grey market premium is not a guarantee. 🙌 😂 😭 😍,59,4,8,#sip #stocks #personalfinance #investing #sensex #financialliteracy #wealth #nifty50,10,171527,32629,19.0,45663,2114,133,290,136,633,86,2673,8.19,0.89,0.42,0.264,0,none,wish i knew this at 22,40.0,145,14
17942103060857442,carousel,22,2026-06-01,21:10,Mon,21,"'Novaleaf Foods' IPO breakdown: revenue, debt, red flags. 😍 🫶",61,2,2,#mutualfunds #taxsaving,7,171613,35673,20.8,55217,2231,117,350,158,500,73,2856,8.01,0.98,0.44,0.205,0,none,saved!,30.0,145,14
17931978155820323,carousel,22,2026-06-02,12:50,Tue,12,3 stocks that could double this year 🚀 👀 😭 ✨ 🔥,46,4,5,#nifty50 #personalfinance #taxsaving #stockmarketindia #investing,3,171678,32934,19.2,48506,1803,121,46,69,477,22,2039,6.19,0.14,0.21,0.067,12,options_trading:12|trust_callout:13,are you sebi registered?,30.0,28,15
17938397485930998,story,22,2026-06-02,17:19,Tue,17,question box: ask me anything about SIPs,40,0,0,none,1,171678,11726,6.8,14676,0,56,0,35,117,11,91,0.78,0.0,0.3,0.094,56,none,none,0.0,28,15
17923467324643563,story,22,2026-06-02,20:30,Tue,20,link: this week's newsletter,28,0,0,none,1,171678,10528,6.1,11778,0,28,0,31,105,10,59,0.56,0.0,0.29,0.095,0,none,none,0.0,28,15
17998722613167040,reel,22,2026-06-03,09:00,Wed,9,how to read a company's annual report in 15 minutes. 🔥 💯 🫶 😭,60,4,8,#stocks #moneytips #sip #stockmarketindia #nifty50 #financialliteracy #investing #sensex,1,171694,60826,35.4,137252,4105,166,1270,412,1174,278,5953,9.79,2.09,0.68,0.457,9,options_trading:10|start_small:4,sharing with my dad,40.0,255,111
17904548109095309,story,22,2026-06-03,13:51,Wed,13,reminder: tax deadline in 10 days,33,0,0,none,1,171694,11977,7.0,13510,0,24,0,35,119,11,59,0.49,0.0,0.29,0.092,0,none,none,0.0,255,111
17980968933230011,carousel,22,2026-06-03,16:20,Wed,16,"market wrap: nifty closed flat, banks dragged, IT held up. 3 things that moved today. 🙌 🔥 💀 😍",93,4,5,#sip #moneytips #nifty50 #stocks #personalfinance,3,171972,29841,17.4,46829,1953,91,133,86,495,58,2263,7.58,0.45,0.29,0.194,8,options_trading:11|panic_sell:1,can you do an options series,21.7,255,111
17945911327063881,story,22,2026-06-03,20:59,Wed,20,reminder: tax deadline in 10 days,33,0,0,none,1,171694,8410,4.9,9034,0,67,0,25,84,8,92,1.09,0.0,0.3,0.095,0,none,none,0.0,255,111
17905505445350620,story,22,2026-06-03,22:09,Wed,22,link: this week's newsletter,28,0,0,none,1,171694,11018,6.4,11731,0,66,0,33,110,11,99,0.9,0.0,0.3,0.1,0,none,none,0.0,255,111
17996114662350749,reel,23,2026-06-04,07:10,Thu,7,"the 50/30/20 rule, adjusted for indian salaries. 😭",50,1,5,#taxsaving #mutualfunds #stockmarketindia #sensex #financialliteracy,1,171932,136572,79.4,348867,8019,484,1800,598,2587,415,10901,7.98,1.32,0.44,0.304,12,start_small:11|term_insurance:4,clear as always,40.0,474,15
17979718625695089,carousel,23,2026-06-04,18:30,Thu,18,last-minute tax saving without bad decisions. 😂,47,1,2,#mutualfunds #stocks,6,172347,21916,12.7,33926,1293,85,384,111,369,62,1873,8.55,1.75,0.51,0.283,3,term_insurance:10,best finance page,26.7,474,15
17904909480055946,story,23,2026-06-04,22:00,Thu,22,poll: did you invest this month?,32,0,0,none,1,171932,12079,7.0,13695,0,52,0,36,120,12,88,0.73,0.0,0.3,0.099,0,none,none,0.0,474,15
17963475727918750,carousel,23,2026-06-05,08:10,Fri,8,credit card rules that keep you out of debt. 🫶,46,1,2,#personalfinance #wealth,7,172416,85279,49.5,127280,5610,293,1649,533,1692,277,8085,9.48,1.93,0.63,0.325,7,start_small:7|term_insurance:9,how much term insurance do i need,33.3,358,11
17964346983105146,reel,23,2026-06-05,18:40,Fri,18,"'Novaleaf Foods' IPO breakdown: revenue, debt, red flags. 👀 😍",61,2,12,#nifty50 #stockmarketindia #stocks #wealth #sip #sensex #moneytips #investing #taxsaving #financialliteracy #personalfinance #mutualfunds,1,172693,48629,28.2,134963,2801,201,492,215,823,92,3709,7.63,1.01,0.44,0.189,0,none,clear as always,21.7,358,11
17976225363712221,story,23,2026-06-06,10:59,Sat,10,poll: did you invest this month?,32,0,0,none,1,172783,12039,7.0,14365,0,98,0,36,120,12,134,1.11,0.0,0.3,0.1,0,none,none,0.0,116,12
17999777262236835,story,23,2026-06-06,13:50,Sat,13,poll: did you invest this month?,32,0,0,none,1,172783,7706,4.5,8846,0,37,0,23,77,7,60,0.78,0.0,0.3,0.091,0,none,none,0.0,116,12
17929753155437380,story,23,2026-06-06,17:21,Sat,17,reminder: tax deadline in 10 days,33,0,0,none,1,172783,13210,7.6,14675,0,79,0,39,132,13,118,0.89,0.0,0.3,0.098,0,none,none,0.0,116,12
17909930900291870,story,23,2026-06-06,17:27,Sat,17,poll: did you invest this month?,32,0,0,none,1,172783,10436,6.0,12366,0,121,0,31,104,10,152,1.46,0.0,0.3,0.096,0,none,none,0.0,116,12
17907829348513624,reel,23,2026-06-06,21:10,Sat,21,sensex in 60 seconds: what moved and why.,41,0,3,#financialliteracy #moneytips #taxsaving,1,172783,34149,19.8,72197,2348,107,168,113,664,86,2736,8.01,0.49,0.33,0.252,5,options_trading:7|panic_sell:1,saved!,31.7,116,12
17945342869585669,story,23,2026-06-07,13:37,Sun,13,link: this week's newsletter,28,0,0,none,1,172881,11512,6.7,14251,0,81,0,34,115,11,115,1.0,0.0,0.3,0.096,0,none,none,0.0,31,15
17952208284334660,reel,23,2026-06-07,18:20,Sun,18,old vs new tax regime: which one for your salary. 🫶 😭 🔥 😂 💯 ✨,61,6,8,#investing #mutualfunds #sip #taxsaving #moneytips #sensex #stockmarketindia #wealth,1,172881,13296,7.7,34782,747,38,219,81,232,35,1085,8.16,1.65,0.61,0.263,2,term_insurance:6,very helpful,21.1,31,15
17961243149469794,story,23,2026-06-08,09:03,Mon,9,link: this week's newsletter,28,0,0,none,1,172926,10647,6.2,11223,0,45,0,31,106,10,76,0.71,0.0,0.29,0.094,0,none,none,0.0,283,18
17909376114129466,story,23,2026-06-08,10:20,Mon,10,market close: nifty in one slide,32,0,0,none,1,172926,13017,7.5,16654,0,100,0,39,130,13,139,1.07,0.0,0.3,0.1,0,none,none,0.0,283,18
17930499244367712,carousel,23,2026-06-08,13:50,Mon,13,stocks to watch this week 🔥,27,0,10,#sensex #stocks #moneytips #wealth #personalfinance #taxsaving #financialliteracy #mutualfunds #sip #stockmarketindia,5,172926,35228,20.4,43769,2256,163,74,86,716,42,2579,7.32,0.21,0.24,0.119,4,options_trading:9|trust_callout:11,thanks for keeping it simple,31.7,283,18
17947347441226458,carousel,23,2026-06-08,18:20,Mon,18,debt funds vs FDs: the honest comparison. 😭,43,1,2,#moneytips #stocks,6,172968,60113,34.8,90509,3921,163,1265,352,1196,236,5701,9.48,2.1,0.59,0.393,11,options_trading:6|start_small:8,clear as always,26.7,283,18
17993445234729772,reel,23,2026-06-09,07:20,Tue,7,credit card rules that keep you out of debt. 💯,46,1,2,#stockmarketindia #sensex,1,173196,71070,41.0,152189,4117,227,941,302,1339,229,5587,7.86,1.32,0.42,0.322,10,start_small:6|term_insurance:7,sharing with my dad,36.7,385,54
17996833724366207,carousel,23,2026-06-09,08:30,Tue,8,80C in one slide: every option ranked. 👀 🙌,42,2,12,#stockmarketindia #wealth #investing #sip #nifty50 #mutualfunds #stocks #financialliteracy #taxsaving #moneytips #personalfinance #sensex,8,173425,17930,10.3,26284,1224,82,316,95,326,51,1717,9.58,1.76,0.53,0.284,3,term_insurance:8,term insurance explainer please,35.0,385,54
17918776539261996,story,23,2026-06-09,13:09,Tue,13,poll: did you invest this month?,32,0,0,none,1,173196,13229,7.6,16535,0,33,0,39,132,13,72,0.54,0.0,0.29,0.098,0,none,none,0.0,385,54
17965491410432078,story,23,2026-06-09,20:36,Tue,20,market close: nifty in one slide,32,0,0,none,1,173196,11701,6.8,13707,0,28,0,35,117,11,63,0.54,0.0,0.3,0.094,0,none,none,0.0,385,54
17911156246211572,image,23,2026-06-09,21:10,Tue,21,debt funds vs FDs: the honest comparison. 👀,43,1,2,#investing #sip,1,173476,39631,22.8,59210,2105,82,711,159,728,135,3057,7.71,1.79,0.4,0.341,9,options_trading:11|start_small:5,saved!,21.7,385,54
17982863997815735,reel,23,2026-06-10,07:10,Wed,7,"HRA, 80D, NPS: what most people miss. 😂",39,1,10,#personalfinance #wealth #moneytips #stocks #sip #financialliteracy #nifty50 #mutualfunds #sensex #stockmarketindia,1,173568,24459,14.1,62662,1438,55,430,145,449,85,2068,8.45,1.76,0.59,0.348,3,term_insurance:5,saved!,38.2,191,11
17956318184562102,story,23,2026-06-10,09:33,Wed,9,link: this week's newsletter,28,0,0,none,1,173568,10913,6.3,11548,0,104,0,32,109,10,136,1.25,0.0,0.29,0.092,0,none,none,0.0,191,11
17918705554534099,reel,23,2026-06-10,20:50,Wed,20,"'Novaleaf Foods' IPO breakdown: revenue, debt, red flags. 💯 ✨",61,2,10,#nifty50 #taxsaving #stocks #sip #investing #wealth #stockmarketindia #mutualfunds #financialliteracy #moneytips,1,173653,49839,28.7,106813,3394,142,432,230,863,98,4198,8.42,0.87,0.46,0.197,0,none,sharing with my dad,26.7,191,11
17925230852093840,story,23,2026-06-10,22:39,Wed,22,poll: did you invest this month?,32,0,0,none,1,173568,9909,5.7,12071,0,84,0,29,99,9,113,1.14,0.0,0.29,0.091,0,none,none,0.0,191,11
17966789376148423,carousel,24,2026-06-11,09:10,Thu,9,5 money mistakes i made in my first job. 🔥 😍,44,2,10,#sensex #stockmarketindia #nifty50 #financialliteracy #sip #investing #moneytips #taxsaving #personalfinance #wealth,7,173765,40015,23.0,50627,2446,151,548,200,759,128,3345,8.36,1.37,0.5,0.32,14,start_small:7|term_insurance:12,wish i knew this at 22,28.3,354,17
17959070097663682,story,24,2026-06-11,17:07,Thu,17,market close: nifty in one slide,32,0,0,none,1,173765,12044,6.9,14308,0,125,0,36,120,12,161,1.34,0.0,0.3,0.1,0,none,none,0.0,354,17
17984726744575292,story,24,2026-06-11,17:48,Thu,17,link: this week's newsletter,28,0,0,none,1,173765,13301,7.7,16434,0,134,0,39,133,13,173,1.3,0.0,0.29,0.098,0,none,none,0.0,354,17
17970524108637587,story,24,2026-06-11,17:58,Thu,17,poll: did you invest this month?,32,0,0,none,1,173765,10290,5.9,11865,0,121,0,30,102,10,151,1.47,0.0,0.29,0.097,0,none,none,0.0,354,17
17903371857647981,carousel,24,2026-06-11,21:50,Thu,21,how compounding works (the boring truth). 💯 💀 🫶 ✨ 😭 🔥,53,6,8,#wealth #moneytips #stocks #sensex #investing #personalfinance #mutualfunds #stockmarketindia,7,173893,68472,39.4,94530,4073,309,1551,328,1111,208,6261,9.14,2.27,0.48,0.304,7,options_trading:7|start_small:4,school should teach this,35.0,354,17
17972618391077903,carousel,24,2026-06-12,12:10,Fri,12,last-minute tax saving without bad decisions. 😍,47,1,2,#stocks #moneytips,3,174113,13658,7.8,20368,765,33,207,72,200,31,1077,7.89,1.52,0.53,0.227,1,term_insurance:2,best finance page,33.3,137,12
17953578782748531,reel,24,2026-06-12,16:40,Fri,16,IPO basics: grey market premium is not a guarantee. 😍 💯 🔥 🙌,59,4,0,none,1,174144,39065,22.4,99796,2282,89,406,168,663,78,2945,7.54,1.04,0.43,0.2,0,none,best finance page,23.3,137,12
17970273165547554,story,24,2026-06-12,17:34,Fri,17,question box: ask me anything about SIPs,40,0,0,none,1,174113,7798,4.5,9517,0,85,0,23,77,7,108,1.38,0.0,0.29,0.09,85,none,none,0.0,137,12
17946399753890420,image,24,2026-06-12,18:30,Fri,18,last-minute tax saving without bad decisions. 😂,47,1,10,#stocks #nifty50 #sip #sensex #wealth #stockmarketindia #taxsaving #mutualfunds #investing #financialliteracy,1,174222,13278,7.6,18915,797,39,230,65,187,33,1131,8.52,1.73,0.49,0.249,1,term_insurance:6,thanks for keeping it simple,33.3,137,12
17950251649240466,reel,24,2026-06-13,09:10,Sat,9,"HRA, 80D, NPS: what most people miss. 😭 👀",41,2,3,#investing #sensex #mutualfunds,1,174256,29071,16.7,75367,1580,100,441,163,397,65,2284,7.86,1.52,0.56,0.224,2,term_insurance:9,saved!,35.0,82,17
17946188750336200,story,24,2026-06-13,10:00,Sat,10,market close: nifty in one slide,32,0,0,none,1,174256,9111,5.2,11096,0,106,0,27,91,9,133,1.46,0.0,0.3,0.099,0,none,none,0.0,82,17
17938219704103020,story,24,2026-06-13,10:29,Sat,10,reminder: tax deadline in 10 days,33,0,0,none,1,174256,9296,5.3,10897,0,44,0,27,92,9,71,0.76,0.0,0.29,0.097,0,none,none,0.0,82,17
17989630583438444,story,24,2026-06-13,20:46,Sat,20,reminder: tax deadline in 10 days,33,0,0,none,1,174256,7053,4.0,8705,0,49,0,21,70,7,70,0.99,0.0,0.3,0.099,0,none,none,0.0,82,17
17997324720463663,story,24,2026-06-13,22:23,Sat,22,reminder: tax deadline in 10 days,33,0,0,none,1,174256,9629,5.5,11709,0,56,0,28,96,9,84,0.87,0.0,0.29,0.093,0,none,none,0.0,82,17
17907655934481195,reel,24,2026-06-14,08:50,Sun,8,"why the market fell today, without the jargon.",46,0,2,#financialliteracy #stocks,1,174313,33431,19.2,65093,1793,113,116,87,522,63,2109,6.31,0.35,0.26,0.188,1,options_trading:5,clear summary,30.0,60,15
17986690829530616,story,24,2026-06-14,09:25,Sun,9,poll: did you invest this month?,32,0,0,none,1,174313,12334,7.1,15969,0,77,0,37,123,12,114,0.92,0.0,0.3,0.097,0,none,none,0.0,60,15
17970341909239356,carousel,24,2026-06-15,13:30,Mon,13,"market wrap: nifty closed flat, banks dragged, IT held up. 3 things that moved today. 💀 💯 ✨ 🔥",93,4,5,#stocks #stockmarketindia #investing #sensex #financialliteracy,7,174377,14589,8.4,20664,777,52,46,39,243,28,914,6.26,0.32,0.27,0.192,6,options_trading:7,wish i knew this at 22,44.2,80,15
17968712332195195,carousel,24,2026-06-15,15:30,Mon,15,last-minute tax saving without bad decisions. 😍 ✨ 🫶 😂,53,4,8,#investing #financialliteracy #sensex #moneytips #mutualfunds #taxsaving #wealth #sip,10,174405,18906,10.8,29624,983,73,284,101,366,56,1441,7.62,1.5,0.53,0.296,2,term_insurance:9,saved!,31.7,80,15
17917770302552726,story,24,2026-06-15,20:09,Mon,20,link: this week's newsletter,28,0,0,none,1,174377,11937,6.8,13961,0,134,0,35,119,11,169,1.42,0.0,0.29,0.092,0,none,none,0.0,80,15
17946406814489774,reel,24,2026-06-16,07:10,Tue,7,"'Novaleaf Foods' IPO breakdown: revenue, debt, red flags. 🙌 😭",61,2,8,#taxsaving #personalfinance #sip #mutualfunds #moneytips #sensex #investing #stocks,1,174465,53464,30.6,103898,3308,260,561,205,743,89,4334,8.11,1.05,0.38,0.166,0,none,thanks for keeping it simple,26.7,133,20
17933917275432256,story,24,2026-06-16,13:36,Tue,13,poll: did you invest this month?,32,0,0,none,1,174465,13928,8.0,16441,0,148,0,41,139,13,189,1.36,0.0,0.29,0.093,0,none,none,0.0,133,20
17981771698998847,image,24,2026-06-16,15:50,Tue,15,3 stocks that could double this year 🚀 💀 👀,42,2,8,#moneytips #stockmarketindia #personalfinance #financialliteracy #taxsaving #sip #stocks #sensex,1,174554,29958,17.2,45897,2059,154,54,64,609,27,2331,7.78,0.18,0.21,0.09,10,options_trading:7|trust_callout:18,are you sebi registered?,38.3,133,20
17973774227483077,story,24,2026-06-16,17:24,Tue,17,question box: ask me anything about SIPs,40,0,0,none,1,174465,7590,4.4,8155,0,66,0,22,75,7,88,1.16,0.0,0.29,0.092,66,none,none,0.0,133,20
17940952012406501,story,24,2026-06-16,20:36,Tue,20,reminder: tax deadline in 10 days,33,0,0,none,1,174465,9055,5.2,9890,0,66,0,27,90,9,93,1.03,0.0,0.3,0.099,0,none,none,0.0,133,20
17902860300284238,story,24,2026-06-16,20:58,Tue,20,poll: did you invest this month?,32,0,0,none,1,174465,8849,5.1,10088,0,84,0,26,88,8,110,1.24,0.0,0.29,0.09,0,none,none,0.0,133,20
17917661040659523,carousel,24,2026-06-17,12:20,Wed,12,how to build a budget you'll actually follow.,45,0,5,#stocks #financialliteracy #taxsaving #nifty50 #investing,8,174582,52116,29.9,79454,3589,237,825,251,841,155,4902,9.41,1.58,0.48,0.297,6,start_small:3|term_insurance:10,"beginner here, where do i start?",28.3,325,78
17965976958436944,carousel,24,2026-06-17,18:40,Wed,18,3 stocks that could double this year 🚀 💀 🫶,42,2,12,#personalfinance #financialliteracy #moneytips #sip #nifty50 #investing #taxsaving #stockmarketindia #wealth #stocks #sensex #mutualfunds,6,174737,46934,26.9,57569,2426,131,68,95,865,43,2720,5.8,0.14,0.2,0.092,13,options_trading:8|trust_callout:20,are you sebi registered?,21.7,325,78
17912490367068532,reel,24,2026-06-17,21:40,Wed,21,"the 50/30/20 rule, adjusted for indian salaries. 🙌 👀",52,2,8,#sensex #investing #nifty50 #personalfinance #mutualfunds #stockmarketindia #sip #moneytips,1,174780,59585,34.1,149370,4034,321,859,384,1186,174,5598,9.39,1.44,0.64,0.292,9,start_small:8|term_insurance:4,clear as always,31.7,325,78
17926193390068635,story,24,2026-06-17,22:12,Wed,22,quiz: what does P/E stand for?,30,0,0,none,1,174582,9181,5.3,10480,0,19,0,27,91,9,46,0.5,0.0,0.29,0.098,0,none,none,0.0,325,78
17958571919423979,story,24,2026-06-17,22:39,Wed,22,reminder: tax deadline in 10 days,33,0,0,none,1,174582,9024,5.2,10445,0,54,0,27,90,9,81,0.9,0.0,0.3,0.1,0,none,none,0.0,325,78
17993236763257595,story,24,2026-06-17,22:54,Wed,22,question box: ask me anything about SIPs,40,0,0,none,1,174582,13465,7.7,15253,0,161,0,40,134,13,201,1.49,0.0,0.3,0.097,161,none,none,0.0,325,78
17916314754281835,reel,25,2026-06-18,08:40,Thu,8,today's market in 3 charts.,27,0,3,#stocks #taxsaving #nifty50,1,174903,111442,63.7,203013,7564,613,447,297,2189,221,8921,8.01,0.4,0.27,0.198,5,options_trading:6,best finance page,23.3,255,93
17967463487471351,story,25,2026-06-18,09:01,Thu,9,market close: nifty in one slide,32,0,0,none,1,174903,12868,7.4,14084,0,38,0,38,128,12,76,0.59,0.0,0.3,0.093,0,none,none,0.0,255,93
17983364539620599,story,25,2026-06-18,09:44,Thu,9,poll: did you invest this month?,32,0,0,none,1,174903,7210,4.1,8993,0,48,0,21,72,7,69,0.96,0.0,0.29,0.097,0,none,none,0.0,255,93
17953780338870799,story,25,2026-06-18,10:18,Thu,10,market close: nifty in one slide,32,0,0,none,1,174903,12508,7.2,15154,0,61,0,37,125,12,98,0.78,0.0,0.3,0.096,0,none,none,0.0,255,93
17995419787094194,reel,25,2026-06-18,13:00,Thu,13,emergency fund: how much is actually enough.,44,0,10,#moneytips #personalfinance #wealth #taxsaving #sip #stockmarketindia #investing #stocks #financialliteracy #nifty50,1,175124,33391,19.1,93060,1817,105,484,146,575,96,2552,7.64,1.45,0.44,0.288,11,start_small:10|term_insurance:6,best finance page,25.0,255,93
17940721768219936,image,25,2026-06-19,09:10,Fri,9,"why the market fell today, without the jargon. 😍",48,1,3,#personalfinance #moneytips #investing,1,175148,35289,20.1,43304,1843,85,106,103,659,81,2137,6.06,0.3,0.29,0.23,3,options_trading:4,sharing with my dad,30.0,218,15
17992229674103596,story,25,2026-06-19,09:30,Fri,9,link: this week's newsletter,28,0,0,none,1,175148,8757,5.0,10572,0,82,0,26,87,8,108,1.23,0.0,0.3,0.091,0,none,none,0.0,218,15
17994331783118135,story,25,2026-06-19,09:31,Fri,9,reminder: tax deadline in 10 days,33,0,0,none,1,175148,12314,7.0,15568,0,124,0,36,123,12,160,1.3,0.0,0.29,0.097,0,none,none,0.0,218,15
17905258528366778,carousel,25,2026-06-19,12:10,Fri,12,credit card rules that keep you out of debt. ✨,46,1,2,#financialliteracy #nifty50,7,175229,42717,24.4,51962,2882,233,768,266,653,103,4149,9.71,1.8,0.62,0.241,12,start_small:7|term_insurance:8,wish i knew this at 22,23.3,218,15
17956220295377157,story,25,2026-06-19,13:28,Fri,13,link: this week's newsletter,28,0,0,none,1,175148,9673,5.5,12008,0,97,0,29,96,9,126,1.3,0.0,0.3,0.093,0,none,none,0.0,218,15
17991969953805257,story,25,2026-06-19,13:43,Fri,13,question box: ask me anything about SIPs,40,0,0,none,1,175148,10870,6.2,12910,0,58,0,32,108,10,90,0.83,0.0,0.29,0.092,58,none,none,0.0,218,15
17917603983189926,story,25,2026-06-19,17:43,Fri,17,market close: nifty in one slide,32,0,0,none,1,175148,10773,6.2,13545,0,72,0,32,107,10,104,0.97,0.0,0.3,0.093,0,none,none,0.0,218,15
17954011012340427,story,25,2026-06-20,09:36,Sat,9,quiz: what does P/E stand for?,30,0,0,none,1,175322,12786,7.3,14560,0,90,0,38,127,12,128,1.0,0.0,0.3,0.094,0,none,none,0.0,52,12
17927790195229753,story,25,2026-06-20,13:03,Sat,13,reminder: tax deadline in 10 days,33,0,0,none,1,175322,11835,6.8,15311,0,59,0,35,118,11,94,0.79,0.0,0.3,0.093,0,none,none,0.0,52,12
17992509300849720,carousel,25,2026-06-20,16:20,Sat,16,salary credited vs salary gone: a timeline.,43,0,10,#stockmarketindia #sensex #financialliteracy #wealth #mutualfunds #nifty50 #investing #sip #taxsaving #personalfinance,10,175322,23252,13.3,31249,1582,128,33,267,416,29,2010,8.64,0.14,1.15,0.125,0,none,tag your broke friend,23.3,52,12
17936737359232009,story,25,2026-06-20,22:41,Sat,22,link: this week's newsletter,28,0,0,none,1,175322,12668,7.2,13884,0,88,0,38,126,12,126,0.99,0.0,0.3,0.095,0,none,none,0.0,52,12
17962350169759200,story,25,2026-06-21,17:51,Sun,17,poll: did you invest this month?,32,0,0,none,1,175354,9094,5.2,11208,0,20,0,27,90,9,47,0.52,0.0,0.3,0.099,0,none,none,0.0,-1,17
17960353096515138,story,25,2026-06-21,22:57,Sun,22,link: this week's newsletter,28,0,0,none,1,175354,7374,4.2,8496,0,66,0,22,73,7,88,1.19,0.0,0.3,0.095,0,none,none,0.0,-1,17
17950611998462076,story,25,2026-06-22,09:42,Mon,9,question box: ask me anything about SIPs,40,0,0,none,1,175360,13110,7.5,16329,0,96,0,39,131,13,135,1.03,0.0,0.3,0.099,96,none,none,0.0,73,15
17999482350441835,story,25,2026-06-22,13:44,Mon,13,question box: ask me anything about SIPs,40,0,0,none,1,175360,8472,4.8,10562,0,77,0,25,84,8,102,1.2,0.0,0.3,0.094,77,none,none,0.0,73,15
17907471134629679,image,25,2026-06-22,18:50,Mon,18,friday wrap: the week in 5 numbers. 💯,37,1,5,#taxsaving #financialliteracy #personalfinance #nifty50 #stocks,1,175360,22599,12.9,28323,1315,69,90,50,391,44,1524,6.74,0.4,0.22,0.195,6,options_trading:9|panic_sell:1,clear as always,31.7,73,15
17924063289141630,story,25,2026-06-22,22:26,Mon,22,quiz: what does P/E stand for?,30,0,0,none,1,175360,13246,7.6,15883,0,39,0,39,132,13,78,0.59,0.0,0.29,0.098,0,none,none,0.0,73,15
17924079415534983,story,25,2026-06-22,22:38,Mon,22,link: this week's newsletter,28,0,0,none,1,175360,10148,5.8,11654,0,28,0,30,101,10,58,0.57,0.0,0.3,0.099,0,none,none,0.0,73,15
17977202846532914,reel,25,2026-06-23,08:50,Tue,8,salary credited vs salary gone: a timeline. 💯 😭 💀 🙌,51,4,5,#nifty50 #personalfinance #financialliteracy #stocks #moneytips,1,175412,49800,28.4,104479,3135,187,53,425,902,67,3800,7.63,0.11,0.85,0.135,0,none,thanks for keeping it simple,20.0,105,14
17936187470816252,reel,25,2026-06-23,18:30,Tue,18,today's market in 3 charts. 😍 ✨ 😂 🙌 😭 💯,39,6,3,#wealth #stockmarketindia #personalfinance,1,175479,26774,15.3,54732,1742,114,100,83,401,52,2039,7.62,0.37,0.31,0.194,2,options_trading:9,saved!,36.7,105,14
17900940695361889,carousel,25,2026-06-24,07:20,Wed,7,3 stocks that could double this year 🚀 😍,40,1,0,none,3,175546,50663,28.9,77341,3233,225,113,105,986,56,3676,7.26,0.22,0.21,0.111,11,options_trading:9|trust_callout:16,wish i knew this at 22,31.7,216,15
17969643620402775,carousel,25,2026-06-24,13:50,Wed,13,"'Novaleaf Foods' IPO breakdown: revenue, debt, red flags. 👀 💀 💯 😍 😂 ✨",69,6,3,#financialliteracy #personalfinance #taxsaving,8,175602,42951,24.5,62927,2430,168,337,152,853,127,3087,7.19,0.78,0.35,0.296,0,none,wish i knew this at 22,18.3,216,15
17901882640299195,carousel,25,2026-06-24,16:40,Wed,16,old vs new tax regime: which one for your salary. ✨ 😍,53,2,0,none,7,175729,14727,8.4,23393,784,42,249,76,296,48,1151,7.82,1.69,0.52,0.326,1,term_insurance:5,clear as always,23.8,216,15
17928692438092957,story,26,2026-06-25,10:06,Thu,10,reminder: tax deadline in 10 days,33,0,0,none,1,175784,9203,5.2,11556,0,64,0,27,92,9,91,0.99,0.0,0.29,0.098,0,none,none,0.0,127,54
17903468991517241,reel,26,2026-06-25,15:20,Thu,15,this smallcap is flying under the radar 👀,41,0,2,#nifty50 #stockmarketindia,1,175784,45199,25.7,114844,2462,204,59,75,792,42,2800,6.19,0.13,0.17,0.093,6,options_trading:5|trust_callout:13,stop pumping stocks,33.3,127,54
17985513234577314,story,26,2026-06-25,17:54,Thu,17,link: this week's newsletter,28,0,0,none,1,175784,7764,4.4,10028,0,32,0,23,77,7,55,0.71,0.0,0.3,0.09,0,none,none,0.0,127,54
17968329218733578,story,26,2026-06-25,20:56,Thu,20,reminder: tax deadline in 10 days,33,0,0,none,1,175784,10857,6.2,11592,0,38,0,32,108,10,70,0.64,0.0,0.29,0.092,0,none,none,0.0,127,54
17936099828560261,reel,26,2026-06-25,21:10,Thu,21,friday wrap: the week in 5 numbers.,35,0,5,#moneytips #wealth #investing #financialliteracy #stockmarketindia,1,175826,45832,26.1,96805,2348,187,157,134,908,113,2826,6.17,0.34,0.29,0.247,4,options_trading:6,wish i knew this at 22,25.0,127,54
17911081332982591,story,26,2026-06-26,09:51,Fri,9,link: this week's newsletter,28,0,0,none,1,175907,7754,4.4,9099,0,34,0,23,77,7,57,0.74,0.0,0.3,0.09,0,none,none,0.0,101,118
17932531207386468,story,26,2026-06-26,13:23,Fri,13,market close: nifty in one slide,32,0,0,none,1,175907,7404,4.2,7984,0,44,0,22,74,7,66,0.89,0.0,0.3,0.095,0,none,none,0.0,101,118
17913212202385734,reel,26,2026-06-26,16:50,Fri,16,stocks to watch this week 🔥 😍 💀 🔥 🙌,35,4,3,#sip #financialliteracy #personalfinance,1,175907,48568,27.6,95016,2734,175,65,93,895,43,3067,6.31,0.13,0.19,0.089,9,options_trading:9|trust_callout:11,thanks for keeping it simple,33.3,101,118
17903299973912357,story,26,2026-06-26,17:36,Fri,17,question box: ask me anything about SIPs,40,0,0,none,1,175907,8647,4.9,9776,0,25,0,25,86,8,50,0.58,0.0,0.29,0.093,25,none,none,0.0,101,118
17917113970620055,carousel,26,2026-06-26,21:00,Fri,21,today's market in 3 charts. ✨,29,1,3,#stocks #sip #investing,3,175950,61879,35.2,95139,3885,285,224,217,1092,143,4611,7.45,0.36,0.35,0.231,5,options_trading:7|panic_sell:1,"market crashing, should i exit?",28.3,101,118
17911302798202228,story,26,2026-06-26,22:05,Fri,22,question box: ask me anything about SIPs,40,0,0,none,1,175907,11026,6.3,12970,0,50,0,33,110,11,83,0.75,0.0,0.3,0.1,50,none,none,0.0,101,118
17942532012255199,reel,26,2026-06-27,08:50,Sat,8,buy high sell low: my strategy.,31,0,5,#mutualfunds #wealth #nifty50 #sip #personalfinance,1,175995,44479,25.3,116693,2765,100,66,404,615,45,3335,7.5,0.15,0.91,0.101,0,none,best finance page,26.7,9,67
17974812001654809,story,26,2026-06-27,09:05,Sat,9,link: this week's newsletter,28,0,0,none,1,175995,10559,6.0,12887,0,57,0,31,105,10,88,0.83,0.0,0.29,0.095,0,none,none,0.0,9,67
17939578261934187,story,26,2026-06-27,17:23,Sat,17,link: this week's newsletter,28,0,0,none,1,175995,8181,4.6,9829,0,41,0,24,81,8,65,0.79,0.0,0.29,0.098,0,none,none,0.0,9,67
17917709369085033,story,26,2026-06-27,20:45,Sat,20,question box: ask me anything about SIPs,40,0,0,none,1,175995,13511,7.7,15954,0,76,0,40,135,13,116,0.86,0.0,0.3,0.096,76,none,none,0.0,9,67
17974246797335873,story,26,2026-06-28,10:34,Sun,10,reminder: tax deadline in 10 days,33,0,0,none,1,175993,11375,6.5,13966,0,26,0,34,113,11,60,0.53,0.0,0.3,0.097,0,none,none,0.0,118,13
17972863617687828,story,26,2026-06-28,17:19,Sun,17,market close: nifty in one slide,32,0,0,none,1,175993,12347,7.0,13717,0,58,0,37,123,12,95,0.77,0.0,0.3,0.097,0,none,none,0.0,118,13
17992508108377596,carousel,26,2026-06-28,21:40,Sun,21,credit card rules that keep you out of debt. 😭,46,1,5,#investing #wealth #taxsaving #sip #stockmarketindia,3,175993,42867,24.4,68218,2783,149,851,192,743,108,3975,9.27,1.99,0.45,0.252,14,start_small:9|term_insurance:7,very helpful,16.7,118,13
17917821738338512,reel,26,2026-06-29,09:50,Mon,9,friday wrap: the week in 5 numbers.,35,0,5,#stockmarketindia #sip #wealth #taxsaving #personalfinance,1,176109,49496,28.1,102317,3387,149,193,167,740,80,3896,7.87,0.39,0.34,0.162,10,options_trading:14|panic_sell:2,please explain options trading,33.3,207,19
17993615829694099,story,26,2026-06-29,10:39,Mon,10,quiz: what does P/E stand for?,30,0,0,none,1,176109,7852,4.5,9889,0,86,0,23,78,7,109,1.39,0.0,0.29,0.089,0,none,none,0.0,207,19
17982165352743148,reel,26,2026-06-29,15:30,Mon,15,"market wrap: nifty closed flat, banks dragged, IT held up. 3 things that moved today. 😍",87,1,5,#mutualfunds #taxsaving #sip #stockmarketindia #investing,1,176189,29638,16.8,82288,1948,76,132,77,447,50,2233,7.53,0.45,0.26,0.169,3,options_trading:6|panic_sell:1,why is it always banks,38.3,207,19
17996257813907332,reel,26,2026-06-29,18:30,Mon,18,"why the market fell today, without the jargon. 🫶 💀 💯 😭 ✨ 🙌",58,6,0,none,1,176239,31569,17.9,66179,1667,75,104,82,539,71,1928,6.11,0.33,0.26,0.225,4,options_trading:7,clear summary,21.7,207,19
17932014868494964,story,26,2026-06-29,20:05,Mon,20,question box: ask me anything about SIPs,40,0,0,none,1,176109,9981,5.7,12716,0,94,0,29,99,9,123,1.23,0.0,0.29,0.09,94,none,none,0.0,207,19
17933271033359738,story,26,2026-06-29,20:35,Mon,20,reminder: tax deadline in 10 days,33,0,0,none,1,176109,9839,5.6,11921,0,103,0,29,98,9,132,1.34,0.0,0.29,0.091,0,none,none,0.0,207,19
17951661306820729,story,26,2026-06-30,09:38,Tue,9,poll: did you invest this month?,32,0,0,none,1,176311,7120,4.0,8647,0,55,0,21,71,7,76,1.07,0.0,0.29,0.098,0,none,none,0.0,336,13
17991975803118826,story,26,2026-06-30,10:28,Tue,10,question box: ask me anything about SIPs,40,0,0,none,1,176311,8005,4.5,10267,0,37,0,24,80,8,61,0.76,0.0,0.3,0.1,37,none,none,0.0,336,13
17960086673990114,reel,26,2026-06-30,12:30,Tue,12,"why the market fell today, without the jargon.",46,0,5,#investing #financialliteracy #stocks #personalfinance #stockmarketindia,1,176311,43563,24.7,109874,2605,183,161,112,783,100,3061,7.03,0.37,0.26,0.23,1,options_trading:5,why is it always banks,38.3,336,13
17950019648377767,story,26,2026-06-30,13:13,Tue,13,reminder: tax deadline in 10 days,33,0,0,none,1,176311,13596,7.7,15710,0,75,0,40,135,13,115,0.85,0.0,0.29,0.096,0,none,none,0.0,336,13
17928113877945155,reel,26,2026-06-30,15:50,Tue,15,IPO basics: grey market premium is not a guarantee.,51,0,0,none,1,176411,48204,27.3,104194,2916,198,501,175,766,113,3790,7.86,1.04,0.36,0.234,0,none,thanks for keeping it simple,21.7,336,13
17929110669967196,reel,26,2026-06-30,16:10,Tue,16,how to build a budget you'll actually follow.,45,0,2,#nifty50 #wealth,1,176524,41953,23.8,88829,2835,184,798,195,652,108,4012,9.56,1.9,0.46,0.257,7,start_small:5|term_insurance:5,health vs term insurance?,26.7,336,13
17990213922106254,reel,26,2026-07-01,08:10,Wed,8,80C in one slide: every option ranked. 🫶,40,1,5,#moneytips #personalfinance #financialliteracy #stocks #sensex,1,176629,30717,17.4,80963,1647,122,424,157,442,68,2350,7.65,1.38,0.51,0.221,0,term_insurance:4,how much term insurance do i need,31.7,148,19
17903979979325444,story,26,2026-07-01,09:05,Wed,9,link: this week's newsletter,28,0,0,none,1,176629,8490,4.8,9285,0,17,0,25,84,8,42,0.49,0.0,0.29,0.094,0,none,none,0.0,148,19
17970361395953257,story,26,2026-07-01,09:23,Wed,9,market close: nifty in one slide,32,0,0,none,1,176629,11980,6.8,14693,0,108,0,35,119,11,143,1.19,0.0,0.29,0.092,0,none,none,0.0,148,19
17974512956106192,story,26,2026-07-01,13:46,Wed,13,question box: ask me anything about SIPs,40,0,0,none,1,176629,10872,6.2,12110,0,34,0,32,108,10,66,0.61,0.0,0.29,0.092,34,none,none,0.0,148,19
17994923973599817,reel,26,2026-07-01,15:40,Wed,15,how IPO allotment actually works. 💯 🫶,37,2,3,#taxsaving #moneytips #financialliteracy,1,176697,35499,20.1,67552,2283,184,392,128,500,70,2987,8.41,1.1,0.36,0.197,0,none,clear as always,26.7,148,19
17943848621751331,reel,27,2026-07-02,08:50,Thu,8,today's market in 3 charts. 😂 💀 👀 🙌,35,4,5,#taxsaving #nifty50 #sip #sensex #financialliteracy,1,176756,76408,43.2,148423,4208,171,260,165,1221,160,4804,6.29,0.34,0.22,0.209,9,options_trading:14|panic_sell:1,best finance page,43.3,383,16
17909124967175778,carousel,27,2026-07-02,09:20,Thu,9,what happens when a company does a stock split. 👀,49,1,5,#stockmarketindia #moneytips #sip #personalfinance #taxsaving,3,176916,68308,38.6,105004,3969,237,1019,390,987,214,5615,8.22,1.49,0.57,0.313,9,options_trading:6|start_small:6,what are call and put options?,35.0,383,16
17919503936872627,story,27,2026-07-02,10:36,Thu,10,question box: ask me anything about SIPs,40,0,0,none,1,176756,9681,5.5,10787,0,30,0,29,96,9,59,0.61,0.0,0.3,0.093,30,none,none,0.0,383,16
17987049247249942,story,27,2026-07-02,17:22,Thu,17,market close: nifty in one slide,32,0,0,none,1,176756,8133,4.6,9947,0,85,0,24,81,8,109,1.34,0.0,0.3,0.098,0,none,none,0.0,383,16
17917156488755896,story,27,2026-07-02,17:28,Thu,17,question box: ask me anything about SIPs,40,0,0,none,1,176756,8721,4.9,9439,0,94,0,26,87,8,120,1.38,0.0,0.3,0.092,94,none,none,0.0,383,16
17958477741578694,reel,27,2026-07-03,07:00,Fri,7,5 money mistakes i made in my first job.,40,0,2,#investing #sip,1,177137,46424,26.2,115686,3179,159,880,316,889,155,4534,9.77,1.9,0.68,0.334,12,start_small:12|term_insurance:2,clear as always,26.7,181,14
17964252524386917,story,27,2026-07-03,10:43,Fri,10,poll: did you invest this month?,32,0,0,none,1,177137,11187,6.3,14134,0,69,0,33,111,11,102,0.91,0.0,0.29,0.098,0,none,none,0.0,181,14
17976780198330351,story,27,2026-07-03,13:36,Fri,13,quiz: what does P/E stand for?,30,0,0,none,1,177137,11611,6.6,13731,0,27,0,34,116,11,61,0.53,0.0,0.29,0.095,0,none,none,0.0,181,14
17950631122705569,image,27,2026-07-03,15:10,Fri,15,3 stocks that could double this year 🚀,38,0,5,#taxsaving #moneytips #sensex #wealth #investing,1,177292,23017,13.0,33088,1404,71,37,50,325,18,1562,6.79,0.16,0.22,0.078,12,options_trading:8|trust_callout:20,stop pumping stocks,26.7,181,14
17987602857012645,story,27,2026-07-04,10:15,Sat,10,link: this week's newsletter,28,0,0,none,1,177305,8702,4.9,9737,0,23,0,26,87,8,49,0.56,0.0,0.3,0.092,0,none,none,0.0,-3,114
17913011133603645,story,27,2026-07-04,13:09,Sat,13,question box: ask me anything about SIPs,40,0,0,none,1,177305,12667,7.1,13361,0,35,0,38,126,12,73,0.58,0.0,0.3,0.095,35,none,none,0.0,-3,114
17911976741593384,story,27,2026-07-04,13:20,Sat,13,link: this week's newsletter,28,0,0,none,1,177305,11402,6.4,12932,0,67,0,34,114,11,101,0.89,0.0,0.3,0.096,0,none,none,0.0,-3,114
17993036527890912,image,27,2026-07-04,15:40,Sat,15,how compounding works (the boring truth). 🫶 😭,45,2,3,#mutualfunds #taxsaving #nifty50,1,177305,18164,10.2,23742,1069,51,352,114,354,72,1586,8.73,1.94,0.63,0.396,9,options_trading:8|start_small:5,the samosa example 😂,52.9,-3,114
17908957590130273,story,27,2026-07-04,17:17,Sat,17,market close: nifty in one slide,32,0,0,none,1,177305,8433,4.8,10574,0,40,0,25,84,8,65,0.77,0.0,0.3,0.095,0,none,none,0.0,-3,114
17997508479313299,reel,27,2026-07-05,08:30,Sun,8,the sector that's about to explode 🚀 😭 🔥 🫶 😍,44,4,3,#moneytips #wealth #investing,1,177274,76156,43.0,179731,4287,273,131,145,1322,72,4836,6.35,0.17,0.19,0.095,10,options_trading:8|trust_callout:12,stop pumping stocks,20.0,191,20
17934786067341431,reel,27,2026-07-05,15:50,Sun,15,5 money mistakes i made in my first job. 🙌,42,1,8,#investing #sip #mutualfunds #moneytips #stockmarketindia #wealth #personalfinance #financialliteracy,1,177346,42993,24.2,100438,2427,187,676,226,745,139,3516,8.18,1.57,0.53,0.323,10,start_small:8|term_insurance:5,wish i knew this at 22,25.0,191,20
17967819153053461,story,27,2026-07-06,09:32,Mon,9,quiz: what does P/E stand for?,30,0,0,none,1,177479,10682,6.0,12869,0,44,0,32,106,10,76,0.71,0.0,0.3,0.094,0,none,none,0.0,98,50
17927745137625224,carousel,27,2026-07-06,16:10,Mon,16,"HRA, 80D, NPS: what most people miss.",37,0,2,#wealth #taxsaving,8,177479,21512,12.1,34380,1444,113,326,141,400,74,2024,9.41,1.52,0.66,0.344,2,term_insurance:7,wish i knew this at 22,30.0,98,50
17997989896335472,story,27,2026-07-06,17:59,Mon,17,poll: did you invest this month?,32,0,0,none,1,177479,10754,6.1,11585,0,26,0,32,107,10,58,0.54,0.0,0.3,0.093,0,none,none,0.0,98,50
17951489620344404,reel,27,2026-07-06,21:50,Mon,21,last-minute tax saving without bad decisions.,45,0,10,#nifty50 #moneytips #sensex #mutualfunds #financialliteracy #personalfinance #sip #taxsaving #wealth #stockmarketindia,1,177553,16595,9.3,34415,934,55,254,92,264,46,1335,8.04,1.53,0.55,0.277,3,term_insurance:5,very helpful,23.6,98,50
17936659860554959,story,27,2026-07-06,22:41,Mon,22,question box: ask me anything about SIPs,40,0,0,none,1,177479,8876,5.0,11229,0,52,0,26,88,8,78,0.88,0.0,0.29,0.09,52,none,none,0.0,98,50
17990340049121334,reel,27,2026-07-07,07:10,Tue,7,how compounding works (the boring truth). 🙌 ✨ 😭 👀 💀 💯,53,6,5,#sensex #investing #mutualfunds #nifty50 #stockmarketindia,1,177559,61101,34.4,166784,3967,198,1489,408,1228,255,6062,9.92,2.44,0.67,0.417,11,options_trading:8|start_small:6,"beginner here, where do i start?",31.7,635,13
17901602288962013,carousel,27,2026-07-07,08:10,Tue,8,emergency fund: how much is actually enough. 🔥 💀 😭 😂 ✨ 🙌,56,6,10,#nifty50 #personalfinance #moneytips #stocks #mutualfunds #wealth #taxsaving #financialliteracy #investing #stockmarketindia,9,177814,72842,41.0,112588,4446,192,983,441,1267,245,6062,8.32,1.35,0.61,0.336,10,start_small:6|term_insurance:12,term insurance explainer please,25.0,635,13
17974431520678846,story,27,2026-07-07,13:30,Tue,13,link: this week's newsletter,28,0,0,none,1,177559,7134,4.0,8927,0,37,0,21,71,7,58,0.81,0.0,0.29,0.098,0,none,none,0.0,635,13
17965216130803394,story,27,2026-07-07,17:39,Tue,17,link: this week's newsletter,28,0,0,none,1,177559,13630,7.7,14635,0,143,0,40,136,13,183,1.34,0.0,0.29,0.095,0,none,none,0.0,635,13
17933992352939907,reel,27,2026-07-07,18:30,Tue,18,IPO basics: grey market premium is not a guarantee. 😭,53,1,2,#nifty50 #stocks,1,178059,62964,35.4,155191,3877,322,656,238,1148,128,5093,8.09,1.04,0.38,0.203,0,none,saved!,25.0,635,13
17942622959030090,reel,27,2026-07-08,08:20,Wed,8,80C in one slide: every option ranked.,38,0,0,none,1,178195,34997,19.6,80120,2395,103,706,217,685,131,3421,9.78,2.02,0.62,0.374,0,term_insurance:2,clear as always,35.0,320,20
17920940284274157,reel,27,2026-07-08,09:50,Wed,9,"the 50/30/20 rule, adjusted for indian salaries. 🙌",50,1,10,#nifty50 #personalfinance #taxsaving #sip #investing #mutualfunds #stocks #stockmarketindia #financialliteracy #wealth,1,178326,50101,28.1,93432,2896,194,609,254,981,174,3953,7.89,1.22,0.51,0.347,9,start_small:9|term_insurance:7,best finance page,25.0,320,20
17940430842109832,story,27,2026-07-08,17:19,Wed,17,reminder: tax deadline in 10 days,33,0,0,none,1,178195,10749,6.0,13250,0,29,0,32,107,10,61,0.57,0.0,0.3,0.093,0,none,none,0.0,320,20
17935470817513085,story,27,2026-07-08,20:48,Wed,20,quiz: what does P/E stand for?,30,0,0,none,1,178195,13624,7.6,16313,0,34,0,40,136,13,74,0.54,0.0,0.29,0.095,0,none,none,0.0,320,20
17967464405445203,story,27,2026-07-08,20:51,Wed,20,market close: nifty in one slide,32,0,0,none,1,178195,12661,7.1,15697,0,92,0,37,126,12,129,1.02,0.0,0.29,0.095,0,none,none,0.0,320,20
17905248073860720,reel,28,2026-07-09,07:20,Thu,7,index funds explained in 6 slides. ✨ 💯,38,2,5,#investing #stockmarketindia #sip #personalfinance #taxsaving,1,178495,114193,64.0,234535,6857,540,1788,565,1809,362,9750,8.54,1.57,0.49,0.317,9,options_trading:8|start_small:5,finally understood this,45.0,625,11
17986479647049195,story,28,2026-07-09,10:07,Thu,10,poll: did you invest this month?,32,0,0,none,1,178495,8801,4.9,9918,0,85,0,26,88,8,111,1.26,0.0,0.3,0.091,0,none,none,0.0,625,11
17941924657946641,carousel,28,2026-07-09,15:30,Thu,15,the 'Zentrix Logistics' IPO: what the prospectus actually says.,63,0,12,#sensex #stocks #investing #moneytips #mutualfunds #stockmarketindia #nifty50 #personalfinance #wealth #sip #taxsaving #financialliteracy,6,178857,27144,15.2,36353,1407,84,202,102,433,53,1795,6.61,0.74,0.38,0.195,0,none,thanks for keeping it simple,31.7,625,11
17912359473268411,story,28,2026-07-09,20:32,Thu,20,poll: did you invest this month?,32,0,0,none,1,178495,11772,6.6,12840,0,133,0,35,117,11,168,1.43,0.0,0.3,0.093,0,none,none,0.0,625,11
17978316869666735,story,28,2026-07-09,20:41,Thu,20,link: this week's newsletter,28,0,0,none,1,178495,8325,4.7,10554,0,58,0,24,83,8,82,0.98,0.0,0.29,0.096,0,none,none,0.0,625,11
17909487731828210,carousel,28,2026-07-09,21:10,Thu,21,debt funds vs FDs: the honest comparison. ✨,43,1,10,#sensex #sip #mutualfunds #stockmarketindia #taxsaving #financialliteracy #stocks #investing #personalfinance #nifty50,3,178910,53127,29.7,78836,2979,226,925,221,977,180,4351,8.19,1.74,0.42,0.339,10,options_trading:10|start_small:7,please explain options trading,31.7,625,11
17989379328367065,story,28,2026-07-09,22:22,Thu,22,market close: nifty in one slide,32,0,0,none,1,178495,14133,7.9,18174,0,129,0,42,141,14,171,1.21,0.0,0.3,0.099,0,none,none,0.0,625,11
17961448312288081,carousel,28,2026-07-10,13:10,Fri,13,friday wrap: the week in 5 numbers. 💯,37,1,2,#nifty50 #wealth,9,179108,35085,19.6,52538,2387,161,168,105,626,81,2821,8.04,0.48,0.3,0.231,5,options_trading:9|panic_sell:1,clear as always,31.7,64,17
17924428803488135,carousel,28,2026-07-11,09:40,Sat,9,index funds explained in 6 slides.,34,0,5,#wealth #taxsaving #stockmarketindia #moneytips #financialliteracy,3,179199,38354,21.4,46510,2044,89,750,199,545,106,3082,8.04,1.96,0.52,0.276,13,options_trading:9|start_small:8,finally understood this,31.7,126,12
17991854191292264,story,28,2026-07-11,13:30,Sat,13,link: this week's newsletter,28,0,0,none,1,179199,9475,5.3,10191,0,53,0,28,94,9,81,0.85,0.0,0.3,0.095,0,none,none,0.0,126,12
17912947816812188,story,28,2026-07-11,20:16,Sat,20,link: this week's newsletter,28,0,0,none,1,179199,14200,7.9,17961,0,80,0,42,142,14,122,0.86,0.0,0.3,0.099,0,none,none,0.0,126,12
17960397445733246,story,28,2026-07-11,22:04,Sat,22,question box: ask me anything about SIPs,40,0,0,none,1,179199,9299,5.2,10435,0,20,0,27,92,9,47,0.51,0.0,0.29,0.097,20,none,none,0.0,126,12
17922858515138217,story,28,2026-07-12,10:07,Sun,10,link: this week's newsletter,28,0,0,none,1,179299,9994,5.6,11507,0,45,0,29,99,9,74,0.74,0.0,0.29,0.09,0,none,none,0.0,10,20
17942476980877718,story,28,2026-07-12,22:06,Sun,22,market close: nifty in one slide,32,0,0,none,1,179299,9354,5.2,11863,0,99,0,28,93,9,127,1.36,0.0,0.3,0.096,0,none,none,0.0,10,20
17990387003534822,story,28,2026-07-12,22:38,Sun,22,market close: nifty in one slide,32,0,0,none,1,179299,12482,7.0,15684,0,55,0,37,124,12,92,0.74,0.0,0.3,0.096,0,none,none,0.0,10,20
17939606397639418,reel,28,2026-07-13,09:50,Mon,9,credit card rules that keep you out of debt. 😭,46,1,12,#mutualfunds #wealth #investing #stocks #financialliteracy #nifty50 #stockmarketindia #sip #moneytips #taxsaving #personalfinance #sensex,1,179292,50758,28.3,119421,3393,189,719,315,830,147,4616,9.09,1.42,0.62,0.29,7,start_small:5|term_insurance:4,can a student start with 500 rupees?,35.0,159,19
17925249457980416,story,28,2026-07-13,09:56,Mon,9,link: this week's newsletter,28,0,0,none,1,179292,11453,6.4,12680,0,94,0,34,114,11,128,1.12,0.0,0.3,0.096,0,none,none,0.0,159,19
17949858213832267,story,28,2026-07-13,13:23,Mon,13,link: this week's newsletter,28,0,0,none,1,179292,11529,6.4,13497,0,88,0,34,115,11,122,1.06,0.0,0.29,0.095,0,none,none,0.0,159,19
17977946957999307,story,28,2026-07-13,13:58,Mon,13,question box: ask me anything about SIPs,40,0,0,none,1,179292,9161,5.1,11295,0,72,0,27,91,9,99,1.08,0.0,0.29,0.098,72,none,none,0.0,159,19
17918396122399676,carousel,28,2026-07-14,08:40,Tue,8,what happens when a company does a stock split. 🫶 👀,51,2,3,#sip #wealth #stocks,10,179448,121328,67.6,150133,6565,324,1909,642,2296,521,9440,7.78,1.57,0.53,0.429,12,options_trading:9|start_small:7,clear as always,33.3,694,12
17960269311306256,story,28,2026-07-14,13:00,Tue,13,reminder: tax deadline in 10 days,33,0,0,none,1,179448,11103,6.2,13481,0,104,0,33,111,11,137,1.23,0.0,0.3,0.099,0,none,none,0.0,694,12
17965613886044477,story,28,2026-07-14,13:04,Tue,13,poll: did you invest this month?,32,0,0,none,1,179448,12425,6.9,15928,0,59,0,37,124,12,96,0.77,0.0,0.3,0.097,0,none,none,0.0,694,12
17966354281059451,carousel,28,2026-07-14,13:10,Tue,13,me checking my portfolio 47 times on a red day. 😂 😭,51,2,8,#stocks #nifty50 #taxsaving #moneytips #investing #stockmarketindia #sensex #wealth,8,179969,40373,22.4,64179,2510,190,55,400,606,43,3155,7.81,0.14,0.99,0.107,0,none,clear as always,25.0,694,12
17997033044591169,image,28,2026-07-14,16:10,Tue,16,how compounding works (the boring truth). 💯,43,1,5,#financialliteracy #moneytips #nifty50 #sip #taxsaving,1,180012,31767,17.6,48066,2008,90,639,171,586,119,2908,9.15,2.01,0.54,0.375,2,options_trading:2|start_small:1,please do more basics,26.7,694,12
17908851261855378,reel,28,2026-07-15,13:20,Wed,13,SIP vs lump sum: which actually wins over 10 years.,51,0,8,#investing #wealth #stockmarketindia #financialliteracy #taxsaving #nifty50 #stocks #personalfinance,1,180143,35571,19.7,74326,2427,94,883,205,640,129,3609,10.15,2.48,0.58,0.363,9,options_trading:5|start_small:6,wish i knew this at 22,31.7,134,18
17986907298772067,story,28,2026-07-15,13:45,Wed,13,link: this week's newsletter,28,0,0,none,1,180143,14030,7.8,16387,0,30,0,42,140,14,72,0.51,0.0,0.3,0.1,0,none,none,0.0,134,18
17990181373731424,story,28,2026-07-15,20:58,Wed,20,reminder: tax deadline in 10 days,33,0,0,none,1,180143,9829,5.5,11395,0,112,0,29,98,9,141,1.43,0.0,0.3,0.092,0,none,none,0.0,134,18
17925788171655913,carousel,29,2026-07-16,09:40,Thu,9,sensex in 60 seconds: what moved and why. 😍 💀 😂 🙌,49,4,3,#financialliteracy #personalfinance #sensex,4,180265,34893,19.4,43683,2183,92,135,114,537,69,2524,7.23,0.39,0.33,0.198,7,options_trading:10|panic_sell:1,"market crashing, should i exit?",30.0,200,16
17928501786958114,reel,29,2026-07-16,20:20,Thu,20,emergency fund: how much is actually enough. 🫶,46,1,5,#investing #moneytips #nifty50 #taxsaving #stockmarketindia,1,180334,62796,34.8,135169,3817,164,1117,351,915,134,5449,8.68,1.78,0.56,0.213,13,start_small:11|term_insurance:8,very helpful,25.0,200,16
17986130434952348,story,29,2026-07-16,20:35,Thu,20,question box: ask me anything about SIPs,40,0,0,none,1,180265,13527,7.5,15541,0,53,0,40,135,13,93,0.69,0.0,0.3,0.096,53,none,none,0.0,200,16
17963413664690685,carousel,29,2026-07-17,09:50,Fri,9,index funds explained in 6 slides. 💯,36,1,2,#moneytips #stocks,5,180476,104235,57.8,139253,6790,437,1970,649,1581,307,9846,9.45,1.89,0.62,0.295,17,options_trading:15|start_small:8,finally understood this,30.0,479,20
17901257095159193,story,29,2026-07-17,10:06,Fri,10,market close: nifty in one slide,32,0,0,none,1,180476,12742,7.1,16363,0,86,0,38,127,12,124,0.97,0.0,0.3,0.094,0,none,none,0.0,479,20
17914367490000075,story,29,2026-07-17,10:40,Fri,10,poll: did you invest this month?,32,0,0,none,1,180476,13491,7.5,15499,0,52,0,40,134,13,92,0.68,0.0,0.3,0.096,0,none,none,0.0,479,20
17927783437592752,reel,29,2026-07-17,15:30,Fri,15,SIP vs lump sum: which actually wins over 10 years.,51,0,5,#sip #sensex #wealth #stockmarketindia #investing,1,180783,50865,28.1,116712,2878,152,777,305,730,167,4112,8.08,1.53,0.6,0.328,13,options_trading:6|start_small:10,can a student start with 500 rupees?,33.3,479,20
17942820969241219,story,29,2026-07-18,10:40,Sat,10,quiz: what does P/E stand for?,30,0,0,none,1,180950,9112,5.0,10101,0,107,0,27,91,9,134,1.47,0.0,0.3,0.099,0,none,none,0.0,31,17
17945026638370296,story,29,2026-07-18,10:44,Sat,10,reminder: tax deadline in 10 days,33,0,0,none,1,180950,13130,7.3,14798,0,58,0,39,131,13,97,0.74,0.0,0.3,0.099,0,none,none,0.0,31,17
17967782700727873,story,29,2026-07-18,20:50,Sat,20,link: this week's newsletter,28,0,0,none,1,180950,13633,7.5,15265,0,58,0,40,136,13,98,0.72,0.0,0.29,0.095,0,none,none,0.0,31,17
17936002606832065,story,29,2026-07-18,22:21,Sat,22,quiz: what does P/E stand for?,30,0,0,none,1,180950,13553,7.5,16732,0,30,0,40,135,13,70,0.52,0.0,0.3,0.096,0,none,none,0.0,31,17
17963329824263489,story,29,2026-07-19,10:39,Sun,10,link: this week's newsletter,28,0,0,none,1,180944,10181,5.6,12870,0,36,0,30,101,10,66,0.65,0.0,0.29,0.098,0,none,none,0.0,155,17
17953593088647656,reel,29,2026-07-19,20:30,Sun,20,what is a P/E ratio? explained with a samosa shop. 👀 😍,54,2,12,#mutualfunds #investing #stocks #sensex #nifty50 #moneytips #stockmarketindia #wealth #sip #financialliteracy #taxsaving #personalfinance,1,180944,19041,10.5,49159,1213,52,463,124,307,66,1852,9.73,2.43,0.65,0.347,9,options_trading:12|start_small:3,best finance page,23.1,155,17
17969103571168911,reel,29,2026-07-19,21:40,Sun,21,friday wrap: the week in 5 numbers.,35,0,8,#moneytips #mutualfunds #stockmarketindia #sensex #personalfinance #financialliteracy #investing #sip,1,181010,41457,22.9,102489,2173,112,141,101,797,96,2527,6.1,0.34,0.24,0.232,2,options_trading:5,please explain options trading,28.3,155,17
17946315911451158,reel,29,2026-07-20,13:40,Mon,13,5 money mistakes i made in my first job. ✨ 😭,44,2,12,#nifty50 #sip #investing #mutualfunds #stockmarketindia #moneytips #stocks #wealth #personalfinance #taxsaving #sensex #financialliteracy,1,181112,32280,17.8,86469,1677,69,499,161,464,87,2406,7.45,1.55,0.5,0.27,8,start_small:6|term_insurance:5,best finance page,30.0,195,16
17939162897836970,carousel,29,2026-07-20,20:20,Mon,20,old vs new tax regime: which one for your salary.,49,0,8,#sensex #investing #personalfinance #stockmarketindia #financialliteracy #nifty50 #sip #wealth,8,181199,35647,19.7,49223,2029,141,546,191,648,111,2907,8.15,1.53,0.54,0.311,4,term_insurance:9,thanks for keeping it simple,35.0,195,16
17931408359606663,story,29,2026-07-20,22:02,Mon,22,link: this week's newsletter,28,0,0,none,1,181112,13968,7.7,15869,0,142,0,41,139,13,183,1.31,0.0,0.29,0.093,0,none,none,0.0,195,16
17990213290880609,carousel,29,2026-07-21,15:40,Tue,15,SIP vs lump sum: which actually wins over 10 years. 😍,53,1,2,#financialliteracy #taxsaving,9,181315,73849,40.7,97361,3889,299,1374,380,1380,279,5942,8.05,1.86,0.51,0.378,7,options_trading:13|start_small:2,the samosa example 😂,35.0,392,18
17913747101887306,carousel,29,2026-07-21,16:10,Tue,16,3 stocks that could double this year 🚀 😂 😍,42,2,5,#nifty50 #investing #sip #stocks #sensex,6,181594,49706,27.4,61511,2811,210,91,115,937,51,3227,6.49,0.18,0.23,0.103,10,options_trading:9|trust_callout:19,F&O explainer when?,35.0,392,18
17944995083751405,story,29,2026-07-21,17:09,Tue,17,quiz: what does P/E stand for?,30,0,0,none,1,181315,7998,4.4,9714,0,73,0,23,79,7,96,1.2,0.0,0.29,0.088,0,none,none,0.0,392,18
17944307852988054,carousel,29,2026-07-21,21:50,Tue,21,today's market in 3 charts. 😂,29,1,8,#taxsaving #financialliteracy #stocks #investing #wealth #nifty50 #moneytips #sensex,7,181645,31598,17.4,39610,1768,105,122,99,620,73,2094,6.63,0.39,0.31,0.231,6,options_trading:10,saved!,36.7,392,18
17933256490163444,story,29,2026-07-22,09:57,Wed,9,quiz: what does P/E stand for?,30,0,0,none,1,181724,8674,4.8,10147,0,40,0,26,86,8,66,0.76,0.0,0.3,0.092,0,none,none,0.0,254,62
17942475457083242,story,29,2026-07-22,10:27,Wed,10,link: this week's newsletter,28,0,0,none,1,181724,7347,4.0,9272,0,56,0,22,73,7,78,1.06,0.0,0.3,0.095,0,none,none,0.0,254,62
17911138593079094,reel,29,2026-07-22,13:30,Wed,13,today's market in 3 charts.,27,0,2,#personalfinance #taxsaving,1,181724,28524,15.7,68096,1554,116,78,67,559,68,1815,6.36,0.27,0.23,0.238,2,options_trading:9,why is it always banks,30.0,254,62
17958931410692932,carousel,29,2026-07-22,15:20,Wed,15,what is a P/E ratio? explained with a samosa shop.,50,0,0,none,8,181792,48498,26.7,59096,2652,95,904,219,827,187,3870,7.98,1.86,0.45,0.386,10,options_trading:9|start_small:8,clear as always,31.7,254,62
17994650261688957,carousel,29,2026-07-22,21:30,Wed,21,the sector that's about to explode 🚀 😭,38,1,3,#sip #sensex #nifty50,10,181979,52741,29.0,69252,3429,129,111,117,955,46,3786,7.18,0.21,0.22,0.087,11,options_trading:9|trust_callout:17,F&O explainer when?,35.0,254,62
17917249971553663,carousel,30,2026-07-23,07:40,Thu,7,"HRA, 80D, NPS: what most people miss. 💀",39,1,5,#wealth #nifty50 #taxsaving #financialliteracy #mutualfunds,9,181972,28886,15.9,44085,1914,93,431,197,575,84,2635,9.12,1.49,0.68,0.291,3,term_insurance:5,clear as always,35.0,75,70
17985659527203168,story,30,2026-07-23,09:41,Thu,9,quiz: what does P/E stand for?,30,0,0,none,1,181972,9705,5.3,12347,0,35,0,29,97,9,64,0.66,0.0,0.3,0.093,0,none,none,0.0,75,70
17911827256549496,story,30,2026-07-23,09:52,Thu,9,quiz: what does P/E stand for?,30,0,0,none,1,181972,8157,4.5,9845,0,64,0,24,81,8,88,1.08,0.0,0.29,0.098,0,none,none,0.0,75,70
17939190991244723,story,30,2026-07-23,10:29,Thu,10,question box: ask me anything about SIPs,40,0,0,none,1,181972,9285,5.1,11276,0,38,0,27,92,9,65,0.7,0.0,0.29,0.097,38,none,none,0.0,75,70
17908357560995672,story,30,2026-07-23,20:36,Thu,20,link: this week's newsletter,28,0,0,none,1,181972,8201,4.5,10232,0,31,0,24,82,8,55,0.67,0.0,0.29,0.098,0,none,none,0.0,75,70
17961102999120557,reel,30,2026-07-23,21:10,Thu,21,last-minute tax saving without bad decisions. 👀 😍 ✨ 😂,53,4,3,#sensex #wealth #stockmarketindia,1,182056,12456,6.8,31997,708,43,189,80,184,27,1020,8.19,1.52,0.64,0.217,1,term_insurance:6,clear as always,20.9,75,70
17948586497753027,image,30,2026-07-24,07:10,Fri,7,SIP vs lump sum: which actually wins over 10 years. 🔥 💯 😭 😂,59,4,0,none,1,182038,25271,13.9,35130,1735,63,661,127,443,96,2586,10.23,2.62,0.5,0.38,11,options_trading:10|start_small:4,saved!,28.3,606,21
17945005923859690,carousel,30,2026-07-24,08:00,Fri,8,last-minute tax saving without bad decisions.,45,0,3,#stocks #financialliteracy #mutualfunds,6,182134,38585,21.2,52681,2342,164,736,223,536,102,3465,8.98,1.91,0.58,0.264,1,term_insurance:12,term insurance explainer please,28.3,606,21
17916528694720735,story,30,2026-07-24,09:10,Fri,9,question box: ask me anything about SIPs,40,0,0,none,1,182038,12300,6.8,12994,0,112,0,36,123,12,148,1.2,0.0,0.29,0.098,112,none,none,0.0,606,21
17901675449623544,story,30,2026-07-24,13:49,Fri,13,reminder: tax deadline in 10 days,33,0,0,none,1,182038,8653,4.8,10278,0,19,0,25,86,8,44,0.51,0.0,0.29,0.092,0,none,none,0.0,606,21
17908682533197940,story,30,2026-07-24,13:57,Fri,13,poll: did you invest this month?,32,0,0,none,1,182038,9810,5.4,10531,0,94,0,29,98,9,123,1.25,0.0,0.3,0.092,0,none,none,0.0,606,21
17949190925280353,reel,30,2026-07-24,20:30,Fri,20,what happens when a company does a stock split. 💯,49,1,8,#wealth #taxsaving #sip #personalfinance #stocks #sensex #investing #stockmarketindia,1,182236,125363,68.8,306612,7631,479,2440,645,1799,400,11195,8.93,1.95,0.51,0.319,14,options_trading:12|start_small:6,please do more basics,36.7,606,21
17939969618383831,story,30,2026-07-25,17:24,Sat,17,link: this week's newsletter,28,0,0,none,1,182632,10650,5.8,12988,0,56,0,31,106,10,87,0.82,0.0,0.29,0.094,0,none,none,0.0,120,13
17994086990973484,carousel,30,2026-07-25,18:20,Sat,18,"the 50/30/20 rule, adjusted for indian salaries. 👀 🔥",52,2,5,#wealth #sip #financialliteracy #nifty50 #sensex,10,182632,34904,19.1,48298,2117,90,620,156,673,123,2983,8.55,1.78,0.45,0.352,9,start_small:6|term_insurance:10,thanks for keeping it simple,33.3,120,13
17953842347962045,reel,30,2026-07-26,09:40,Sun,9,what happens when a company does a stock split.,47,0,0,none,1,182752,92159,50.4,235410,6263,437,1706,635,1670,303,9041,9.81,1.85,0.69,0.329,8,options_trading:8|start_small:6,how do i start with ₹500?,36.7,374,12
17986547085977519,story,30,2026-07-26,13:21,Sun,13,market close: nifty in one slide,32,0,0,none,1,182752,12521,6.9,13335,0,29,0,37,125,12,66,0.53,0.0,0.3,0.096,0,none,none,0.0,374,12
17944364024881226,reel,30,2026-07-26,18:40,Sun,18,"market wrap: nifty closed flat, banks dragged, IT held up. 3 things that moved today.",85,0,10,#personalfinance #nifty50 #taxsaving #sensex #sip #moneytips #stocks #stockmarketindia #wealth #investing,1,183055,34028,18.6,80450,2101,147,120,115,612,71,2483,7.3,0.35,0.34,0.209,8,options_trading:8|panic_sell:2,wish i knew this at 22,21.7,374,12
17986784267688597,carousel,30,2026-07-27,12:10,Mon,12,"the 50/30/20 rule, adjusted for indian salaries.",48,0,8,#personalfinance #sensex #stocks #wealth #mutualfunds #sip #nifty50 #investing,8,183139,71955,39.3,109114,3926,277,943,394,1280,212,5540,7.7,1.31,0.55,0.295,6,start_small:6|term_insurance:9,thanks for keeping it simple,25.0,403,17
17995122404601714,story,30,2026-07-27,20:35,Mon,20,poll: did you invest this month?,32,0,0,none,1,183139,14471,7.9,17110,0,38,0,43,144,14,81,0.56,0.0,0.3,0.097,0,none,none,0.0,403,17
17999905270174380,story,30,2026-07-27,20:53,Mon,20,link: this week's newsletter,28,0,0,none,1,183139,10633,5.8,12140,0,110,0,31,106,10,141,1.33,0.0,0.29,0.094,0,none,none,0.0,403,17
17990351587225367,reel,30,2026-07-27,21:40,Mon,21,how to read a company's annual report in 15 minutes. 🙌,54,1,5,#moneytips #stockmarketindia #financialliteracy #nifty50 #personalfinance,1,183351,59569,32.5,156109,3063,243,892,279,840,184,4477,7.52,1.5,0.47,0.309,8,options_trading:7|start_small:6,best finance page,25.0,403,17
17972486651722041,carousel,30,2026-07-28,08:30,Tue,8,today's market in 3 charts.,27,0,10,#nifty50 #mutualfunds #sip #wealth #investing #stockmarketindia #sensex #stocks #taxsaving #moneytips,6,183543,50584,27.6,67874,3406,225,221,169,746,75,4021,7.95,0.44,0.33,0.148,7,options_trading:10|panic_sell:1,best finance page,33.3,225,14
17952202593785861,reel,30,2026-07-28,16:50,Tue,16,5 money mistakes i made in my first job. 💀 ✨,44,2,5,#mutualfunds #taxsaving #sensex #wealth #personalfinance,1,183618,34010,18.5,67506,2261,86,658,208,465,69,3213,9.45,1.93,0.61,0.203,14,start_small:9|term_insurance:11,health vs term insurance?,33.3,225,14
17969485184268669,reel,30,2026-07-28,18:30,Tue,18,sensex in 60 seconds: what moved and why.,41,0,2,#investing #stockmarketindia,1,183687,45890,25.0,119638,2718,188,157,133,761,83,3196,6.96,0.34,0.29,0.181,3,options_trading:4|panic_sell:1,sharing with my dad,28.3,225,14
17932408492628874,story,30,2026-07-28,20:03,Tue,20,question box: ask me anything about SIPs,40,0,0,none,1,183543,12487,6.8,16092,0,103,0,37,124,12,140,1.12,0.0,0.3,0.096,103,none,none,0.0,225,14
17931564011083100,story,30,2026-07-29,10:41,Wed,10,link: this week's newsletter,28,0,0,none,1,183767,12121,6.6,14869,0,125,0,36,121,12,161,1.33,0.0,0.3,0.099,0,none,none,0.0,146,21
17943464259229238,reel,30,2026-07-29,15:20,Wed,15,buy high sell low: my strategy. 🫶 💯 👀 ✨,39,4,10,#taxsaving #sip #investing #stockmarketindia #mutualfunds #moneytips #nifty50 #stocks #sensex #wealth,1,183767,28652,15.6,66722,1818,78,36,308,405,31,2240,7.82,0.13,1.07,0.108,0,none,saved!,30.0,146,21
17900038684806498,story,30,2026-07-29,17:02,Wed,17,market close: nifty in one slide,32,0,0,none,1,183767,7788,4.2,8320,0,48,0,23,77,7,71,0.91,0.0,0.3,0.09,0,none,none,0.0,146,21
17962178017911585,story,30,2026-07-29,17:07,Wed,17,market close: nifty in one slide,32,0,0,none,1,183767,14294,7.8,17337,0,69,0,42,142,14,111,0.78,0.0,0.29,0.098,0,none,none,0.0,146,21
17985873497826599,carousel,30,2026-07-29,18:00,Wed,18,emergency fund: how much is actually enough. 🫶 💯 😍 😭,52,4,10,#nifty50 #financialliteracy #taxsaving #stockmarketindia #sensex #mutualfunds #investing #personalfinance #wealth #stocks,4,183798,40126,21.8,55474,2715,176,632,267,625,89,3790,9.45,1.58,0.67,0.222,11,start_small:9|term_insurance:5,can a student start with 500 rupees?,20.0,146,21
17974386869228311,story,30,2026-07-29,20:49,Wed,20,quiz: what does P/E stand for?,30,0,0,none,1,183767,14009,7.6,16616,0,29,0,42,140,14,71,0.51,0.0,0.3,0.1,0,none,none,0.0,146,21
17993545541378266,reel,31,2026-07-30,09:30,Thu,9,when your friend asks for stock tips at a wedding. 💀,52,1,0,none,1,183874,58073,31.6,146226,3222,218,61,383,1057,89,3884,6.69,0.11,0.66,0.153,0,none,thanks for keeping it simple,36.7,211,17
17924958465906967,story,31,2026-07-30,10:28,Thu,10,reminder: tax deadline in 10 days,33,0,0,none,1,183874,9185,5.0,10468,0,98,0,27,91,9,125,1.36,0.0,0.29,0.098,0,none,none,0.0,211,17
17953740877505819,story,31,2026-07-30,10:47,Thu,10,reminder: tax deadline in 10 days,33,0,0,none,1,183874,9766,5.3,10609,0,54,0,29,97,9,83,0.85,0.0,0.3,0.092,0,none,none,0.0,211,17
17986180099004354,story,31,2026-07-30,13:31,Thu,13,question box: ask me anything about SIPs,40,0,0,none,1,183874,12793,7.0,15672,0,56,0,38,127,12,94,0.73,0.0,0.3,0.094,56,none,none,0.0,211,17
17912113581110401,story,31,2026-07-30,13:47,Thu,13,quiz: what does P/E stand for?,30,0,0,none,1,183874,9900,5.4,11160,0,84,0,29,99,9,113,1.14,0.0,0.29,0.091,0,none,none,0.0,211,17
17910678804016725,carousel,31,2026-07-30,15:30,Thu,15,old vs new tax regime: which one for your salary. 🫶 😂,53,2,12,#mutualfunds #investing #moneytips #taxsaving #stocks #sip #personalfinance #sensex #stockmarketindia #nifty50 #wealth #financialliteracy,5,183963,14981,8.1,21674,881,69,233,85,235,40,1268,8.46,1.56,0.57,0.267,2,term_insurance:7,health vs term insurance?,30.0,211,17
17945311835565794,story,31,2026-07-30,17:04,Thu,17,question box: ask me anything about SIPs,40,0,0,none,1,183874,11534,6.3,13111,0,113,0,34,115,11,147,1.27,0.0,0.29,0.095,113,none,none,0.0,211,17
17949894912482302,carousel,31,2026-07-30,21:50,Thu,21,last-minute tax saving without bad decisions. 💀,47,1,10,#nifty50 #financialliteracy #mutualfunds #investing #wealth #stocks #sip #sensex #personalfinance #stockmarketindia,6,184003,14363,7.8,20313,736,56,226,63,234,38,1081,7.53,1.57,0.44,0.265,1,term_insurance:8,health vs term insurance?,25.0,211,17
17923061725956715,story,31,2026-07-30,22:25,Thu,22,quiz: what does P/E stand for?,30,0,0,none,1,183874,11674,6.3,13278,0,106,0,35,116,11,141,1.21,0.0,0.3,0.094,0,none,none,0.0,211,17
17930622569580734,story,31,2026-07-31,10:54,Fri,10,market close: nifty in one slide,32,0,0,none,1,184044,10090,5.5,11909,0,49,0,30,100,10,79,0.78,0.0,0.3,0.099,0,none,none,0.0,311,19
17909218424563095,reel,31,2026-07-31,16:30,Fri,16,what happens when a company does a stock split. 💯 💀,51,2,2,#sensex #wealth,1,184044,45870,24.9,109956,2351,195,805,213,926,186,3564,7.77,1.75,0.46,0.405,9,options_trading:3|start_small:8,very helpful,25.0,311,19
17987894760305113,story,31,2026-07-31,20:28,Fri,20,quiz: what does P/E stand for?,30,0,0,none,1,184044,8949,4.9,11419,0,87,0,26,89,8,113,1.26,0.0,0.29,0.089,0,none,none,0.0,311,19
17911509023271327,reel,31,2026-07-31,20:30,Fri,20,5 money mistakes i made in my first job. 😍 😂 🙌 😭,48,4,10,#investing #sensex #personalfinance #stocks #sip #financialliteracy #wealth #nifty50 #moneytips #stockmarketindia,1,184230,53638,29.1,136923,3501,172,1080,259,854,126,5012,9.34,2.01,0.48,0.235,6,start_small:4|term_insurance:5,wish i knew this at 22,25.0,311,19
17959031288780559,reel,31,2026-08-01,18:40,Sat,18,emergency fund: how much is actually enough. 😂 😭 🔥 🫶,52,4,2,#financialliteracy #mutualfunds,1,184361,31299,17.0,87550,1952,129,536,186,558,98,2803,8.96,1.71,0.59,0.313,7,start_small:3|term_insurance:8,saved!,31.7,85,13
17927820048943202,reel,31,2026-08-02,08:10,Sun,8,5 money mistakes i made in my first job.,40,0,8,#sip #stockmarketindia #sensex #moneytips #wealth #nifty50 #mutualfunds #financialliteracy,1,184453,43216,23.4,109596,2295,96,627,170,874,137,3188,7.38,1.45,0.39,0.317,10,start_small:7|term_insurance:5,saved!,21.7,162,19
17983613877821412,carousel,31,2026-08-02,09:30,Sun,9,when your friend asks for stock tips at a wedding. 🔥 💯 😂 😭,58,4,0,none,6,184590,26512,14.4,41366,1693,117,34,207,455,36,2051,7.74,0.13,0.78,0.136,0,none,very helpful,33.3,162,19
17925084859820592,story,31,2026-08-02,09:34,Sun,9,poll: did you invest this month?,32,0,0,none,1,184453,8173,4.4,8613,0,43,0,24,81,8,67,0.82,0.0,0.29,0.098,0,none,none,0.0,162,19
17987345276301349,story,31,2026-08-03,10:48,Mon,10,market close: nifty in one slide,32,0,0,none,1,184621,12933,7.0,16482,0,107,0,38,129,12,145,1.12,0.0,0.29,0.093,0,none,none,0.0,117,12
17952891342647114,story,31,2026-08-03,13:19,Mon,13,market close: nifty in one slide,32,0,0,none,1,184621,14244,7.7,16012,0,156,0,42,142,14,198,1.39,0.0,0.29,0.098,0,none,none,0.0,117,12
17971508791382344,story,31,2026-08-03,13:37,Mon,13,link: this week's newsletter,28,0,0,none,1,184621,11682,6.3,14914,0,34,0,35,116,11,69,0.59,0.0,0.3,0.094,0,none,none,0.0,117,12
17949539302937941,image,31,2026-08-03,18:50,Mon,18,"'Novaleaf Foods' IPO breakdown: revenue, debt, red flags. 🫶",59,1,10,#sensex #wealth #mutualfunds #investing #stockmarketindia #personalfinance #taxsaving #sip #stocks #financialliteracy,1,184621,17811,9.6,25039,1159,70,145,88,253,35,1462,8.21,0.81,0.49,0.197,0,none,wish i knew this at 22,40.0,117,12
17943810378223498,carousel,31,2026-08-03,21:20,Mon,21,"HRA, 80D, NPS: what most people miss.",37,0,8,#stockmarketindia #personalfinance #taxsaving #sip #mutualfunds #investing #wealth #moneytips,7,184656,19128,10.4,29950,1220,44,360,129,302,46,1753,9.16,1.88,0.67,0.24,3,term_insurance:5,saved!,27.3,117,12
17934544525845374,story,31,2026-08-03,22:29,Mon,22,reminder: tax deadline in 10 days,33,0,0,none,1,184621,11042,6.0,14153,0,127,0,33,110,11,160,1.45,0.0,0.3,0.1,0,none,none,0.0,117,12
17954415626306915,story,31,2026-08-04,10:15,Tue,10,reminder: tax deadline in 10 days,33,0,0,none,1,184700,11587,6.3,14097,0,74,0,34,115,11,108,0.93,0.0,0.29,0.095,0,none,none,0.0,106,12
17910507677389440,carousel,31,2026-08-04,12:00,Tue,12,5 money mistakes i made in my first job.,40,0,2,#investing #mutualfunds,9,184700,35564,19.3,46514,2053,108,505,152,617,107,2818,7.92,1.42,0.43,0.301,7,start_small:7|term_insurance:4,best finance page,30.0,106,12
17913604364135418,carousel,31,2026-08-05,07:10,Wed,7,how to read a company's annual report in 15 minutes. 🫶 🙌 ✨ 👀 💯 😭,64,6,0,none,9,184815,68116,36.9,102915,4510,217,1382,331,1217,225,6440,9.45,2.03,0.49,0.33,10,options_trading:8|start_small:6,F&O explainer when?,23.3,307,19
17970428399276591,story,31,2026-08-05,10:31,Wed,10,poll: did you invest this month?,32,0,0,none,1,184815,13001,7.0,13877,0,104,0,39,130,13,143,1.1,0.0,0.3,0.1,0,none,none,0.0,307,19
17907558124731221,carousel,31,2026-08-05,20:10,Wed,20,last-minute tax saving without bad decisions. 💀 🙌 🫶 🔥 💯 😍,57,6,12,#nifty50 #financialliteracy #personalfinance #investing #sensex #taxsaving #stockmarketindia #wealth #moneytips #sip #mutualfunds #stocks,4,185040,20675,11.2,32019,1275,69,299,105,396,75,1748,8.45,1.45,0.51,0.363,5,term_insurance:10,thanks for keeping it simple,33.3,307,19
17939237484798743,story,31,2026-08-05,22:31,Wed,22,link: this week's newsletter,28,0,0,none,1,184815,13443,7.3,17117,0,95,0,40,134,13,135,1.0,0.0,0.3,0.097,0,none,none,0.0,307,19
17986088925674701,carousel,32,2026-08-06,08:40,Thu,8,how to build a budget you'll actually follow.,45,0,2,#wealth #investing,4,185112,109708,59.3,142942,5846,250,1430,483,1972,297,8009,7.3,1.3,0.44,0.271,8,start_small:8|term_insurance:5,thanks for keeping it simple,31.7,529,15
17932427514277487,reel,32,2026-08-06,09:50,Thu,9,old vs new tax regime: which one for your salary. 😍 🙌 🔥 💯 😂 👀,61,6,12,#stockmarketindia #taxsaving #sensex #nifty50 #moneytips #wealth #investing #stocks #mutualfunds #financialliteracy #personalfinance #sip,1,185409,14484,7.8,37934,878,65,217,85,266,50,1245,8.6,1.5,0.59,0.345,2,term_insurance:4,wish i knew this at 22,30.0,529,15
17979376724025272,carousel,32,2026-08-06,12:50,Thu,12,index funds explained in 6 slides.,34,0,3,#investing #wealth #moneytips,8,185459,59107,31.9,77185,3297,253,899,321,947,197,4770,8.07,1.52,0.54,0.333,13,options_trading:10|start_small:11,wish i knew this at 22,21.7,529,15
17949679815446609,carousel,32,2026-08-07,07:40,Fri,7,old vs new tax regime: which one for your salary. 🙌 🫶 😂 ✨,57,4,12,#stocks #personalfinance #financialliteracy #investing #nifty50 #sensex #wealth #stockmarketindia #mutualfunds #taxsaving #sip #moneytips,4,185666,19785,10.7,24314,1321,59,401,104,373,62,1885,9.53,2.03,0.53,0.313,2,term_insurance:6,saved!,30.5,75,19
17994454173403659,reel,32,2026-08-07,13:00,Fri,13,"HRA, 80D, NPS: what most people miss. 🔥 ✨ 👀 💯",45,4,0,none,1,185728,12606,6.8,25235,657,37,181,67,199,32,942,7.47,1.44,0.53,0.254,0,term_insurance:4,best finance page,16.2,75,19
17960305773638622,reel,32,2026-08-08,20:20,Sat,20,emergency fund: how much is actually enough.,44,0,10,#moneytips #taxsaving #nifty50 #personalfinance #mutualfunds #stockmarketindia #stocks #sensex #sip #financialliteracy,1,185749,47200,25.4,101600,3251,265,768,292,758,118,4576,9.69,1.63,0.62,0.25,15,start_small:11|term_insurance:6,best finance page,35.0,133,20
17912476338412458,story,32,2026-08-08,20:42,Sat,20,quiz: what does P/E stand for?,30,0,0,none,1,185749,12847,6.9,13603,0,77,0,38,128,12,115,0.9,0.0,0.3,0.093,0,none,none,0.0,133,20
17974574552804004,story,32,2026-08-08,22:29,Sat,22,poll: did you invest this month?,32,0,0,none,1,185749,10075,5.4,12365,0,104,0,30,100,10,134,1.33,0.0,0.3,0.099,0,none,none,0.0,133,20
17938348516278793,story,32,2026-08-08,22:45,Sat,22,link: this week's newsletter,28,0,0,none,1,185749,13402,7.2,16208,0,82,0,40,134,13,122,0.91,0.0,0.3,0.097,0,none,none,0.0,133,20
17920193444564312,story,32,2026-08-09,10:46,Sun,10,link: this week's newsletter,28,0,0,none,1,185870,10333,5.6,11062,0,31,0,30,103,10,61,0.59,0.0,0.29,0.097,0,none,none,0.0,87,14
17953233650837395,reel,32,2026-08-09,16:00,Sun,16,IPO basics: grey market premium is not a guarantee.,51,0,8,#taxsaving #wealth #investing #personalfinance #sensex #financialliteracy #stocks #mutualfunds,1,185870,37093,20.0,96918,2107,76,296,150,637,91,2629,7.09,0.8,0.4,0.245,0,none,very helpful,28.3,87,14
17952622607156944,carousel,32,2026-08-10,07:40,Mon,7,SIP vs lump sum: which actually wins over 10 years. 💀 😭 ✨ 😂 🔥 👀,63,6,3,#wealth #sip #taxsaving,8,185960,61593,33.1,80931,3817,173,1063,381,1093,219,5434,8.82,1.73,0.62,0.356,3,options_trading:7|start_small:2,very helpful,33.3,343,20
17994758760363111,reel,32,2026-08-10,09:30,Mon,9,today's market in 3 charts. 😭 ✨ 😍 🔥 💀 😂,39,6,3,#nifty50 #financialliteracy #stockmarketindia,1,186179,26121,14.0,69445,1642,120,104,79,405,50,1945,7.45,0.4,0.3,0.191,3,options_trading:6|panic_sell:1,daily habit,21.7,343,20
17982043991848027,carousel,32,2026-08-10,16:00,Mon,16,80C in one slide: every option ranked. 😍,40,1,8,#financialliteracy #taxsaving #mutualfunds #stockmarketindia #stocks #sip #moneytips #investing,5,186229,22581,12.1,34446,1296,90,309,112,338,60,1807,8.0,1.37,0.5,0.266,2,term_insurance:7,saved!,21.7,343,20
17943376430556609,story,32,2026-08-10,17:15,Mon,17,question box: ask me anything about SIPs,40,0,0,none,1,185960,13131,7.1,15490,0,26,0,39,131,13,65,0.5,0.0,0.3,0.099,26,none,none,0.0,343,20
17964442767626008,story,32,2026-08-10,17:46,Mon,17,quiz: what does P/E stand for?,30,0,0,none,1,185960,12606,6.8,16216,0,113,0,37,126,12,150,1.19,0.0,0.29,0.095,0,none,none,0.0,343,20
17979054181414310,story,32,2026-08-10,22:09,Mon,22,question box: ask me anything about SIPs,40,0,0,none,1,185960,9995,5.4,11846,0,74,0,29,99,9,103,1.03,0.0,0.29,0.09,74,none,none,0.0,343,20
17943208772962484,carousel,32,2026-08-11,13:30,Tue,13,sensex in 60 seconds: what moved and why. 😭,43,1,0,none,9,186281,41745,22.4,55201,2820,215,179,119,594,78,3333,7.98,0.43,0.29,0.187,6,options_trading:11,sharing with my dad,25.0,165,12
17953506088073012,carousel,32,2026-08-11,18:00,Tue,18,stocks to watch this week 🔥 🫶 🙌 😭 😍,35,4,5,#sensex #financialliteracy #investing #stockmarketindia #taxsaving,10,186359,42747,22.9,55002,2553,160,65,101,680,37,2879,6.73,0.15,0.24,0.087,16,options_trading:9|trust_callout:19,clear as always,35.0,165,12
17922372749794153,carousel,32,2026-08-11,21:50,Tue,21,last-minute tax saving without bad decisions. 🫶 🔥,49,2,10,#personalfinance #sensex #investing #nifty50 #moneytips #financialliteracy #sip #taxsaving #stockmarketindia #stocks,7,186396,23967,12.9,32211,1223,82,277,114,423,62,1696,7.08,1.16,0.48,0.259,1,term_insurance:5,wish i knew this at 22,30.0,165,12
17937762344122659,reel,32,2026-08-12,07:20,Wed,7,3 stocks that could double this year 🚀 🫶 💯 👀 🙌 😍 ✨,50,6,5,#wealth #stocks #mutualfunds #sip #personalfinance,1,186452,45953,24.6,97173,2944,182,72,119,695,33,3317,7.22,0.16,0.26,0.072,9,options_trading:9|trust_callout:14,saved!,38.3,221,78
17966577132921939,story,32,2026-08-12,09:23,Wed,9,link: this week's newsletter,28,0,0,none,1,186452,12629,6.8,14814,0,92,0,37,126,12,129,1.02,0.0,0.29,0.095,0,none,none,0.0,221,78
17962952223180216,story,32,2026-08-12,09:37,Wed,9,market close: nifty in one slide,32,0,0,none,1,186452,10254,5.5,12523,0,25,0,30,102,10,55,0.54,0.0,0.29,0.098,0,none,none,0.0,221,78
17960100595520060,story,32,2026-08-12,10:58,Wed,10,market close: nifty in one slide,32,0,0,none,1,186452,12878,6.9,14223,0,41,0,38,128,12,79,0.61,0.0,0.3,0.093,0,none,none,0.0,221,78
17958150563341659,carousel,32,2026-08-12,12:30,Wed,12,IPO basics: grey market premium is not a guarantee.,51,0,0,none,4,186485,51268,27.5,70619,3092,133,391,223,759,86,3839,7.49,0.76,0.43,0.168,0,none,thanks for keeping it simple,23.3,221,78
17986261423738801,reel,32,2026-08-12,15:00,Wed,15,"the 50/30/20 rule, adjusted for indian salaries. 👀 😂 ✨ 💯 🫶 🔥",60,6,5,#investing #sensex #taxsaving #personalfinance #sip,1,186571,46442,24.9,91694,2428,123,709,211,786,137,3471,7.47,1.53,0.45,0.295,13,start_small:12|term_insurance:7,how much term insurance do i need,46.7,221,78
17976799056079202,story,32,2026-08-12,17:39,Wed,17,poll: did you invest this month?,32,0,0,none,1,186452,9950,5.3,11703,0,95,0,29,99,9,124,1.25,0.0,0.29,0.09,0,none,none,0.0,221,78
17917923458659541,story,33,2026-08-13,09:25,Thu,9,reminder: tax deadline in 10 days,33,0,0,none,1,186635,10800,5.8,11677,0,102,0,32,108,10,134,1.24,0.0,0.3,0.093,0,none,none,0.0,317,64
17997441166529922,reel,33,2026-08-13,12:00,Thu,12,index funds explained in 6 slides. ✨,36,1,3,#sensex #mutualfunds #sip,1,186635,71911,38.5,141244,4050,146,1121,384,1041,218,5701,7.93,1.56,0.53,0.303,10,options_trading:10|start_small:5,saved!,25.0,317,64
17909462861263169,reel,33,2026-08-13,16:50,Thu,16,"'Novaleaf Foods' IPO breakdown: revenue, debt, red flags.",57,0,12,#mutualfunds #moneytips #investing #financialliteracy #nifty50 #wealth #sensex #personalfinance #stockmarketindia #stocks #taxsaving #sip,1,186853,50981,27.3,95927,2712,223,342,212,990,131,3489,6.84,0.67,0.42,0.257,0,none,very helpful,36.7,317,64
17917224625427535,story,33,2026-08-13,17:35,Thu,17,question box: ask me anything about SIPs,40,0,0,none,1,186635,11123,6.0,12262,0,55,0,33,111,11,88,0.79,0.0,0.3,0.099,55,none,none,0.0,317,64
17966165887083021,story,33,2026-08-13,20:34,Thu,20,market close: nifty in one slide,32,0,0,none,1,186635,11581,6.2,14245,0,124,0,34,115,11,158,1.36,0.0,0.29,0.095,0,none,none,0.0,317,64
17940260959385757,reel,33,2026-08-14,08:50,Fri,8,"market wrap: nifty closed flat, banks dragged, IT held up. 3 things that moved today. 🫶 😭",89,2,0,none,1,186934,39589,21.2,103817,2311,112,143,127,651,82,2693,6.8,0.36,0.32,0.207,3,options_trading:12,very helpful,33.3,126,19
17977572667644598,story,33,2026-08-14,09:30,Fri,9,market close: nifty in one slide,32,0,0,none,1,186934,13156,7.0,15658,0,113,0,39,131,13,152,1.16,0.0,0.3,0.099,0,none,none,0.0,126,19
17929149338119314,story,33,2026-08-14,10:09,Fri,10,market close: nifty in one slide,32,0,0,none,1,186934,12375,6.6,15008,0,145,0,37,123,12,182,1.47,0.0,0.3,0.097,0,none,none,0.0,126,19
17992708590038139,story,33,2026-08-14,20:09,Fri,20,link: this week's newsletter,28,0,0,none,1,186934,12733,6.8,15501,0,26,0,38,127,12,64,0.5,0.0,0.3,0.094,0,none,none,0.0,126,19
17930963362308363,story,33,2026-08-14,20:19,Fri,20,market close: nifty in one slide,32,0,0,none,1,186934,7684,4.1,8090,0,81,0,23,76,7,104,1.35,0.0,0.3,0.091,0,none,none,0.0,126,19
17971692119181456,story,33,2026-08-14,20:45,Fri,20,question box: ask me anything about SIPs,40,0,0,none,1,186934,10740,5.7,12009,0,103,0,32,107,10,135,1.26,0.0,0.3,0.093,103,none,none,0.0,126,19
17977456060773189,story,33,2026-08-14,22:02,Fri,22,question box: ask me anything about SIPs,40,0,0,none,1,186934,9983,5.3,12164,0,94,0,29,99,9,123,1.23,0.0,0.29,0.09,94,none,none,0.0,126,19
17974536133206512,story,33,2026-08-15,09:05,Sat,9,market close: nifty in one slide,32,0,0,none,1,187025,12312,6.6,13687,0,88,0,36,123,12,124,1.01,0.0,0.29,0.097,0,none,none,0.0,-2,21
17956441441183784,story,33,2026-08-15,13:16,Sat,13,market close: nifty in one slide,32,0,0,none,1,187025,7533,4.0,8716,0,19,0,22,75,7,41,0.54,0.0,0.29,0.093,0,none,none,0.0,-2,21
17954148501945705,reel,33,2026-08-16,07:20,Sun,7,3 stocks that could double this year 🚀 🔥,40,1,10,#financialliteracy #wealth #taxsaving #moneytips #nifty50 #stockmarketindia #sensex #sip #stocks #investing,1,187027,52833,28.2,137367,3095,187,84,130,909,52,3496,6.62,0.16,0.25,0.098,11,options_trading:7|trust_callout:16,saved!,25.0,57,17
17931242106037142,story,33,2026-08-16,13:50,Sun,13,poll: did you invest this month?,32,0,0,none,1,187027,8027,4.3,9471,0,65,0,24,80,8,89,1.11,0.0,0.3,0.1,0,none,none,0.0,57,17
17968113143733217,story,33,2026-08-16,17:56,Sun,17,poll: did you invest this month?,32,0,0,none,1,187027,14069,7.5,15451,0,108,0,42,140,14,150,1.07,0.0,0.3,0.1,0,none,none,0.0,57,17
17931656738991520,carousel,33,2026-08-17,07:50,Mon,7,how compounding works (the boring truth). ✨ 🙌,45,2,10,#nifty50 #stocks #sensex #wealth #moneytips #investing #personalfinance #financialliteracy #stockmarketindia #sip,9,187091,38144,20.4,46354,2086,159,691,202,767,159,3138,8.23,1.81,0.53,0.417,12,options_trading:11|start_small:5,clear as always,36.7,341,102
17945116862701003,carousel,33,2026-08-17,09:10,Mon,9,"market wrap: nifty closed flat, banks dragged, IT held up. 3 things that moved today. 🙌",87,1,5,#personalfinance #sensex #stockmarketindia #wealth #financialliteracy,7,187250,46753,25.0,60830,2710,185,131,151,923,96,3177,6.8,0.28,0.32,0.205,5,options_trading:13,can you do an options series,33.3,341,102
17952413783059582,reel,33,2026-08-17,13:00,Mon,13,credit card rules that keep you out of debt.,44,0,12,#personalfinance #mutualfunds #taxsaving #financialliteracy #sip #stockmarketindia #investing #wealth #nifty50 #moneytips #stocks #sensex,1,187346,66486,35.5,171058,4059,324,1242,288,951,175,5913,8.89,1.87,0.43,0.263,7,start_small:5|term_insurance:8,best finance page,31.7,341,102
17936690876331951,story,33,2026-08-17,13:11,Mon,13,reminder: tax deadline in 10 days,33,0,0,none,1,187091,13129,7.0,14783,0,46,0,39,131,13,85,0.65,0.0,0.3,0.099,0,none,none,0.0,341,102
17999275789690810,carousel,33,2026-08-18,07:20,Tue,7,stocks to watch this week 🔥,27,0,12,#stockmarketindia #stocks #moneytips #mutualfunds #investing #sensex #wealth #personalfinance #sip #taxsaving #financialliteracy #nifty50,6,187429,78932,42.1,104706,4200,199,107,147,1184,55,4653,5.89,0.14,0.19,0.07,9,options_trading:12|trust_callout:8,sharing with my dad,31.7,310,14
17940665267854937,story,33,2026-08-18,09:30,Tue,9,poll: did you invest this month?,32,0,0,none,1,187429,8978,4.8,10067,0,45,0,26,89,8,71,0.79,0.0,0.29,0.089,0,none,none,0.0,310,14
17954788906019532,reel,33,2026-08-18,09:50,Tue,9,me checking my portfolio 47 times on a red day.,47,0,10,#mutualfunds #financialliteracy #taxsaving #wealth #sip #nifty50 #stocks #moneytips #investing #stockmarketindia,1,187484,45660,24.4,124912,3118,145,74,471,800,69,3808,8.34,0.16,1.03,0.151,0,none,wish i knew this at 22,35.0,310,14
17979806710721796,story,33,2026-08-18,13:33,Tue,13,link: this week's newsletter,28,0,0,none,1,187429,10732,5.7,11539,0,70,0,32,107,10,102,0.95,0.0,0.3,0.093,0,none,none,0.0,310,14
17909910190424576,reel,33,2026-08-18,18:10,Tue,18,how to read a company's annual report in 15 minutes. 🙌 💀 ✨ 😂 💯 🫶,64,6,2,#moneytips #investing,1,187553,44848,23.9,90282,2428,140,777,207,795,174,3552,7.92,1.73,0.46,0.388,12,options_trading:6|start_small:9,very helpful,30.0,310,14
17930394499049725,story,33,2026-08-18,20:17,Tue,20,market close: nifty in one slide,32,0,0,none,1,187429,8900,4.7,11296,0,66,0,26,89,8,92,1.03,0.0,0.29,0.09,0,none,none,0.0,310,14
17907238980452927,story,33,2026-08-19,10:20,Wed,10,reminder: tax deadline in 10 days,33,0,0,none,1,187728,13185,7.0,16990,0,84,0,39,131,13,123,0.93,0.0,0.3,0.099,0,none,none,0.0,97,86
17997155592698235,reel,33,2026-08-19,18:20,Wed,18,emergency fund: how much is actually enough. 🙌,46,1,5,#stockmarketindia #investing #sip #taxsaving #mutualfunds,1,187728,64400,34.3,146057,4301,173,984,357,1083,160,5815,9.03,1.53,0.55,0.248,11,start_small:11|term_insurance:5,can a student start with 500 rupees?,35.0,97,86
17948639878905601,story,33,2026-08-19,20:04,Wed,20,market close: nifty in one slide,32,0,0,none,1,187728,10445,5.6,11422,0,49,0,31,104,10,80,0.77,0.0,0.3,0.096,0,none,none,0.0,97,86
17923302162932830,story,34,2026-08-20,09:15,Thu,9,question box: ask me anything about SIPs,40,0,0,none,1,187831,8114,4.3,8673,0,20,0,24,81,8,44,0.54,0.0,0.3,0.099,20,none,none,0.0,191,12
17937833219831670,story,34,2026-08-20,10:32,Thu,10,reminder: tax deadline in 10 days,33,0,0,none,1,187831,10139,5.4,10649,0,117,0,30,101,10,147,1.45,0.0,0.3,0.099,0,none,none,0.0,191,12
17917115186801968,carousel,34,2026-08-20,15:20,Thu,15,today's market in 3 charts.,27,0,8,#taxsaving #financialliteracy #personalfinance #mutualfunds #investing #sensex #sip #stocks,10,187831,30494,16.2,38760,1799,90,101,102,420,53,2092,6.86,0.33,0.33,0.174,4,options_trading:5|panic_sell:1,wish i knew this at 22,25.0,191,12
17997571863307607,carousel,34,2026-08-20,18:30,Thu,18,credit card rules that keep you out of debt. 🔥 😭 💯 😂,52,4,0,none,6,187884,34894,18.6,45617,1961,141,515,134,686,132,2751,7.88,1.48,0.38,0.378,13,start_small:11|term_insurance:6,clear as always,23.3,191,12
17977498351104572,reel,34,2026-08-21,08:10,Fri,8,the 'Zentrix Logistics' IPO: what the prospectus actually says.,63,0,3,#sensex #sip #investing,1,188026,66319,35.3,140891,3885,200,617,305,1227,151,5007,7.55,0.93,0.46,0.228,0,none,very helpful,33.3,338,14
17987016290941360,carousel,34,2026-08-21,09:00,Fri,9,80C in one slide: every option ranked. 😂 💀,42,2,8,#nifty50 #financialliteracy #stockmarketindia #sensex #sip #moneytips #wealth #taxsaving,8,188177,25870,13.7,39073,1612,74,497,134,493,94,2317,8.96,1.92,0.52,0.363,3,term_insurance:7,saved!,36.7,338,14
17996098255044987,carousel,34,2026-08-21,12:00,Fri,12,today's market in 3 charts. 🔥,29,1,8,#moneytips #wealth #stocks #mutualfunds #stockmarketindia #personalfinance #investing #sip,3,188271,38661,20.5,57177,2152,155,121,96,698,85,2524,6.53,0.31,0.25,0.22,5,options_trading:9,thanks for the update,35.0,338,14
17935763495603361,story,34,2026-08-21,13:26,Fri,13,market close: nifty in one slide,32,0,0,none,1,188026,13626,7.2,17389,0,126,0,40,136,13,166,1.22,0.0,0.29,0.095,0,none,none,0.0,338,14
17948917666947895,story,34,2026-08-21,22:23,Fri,22,poll: did you invest this month?,32,0,0,none,1,188026,9781,5.2,10823,0,27,0,29,97,9,56,0.57,0.0,0.3,0.092,0,none,none,0.0,338,14
17966206401905252,story,34,2026-08-22,09:42,Sat,9,market close: nifty in one slide,32,0,0,none,1,188363,8808,4.7,9295,0,46,0,26,88,8,72,0.82,0.0,0.3,0.091,0,none,none,0.0,15,21
17974889086885043,story,34,2026-08-22,10:03,Sat,10,link: this week's newsletter,28,0,0,none,1,188363,10196,5.4,13043,0,51,0,30,101,10,81,0.79,0.0,0.29,0.098,0,none,none,0.0,15,21
17993146619808432,story,34,2026-08-22,10:48,Sat,10,question box: ask me anything about SIPs,40,0,0,none,1,188363,8949,4.8,10535,0,29,0,26,89,8,55,0.61,0.0,0.29,0.089,29,none,none,0.0,15,21
17986265362679202,story,34,2026-08-22,20:21,Sat,20,quiz: what does P/E stand for?,30,0,0,none,1,188363,10162,5.4,12440,0,59,0,30,101,10,89,0.88,0.0,0.3,0.098,0,none,none,0.0,15,21
17945807407510983,story,34,2026-08-23,09:31,Sun,9,poll: did you invest this month?,32,0,0,none,1,188366,13043,6.9,16813,0,67,0,39,130,13,106,0.81,0.0,0.3,0.1,0,none,none,0.0,8,14
17941129379183853,story,34,2026-08-23,20:52,Sun,20,market close: nifty in one slide,32,0,0,none,1,188366,9075,4.8,10033,0,65,0,27,90,9,92,1.01,0.0,0.3,0.099,0,none,none,0.0,8,14
17990769535550657,story,34,2026-08-24,10:54,Mon,10,market close: nifty in one slide,32,0,0,none,1,188367,14646,7.8,17224,0,74,0,43,146,14,117,0.8,0.0,0.29,0.096,0,none,none,0.0,160,17
17914578996043222,story,34,2026-08-24,13:19,Mon,13,reminder: tax deadline in 10 days,33,0,0,none,1,188367,7615,4.0,9399,0,69,0,22,76,7,91,1.2,0.0,0.29,0.092,0,none,none,0.0,160,17
17929971868968719,reel,34,2026-08-24,16:10,Mon,16,"the 50/30/20 rule, adjusted for indian salaries.",48,0,2,#financialliteracy #wealth,1,188367,60443,32.1,143925,3904,195,1043,278,835,138,5420,8.97,1.73,0.46,0.228,12,start_small:11|term_insurance:5,very helpful,28.3,160,17
17963213966011534,story,34,2026-08-24,20:04,Mon,20,market close: nifty in one slide,32,0,0,none,1,188367,9763,5.2,12102,0,34,0,29,97,9,63,0.65,0.0,0.3,0.092,0,none,none,0.0,160,17
17910539381550859,story,34,2026-08-24,20:13,Mon,20,question box: ask me anything about SIPs,40,0,0,none,1,188367,9860,5.2,10807,0,99,0,29,98,9,128,1.3,0.0,0.29,0.091,99,none,none,0.0,160,17
17941166336424097,image,34,2026-08-25,15:40,Tue,15,old vs new tax regime: which one for your salary. 💀,51,1,8,#sensex #wealth #investing #stocks #moneytips #stockmarketindia #personalfinance #taxsaving,1,188509,8909,4.7,11104,608,50,136,59,137,23,853,9.57,1.53,0.66,0.258,5,term_insurance:8,clear as always,22.0,148,18
17934171126319486,story,34,2026-08-25,17:32,Tue,17,question box: ask me anything about SIPs,40,0,0,none,1,188509,8009,4.2,8784,0,46,0,24,80,8,70,0.87,0.0,0.3,0.1,46,none,none,0.0,148,18
17991068620547791,reel,34,2026-08-25,21:40,Tue,21,sensex in 60 seconds: what moved and why.,41,0,2,#personalfinance #stocks,1,188532,71825,38.1,168500,3827,200,238,186,1246,126,4451,6.2,0.33,0.26,0.175,4,options_trading:8,can you do an options series,26.7,148,18
17984981562906394,story,34,2026-08-25,22:21,Tue,22,question box: ask me anything about SIPs,40,0,0,none,1,188509,9895,5.2,12689,0,90,0,29,98,9,119,1.2,0.0,0.29,0.091,90,none,none,0.0,148,18
17998525586387479,carousel,34,2026-08-26,12:00,Wed,12,old vs new tax regime: which one for your salary. ✨,51,1,3,#investing #taxsaving #financialliteracy,8,188658,13938,7.4,18605,933,40,270,86,253,42,1329,9.54,1.94,0.62,0.301,1,term_insurance:7,term insurance explainer please,32.5,254,15
17994509009205296,story,34,2026-08-26,17:30,Wed,17,reminder: tax deadline in 10 days,33,0,0,none,1,188658,11924,6.3,14242,0,95,0,35,119,11,130,1.09,0.0,0.29,0.092,0,none,none,0.0,254,15
17934235655745744,story,34,2026-08-26,17:56,Wed,17,market close: nifty in one slide,32,0,0,none,1,188658,9195,4.9,11236,0,32,0,27,91,9,59,0.64,0.0,0.29,0.098,0,none,none,0.0,254,15
17967740308107059,carousel,34,2026-08-26,20:00,Wed,20,"'Novaleaf Foods' IPO breakdown: revenue, debt, red flags. 🙌",59,1,5,#financialliteracy #taxsaving #sip #investing #personalfinance,4,188700,93919,49.8,139645,5865,291,794,435,1469,207,7385,7.86,0.85,0.46,0.22,0,none,sharing with my dad,38.3,254,15
17967627198109527,story,35,2026-08-27,10:11,Thu,10,question box: ask me anything about SIPs,40,0,0,none,1,188914,10528,5.6,11074,0,69,0,31,105,10,100,0.95,0.0,0.29,0.095,69,none,none,0.0,192,15
17941903335068384,reel,35,2026-08-27,16:30,Thu,16,today's market in 3 charts.,27,0,8,#stockmarketindia #stocks #moneytips #personalfinance #taxsaving #mutualfunds #nifty50 #wealth,1,188914,61107,32.3,143510,3272,160,173,132,979,128,3737,6.12,0.28,0.22,0.209,7,options_trading:10|panic_sell:1,thanks for keeping it simple,30.0,192,15
17934110053618993,reel,35,2026-08-27,18:00,Thu,18,old vs new tax regime: which one for your salary. 👀,51,1,8,#personalfinance #mutualfunds #stockmarketindia #financialliteracy #investing #nifty50 #stocks #moneytips,1,189042,20844,11.0,38309,1150,89,333,101,380,61,1673,8.03,1.6,0.48,0.293,1,term_insurance:7,thanks for keeping it simple,30.0,192,15
17947446720964014,story,35,2026-08-27,20:59,Thu,20,quiz: what does P/E stand for?,30,0,0,none,1,188914,8477,4.5,9915,0,80,0,25,84,8,105,1.24,0.0,0.29,0.094,0,none,none,0.0,192,15
17998808856257437,carousel,35,2026-08-28,12:50,Fri,12,when your friend asks for stock tips at a wedding. 🙌 😍,54,2,3,#personalfinance #sensex #financialliteracy,6,189093,52137,27.6,83292,2884,136,57,373,893,65,3450,6.62,0.11,0.72,0.125,0,none,thanks for keeping it simple,25.0,510,21
17964421260293347,reel,35,2026-08-28,13:40,Fri,13,"market wrap: nifty closed flat, banks dragged, IT held up. 3 things that moved today. 😭 👀 🙌 😂 💀 ✨",97,6,10,#nifty50 #investing #sip #wealth #taxsaving #moneytips #stocks #financialliteracy #personalfinance #sensex,1,189158,37270,19.7,90773,2527,189,124,127,581,76,2967,7.96,0.33,0.34,0.204,7,options_trading:8|panic_sell:3,wish i knew this at 22,30.0,510,21
17998420583675420,reel,35,2026-08-28,20:20,Fri,20,what happens when a company does a stock split. 😭,49,1,5,#investing #financialliteracy #sip #personalfinance #moneytips,1,189234,84396,44.6,201568,5311,223,1803,464,1689,383,7801,9.24,2.14,0.55,0.454,17,options_trading:9|start_small:12,thanks for keeping it simple,30.0,510,21
17991433680826528,story,35,2026-08-28,20:22,Fri,20,quiz: what does P/E stand for?,30,0,0,none,1,189093,7790,4.1,9229,0,89,0,23,77,7,112,1.44,0.0,0.3,0.09,0,none,none,0.0,510,21
17936387487453851,story,35,2026-08-29,09:55,Sat,9,poll: did you invest this month?,32,0,0,none,1,189615,9636,5.1,12199,0,65,0,28,96,9,93,0.97,0.0,0.29,0.093,0,none,none,0.0,100,15
17981607894140047,reel,35,2026-08-29,12:40,Sat,12,"why the market fell today, without the jargon.",46,0,8,#sip #nifty50 #personalfinance #mutualfunds #sensex #stocks #taxsaving #wealth,1,189615,30154,15.9,65310,1747,121,87,100,592,68,2055,6.82,0.29,0.33,0.226,5,options_trading:7|panic_sell:1,saved!,23.3,100,15
17986189350048463,story,35,2026-08-29,13:10,Sat,13,poll: did you invest this month?,32,0,0,none,1,189615,11896,6.3,12765,0,28,0,35,118,11,63,0.53,0.0,0.29,0.092,0,none,none,0.0,100,15
17998812199102801,story,35,2026-08-29,17:01,Sat,17,market close: nifty in one slide,32,0,0,none,1,189615,15081,8.0,18749,0,177,0,45,150,15,222,1.47,0.0,0.3,0.099,0,none,none,0.0,100,15
17908438115589267,story,35,2026-08-29,17:20,Sat,17,market close: nifty in one slide,32,0,0,none,1,189615,12067,6.4,14224,0,126,0,36,120,12,162,1.34,0.0,0.3,0.099,0,none,none,0.0,100,15
17983611119315115,story,35,2026-08-30,17:19,Sun,17,question box: ask me anything about SIPs,40,0,0,none,1,189694,12969,6.8,15449,0,73,0,38,129,12,111,0.86,0.0,0.29,0.093,73,none,none,0.0,165,14
17989743727493289,carousel,35,2026-08-30,18:30,Sun,18,debt funds vs FDs: the honest comparison.,41,0,8,#personalfinance #taxsaving #moneytips #mutualfunds #stockmarketindia #sensex #sip #nifty50,6,189694,32873,17.3,47391,1788,148,637,130,624,130,2703,8.22,1.94,0.4,0.395,14,options_trading:6|start_small:11,best finance page,28.3,165,14
17917130754240644,story,35,2026-08-30,20:01,Sun,20,poll: did you invest this month?,32,0,0,none,1,189694,14955,7.9,18071,0,125,0,44,149,14,169,1.13,0.0,0.29,0.094,0,none,none,0.0,165,14
17995754113884332,story,35,2026-08-30,20:34,Sun,20,quiz: what does P/E stand for?,30,0,0,none,1,189694,13364,7.0,16239,0,43,0,40,133,13,83,0.62,0.0,0.3,0.097,0,none,none,0.0,165,14
17911721527193664,story,35,2026-08-30,22:51,Sun,22,quiz: what does P/E stand for?,30,0,0,none,1,189694,10204,5.4,12068,0,100,0,30,102,10,130,1.27,0.0,0.29,0.098,0,none,none,0.0,165,14
17934830147649989,carousel,35,2026-08-31,08:20,Mon,8,"the 50/30/20 rule, adjusted for indian salaries.",48,0,8,#stocks #taxsaving #moneytips #wealth #stockmarketindia #nifty50 #sensex #personalfinance,4,189822,72441,38.2,87792,4741,255,1449,435,1092,165,6880,9.5,2.0,0.6,0.228,15,start_small:11|term_insurance:13,best finance page,38.3,278,14
17938621254473264,reel,35,2026-08-31,09:20,Mon,9,sensex in 60 seconds: what moved and why. 🫶,43,1,2,#moneytips #financialliteracy,1,189987,50785,26.7,91709,3177,168,167,156,978,127,3668,7.22,0.33,0.31,0.25,6,options_trading:9|panic_sell:1,daily habit,35.0,278,14
