content_id,content_type,week_number,date_ist,time_ist,weekday,hour_ist,caption,caption_length,emoji_count,hashtag_count,hashtags,media_items,followers_at_post,reach,reach_pct_of_followers,views,likes,comments,saves,shares,profile_visits,follows,total_interactions,engagement_rate_pct,save_rate_pct,share_rate_pct,follow_rate_pct,question_comments,comment_themes,top_comment,brand_reply_rate_pct,account_net_follows_that_day,account_unfollows_that_day
17921436526754958,story,1,2025-12-01,09:15,Mon,9,question box: what trend confuses you?,38,0,0,none,1,85000,6273,7.4,7416,0,59,0,18,62,6,77,1.23,0.0,0.29,0.096,59,none,none,0.0,74,14
17993040890406300,reel,1,2025-12-01,13:00,Mon,13,doing the trend 2 weeks late because i'm a professional. 😍 ✨,60,2,0,none,1,85000,17618,20.7,49016,1204,39,38,30,241,9,1311,7.44,0.22,0.17,0.051,0,late_callout:18,saving this,35.9,74,14
17910810349572670,image,1,2025-12-01,21:40,Mon,21,my mom tried the trend. she did it better. 😂 🫶,46,2,3,#fyp #indiatrends #internetculture,1,85009,18652,21.9,27592,1118,40,70,109,255,31,1337,7.17,0.38,0.58,0.166,1,capcut_template:1|tutorial_request:1|late_callout:1,🔥🔥🔥,30.0,74,14
17960376213731759,image,1,2025-12-01,23:50,Mon,23,attempting the trend with zero rehearsal.,41,0,5,#instatrend #internetculture #trend #viral #fyp,1,85040,14297,16.8,20408,766,43,40,56,290,42,905,6.33,0.28,0.39,0.294,0,capcut_template:2|tutorial_request:3|late_callout:1,LMAO,27.9,74,14
17987421788791697,reel,1,2025-12-02,16:20,Tue,16,how a random street vendor video became the biggest audio of the month. 🙌 😂 😭 ✨,79,4,2,#trendalert #desitrends,1,85081,44483,52.3,112934,2563,123,588,212,658,105,3486,7.84,1.32,0.48,0.236,0,none,😭😭,30.0,272,14
17943322070712566,story,1,2025-12-02,20:47,Tue,20,sneak peek of tomorrow's reel,29,0,0,none,1,85081,6049,7.1,7310,0,61,0,18,60,6,79,1.31,0.0,0.3,0.099,0,none,none,0.0,272,14
17961356068344775,story,1,2025-12-02,20:48,Tue,20,poll: seen this trend yet?,26,0,0,none,1,85081,4941,5.8,5821,0,22,0,14,49,4,36,0.73,0.0,0.28,0.081,0,none,none,0.0,272,14
17946877746532465,reel,1,2025-12-02,21:30,Tue,21,trying the viral transition so you don't have to.,49,0,2,#indiatrends #viral,1,85186,68157,80.0,145287,4490,136,225,322,1241,171,5173,7.59,0.33,0.47,0.251,0,capcut_template:1|late_callout:1,obsessed,25.0,272,14
17984695338662170,story,1,2025-12-03,10:09,Wed,10,sneak peek of tomorrow's reel,29,0,0,none,1,85349,6184,7.2,7334,0,27,0,18,61,6,45,0.73,0.0,0.29,0.097,0,none,none,0.0,223,12
17936122752534084,story,1,2025-12-03,13:01,Wed,13,question box: what trend confuses you?,38,0,0,none,1,85349,6715,7.9,7953,0,32,0,20,67,6,52,0.77,0.0,0.3,0.089,32,none,none,0.0,223,12
17990153391126205,image,1,2025-12-03,13:30,Wed,13,i tried the 5-second outfit change trend. ✨,43,1,8,#reelsindia #fyp #internetculture #trending #popculture #viral #trend #explorepage,1,85349,9004,10.5,11878,527,33,26,36,169,23,622,6.91,0.29,0.4,0.255,0,capcut_template:1|tutorial_request:1|late_callout:1,obsessed,15.2,223,12
17993868962271502,reel,1,2025-12-03,18:20,Wed,18,this dance is 12 hours old and already at 2M views. 👀 🙌,55,2,0,none,1,85372,75768,88.8,137849,4962,161,350,627,1129,197,6100,8.05,0.46,0.83,0.26,0,tutorial_request:3,obsessed,33.3,223,12
17949120040716210,story,1,2025-12-03,20:24,Wed,20,sneak peek of tomorrow's reel,29,0,0,none,1,85349,3762,4.4,4342,0,44,0,11,37,3,55,1.46,0.0,0.29,0.08,0,none,none,0.0,223,12
17916651931444933,reel,1,2025-12-04,13:10,Thu,13,calling it now: this format is next week's everything. 😍 💯,58,2,3,#trend #reelsindia #viral,1,85573,80449,94.0,210788,4695,285,369,621,1283,265,5970,7.42,0.46,0.77,0.329,1,capcut_template:5|tutorial_request:2|late_callout:4,😭😭,23.3,320,16
17928993917911687,reel,1,2025-12-04,16:50,Thu,16,that celebrity wedding had one detail nobody noticed. 🙌 💀 ✨ 💯,61,4,8,#trend #popculture #reelsindia #instatrend #internetculture #trendalert #trending #desitrends,1,85838,36216,42.2,100752,1919,113,90,180,656,71,2302,6.36,0.25,0.5,0.196,0,none,need this energy,23.3,320,16
17926057538340382,carousel,1,2025-12-05,10:10,Fri,10,calling it now: this format is next week's everything. 💀 😍,58,2,8,#instatrend #reelsindia #popculture #viral #explorepage #fyp #desitrends #indiatrends,9,85912,53219,61.9,80967,2964,81,198,415,1057,235,3658,6.87,0.37,0.78,0.442,0,capcut_template:2|tutorial_request:2|late_callout:1,tutorial pls,31.7,457,12
17979291578389431,story,1,2025-12-05,13:44,Fri,13,which audio should i try next?,30,0,0,none,1,85912,4209,4.9,4456,0,10,0,12,42,4,22,0.52,0.0,0.29,0.095,0,none,none,0.0,457,12
17930853591373790,reel,1,2025-12-05,16:20,Fri,16,calling it now: this format is next week's everything. 😂 🙌 👀 😍,62,4,3,#fyp #explorepage #trendalert,1,86147,55077,63.9,129117,3787,146,258,556,1021,225,4747,8.62,0.47,1.01,0.409,0,capcut_template:2|tutorial_request:4|late_callout:1,🔥🔥🔥,43.3,457,12
17946806825361565,story,1,2025-12-05,22:41,Fri,22,which audio should i try next?,30,0,0,none,1,85912,5410,6.3,6721,0,42,0,16,54,5,58,1.07,0.0,0.3,0.092,0,none,none,0.0,457,12
17959945021633970,image,1,2025-12-06,10:10,Sat,10,i tried the 5-second outfit change trend. 🙌 😍,45,2,10,#viral #internetculture #indiatrends #desitrends #instatrend #explorepage #trendalert #fyp #reelsindia #trending,1,86374,13363,15.5,21168,716,22,41,61,252,28,840,6.29,0.31,0.46,0.21,0,tutorial_request:1,🔥🔥🔥,22.7,23,11
17991729347983065,story,1,2025-12-06,13:36,Sat,13,sneak peek of tomorrow's reel,29,0,0,none,1,86374,6842,7.9,8861,0,71,0,20,68,6,91,1.33,0.0,0.29,0.088,0,none,none,0.0,23,11
17948603239671398,carousel,1,2025-12-07,12:40,Sun,12,this dance is 12 hours old and already at 2M views.,51,0,8,#trend #instatrend #fyp #reelsindia #trending #internetculture #popculture #desitrends,3,86411,67251,77.8,82723,4098,169,390,504,1335,280,5161,7.67,0.58,0.75,0.416,0,tutorial_request:1,saving this,28.3,288,9
17966023130390319,story,1,2025-12-07,13:11,Sun,13,which audio should i try next?,30,0,0,none,1,86411,5221,6.0,5981,0,39,0,15,52,5,54,1.03,0.0,0.29,0.096,0,none,none,0.0,288,9
17988353855875383,story,1,2025-12-07,13:54,Sun,13,poll: seen this trend yet?,26,0,0,none,1,86411,6723,7.8,8483,0,57,0,20,67,6,77,1.15,0.0,0.3,0.089,0,none,none,0.0,288,9
17979869972447910,story,1,2025-12-07,20:25,Sun,20,quiz: guess the trend from 1 second,35,0,0,none,1,86411,6642,7.7,8140,0,35,0,19,66,6,54,0.81,0.0,0.29,0.09,0,none,none,0.0,288,9
17905961773754522,reel,2,2025-12-08,08:20,Mon,8,"every trend you missed this week, in one carousel. 😂 😍 ✨ 💯 🔥 😭",62,6,2,#indiatrends #trendalert,1,86711,21558,24.9,38956,1186,65,363,106,333,45,1720,7.98,1.68,0.49,0.209,1,capcut_template:4|late_callout:3,missed half of these,23.3,158,16
17981052697262728,carousel,2,2025-12-08,22:50,Mon,22,"the trend you keep seeing, decoded.",35,0,10,#viral #indiatrends #popculture #fyp #trending #trend #trendalert #internetculture #reelsindia #desitrends,6,86756,37044,42.7,44720,2454,102,508,243,641,129,3307,8.93,1.37,0.66,0.348,0,none,more of these pls,30.0,158,16
17909656363809538,story,2,2025-12-09,10:07,Tue,10,sneak peek of tomorrow's reel,29,0,0,none,1,86891,6357,7.3,7927,0,72,0,19,63,6,91,1.43,0.0,0.3,0.094,0,none,none,0.0,167,12
17929766796530589,story,2,2025-12-09,13:44,Tue,13,sneak peek of tomorrow's reel,29,0,0,none,1,86891,4697,5.4,6025,0,20,0,14,46,4,34,0.72,0.0,0.3,0.085,0,none,none,0.0,167,12
17964578727115152,reel,2,2025-12-09,22:20,Tue,22,"every trend you missed this week, in one carousel. 😭",52,1,2,#popculture #indiatrends,1,86891,65184,75.0,129774,4112,139,1333,316,1278,169,5900,9.05,2.04,0.48,0.259,1,capcut_template:1|late_callout:1,need this energy,36.7,167,12
17907014275530838,reel,2,2025-12-10,08:00,Wed,8,"every trend you missed this week, in one carousel. 🙌",52,1,8,#indiatrends #desitrends #instatrend #viral #popculture #trendalert #trend #internetculture,1,87066,37526,43.1,73065,2408,86,607,180,662,101,3281,8.74,1.62,0.48,0.269,0,capcut_template:2|late_callout:2,ok this is so good,26.7,101,14
17909229944718152,story,2,2025-12-10,10:31,Wed,10,poll: seen this trend yet?,26,0,0,none,1,87066,3949,4.5,4397,0,14,0,11,39,3,25,0.63,0.0,0.28,0.076,0,none,none,0.0,101,14
17922899474461079,story,2,2025-12-10,10:37,Wed,10,sneak peek of tomorrow's reel,29,0,0,none,1,87066,6771,7.8,7648,0,66,0,20,67,6,86,1.27,0.0,0.3,0.089,0,none,none,0.0,101,14
17929550802751375,story,2,2025-12-10,20:30,Wed,20,reposting the best version of this trend,40,0,0,none,1,87066,5812,6.7,6536,0,66,0,17,58,5,83,1.43,0.0,0.29,0.086,0,none,none,0.0,101,14
17930383817667838,story,2,2025-12-11,09:46,Thu,9,reposting the best version of this trend,40,0,0,none,1,87178,3895,4.5,4134,0,17,0,11,38,3,28,0.72,0.0,0.28,0.077,0,none,none,0.0,272,13
17904863426659440,carousel,2,2025-12-11,10:10,Thu,10,"the trend you keep seeing, decoded. 😍 ✨ 🫶 😭 💀 🔥",47,6,5,#fyp #trendalert #internetculture #trending #popculture,6,87178,22500,25.8,33866,1341,61,294,143,350,61,1839,8.17,1.31,0.64,0.271,0,none,wait that's so interesting,16.7,272,13
17932573926630342,reel,2,2025-12-11,12:40,Thu,12,the 7 audios that ran the internet this week. 😍,47,1,5,#trend #popculture #desitrends #explorepage #instatrend,1,87239,61520,70.5,147302,3952,236,1239,312,1249,211,5739,9.33,2.01,0.51,0.343,0,capcut_template:2|late_callout:1,my sunday ritual,25.0,272,13
17948054994817339,story,2,2025-12-11,20:29,Thu,20,quiz: guess the trend from 1 second,35,0,0,none,1,87178,5943,6.8,6886,0,40,0,17,59,5,57,0.96,0.0,0.29,0.084,0,none,none,0.0,272,13
17964140373678110,story,2,2025-12-11,22:46,Thu,22,quiz: guess the trend from 1 second,35,0,0,none,1,87178,5042,5.8,5784,0,39,0,15,50,5,54,1.07,0.0,0.3,0.099,0,none,none,0.0,272,13
17903932956463222,carousel,2,2025-12-12,10:50,Fri,10,new filter just dropped and it's already doing numbers. 🫶 👀,59,2,3,#trending #internetculture #viral,8,87443,59323,67.8,94795,3064,141,219,371,1048,178,3795,6.4,0.37,0.63,0.3,2,capcut_template:4|tutorial_request:3|late_callout:2,template link??,21.7,419,11
17935326387223417,story,2,2025-12-12,22:08,Fri,22,which audio should i try next?,30,0,0,none,1,87443,5363,6.1,6575,0,46,0,16,53,5,62,1.16,0.0,0.3,0.093,0,none,none,0.0,419,11
17984323178208031,reel,2,2025-12-12,22:40,Fri,22,new filter just dropped and it's already doing numbers. 😂,57,1,12,#trendalert #trend #desitrends #indiatrends #trending #fyp #explorepage #popculture #instatrend #viral #internetculture #reelsindia,1,87621,71821,82.0,144953,3763,235,255,586,1423,247,4839,6.74,0.36,0.82,0.344,0,capcut_template:3|tutorial_request:2|late_callout:3,😭😭,26.7,419,11
17950658674700791,carousel,2,2025-12-13,10:50,Sat,10,this meme started on a 2014 forum. here's the full story.,57,0,8,#popculture #explorepage #internetculture #trending #reelsindia #indiatrends #trend #viral,4,87866,19730,22.5,29439,1309,56,369,106,357,62,1840,9.33,1.87,0.54,0.314,0,none,saving this,30.4,138,8
17923164693791646,reel,2,2025-12-13,13:40,Sat,13,trying the viral transition so you don't have to. ✨,51,1,12,#popculture #trend #desitrends #trending #trendalert #viral #reelsindia #explorepage #fyp #internetculture #indiatrends #instatrend,1,87928,51105,58.1,95171,2694,91,168,229,735,84,3182,6.23,0.33,0.45,0.164,0,capcut_template:2|tutorial_request:1|late_callout:2,saving this,30.0,138,8
17940103493198690,story,2,2025-12-14,09:47,Sun,9,sneak peek of tomorrow's reel,29,0,0,none,1,88017,6230,7.1,7130,0,39,0,18,62,6,57,0.91,0.0,0.29,0.096,0,none,none,0.0,76,13
17925763495044356,story,2,2025-12-14,22:54,Sun,22,reposting the best version of this trend,40,0,0,none,1,88017,6872,7.8,7373,0,67,0,20,68,6,87,1.27,0.0,0.29,0.087,0,none,none,0.0,76,13
17922109441907024,reel,2,2025-12-14,23:30,Sun,23,trying the viral transition so you don't have to.,49,0,8,#trendalert #explorepage #popculture #instatrend #indiatrends #trend #fyp #internetculture,1,88017,47887,54.4,93541,2982,99,163,267,683,77,3511,7.33,0.34,0.56,0.161,0,capcut_template:2|tutorial_request:3,what app is this edit,28.3,76,13
17965604678299681,carousel,3,2025-12-15,10:10,Mon,10,yes i know everyone did this last week. doing it anyway. ✨,58,1,2,#trending #internetculture,8,88089,5332,6.1,7454,299,11,10,6,74,2,326,6.11,0.19,0.11,0.038,0,late_callout:4,this is so last week,0.0,1,15
17904424095255384,reel,3,2025-12-15,16:00,Mon,16,finally trying the trend everyone's been doing. 😂,49,1,3,#trending #instatrend #indiatrends,1,88091,6634,7.5,16972,372,21,10,9,129,5,412,6.21,0.15,0.14,0.075,0,late_callout:9,ok this is so good,14.3,1,15
17956747945996193,story,3,2025-12-15,17:36,Mon,17,poll: seen this trend yet?,26,0,0,none,1,88089,5675,6.4,7196,0,29,0,17,56,5,46,0.81,0.0,0.3,0.088,0,none,none,0.0,1,15
17940715117596540,story,3,2025-12-15,20:05,Mon,20,quiz: guess the trend from 1 second,35,0,0,none,1,88089,4834,5.5,5789,0,44,0,14,48,4,58,1.2,0.0,0.29,0.083,0,none,none,0.0,1,15
17916727655405689,reel,3,2025-12-16,08:50,Tue,8,late to the party but here's my version. 💯 👀 🔥 😍,48,4,8,#reelsindia #trending #fyp #explorepage #viral #trend #internetculture #instatrend,1,88110,15276,17.3,41088,1044,46,33,26,253,10,1149,7.52,0.22,0.17,0.065,0,late_callout:18,this is so last week,26.1,139,14
17933573809774618,story,3,2025-12-16,10:43,Tue,10,which audio should i try next?,30,0,0,none,1,88110,6536,7.4,8138,0,19,0,19,65,6,38,0.58,0.0,0.29,0.092,0,none,none,0.0,139,14
17989698230749556,reel,3,2025-12-16,12:40,Tue,12,trend recap: save this so you're never late again. 💀 😂,54,2,5,#trending #popculture #indiatrends #internetculture #fyp,1,88120,47920,54.4,118503,3295,135,946,269,912,133,4645,9.69,1.97,0.56,0.278,0,capcut_template:2|late_callout:1,capcut template pls,23.3,139,14
17935295072154006,story,3,2025-12-16,22:12,Tue,22,question box: what trend confuses you?,38,0,0,none,1,88110,4855,5.5,5198,0,18,0,14,48,4,32,0.66,0.0,0.29,0.082,18,none,none,0.0,139,14
17916652552007763,story,3,2025-12-17,13:52,Wed,13,sneak peek of tomorrow's reel,29,0,0,none,1,88244,6054,6.9,7115,0,42,0,18,60,6,60,0.99,0.0,0.3,0.099,0,none,none,0.0,145,12
17937156079808875,story,3,2025-12-17,17:49,Wed,17,which audio should i try next?,30,0,0,none,1,88244,3774,4.3,4012,0,21,0,11,37,3,32,0.85,0.0,0.29,0.079,0,none,none,0.0,145,12
17928312529633382,carousel,3,2025-12-17,21:20,Wed,21,trying the viral transition so you don't have to.,49,0,2,#fyp #trendalert,6,88244,59406,67.3,88893,3265,204,173,275,1200,143,3917,6.59,0.29,0.46,0.241,0,tutorial_request:2,😭😭,26.7,145,12
17977726771509626,carousel,3,2025-12-17,23:20,Wed,23,late to the party but here's my version.,40,0,5,#popculture #viral #trend #trending #instatrend,5,88387,8530,9.7,11385,459,15,15,10,135,5,499,5.85,0.18,0.12,0.059,0,late_callout:3,saving this,13.3,145,12
17952422417081789,reel,3,2025-12-18,12:40,Thu,12,doing the trend 2 weeks late because i'm a professional. 🔥 😂 🙌 😍 💯 😭,68,6,10,#trending #fyp #explorepage #reelsindia #instatrend #desitrends #trendalert #internetculture #viral #popculture,1,88389,7193,8.1,14170,400,12,10,8,117,4,430,5.98,0.14,0.11,0.056,0,late_callout:4,bro we did this last week,16.7,167,14
17916634503013979,story,3,2025-12-18,13:20,Thu,13,sneak peek of tomorrow's reel,29,0,0,none,1,88389,4648,5.3,5297,0,19,0,13,46,4,32,0.69,0.0,0.28,0.086,0,none,none,0.0,167,14
17991170857194409,story,3,2025-12-18,17:37,Thu,17,question box: what trend confuses you?,38,0,0,none,1,88389,4863,5.5,6006,0,36,0,14,48,4,50,1.03,0.0,0.29,0.082,36,none,none,0.0,167,14
17957832134214761,story,3,2025-12-18,20:34,Thu,20,poll: seen this trend yet?,26,0,0,none,1,88389,6855,7.8,7539,0,78,0,20,68,6,98,1.43,0.0,0.29,0.088,0,none,none,0.0,167,14
17984735855550611,story,3,2025-12-18,20:44,Thu,20,poll: seen this trend yet?,26,0,0,none,1,88389,6065,6.9,7119,0,62,0,18,60,6,80,1.32,0.0,0.3,0.099,0,none,none,0.0,167,14
17990518735869785,story,3,2025-12-18,22:06,Thu,22,which audio should i try next?,30,0,0,none,1,88389,4486,5.1,5486,0,33,0,13,44,4,46,1.03,0.0,0.29,0.089,0,none,none,0.0,167,14
17900888339043769,reel,3,2025-12-18,22:40,Thu,22,attempting the trend with zero rehearsal. ✨ 💀 😭 🙌,49,4,2,#indiatrends #desitrends,1,88393,54867,62.1,119254,3484,153,190,344,1086,153,4171,7.6,0.35,0.63,0.279,1,capcut_template:2|tutorial_request:2|late_callout:2,😭😭,26.7,167,14
17965294527519217,reel,3,2025-12-19,13:30,Fri,13,"every trend you missed this week, in one carousel.",50,0,8,#popculture #trend #reelsindia #viral #desitrends #explorepage #indiatrends #fyp,1,88549,49268,55.6,114036,2611,136,739,169,682,105,3655,7.42,1.5,0.34,0.213,0,capcut_template:3|late_callout:2,ok this is so good,26.7,183,12
17912282174440858,story,3,2025-12-19,13:56,Fri,13,reposting the best version of this trend,40,0,0,none,1,88549,5284,6.0,6570,0,11,0,15,52,5,26,0.49,0.0,0.28,0.095,0,none,none,0.0,183,12
17955356821403585,carousel,3,2025-12-19,22:50,Fri,22,the 7 audios that ran the internet this week. ✨,47,1,8,#viral #trend #fyp #reelsindia #internetculture #desitrends #popculture #trendalert,9,88654,33279,37.5,43575,1914,71,485,132,616,85,2602,7.82,1.46,0.4,0.255,0,capcut_template:1,ok this is so good,35.0,183,12
17901544956553275,story,3,2025-12-20,10:50,Sat,10,which audio should i try next?,30,0,0,none,1,88741,6960,7.8,8135,0,70,0,20,69,6,90,1.29,0.0,0.29,0.086,0,none,none,0.0,242,12
17905949831581513,story,3,2025-12-20,13:40,Sat,13,sneak peek of tomorrow's reel,29,0,0,none,1,88741,5467,6.2,6882,0,63,0,16,54,5,79,1.45,0.0,0.29,0.091,0,none,none,0.0,242,12
17961685459519649,reel,3,2025-12-20,16:50,Sat,16,trying the viral transition so you don't have to. 😭 💀,53,2,10,#desitrends #popculture #trend #indiatrends #explorepage #trendalert #trending #instatrend #viral #fyp,1,88741,28362,32.0,61833,1936,63,135,140,535,70,2274,8.02,0.48,0.49,0.247,0,capcut_template:3|tutorial_request:4|late_callout:1,ok this is so good,21.7,242,12
17967330301990480,reel,3,2025-12-20,22:30,Sat,22,i tried the 5-second outfit change trend. 😍 👀 💯 🔥 💀 😭,53,6,8,#trending #desitrends #reelsindia #internetculture #explorepage #fyp #instatrend #indiatrends,1,88811,68577,77.2,167988,3597,139,243,278,1186,173,4257,6.21,0.35,0.41,0.252,0,capcut_template:2|tutorial_request:3|late_callout:2,obsessed,25.0,242,12
17926242092060122,reel,3,2025-12-21,08:20,Sun,8,the award show moment everyone's talking about.,47,0,10,#trend #trending #indiatrends #reelsindia #instatrend #desitrends #popculture #fyp #trendalert #explorepage,1,88996,40898,46.0,82770,2117,101,120,223,698,90,2561,6.26,0.29,0.55,0.22,0,none,😭😭,26.7,172,7
17963647910576848,story,3,2025-12-21,09:18,Sun,9,reposting the best version of this trend,40,0,0,none,1,88996,6801,7.6,7233,0,28,0,20,68,6,48,0.71,0.0,0.29,0.088,0,none,none,0.0,172,7
17968739532382890,story,3,2025-12-21,09:41,Sun,9,sneak peek of tomorrow's reel,29,0,0,none,1,88996,3657,4.1,4001,0,34,0,10,36,3,44,1.2,0.0,0.27,0.082,0,none,none,0.0,172,7
17987666827960473,story,3,2025-12-21,13:06,Sun,13,quiz: guess the trend from 1 second,35,0,0,none,1,88996,4293,4.8,4863,0,47,0,12,42,4,59,1.37,0.0,0.28,0.093,0,none,none,0.0,172,7
17984038930870539,reel,3,2025-12-21,19:40,Sun,19,"internet's reaction to the new album, ranked. 😍",47,1,5,#desitrends #instatrend #fyp #internetculture #popculture,1,89086,45074,50.6,86722,3108,137,144,392,649,76,3781,8.39,0.32,0.87,0.169,0,none,ok this is so good,21.7,172,7
17901627107648552,reel,4,2025-12-22,10:30,Mon,10,new filter just dropped and it's already doing numbers.,55,0,10,#popculture #instatrend #indiatrends #desitrends #trend #reelsindia #internetculture #explorepage #viral #fyp,1,89173,61408,68.9,118514,4039,156,275,634,1116,249,5104,8.31,0.45,1.03,0.405,0,capcut_template:2|tutorial_request:2|late_callout:1,ok this is so good,28.3,393,10
17917604073799173,story,4,2025-12-22,10:32,Mon,10,poll: seen this trend yet?,26,0,0,none,1,89173,6740,7.6,7519,0,58,0,20,67,6,78,1.16,0.0,0.3,0.089,0,none,none,0.0,393,10
17906344513260735,story,4,2025-12-22,13:42,Mon,13,question box: what trend confuses you?,38,0,0,none,1,89173,5339,6.0,6255,0,17,0,16,53,5,33,0.62,0.0,0.3,0.094,17,none,none,0.0,393,10
17929504005054301,story,4,2025-12-22,17:22,Mon,17,poll: seen this trend yet?,26,0,0,none,1,89173,4813,5.4,6059,0,19,0,14,48,4,33,0.69,0.0,0.29,0.083,0,none,none,0.0,393,10
17975380736303270,story,4,2025-12-22,20:35,Mon,20,quiz: guess the trend from 1 second,35,0,0,none,1,89173,4358,4.9,4919,0,26,0,13,43,4,39,0.89,0.0,0.3,0.092,0,none,none,0.0,393,10
17997447760434819,reel,4,2025-12-22,22:30,Mon,22,the finale everyone's fighting about in the comments. 👀 😍,57,2,10,#trend #desitrends #explorepage #trending #internetculture #indiatrends #trendalert #popculture #instatrend #viral,1,89422,68620,76.7,148397,3627,146,193,380,1027,132,4346,6.33,0.28,0.55,0.192,0,none,LMAO,30.0,393,10
17903105444859846,story,4,2025-12-22,22:58,Mon,22,reposting the best version of this trend,40,0,0,none,1,89173,3757,4.2,4798,0,28,0,11,37,3,39,1.04,0.0,0.29,0.08,0,none,none,0.0,393,10
17904543915178726,story,4,2025-12-23,10:01,Tue,10,quiz: guess the trend from 1 second,35,0,0,none,1,89550,6563,7.3,8087,0,29,0,19,65,6,48,0.73,0.0,0.29,0.091,0,none,none,0.0,100,12
17955865094069065,image,4,2025-12-23,13:00,Tue,13,where did this audio even come from? a 60 second history.,57,0,10,#trend #trending #reelsindia #viral #desitrends #internetculture #explorepage #instatrend #indiatrends #popculture,1,89550,12745,14.2,17028,848,47,200,72,215,40,1167,9.16,1.57,0.56,0.314,0,none,🔥🔥🔥,27.7,100,12
17938617825164206,story,4,2025-12-23,13:14,Tue,13,sneak peek of tomorrow's reel,29,0,0,none,1,89550,5603,6.3,6277,0,16,0,16,56,5,32,0.57,0.0,0.29,0.089,0,none,none,0.0,100,12
17934730466047137,image,4,2025-12-23,19:30,Tue,19,trend recap: save this so you're never late again. 🙌 💯,54,2,2,#trending #indiatrends,1,89590,18254,20.4,28423,1007,57,333,81,365,55,1478,8.1,1.82,0.44,0.301,1,capcut_template:5|late_callout:2,how did you edit this,26.3,100,12
17914158592864146,story,4,2025-12-23,20:05,Tue,20,poll: seen this trend yet?,26,0,0,none,1,89550,6047,6.8,7570,0,62,0,18,60,6,80,1.32,0.0,0.3,0.099,0,none,none,0.0,100,12
17976463590846337,reel,4,2025-12-24,08:10,Wed,8,spotted this on 40 accounts in 6 hours. it's starting. 😍,56,1,12,#trending #desitrends #explorepage #internetculture #viral #instatrend #indiatrends #popculture #trend #reelsindia #trendalert #fyp,1,89647,56732,63.3,119887,3660,111,237,486,781,139,4494,7.92,0.42,0.86,0.245,0,tutorial_request:2,🔥🔥🔥,20.0,276,8
17905661793913375,reel,4,2025-12-24,10:10,Wed,10,trend recap: save this so you're never late again. 👀,52,1,5,#popculture #fyp #trending #internetculture #viral,1,89786,41879,46.6,92254,2636,108,844,226,815,132,3814,9.11,2.02,0.54,0.315,2,capcut_template:5|late_callout:2,the only recap i trust,25.0,276,8
17937711962746488,reel,4,2025-12-24,21:00,Wed,21,finally trying the trend everyone's been doing. 👀,49,1,8,#fyp #viral #trendalert #trending #explorepage #desitrends #internetculture #instatrend,1,89918,17511,19.5,32669,983,50,28,23,300,13,1084,6.19,0.16,0.13,0.074,0,late_callout:16,saving this,18.0,276,8
17977232751773863,carousel,4,2025-12-25,08:10,Thu,8,this meme started on a 2014 forum. here's the full story. 💀,59,1,12,#trend #viral #explorepage #trending #indiatrends #fyp #reelsindia #internetculture #popculture #trendalert #desitrends #instatrend,10,89948,39256,43.6,53536,2515,72,569,277,782,133,3433,8.75,1.45,0.71,0.339,0,none,🔥🔥🔥,28.3,181,16
17942999574020081,story,4,2025-12-25,09:05,Thu,9,which audio should i try next?,30,0,0,none,1,89948,7039,7.8,7678,0,40,0,21,70,7,61,0.87,0.0,0.3,0.099,0,none,none,0.0,181,16
17956408952824617,story,4,2025-12-25,10:02,Thu,10,sneak peek of tomorrow's reel,29,0,0,none,1,89948,5382,6.0,6522,0,17,0,16,53,5,33,0.61,0.0,0.3,0.093,0,none,none,0.0,181,16
17956984762084529,carousel,4,2025-12-25,19:20,Thu,19,trying the viral recipe trend. results were mixed. 😍,52,1,8,#trending #instatrend #internetculture #trend #indiatrends #fyp #reelsindia #explorepage,4,90081,22039,24.5,34422,1500,61,78,134,431,52,1773,8.04,0.35,0.61,0.236,2,capcut_template:4|tutorial_request:5|late_callout:3,LMAO,25.0,181,16
17910531535539544,story,4,2025-12-26,17:05,Fri,17,reposting the best version of this trend,40,0,0,none,1,90138,6775,7.5,7617,0,53,0,20,67,6,73,1.08,0.0,0.3,0.089,0,none,none,0.0,310,15
17961899963512476,story,4,2025-12-26,17:51,Fri,17,quiz: guess the trend from 1 second,35,0,0,none,1,90138,4197,4.7,5417,0,38,0,12,41,4,50,1.19,0.0,0.29,0.095,0,none,none,0.0,310,15
17918802051531015,reel,4,2025-12-26,18:00,Fri,18,new year's eve trends that took over. ✨ 😍 😭 🔥 💯 🫶,49,6,3,#desitrends #instatrend #trend,1,90138,66950,74.3,144036,3878,128,380,478,1010,156,4864,7.27,0.57,0.71,0.233,0,none,🔥🔥🔥,28.3,310,15
17933318847761162,reel,4,2025-12-26,23:30,Fri,23,this meme started on a 2014 forum. here's the full story. 🫶,59,1,12,#popculture #desitrends #trend #viral #reelsindia #instatrend #fyp #internetculture #trending #explorepage #trendalert #indiatrends,1,90294,56709,62.8,113779,3211,109,666,319,832,159,4305,7.59,1.17,0.56,0.28,0,none,LMAO,23.3,310,15
17941133205459933,carousel,4,2025-12-27,08:50,Sat,8,new year's eve trends that took over. 🙌 🔥 😭 💀 😍 ✨,49,6,5,#desitrends #viral #trendalert #explorepage #fyp,5,90450,60028,66.4,88442,3110,121,340,362,923,152,3933,6.55,0.57,0.6,0.253,0,none,you're always first,25.0,157,14
17946316014751163,story,4,2025-12-27,09:30,Sat,9,sneak peek of tomorrow's reel,29,0,0,none,1,90450,5808,6.4,7043,0,40,0,17,58,5,57,0.98,0.0,0.29,0.086,0,none,none,0.0,157,14
17985628327076968,story,4,2025-12-27,13:01,Sat,13,reposting the best version of this trend,40,0,0,none,1,90450,4693,5.2,6093,0,22,0,14,46,4,36,0.77,0.0,0.3,0.085,0,none,none,0.0,157,14
17910168755913684,story,4,2025-12-27,17:15,Sat,17,which audio should i try next?,30,0,0,none,1,90450,5819,6.4,6590,0,18,0,17,58,5,35,0.6,0.0,0.29,0.086,0,none,none,0.0,157,14
17935906964941890,story,4,2025-12-27,22:15,Sat,22,reposting the best version of this trend,40,0,0,none,1,90450,5449,6.0,6590,0,24,0,16,54,5,40,0.73,0.0,0.29,0.092,0,none,none,0.0,157,14
17957926097818512,carousel,4,2025-12-28,13:40,Sun,13,every festive trend of the week in one place.,45,0,0,none,5,90602,37433,41.3,55081,1951,119,195,255,674,91,2520,6.73,0.52,0.68,0.243,0,none,you're always first,25.0,405,10
17923133800296497,reel,4,2025-12-28,18:10,Sun,18,this audio is about to blow up. you heard it here first. 🔥 😂 💯 😍 🫶 ✨,68,6,8,#popculture #reelsindia #viral #desitrends #explorepage #fyp #trending #instatrend,1,90693,92863,102.4,205858,4786,219,340,505,1889,324,5850,6.3,0.37,0.54,0.349,1,capcut_template:4|tutorial_request:4|late_callout:2,you're always first,25.0,405,10
17991184156191070,image,5,2025-12-29,16:30,Mon,16,my mom tried the trend. she did it better. 🙌,44,1,3,#trend #trending #explorepage,1,91021,8941,9.8,12596,463,13,29,44,126,14,549,6.14,0.32,0.49,0.157,0,tutorial_request:1,can you make a tutorial for the transition,46.2,43,13
17926739194078691,story,5,2025-12-29,17:40,Mon,17,question box: what trend confuses you?,38,0,0,none,1,91021,5761,6.3,6557,0,46,0,17,57,5,63,1.09,0.0,0.3,0.087,46,none,none,0.0,43,13
17949711433309995,story,5,2025-12-29,22:08,Mon,22,sneak peek of tomorrow's reel,29,0,0,none,1,91021,4053,4.5,4562,0,29,0,12,40,4,41,1.01,0.0,0.3,0.099,0,none,none,0.0,43,13
17990878497812677,story,5,2025-12-29,22:57,Mon,22,sneak peek of tomorrow's reel,29,0,0,none,1,91021,6392,7.0,8147,0,30,0,19,63,6,49,0.77,0.0,0.3,0.094,0,none,none,0.0,43,13
17969110202507808,image,5,2025-12-29,23:40,Mon,23,trying the viral recipe trend. results were mixed.,50,0,2,#indiatrends #instatrend,1,91035,15276,16.8,19513,905,41,58,63,223,27,1067,6.98,0.38,0.41,0.177,0,capcut_template:2|tutorial_request:2|late_callout:2,obsessed,26.8,43,13
17967532818088954,reel,5,2025-12-30,16:40,Tue,16,new year's eve trends that took over. ✨ 😭 💯 😂,45,4,0,none,1,91056,70418,77.3,194902,3615,162,374,374,1077,168,4525,6.43,0.53,0.53,0.239,0,none,🔥🔥🔥,18.3,419,13
17965976130049990,reel,5,2025-12-30,19:20,Tue,19,"holi transition trend, the best ones.",37,0,3,#explorepage #popculture #desitrends,1,91224,52600,57.7,130404,2992,86,371,336,997,139,3785,7.2,0.71,0.64,0.264,0,none,LMAO,21.7,419,13
17904691333341415,story,5,2025-12-30,22:44,Tue,22,reposting the best version of this trend,40,0,0,none,1,91056,6609,7.3,8427,0,41,0,19,66,6,60,0.91,0.0,0.29,0.091,0,none,none,0.0,419,13
17913395618284261,reel,5,2025-12-30,23:50,Tue,23,every festive trend of the week in one place. 😍,47,1,8,#trend #reelsindia #viral #instatrend #fyp #trending #desitrends #explorepage,1,91363,49371,54.0,98677,2651,124,274,316,780,119,3365,6.82,0.55,0.64,0.241,0,none,need this energy,23.3,419,13
17924113373826315,carousel,5,2025-12-31,10:20,Wed,10,this audio is about to blow up. you heard it here first. 😂 ✨ 🙌 💯,64,4,8,#instatrend #popculture #reelsindia #internetculture #desitrends #trending #trend #fyp,5,91481,51053,55.8,74739,3210,127,238,385,734,135,3960,7.76,0.47,0.75,0.264,1,capcut_template:2|tutorial_request:5|late_callout:1,do a tutorial on this,28.3,233,7
17979033809997905,carousel,5,2025-12-31,13:20,Wed,13,the 7 audios that ran the internet this week. 🫶,47,1,8,#trending #trend #reelsindia #explorepage #viral #instatrend #fyp #internetculture,9,91616,33707,36.8,43921,1961,57,476,144,537,95,2638,7.83,1.41,0.43,0.282,2,capcut_template:5|late_callout:3,🔥🔥🔥,10.5,233,7
17965687212883679,story,5,2025-12-31,13:54,Wed,13,reposting the best version of this trend,40,0,0,none,1,91481,5888,6.4,6319,0,13,0,17,58,5,30,0.51,0.0,0.29,0.085,0,none,none,0.0,233,7
17997556092285654,story,5,2025-12-31,20:12,Wed,20,quiz: guess the trend from 1 second,35,0,0,none,1,91481,5170,5.7,5900,0,54,0,15,51,5,69,1.33,0.0,0.29,0.097,0,none,none,0.0,233,7
17912923787008444,reel,5,2026-01-01,21:10,Thu,21,doing the trend 2 weeks late because i'm a professional. 💀 😍 👀 🫶,64,4,12,#popculture #instatrend #trending #explorepage #trend #fyp #viral #desitrends #trendalert #indiatrends #internetculture #reelsindia,1,91714,15698,17.1,38261,1052,37,30,20,301,11,1139,7.26,0.19,0.13,0.07,0,late_callout:13,ok this is so good,27.0,230,8
17991254991402616,reel,5,2026-01-01,23:20,Thu,23,why is everyone saying 'it's giving' again. explained. ✨ 🔥,58,2,12,#trend #trendalert #trending #internetculture #explorepage #popculture #fyp #reelsindia #instatrend #indiatrends #desitrends #viral,1,91725,74830,81.6,145199,3910,200,802,391,1295,227,5303,7.09,1.07,0.52,0.303,0,none,ok this is so good,30.0,230,8
17975100955299335,carousel,5,2026-01-02,08:10,Fri,8,two creators are fighting and the internet chose sides.,55,0,2,#fyp #reelsindia,4,91969,25695,27.9,32567,1724,106,46,159,426,34,2035,7.92,0.18,0.62,0.132,0,none,the tea ☕,23.3,132,14
17948710762198748,reel,5,2026-01-02,12:50,Fri,12,trying the viral recipe trend. results were mixed.,50,0,12,#internetculture #reelsindia #fyp #instatrend #trendalert #desitrends #trending #trend #viral #popculture #explorepage #indiatrends,1,92003,41379,45.0,98992,2643,164,127,258,805,108,3192,7.71,0.31,0.62,0.261,0,tutorial_request:6,ok this is so good,16.7,132,14
17993014096715614,story,5,2026-01-02,17:47,Fri,17,which audio should i try next?,30,0,0,none,1,91969,4256,4.6,4839,0,17,0,12,42,4,29,0.68,0.0,0.28,0.094,0,none,none,0.0,132,14
17960736954307404,story,5,2026-01-03,09:09,Sat,9,which audio should i try next?,30,0,0,none,1,92105,4598,5.0,5909,0,38,0,13,45,4,51,1.11,0.0,0.28,0.087,0,none,none,0.0,86,43
17929743188003371,carousel,5,2026-01-03,12:10,Sat,12,why is everyone saying 'it's giving' again. explained. 💯 🙌 😭 🫶,62,4,5,#trendalert #fyp #popculture #explorepage #internetculture,8,92105,35000,38.0,46281,2069,86,421,217,649,114,2793,7.98,1.2,0.62,0.326,0,none,i had no idea,28.3,86,43
17970783636205338,story,5,2026-01-03,13:20,Sat,13,quiz: guess the trend from 1 second,35,0,0,none,1,92105,6680,7.3,7690,0,78,0,20,66,6,98,1.47,0.0,0.3,0.09,0,none,none,0.0,86,43
17931274353940808,story,5,2026-01-03,13:36,Sat,13,quiz: guess the trend from 1 second,35,0,0,none,1,92105,5839,6.3,6745,0,29,0,17,58,5,46,0.79,0.0,0.29,0.086,0,none,none,0.0,86,43
17993729946834844,story,5,2026-01-04,09:17,Sun,9,quiz: guess the trend from 1 second,35,0,0,none,1,92201,5834,6.3,6661,0,43,0,17,58,5,60,1.03,0.0,0.29,0.086,0,none,none,0.0,88,10
17951230674719431,story,5,2026-01-04,10:03,Sun,10,which audio should i try next?,30,0,0,none,1,92201,6346,6.9,7902,0,44,0,19,63,6,63,0.99,0.0,0.3,0.095,0,none,none,0.0,88,10
17960428415639482,story,5,2026-01-04,13:19,Sun,13,quiz: guess the trend from 1 second,35,0,0,none,1,92201,4585,5.0,5904,0,38,0,13,45,4,51,1.11,0.0,0.28,0.087,0,none,none,0.0,88,10
17995460265710835,story,5,2026-01-04,17:57,Sun,17,question box: what trend confuses you?,38,0,0,none,1,92201,4169,4.5,5211,0,19,0,12,41,4,31,0.74,0.0,0.29,0.096,19,none,none,0.0,88,10
17922332924641059,carousel,5,2026-01-04,21:00,Sun,21,the award show moment everyone's talking about.,47,0,10,#viral #explorepage #indiatrends #trending #internetculture #reelsindia #instatrend #desitrends #fyp #popculture,10,92201,31920,34.6,41613,1911,83,90,244,593,79,2328,7.29,0.28,0.76,0.247,0,none,LMAO,16.7,88,10
17976591724019459,story,6,2026-01-05,10:30,Mon,10,quiz: guess the trend from 1 second,35,0,0,none,1,92288,5076,5.5,5750,0,22,0,15,50,5,37,0.73,0.0,0.3,0.099,0,none,none,0.0,68,15
17928872306994850,image,6,2026-01-05,19:20,Mon,19,day 1 of a trend that's going to be everywhere by friday.,57,0,8,#explorepage #trendalert #instatrend #trending #popculture #fyp #reelsindia #desitrends,1,92288,27513,29.8,34727,1445,89,138,210,426,75,1882,6.84,0.5,0.76,0.273,0,tutorial_request:2,saving this,26.7,68,15
17997770913696034,story,6,2026-01-05,20:32,Mon,20,question box: what trend confuses you?,38,0,0,none,1,92288,3733,4.0,4834,0,43,0,11,37,3,54,1.45,0.0,0.29,0.08,43,none,none,0.0,68,15
17919666830181018,story,6,2026-01-06,09:24,Tue,9,sneak peek of tomorrow's reel,29,0,0,none,1,92366,6722,7.3,8542,0,47,0,20,67,6,67,1.0,0.0,0.3,0.089,0,none,none,0.0,218,15
17932529133125482,reel,6,2026-01-06,16:10,Tue,16,this audio is about to blow up. you heard it here first. 😂,58,1,10,#indiatrends #fyp #internetculture #viral #popculture #reelsindia #desitrends #trendalert #trending #trend,1,92366,32346,35.0,66237,1977,55,180,241,512,89,2453,7.58,0.56,0.75,0.275,0,capcut_template:3|tutorial_request:3|late_callout:2,you're always first,20.0,218,15
17957264194999117,carousel,6,2026-01-06,23:50,Tue,23,spotted this on 40 accounts in 6 hours. it's starting. 💀 👀,58,2,2,#instatrend #internetculture,4,92455,39372,42.6,48071,2022,65,148,294,643,138,2529,6.42,0.38,0.75,0.351,1,capcut_template:3|tutorial_request:1|late_callout:2,🔥🔥🔥,36.7,218,15
17913175507759973,story,6,2026-01-07,09:59,Wed,9,reposting the best version of this trend,40,0,0,none,1,92599,5271,5.7,5763,0,63,0,15,52,5,78,1.48,0.0,0.28,0.095,0,none,none,0.0,185,14
17986456370259557,reel,6,2026-01-07,22:10,Wed,22,trend recap: save this so you're never late again. ✨,52,1,3,#popculture #viral #explorepage,1,92599,89013,96.1,239486,5414,155,1493,346,1334,194,7408,8.32,1.68,0.39,0.218,0,capcut_template:2|late_callout:1,🔥🔥🔥,26.7,185,14
17977966067861079,reel,6,2026-01-08,10:00,Thu,10,how a random street vendor video became the biggest audio of the month. 👀,73,1,5,#indiatrends #internetculture #fyp #instatrend #desitrends,1,92784,46401,50.0,87630,2977,130,729,229,767,154,4065,8.76,1.57,0.49,0.332,0,none,🔥🔥🔥,35.0,359,13
17994567750499152,story,6,2026-01-08,20:35,Thu,20,quiz: guess the trend from 1 second,35,0,0,none,1,92784,6874,7.4,8565,0,56,0,20,68,6,76,1.11,0.0,0.29,0.087,0,none,none,0.0,359,13
17934638777833921,reel,6,2026-01-08,23:40,Thu,23,"internet's reaction to the new album, ranked. 😍",47,1,5,#popculture #fyp #trending #reelsindia #trend,1,92938,96538,103.9,226427,5379,331,226,578,1608,212,6514,6.75,0.23,0.6,0.22,0,none,saving this,26.7,359,13
17993693271801334,story,6,2026-01-09,09:07,Fri,9,which audio should i try next?,30,0,0,none,1,93156,4108,4.4,4917,0,22,0,12,41,4,34,0.83,0.0,0.29,0.097,0,none,none,0.0,66,7
17999923666524536,reel,6,2026-01-09,10:00,Fri,10,creator drama update: here's what actually happened. 🫶 😭,56,2,3,#trending #explorepage #instatrend,1,93156,43711,46.9,115023,2318,107,76,297,707,60,2798,6.4,0.17,0.68,0.137,0,none,you're always first,16.7,66,7
17901712176928853,story,6,2026-01-09,13:33,Fri,13,which audio should i try next?,30,0,0,none,1,93156,4786,5.1,5269,0,22,0,14,47,4,36,0.75,0.0,0.29,0.084,0,none,none,0.0,66,7
17975263434655515,story,6,2026-01-09,17:30,Fri,17,reposting the best version of this trend,40,0,0,none,1,93156,5793,6.2,6637,0,44,0,17,57,5,61,1.05,0.0,0.29,0.086,0,none,none,0.0,66,7
17969774591024731,reel,6,2026-01-10,13:40,Sat,13,this meme started on a 2014 forum. here's the full story.,57,0,0,none,1,93239,85023,91.2,237239,4999,147,1140,409,1599,263,6695,7.87,1.34,0.48,0.309,0,none,finally someone explained it,25.0,335,45
17969109297803500,reel,6,2026-01-10,19:50,Sat,19,doing the trend 2 weeks late because i'm a professional. 💯 😍,60,2,5,#explorepage #instatrend #trendalert #popculture #fyp,1,93502,12607,13.5,26339,851,44,26,22,191,8,943,7.48,0.21,0.17,0.063,0,late_callout:23,obsessed,27.3,335,45
17973184713138936,carousel,6,2026-01-10,22:10,Sat,22,"internet's reaction to the new album, ranked. 😭",47,1,8,#desitrends #fyp #trend #reelsindia #trending #viral #popculture #instatrend,8,93510,54430,58.2,69616,3152,196,143,278,957,109,3769,6.92,0.26,0.51,0.2,0,none,ok this is so good,35.0,335,45
17963260254494482,story,6,2026-01-11,13:23,Sun,13,question box: what trend confuses you?,38,0,0,none,1,93584,5912,6.3,6352,0,52,0,17,59,5,69,1.17,0.0,0.29,0.085,52,none,none,0.0,202,9
17988046613050269,carousel,6,2026-01-11,16:40,Sun,16,3 trends that died this week and why.,37,0,3,#instatrend #trendalert #desitrends,3,93584,14312,15.3,17807,975,43,257,107,282,57,1382,9.66,1.8,0.75,0.398,0,none,LMAO,16.3,202,9
17987346754571988,story,6,2026-01-11,20:49,Sun,20,poll: seen this trend yet?,26,0,0,none,1,93584,4447,4.8,5380,0,40,0,13,44,4,53,1.19,0.0,0.29,0.09,0,none,none,0.0,202,9
17954032228472546,story,6,2026-01-11,22:13,Sun,22,question box: what trend confuses you?,38,0,0,none,1,93584,6961,7.4,8929,0,18,0,20,69,6,38,0.55,0.0,0.29,0.086,18,none,none,0.0,202,9
17950325845304760,carousel,6,2026-01-11,22:40,Sun,22,how a random street vendor video became the biggest audio of the month. 👀 😍,75,2,12,#trend #trendalert #trending #fyp #explorepage #desitrends #internetculture #viral #instatrend #reelsindia #indiatrends #popculture,5,93641,41622,44.4,60037,2823,154,553,264,690,139,3794,9.12,1.33,0.63,0.334,0,none,LMAO,23.3,202,9
17934998591627863,story,7,2026-01-12,13:51,Mon,13,reposting the best version of this trend,40,0,0,none,1,93784,6798,7.2,8393,0,70,0,20,67,6,90,1.32,0.0,0.29,0.088,0,none,none,0.0,69,11
17976968032178637,reel,7,2026-01-12,16:20,Mon,16,attempting the trend with zero rehearsal. 😂,43,1,5,#instatrend #explorepage #reelsindia #viral #trend,1,93784,39755,42.4,80392,2705,85,178,248,598,70,3216,8.09,0.45,0.62,0.176,0,capcut_template:1|tutorial_request:2|late_callout:1,LMAO,30.0,69,11
17950155601287873,story,7,2026-01-12,17:40,Mon,17,poll: seen this trend yet?,26,0,0,none,1,93784,4795,5.1,5416,0,16,0,14,47,4,30,0.63,0.0,0.29,0.083,0,none,none,0.0,69,11
17988337500589379,story,7,2026-01-13,10:58,Tue,10,sneak peek of tomorrow's reel,29,0,0,none,1,93873,3818,4.1,4229,0,18,0,11,38,3,29,0.76,0.0,0.29,0.079,0,none,none,0.0,489,9
17955621149701095,reel,7,2026-01-13,12:50,Tue,12,the award show moment everyone's talking about.,47,0,5,#trending #trendalert #internetculture #indiatrends #reelsindia,1,93873,57890,61.7,113763,3576,184,156,441,1067,143,4357,7.53,0.27,0.76,0.247,0,none,not the comments section 💀,28.3,489,9
17905319415505741,reel,7,2026-01-13,21:00,Tue,21,this dance is 12 hours old and already at 2M views. 😭,53,1,2,#explorepage #reelsindia,1,94016,108740,115.7,218585,7250,371,504,871,1955,341,8996,8.27,0.46,0.8,0.314,1,capcut_template:4|tutorial_request:2|late_callout:3,obsessed,25.0,489,9
17995593175297060,reel,7,2026-01-13,23:10,Tue,23,doing the trend 2 weeks late because i'm a professional.,56,0,3,#popculture #fyp #trend,1,94357,18831,20.0,40642,1154,36,29,33,352,11,1252,6.65,0.15,0.18,0.058,0,late_callout:10,old trend,19.4,489,9
17934177855117081,image,7,2026-01-14,10:20,Wed,10,how a random street vendor video became the biggest audio of the month. 🔥,73,1,10,#explorepage #internetculture #instatrend #viral #indiatrends #trend #trendalert #reelsindia #fyp #trending,1,94371,12636,13.4,18563,684,34,140,74,181,37,932,7.38,1.11,0.59,0.293,0,none,🔥🔥🔥,14.7,111,14
17977896450195586,story,7,2026-01-14,13:54,Wed,13,sneak peek of tomorrow's reel,29,0,0,none,1,94371,5166,5.5,5484,0,44,0,15,51,5,59,1.14,0.0,0.29,0.097,0,none,none,0.0,111,14
17965790646260435,carousel,7,2026-01-14,23:30,Wed,23,the award show moment everyone's talking about.,47,0,5,#indiatrends #instatrend #explorepage #popculture #trendalert,10,94408,38719,41.0,54335,2446,123,141,316,789,83,3026,7.82,0.36,0.82,0.214,0,none,that moment was iconic,28.3,111,14
17936029405268809,carousel,7,2026-01-15,08:00,Thu,8,"internet's reaction to the new album, ranked. 👀 💀",49,2,8,#instatrend #fyp #popculture #trend #trendalert #explorepage #desitrends #trending,3,94500,22249,23.5,34697,1429,50,60,153,318,38,1692,7.6,0.27,0.69,0.171,0,none,saving this,30.0,376,13
17960531114524692,story,7,2026-01-15,09:14,Thu,9,reposting the best version of this trend,40,0,0,none,1,94500,7291,7.7,7902,0,80,0,21,72,7,101,1.39,0.0,0.29,0.096,0,none,none,0.0,376,13
17984707347656645,story,7,2026-01-15,10:08,Thu,10,reposting the best version of this trend,40,0,0,none,1,94500,5482,5.8,6583,0,20,0,16,54,5,36,0.66,0.0,0.29,0.091,0,none,none,0.0,376,13
17947797471081837,story,7,2026-01-15,10:23,Thu,10,reposting the best version of this trend,40,0,0,none,1,94500,5741,6.1,6793,0,12,0,17,57,5,29,0.51,0.0,0.3,0.087,0,none,none,0.0,376,13
17930398780329800,reel,7,2026-01-15,12:10,Thu,12,doing the trend 2 weeks late because i'm a professional. 👀 💯,60,2,2,#indiatrends #trend,1,94538,20071,21.2,39362,1315,46,33,34,357,14,1428,7.11,0.16,0.17,0.07,0,late_callout:14,🔥🔥🔥,28.3,376,13
17965293124433335,story,7,2026-01-15,22:04,Thu,22,quiz: guess the trend from 1 second,35,0,0,none,1,94500,7083,7.5,8590,0,37,0,21,70,7,58,0.82,0.0,0.3,0.099,0,none,none,0.0,376,13
17924074507358180,story,7,2026-01-15,22:17,Thu,22,quiz: guess the trend from 1 second,35,0,0,none,1,94500,6137,6.5,6515,0,64,0,18,61,6,82,1.34,0.0,0.29,0.098,0,none,none,0.0,376,13
17933050283154811,reel,7,2026-01-15,23:40,Thu,23,how a random street vendor video became the biggest audio of the month. 👀,73,1,5,#trendalert #reelsindia #trending #indiatrends #fyp,1,94552,93360,98.7,227636,6141,258,1582,580,1893,307,8561,9.17,1.69,0.62,0.329,0,none,saving this,18.3,376,13
17956908136652229,reel,7,2026-01-16,12:20,Fri,12,the finale everyone's fighting about in the comments.,53,0,10,#explorepage #instatrend #reelsindia #internetculture #trending #trendalert #fyp #popculture #indiatrends #viral,1,94871,32797,34.6,61892,1796,76,77,170,485,50,2119,6.46,0.23,0.52,0.152,0,none,obsessed,25.0,440,12
17922251617638979,reel,7,2026-01-16,23:40,Fri,23,how a random street vendor video became the biggest audio of the month. ✨,73,1,2,#trend #reelsindia,1,94921,111128,117.1,243938,6680,335,1709,535,2132,402,9259,8.33,1.54,0.48,0.362,0,none,obsessed,15.0,440,12
17966181107007250,story,7,2026-01-17,09:16,Sat,9,reposting the best version of this trend,40,0,0,none,1,95336,4514,4.7,5082,0,49,0,13,45,4,62,1.37,0.0,0.29,0.089,0,none,none,0.0,326,8
17941492498424599,carousel,7,2026-01-17,10:30,Sat,10,i tried the 5-second outfit change trend. 🙌,43,1,10,#trending #fyp #indiatrends #reelsindia #popculture #internetculture #viral #trendalert #desitrends #explorepage,8,95336,15094,15.8,18902,785,36,45,65,223,31,931,6.17,0.3,0.43,0.205,0,capcut_template:1|tutorial_request:1|late_callout:1,you're always first,30.6,326,8
17981742922615688,reel,7,2026-01-17,13:00,Sat,13,3 trends that died this week and why.,37,0,0,none,1,95367,89085,93.4,165937,6070,377,1645,583,1746,299,8675,9.74,1.85,0.65,0.336,0,none,ok this is so good,20.0,326,8
17961912017358012,story,7,2026-01-18,10:49,Sun,10,which audio should i try next?,30,0,0,none,1,95678,6516,6.8,7372,0,17,0,19,65,6,36,0.55,0.0,0.29,0.092,0,none,none,0.0,247,11
17999115495322850,reel,7,2026-01-18,19:10,Sun,19,this meme started on a 2014 forum. here's the full story. 👀 🔥 💯 🫶,65,4,5,#internetculture #popculture #reelsindia #explorepage #instatrend,1,95678,29924,31.3,62306,1831,81,409,195,498,96,2516,8.41,1.37,0.65,0.321,0,none,LMAO,31.7,247,11
17904464025430203,story,7,2026-01-18,20:17,Sun,20,which audio should i try next?,30,0,0,none,1,95678,6510,6.8,7040,0,68,0,19,65,6,87,1.34,0.0,0.29,0.092,0,none,none,0.0,247,11
17964961959562595,story,7,2026-01-18,22:07,Sun,22,quiz: guess the trend from 1 second,35,0,0,none,1,95678,5313,5.6,6402,0,40,0,15,53,5,55,1.04,0.0,0.28,0.094,0,none,none,0.0,247,11
17968992280986824,story,7,2026-01-18,22:54,Sun,22,question box: what trend confuses you?,38,0,0,none,1,95678,7034,7.4,8992,0,47,0,21,70,7,68,0.97,0.0,0.3,0.1,47,none,none,0.0,247,11
17943479437678750,reel,7,2026-01-18,23:00,Sun,23,the finale everyone's fighting about in the comments.,53,0,2,#explorepage #popculture,1,95774,58386,61.0,162515,3286,90,180,375,1062,138,3931,6.73,0.31,0.64,0.236,0,none,that moment was iconic,23.3,247,11
17989095762594339,reel,8,2026-01-19,08:10,Mon,8,the award show moment everyone's talking about. 🔥 💯 😂 😍,55,4,2,#trending #popculture,1,95914,31388,32.7,62259,1743,59,85,163,431,51,2050,6.53,0.27,0.52,0.162,0,none,that moment was iconic,28.8,273,15
17931484061208612,story,8,2026-01-19,09:56,Mon,9,question box: what trend confuses you?,38,0,0,none,1,95914,5487,5.7,5930,0,34,0,16,54,5,50,0.91,0.0,0.29,0.091,34,none,none,0.0,273,15
17930207603292983,story,8,2026-01-19,10:52,Mon,10,reposting the best version of this trend,40,0,0,none,1,95914,4077,4.3,4847,0,39,0,12,40,4,51,1.25,0.0,0.29,0.098,0,none,none,0.0,273,15
17912989962158623,image,8,2026-01-19,16:00,Mon,16,"every trend you missed this week, in one carousel.",50,0,2,#viral #indiatrends,1,95965,8747,9.1,11317,545,30,158,39,155,24,772,8.83,1.81,0.45,0.274,0,capcut_template:1|late_callout:1,my sunday ritual,33.3,273,15
17975570656672450,reel,8,2026-01-19,22:10,Mon,22,this meme started on a 2014 forum. here's the full story. 😂,59,1,8,#desitrends #trend #fyp #internetculture #reelsindia #popculture #explorepage #indiatrends,1,95989,67622,70.4,160640,3513,143,808,303,1246,198,4767,7.05,1.19,0.45,0.293,0,none,😭😭,28.3,273,15
17974829466156631,story,8,2026-01-19,22:51,Mon,22,question box: what trend confuses you?,38,0,0,none,1,95914,6128,6.4,7248,0,46,0,18,61,6,64,1.04,0.0,0.29,0.098,46,none,none,0.0,273,15
17935911714853968,story,8,2026-01-20,10:37,Tue,10,poll: seen this trend yet?,26,0,0,none,1,96200,5685,5.9,6875,0,64,0,17,56,5,81,1.42,0.0,0.3,0.088,0,none,none,0.0,266,14
17980357975331717,carousel,8,2026-01-20,18:00,Tue,18,spotted this on 40 accounts in 6 hours. it's starting. 😂,56,1,2,#internetculture #indiatrends,5,96200,57918,60.2,82196,3938,211,344,547,1042,193,5040,8.7,0.59,0.94,0.333,0,capcut_template:4|tutorial_request:1|late_callout:3,need this energy,18.3,266,14
17988361411178310,carousel,8,2026-01-20,21:20,Tue,21,the brand deal controversy explained.,37,0,3,#trend #instatrend #viral,6,96393,50743,52.6,66708,3330,140,86,314,962,82,3870,7.63,0.17,0.62,0.162,0,none,"unfollowing, this is so negative",21.7,266,14
17979863221444251,story,8,2026-01-21,09:16,Wed,9,quiz: guess the trend from 1 second,35,0,0,none,1,96471,7479,7.8,8860,0,82,0,22,74,7,104,1.39,0.0,0.29,0.094,0,none,none,0.0,695,23
17912341117793225,reel,8,2026-01-21,16:00,Wed,16,trend recap: save this so you're never late again. 😭,52,1,8,#internetculture #instatrend #trending #trendalert #explorepage #viral #desitrends #fyp,1,96471,45038,46.7,81606,2756,150,880,189,786,121,3975,8.83,1.95,0.42,0.269,1,capcut_template:3|late_callout:2,saving this,21.7,695,23
17965476940660217,story,8,2026-01-21,20:25,Wed,20,reposting the best version of this trend,40,0,0,none,1,96471,6319,6.6,7106,0,27,0,18,63,6,45,0.71,0.0,0.28,0.095,0,none,none,0.0,695,23
17976839146648089,story,8,2026-01-21,22:37,Wed,22,reposting the best version of this trend,40,0,0,none,1,96471,6415,6.6,6887,0,24,0,19,64,6,43,0.67,0.0,0.3,0.094,0,none,none,0.0,695,23
17987306145255467,reel,8,2026-01-21,23:20,Wed,23,this dance is 12 hours old and already at 2M views. 💯,53,1,2,#internetculture #trend,1,96592,141084,146.1,322241,8398,355,592,1109,2683,578,10454,7.41,0.42,0.79,0.41,1,capcut_template:4|tutorial_request:4|late_callout:2,obsessed,25.0,695,23
17939870182582978,reel,8,2026-01-22,10:40,Thu,10,doing the trend 2 weeks late because i'm a professional. 👀,58,1,3,#popculture #viral #explorepage,1,97173,8877,9.1,22729,516,17,16,14,126,5,563,6.34,0.18,0.16,0.056,0,late_callout:8,this is so last week,29.4,-4,9
17929001824961748,carousel,8,2026-01-23,08:10,Fri,8,this dance is 12 hours old and already at 2M views. 😭,53,1,2,#instatrend #viral,9,97193,67399,69.3,83203,3707,196,343,464,1154,223,4710,6.99,0.51,0.69,0.331,2,capcut_template:9|tutorial_request:1|late_callout:5,😭😭,20.0,536,9
17918952208068312,reel,8,2026-01-23,18:50,Fri,18,spotted this on 40 accounts in 6 hours. it's starting. 👀 🫶,58,2,0,none,1,97416,75430,77.4,176736,3968,222,363,555,1521,311,5108,6.77,0.48,0.74,0.412,1,capcut_template:2|tutorial_request:2|late_callout:2,obsessed,25.0,536,9
17932556321779025,story,8,2026-01-23,20:53,Fri,20,question box: what trend confuses you?,38,0,0,none,1,97193,4403,4.5,4973,0,15,0,13,44,4,28,0.64,0.0,0.3,0.091,15,none,none,0.0,536,9
17901060609071633,story,8,2026-01-23,22:01,Fri,22,question box: what trend confuses you?,38,0,0,none,1,97193,7727,8.0,8429,0,35,0,23,77,7,58,0.75,0.0,0.3,0.091,35,none,none,0.0,536,9
17966245324645436,story,8,2026-01-24,13:41,Sat,13,poll: seen this trend yet?,26,0,0,none,1,97742,4271,4.4,4683,0,10,0,12,42,4,22,0.52,0.0,0.28,0.094,0,none,none,0.0,287,15
17926389826290047,reel,8,2026-01-24,19:20,Sat,19,trying the viral transition so you don't have to.,49,0,5,#fyp #popculture #reelsindia #indiatrends #viral,1,97742,42299,43.3,76386,2701,93,135,221,586,78,3150,7.45,0.32,0.52,0.184,1,capcut_template:2|tutorial_request:2|late_callout:2,saving this,20.0,287,15
17941205193618686,reel,8,2026-01-24,22:50,Sat,22,why is everyone saying 'it's giving' again. explained. 🫶 👀 ✨ 🔥,62,4,10,#indiatrends #viral #desitrends #internetculture #popculture #reelsindia #trendalert #fyp #explorepage #trending,1,97820,71765,73.4,158922,3789,224,1032,422,1339,220,5467,7.62,1.44,0.59,0.307,0,none,😭😭,15.0,287,15
17917830874835508,story,8,2026-01-25,10:16,Sun,10,which audio should i try next?,30,0,0,none,1,98034,7023,7.2,8540,0,48,0,21,70,7,69,0.98,0.0,0.3,0.1,0,none,none,0.0,406,10
17955052362478356,reel,8,2026-01-25,10:30,Sun,10,this audio is about to blow up. you heard it here first. 🙌 ✨,60,2,8,#instatrend #fyp #desitrends #explorepage #viral #reelsindia #indiatrends #trending,1,98034,56427,57.6,114124,2926,91,271,422,795,166,3710,6.57,0.48,0.75,0.294,2,capcut_template:5|tutorial_request:3|late_callout:4,😭😭,28.3,406,10
17953063162806678,story,8,2026-01-25,17:23,Sun,17,sneak peek of tomorrow's reel,29,0,0,none,1,98034,4896,5.0,5711,0,26,0,14,48,4,40,0.82,0.0,0.29,0.082,0,none,none,0.0,406,10
17940791636671747,reel,8,2026-01-25,19:40,Sun,19,trying the viral recipe trend. results were mixed.,50,0,8,#trendalert #popculture #indiatrends #trending #desitrends #trend #reelsindia #fyp,1,98200,94988,96.7,182680,5079,200,248,375,1931,239,5902,6.21,0.26,0.39,0.252,1,capcut_template:5|tutorial_request:2|late_callout:1,how did you edit this,26.7,406,10
17983845732592211,story,9,2026-01-26,10:24,Mon,10,which audio should i try next?,30,0,0,none,1,98450,7039,7.1,9072,0,73,0,21,70,7,94,1.34,0.0,0.3,0.099,0,none,none,0.0,95,10
17904423896292160,story,9,2026-01-26,17:44,Mon,17,poll: seen this trend yet?,26,0,0,none,1,98450,6793,6.9,8280,0,64,0,20,67,6,84,1.24,0.0,0.29,0.088,0,none,none,0.0,95,10
17907866626796253,carousel,9,2026-01-26,18:30,Mon,18,the reality show twist that broke the internet. 👀 😭 😂 🔥,55,4,2,#trending #viral,4,98450,34660,35.2,42738,1840,98,74,163,667,81,2175,6.28,0.21,0.47,0.234,0,none,obsessed,21.7,95,10
17952248268115244,reel,9,2026-01-26,22:10,Mon,22,ok i'm late but i had to try this trend. 💀,42,1,5,#trendalert #trending #desitrends #reelsindia #fyp,1,98531,19192,19.5,34644,1212,46,39,26,322,11,1323,6.89,0.2,0.14,0.057,0,late_callout:16,late 💀,28.3,95,10
17905984568541421,reel,9,2026-01-27,12:50,Tue,12,spotted this on 40 accounts in 6 hours. it's starting.,54,0,5,#trend #reelsindia #instatrend #explorepage #fyp,1,98557,116759,118.5,261727,7354,378,681,936,2348,463,9349,8.01,0.58,0.8,0.397,0,capcut_template:3|tutorial_request:2|late_callout:2,need this energy,20.0,460,8
17931630009165714,story,9,2026-01-27,22:24,Tue,22,quiz: guess the trend from 1 second,35,0,0,none,1,98557,5242,5.3,5790,0,36,0,15,52,5,51,0.97,0.0,0.29,0.095,0,none,none,0.0,460,8
17996646706818943,story,9,2026-01-28,09:26,Wed,9,poll: seen this trend yet?,26,0,0,none,1,99024,7254,7.3,8689,0,54,0,21,72,7,75,1.03,0.0,0.29,0.096,0,none,none,0.0,416,11
17968340853555473,story,9,2026-01-28,13:08,Wed,13,reposting the best version of this trend,40,0,0,none,1,99024,7057,7.1,7586,0,35,0,21,70,7,56,0.79,0.0,0.3,0.099,0,none,none,0.0,416,11
17936683053189008,carousel,9,2026-01-28,16:30,Wed,16,new filter just dropped and it's already doing numbers. 🔥,57,1,2,#indiatrends #trending,7,99024,36365,36.7,48784,2098,87,167,284,735,132,2636,7.25,0.46,0.78,0.363,1,capcut_template:9|tutorial_request:1|late_callout:5,😭😭,26.7,416,11
17995295193604091,reel,9,2026-01-28,19:20,Wed,19,this dance is 12 hours old and already at 2M views. 😭,53,1,5,#trendalert #reelsindia #desitrends #trend #explorepage,1,99156,55351,55.8,139293,3546,203,332,427,752,136,4508,8.14,0.6,0.77,0.246,1,capcut_template:5|tutorial_request:4|late_callout:4,obsessed,20.0,416,11
17995737163185260,story,9,2026-01-28,20:04,Wed,20,sneak peek of tomorrow's reel,29,0,0,none,1,99024,5872,5.9,6376,0,49,0,17,58,5,66,1.12,0.0,0.29,0.085,0,none,none,0.0,416,11
17930590728296838,carousel,9,2026-01-28,21:10,Wed,21,this meme started on a 2014 forum. here's the full story. 🫶 💯 🔥 ✨,65,4,12,#internetculture #indiatrends #desitrends #fyp #instatrend #trending #popculture #viral #reelsindia #explorepage #trend #trendalert,6,99292,49465,49.8,76796,3103,120,688,277,830,134,4188,8.47,1.39,0.56,0.271,0,none,obsessed,18.3,416,11
17920713391742959,story,9,2026-01-28,22:24,Wed,22,reposting the best version of this trend,40,0,0,none,1,99024,6823,6.9,7999,0,38,0,20,68,6,58,0.85,0.0,0.29,0.088,0,none,none,0.0,416,11
17951561579510304,reel,9,2026-01-29,08:10,Thu,8,3 trends that died this week and why. 😂 😭,41,2,2,#popculture #instatrend,1,99425,58929,59.3,132605,3522,126,843,361,822,136,4852,8.23,1.43,0.61,0.231,0,none,LMAO,33.3,235,10
17956732489616799,carousel,9,2026-01-29,16:10,Thu,16,the award show moment everyone's talking about.,47,0,8,#trend #fyp #trending #reelsindia #trendalert #indiatrends #internetculture #viral,7,99561,15174,15.2,21690,859,36,35,82,254,28,1012,6.67,0.23,0.54,0.185,0,none,LMAO,38.9,235,10
17975055476056933,story,9,2026-01-29,17:14,Thu,17,poll: seen this trend yet?,26,0,0,none,1,99425,6499,6.5,7869,0,55,0,19,64,6,74,1.14,0.0,0.29,0.092,0,none,none,0.0,235,10
17941687376597840,reel,9,2026-01-29,19:10,Thu,19,"the influencer apology video, broken down. ✨ 😂",46,2,3,#trending #instatrend #popculture,1,99589,48263,48.5,134749,3239,178,88,394,923,64,3899,8.08,0.18,0.82,0.133,0,none,who asked,15.0,235,10
17960205448179639,story,9,2026-01-29,20:15,Thu,20,reposting the best version of this trend,40,0,0,none,1,99425,6095,6.1,7802,0,22,0,18,60,6,40,0.66,0.0,0.3,0.098,0,none,none,0.0,235,10
17993138949018643,story,9,2026-01-29,22:15,Thu,22,question box: what trend confuses you?,38,0,0,none,1,99425,5101,5.1,6245,0,25,0,15,51,5,40,0.78,0.0,0.29,0.098,25,none,none,0.0,235,10
17918607179707042,carousel,9,2026-01-30,12:10,Fri,12,3 trends that died this week and why. 💯 👀,41,2,8,#fyp #trending #explorepage #indiatrends #internetculture #trend #instatrend #trendalert,5,99673,44812,45.0,54622,2692,122,691,277,852,146,3782,8.44,1.54,0.62,0.326,0,none,wait that's so interesting,23.3,171,32
17968848613872754,carousel,9,2026-01-30,18:10,Fri,18,trying the viral recipe trend. results were mixed.,50,0,0,none,8,99819,26872,26.9,36571,1607,88,85,144,396,57,1924,7.16,0.32,0.54,0.212,2,capcut_template:4|tutorial_request:3|late_callout:3,🔥🔥🔥,28.3,171,32
17912592202901672,story,9,2026-01-31,09:10,Sat,9,reposting the best version of this trend,40,0,0,none,1,99859,7089,7.1,8021,0,34,0,21,70,7,55,0.78,0.0,0.3,0.099,0,none,none,0.0,253,7
17954896632316708,reel,9,2026-01-31,10:30,Sat,10,this audio is about to blow up. you heard it here first.,56,0,2,#explorepage #reelsindia,1,99859,77044,77.2,194334,4000,149,318,476,1137,253,4943,6.42,0.41,0.62,0.328,1,capcut_template:7|tutorial_request:2|late_callout:7,template link??,31.7,253,7
17930888549838968,story,9,2026-02-01,09:57,Sun,9,reposting the best version of this trend,40,0,0,none,1,100134,7427,7.4,7838,0,82,0,22,74,7,104,1.4,0.0,0.3,0.094,0,none,none,0.0,108,17
17921661794081724,reel,9,2026-02-01,10:20,Sun,10,attempting the trend with zero rehearsal. ✨ 💯 🫶 🔥 😂 😍,53,6,5,#instatrend #viral #desitrends #trend #popculture,1,100134,50512,50.4,116353,3462,110,212,345,694,97,4129,8.17,0.42,0.68,0.192,0,capcut_template:3|tutorial_request:1|late_callout:2,LMAO,18.3,108,17
17989948995723019,story,9,2026-02-01,13:22,Sun,13,which audio should i try next?,30,0,0,none,1,100134,5704,5.7,6069,0,23,0,17,57,5,40,0.7,0.0,0.3,0.088,0,none,none,0.0,108,17
17962237352204135,story,9,2026-02-01,17:16,Sun,17,poll: seen this trend yet?,26,0,0,none,1,100134,5629,5.6,6957,0,64,0,16,56,5,80,1.42,0.0,0.28,0.089,0,none,none,0.0,108,17
17988743769888476,story,9,2026-02-01,22:18,Sun,22,poll: seen this trend yet?,26,0,0,none,1,100134,4382,4.4,4625,0,30,0,13,43,4,43,0.98,0.0,0.3,0.091,0,none,none,0.0,108,17
17913606752590590,story,9,2026-02-01,22:21,Sun,22,reposting the best version of this trend,40,0,0,none,1,100134,7440,7.4,8222,0,14,0,22,74,7,36,0.48,0.0,0.3,0.094,0,none,none,0.0,108,17
17906557620858901,reel,10,2026-02-02,13:10,Mon,13,ok i'm late but i had to try this trend. 😭 🔥,44,2,10,#fyp #internetculture #explorepage #trend #trendalert #popculture #desitrends #viral #instatrend #indiatrends,1,100233,15867,15.8,39697,827,37,21,18,232,8,903,5.69,0.13,0.11,0.05,0,late_callout:16,saving this,21.6,259,14
17929463930412099,story,10,2026-02-02,17:25,Mon,17,reposting the best version of this trend,40,0,0,none,1,100233,5316,5.3,6160,0,16,0,15,53,5,31,0.58,0.0,0.28,0.094,0,none,none,0.0,259,14
17916680288221410,reel,10,2026-02-02,21:10,Mon,21,how a random street vendor video became the biggest audio of the month.,71,0,8,#reelsindia #fyp #viral #trendalert #trend #trending #internetculture #instatrend,1,100241,74690,74.5,134875,4708,142,1275,361,1309,246,6486,8.68,1.71,0.48,0.329,0,none,finally someone explained it,33.3,259,14
17935150543666503,story,10,2026-02-02,22:16,Mon,22,quiz: guess the trend from 1 second,35,0,0,none,1,100233,8011,8.0,8969,0,34,0,24,80,8,58,0.72,0.0,0.3,0.1,0,none,none,0.0,259,14
17971450800345496,story,10,2026-02-02,22:23,Mon,22,poll: seen this trend yet?,26,0,0,none,1,100233,6186,6.2,6618,0,46,0,18,61,6,64,1.03,0.0,0.29,0.097,0,none,none,0.0,259,14
17926780273721051,story,10,2026-02-03,09:48,Tue,9,which audio should i try next?,30,0,0,none,1,100496,6759,6.7,7347,0,21,0,20,67,6,41,0.61,0.0,0.3,0.089,0,none,none,0.0,259,17
17913489540747196,story,10,2026-02-03,13:28,Tue,13,quiz: guess the trend from 1 second,35,0,0,none,1,100496,6678,6.6,8108,0,73,0,20,66,6,93,1.39,0.0,0.3,0.09,0,none,none,0.0,259,17
17938342254069244,reel,10,2026-02-03,18:40,Tue,18,"the trend you keep seeing, decoded. 💀",37,1,10,#explorepage #instatrend #trending #desitrends #fyp #trend #indiatrends #trendalert #reelsindia #internetculture,1,100496,30615,30.5,70794,1584,45,355,138,617,108,2122,6.93,1.16,0.45,0.353,0,none,need this energy,26.7,259,17
17905402391245744,reel,10,2026-02-03,22:20,Tue,22,trend recap: save this so you're never late again. 💀 🙌 👀 💯,58,4,8,#trend #popculture #indiatrends #trendalert #explorepage #reelsindia #viral #trending,1,100604,60306,59.9,163177,3731,133,1074,345,874,156,5283,8.76,1.78,0.57,0.259,2,capcut_template:6|late_callout:5,my sunday ritual,25.0,259,17
17994734162878026,story,10,2026-02-04,10:16,Wed,10,question box: what trend confuses you?,38,0,0,none,1,100761,4682,4.6,5682,0,27,0,14,46,4,41,0.88,0.0,0.3,0.085,27,none,none,0.0,65,8
17911657847870615,story,10,2026-02-04,17:29,Wed,17,reposting the best version of this trend,40,0,0,none,1,100761,4066,4.0,5136,0,17,0,12,40,4,29,0.71,0.0,0.3,0.098,0,none,none,0.0,65,8
17925996709206944,reel,10,2026-02-04,18:40,Wed,18,two creators are fighting and the internet chose sides. 😂 🙌 👀 🫶,63,4,8,#internetculture #viral #indiatrends #explorepage #instatrend #reelsindia #fyp #desitrends,1,100761,53897,53.5,138317,3570,134,114,426,771,58,4244,7.87,0.21,0.79,0.108,0,none,saving this,30.0,65,8
17954284675359665,story,10,2026-02-04,20:44,Wed,20,which audio should i try next?,30,0,0,none,1,100761,7792,7.7,8621,0,88,0,23,77,7,111,1.42,0.0,0.3,0.09,0,none,none,0.0,65,8
17937645373668684,reel,10,2026-02-05,10:10,Thu,10,"the trend you keep seeing, decoded. 👀 😍 ✨ 💯",43,4,2,#popculture #instatrend,1,100825,28885,28.6,79342,1485,73,316,146,587,100,2020,6.99,1.09,0.51,0.346,0,none,obsessed,21.7,68,37
17922904831132230,story,10,2026-02-05,22:13,Thu,22,sneak peek of tomorrow's reel,29,0,0,none,1,100825,5327,5.3,6038,0,63,0,15,53,5,78,1.46,0.0,0.28,0.094,0,none,none,0.0,68,37
17977999705493942,carousel,10,2026-02-06,08:50,Fri,8,trend recap: save this so you're never late again. 💯 😭 🙌 😍,58,4,0,none,3,100906,39837,39.5,59578,2257,89,675,170,635,88,3191,8.01,1.69,0.43,0.221,2,capcut_template:4|late_callout:2,how did you edit this,23.3,96,10
17961786964104085,story,10,2026-02-06,09:22,Fri,9,quiz: guess the trend from 1 second,35,0,0,none,1,100906,4561,4.5,5670,0,39,0,13,45,4,52,1.14,0.0,0.29,0.088,0,none,none,0.0,96,10
17936278216656688,story,10,2026-02-06,10:55,Fri,10,reposting the best version of this trend,40,0,0,none,1,100906,4376,4.3,5315,0,40,0,13,43,4,53,1.21,0.0,0.3,0.091,0,none,none,0.0,96,10
17912068225428282,story,10,2026-02-06,17:46,Fri,17,poll: seen this trend yet?,26,0,0,none,1,100906,4933,4.9,5604,0,24,0,14,49,4,38,0.77,0.0,0.28,0.081,0,none,none,0.0,96,10
17958278718141222,story,10,2026-02-06,20:48,Fri,20,which audio should i try next?,30,0,0,none,1,100906,6457,6.4,8116,0,68,0,19,64,6,87,1.35,0.0,0.29,0.093,0,none,none,0.0,96,10
17954670559920109,reel,10,2026-02-07,08:20,Sat,8,why is everyone saying 'it's giving' again. explained.,54,0,10,#fyp #reelsindia #internetculture #viral #trendalert #indiatrends #popculture #instatrend #explorepage #trend,1,101013,47014,46.5,105924,3101,185,643,259,672,112,4188,8.91,1.37,0.55,0.238,0,none,wait that's so interesting,18.3,167,10
17964435738537595,story,10,2026-02-07,20:58,Sat,20,reposting the best version of this trend,40,0,0,none,1,101013,6284,6.2,6830,0,42,0,18,62,6,60,0.95,0.0,0.29,0.095,0,none,none,0.0,167,10
17987994111562486,story,10,2026-02-07,22:40,Sat,22,question box: what trend confuses you?,38,0,0,none,1,101013,6122,6.1,7434,0,28,0,18,61,6,46,0.75,0.0,0.29,0.098,28,none,none,0.0,167,10
17922739489225064,image,10,2026-02-07,23:10,Sat,23,that celebrity wedding had one detail nobody noticed. 🔥,55,1,12,#instatrend #fyp #reelsindia #trendalert #popculture #explorepage #viral #internetculture #trend #trending #indiatrends #desitrends,1,101125,26214,25.9,38716,1643,47,86,166,519,53,1942,7.41,0.33,0.63,0.202,0,none,😭😭,23.4,167,10
17987487173116859,story,10,2026-02-08,09:23,Sun,9,which audio should i try next?,30,0,0,none,1,101192,7494,7.4,9058,0,48,0,22,74,7,70,0.93,0.0,0.29,0.093,0,none,none,0.0,170,13
17971656391385220,reel,10,2026-02-08,19:50,Sun,19,trend recap: save this so you're never late again.,50,0,5,#trending #popculture #trend #viral #desitrends,1,101192,62753,62.0,167619,4102,192,1034,361,1190,170,5689,9.07,1.65,0.58,0.271,0,capcut_template:3|late_callout:3,obsessed,21.7,170,13
17944412576859910,story,10,2026-02-08,20:56,Sun,20,which audio should i try next?,30,0,0,none,1,101192,6766,6.7,8325,0,41,0,20,67,6,61,0.9,0.0,0.3,0.089,0,none,none,0.0,170,13
17996231305369543,carousel,11,2026-02-09,12:50,Mon,12,creator drama update: here's what actually happened. ✨ 💯,56,2,10,#explorepage #indiatrends #trendalert #reelsindia #viral #fyp #popculture #instatrend #internetculture #trend,5,101363,34316,33.9,42486,1962,80,53,222,636,42,2317,6.75,0.15,0.65,0.122,0,none,LMAO,16.7,395,14
17930416108722447,story,11,2026-02-09,13:45,Mon,13,question box: what trend confuses you?,38,0,0,none,1,101363,4499,4.4,5072,0,18,0,13,44,4,31,0.69,0.0,0.29,0.089,18,none,none,0.0,395,14
17933292806125797,story,11,2026-02-09,17:50,Mon,17,question box: what trend confuses you?,38,0,0,none,1,101363,4189,4.1,4683,0,19,0,12,41,4,31,0.74,0.0,0.29,0.095,19,none,none,0.0,395,14
17961457545428822,image,11,2026-02-09,19:50,Mon,19,trying the viral recipe trend. results were mixed.,50,0,8,#fyp #desitrends #trend #explorepage #viral #trendalert #internetculture #reelsindia,1,101405,17561,17.3,23559,1071,39,69,98,327,45,1277,7.27,0.39,0.56,0.256,0,capcut_template:1|tutorial_request:3|late_callout:1,need this energy,20.5,395,14
17989221478581419,story,11,2026-02-09,20:32,Mon,20,reposting the best version of this trend,40,0,0,none,1,101363,7223,7.1,8588,0,75,0,21,72,7,96,1.33,0.0,0.29,0.097,0,none,none,0.0,395,14
17995620770406210,carousel,11,2026-02-09,21:20,Mon,21,spotted this on 40 accounts in 6 hours. it's starting. 😂 😍 😭 👀,62,4,8,#popculture #trend #trending #internetculture #fyp #indiatrends #reelsindia #desitrends,5,101450,100960,99.5,132105,5810,336,555,845,1781,307,7546,7.47,0.55,0.84,0.304,0,capcut_template:1|tutorial_request:6,ok this is so good,21.7,395,14
17939303747460921,carousel,11,2026-02-10,10:40,Tue,10,every festive trend of the week in one place. 😂 😭 🔥 🫶,53,4,8,#trend #reelsindia #trendalert #indiatrends #explorepage #trending #fyp #desitrends,9,101763,29171,28.7,40369,1953,87,194,188,530,82,2422,8.3,0.67,0.64,0.281,0,none,obsessed,31.7,407,36
17924568858552431,story,11,2026-02-10,13:25,Tue,13,poll: seen this trend yet?,26,0,0,none,1,101763,6161,6.1,6632,0,53,0,18,61,6,71,1.15,0.0,0.29,0.097,0,none,none,0.0,407,36
17959043257617069,reel,11,2026-02-10,16:00,Tue,16,where did this audio even come from? a 60 second history. ✨ 😭 🔥 😍,65,4,5,#fyp #trending #instatrend #reelsindia #popculture,1,101845,52431,51.5,120374,3143,124,793,335,809,159,4395,8.38,1.51,0.64,0.303,0,none,need this energy,21.7,407,36
17930617780707752,story,11,2026-02-10,20:23,Tue,20,quiz: guess the trend from 1 second,35,0,0,none,1,101763,5307,5.2,5728,0,45,0,15,53,5,60,1.13,0.0,0.28,0.094,0,none,none,0.0,407,36
17944449610856263,reel,11,2026-02-10,21:00,Tue,21,my mom tried the trend. she did it better. 🫶 💯,46,2,5,#fyp #desitrends #explorepage #reelsindia #instatrend,1,102004,77133,75.6,212345,4252,185,259,316,1286,185,5012,6.5,0.34,0.41,0.24,2,capcut_template:7|tutorial_request:3|late_callout:4,saving this,30.0,407,36
17924180913804443,story,11,2026-02-10,22:13,Tue,22,question box: what trend confuses you?,38,0,0,none,1,101763,6304,6.2,7029,0,17,0,18,63,6,35,0.56,0.0,0.29,0.095,17,none,none,0.0,407,36
17953867155367445,story,11,2026-02-11,10:03,Wed,10,poll: seen this trend yet?,26,0,0,none,1,102163,4594,4.5,4953,0,33,0,13,45,4,46,1.0,0.0,0.28,0.087,0,none,none,0.0,129,11
17906022015738153,reel,11,2026-02-11,19:20,Wed,19,the 7 audios that ran the internet this week. 👀 🙌 😂 🔥,53,4,12,#internetculture #trending #reelsindia #indiatrends #instatrend #popculture #trendalert #trend #fyp #viral #explorepage #desitrends,1,102163,57389,56.2,156525,3411,118,1139,299,923,136,4967,8.65,1.98,0.52,0.237,4,capcut_template:6|late_callout:6,ok this is so good,30.0,129,11
17995894099463865,carousel,11,2026-02-12,08:40,Thu,8,my mom tried the trend. she did it better.,42,0,5,#reelsindia #popculture #explorepage #instatrend #trend,5,102298,32934,32.2,40233,1963,92,96,145,567,75,2296,6.97,0.29,0.44,0.228,1,capcut_template:1|tutorial_request:6|late_callout:1,🔥🔥🔥,30.0,59,16
17930304095910897,story,11,2026-02-13,20:40,Fri,20,quiz: guess the trend from 1 second,35,0,0,none,1,102372,4198,4.1,4556,0,24,0,12,41,4,36,0.86,0.0,0.29,0.095,0,none,none,0.0,101,12
17957307085294363,carousel,11,2026-02-13,21:20,Fri,21,"weekly trend report: what's up, what's done, what's next. 💀 🙌",61,2,0,none,3,102372,39961,39.0,61139,2045,65,480,170,699,109,2760,6.91,1.2,0.43,0.273,0,capcut_template:4|late_callout:1,ok this is so good,31.7,101,12
17968951943575861,image,11,2026-02-14,12:20,Sat,12,i tried the 5-second outfit change trend.,41,0,12,#internetculture #instatrend #trend #trendalert #explorepage #indiatrends #desitrends #trending #reelsindia #viral #fyp #popculture,1,102476,8792,8.6,10911,547,30,36,45,134,19,658,7.48,0.41,0.51,0.216,1,capcut_template:3|tutorial_request:2|late_callout:3,😭😭,43.3,7,12
17980007104366517,reel,11,2026-02-15,08:40,Sun,8,why is everyone saying 'it's giving' again. explained. 💯,56,1,5,#indiatrends #reelsindia #instatrend #trending #explorepage,1,102489,92464,90.2,231693,4832,188,1371,498,1769,304,6889,7.45,1.48,0.54,0.329,0,none,ok this is so good,30.0,405,15
17912060837512795,reel,11,2026-02-15,10:20,Sun,10,"every trend you missed this week, in one carousel. 💀",52,1,5,#popculture #explorepage #trendalert #reelsindia #instatrend,1,102793,46848,45.6,92121,2562,138,781,205,645,104,3686,7.87,1.67,0.44,0.222,2,capcut_template:7|late_callout:4,need this energy,26.7,405,15
17961683662260129,story,11,2026-02-15,10:42,Sun,10,sneak peek of tomorrow's reel,29,0,0,none,1,102489,5253,5.1,6397,0,23,0,15,52,5,38,0.72,0.0,0.29,0.095,0,none,none,0.0,405,15
17920509174254444,story,11,2026-02-15,17:36,Sun,17,poll: seen this trend yet?,26,0,0,none,1,102489,7758,7.6,8753,0,38,0,23,77,7,61,0.79,0.0,0.3,0.09,0,none,none,0.0,405,15
17948637228585929,story,12,2026-02-16,09:00,Mon,9,question box: what trend confuses you?,38,0,0,none,1,102900,6718,6.5,7364,0,61,0,20,67,6,81,1.21,0.0,0.3,0.089,61,none,none,0.0,118,16
17906337030570035,story,12,2026-02-16,09:29,Mon,9,question box: what trend confuses you?,38,0,0,none,1,102900,4950,4.8,6172,0,18,0,14,49,4,32,0.65,0.0,0.28,0.081,18,none,none,0.0,118,16
17953721579663206,reel,12,2026-02-16,21:10,Mon,21,i tried the 5-second outfit change trend. 🙌,43,1,12,#instatrend #trend #popculture #trendalert #explorepage #viral #reelsindia #fyp #trending #indiatrends #desitrends #internetculture,1,102900,49074,47.7,121217,2731,140,135,261,937,124,3267,6.66,0.28,0.53,0.253,1,capcut_template:2|tutorial_request:4|late_callout:1,tutorial pls,23.3,118,16
17922239577008719,image,12,2026-02-17,18:40,Tue,18,the 7 audios that ran the internet this week. 💯,47,1,2,#trendalert #trending,1,103036,21192,20.6,27613,1196,45,282,107,337,54,1630,7.69,1.33,0.5,0.255,0,capcut_template:2|late_callout:1,the only recap i trust,26.7,230,9
17993566857739965,reel,12,2026-02-17,22:30,Tue,22,"weekly trend report: what's up, what's done, what's next.",57,0,2,#indiatrends #explorepage,1,103090,64037,62.1,138498,4118,212,953,311,1094,185,5594,8.74,1.49,0.49,0.289,1,capcut_template:3|late_callout:3,LMAO,20.0,230,9
17968985058822246,reel,12,2026-02-18,19:30,Wed,19,3 trends that died this week and why. 😍,39,1,8,#instatrend #trending #trendalert #reelsindia #explorepage #fyp #popculture #desitrends,1,103295,74921,72.5,160092,4641,216,1229,491,1095,216,6577,8.78,1.64,0.66,0.288,0,none,i had no idea,28.3,204,17
17919142574424269,story,12,2026-02-18,20:48,Wed,20,which audio should i try next?,30,0,0,none,1,103295,5350,5.2,6143,0,58,0,16,53,5,74,1.38,0.0,0.3,0.093,0,none,none,0.0,204,17
17948341265443729,carousel,12,2026-02-19,08:20,Thu,8,creator drama update: here's what actually happened. 😂 😍 💀 🫶,60,4,8,#trend #explorepage #popculture #viral #indiatrends #instatrend #fyp #desitrends,3,103509,27696,26.8,35348,1574,84,49,186,440,34,1893,6.83,0.18,0.67,0.123,0,none,ok this is so good,18.3,35,12
17949124500323770,story,12,2026-02-19,22:15,Thu,22,poll: seen this trend yet?,26,0,0,none,1,103509,8070,7.8,9727,0,71,0,24,80,8,95,1.18,0.0,0.3,0.099,0,none,none,0.0,35,12
17950393751685672,story,12,2026-02-19,22:34,Thu,22,quiz: guess the trend from 1 second,35,0,0,none,1,103509,5626,5.4,7149,0,37,0,16,56,5,53,0.94,0.0,0.28,0.089,0,none,none,0.0,35,12
17919349364594293,carousel,12,2026-02-20,10:20,Fri,10,this audio is about to blow up. you heard it here first. 🔥,58,1,2,#popculture #trend,9,103555,58579,56.6,87922,3272,138,268,402,1157,199,4080,6.96,0.46,0.69,0.34,1,capcut_template:3|tutorial_request:4|late_callout:3,🔥🔥🔥,21.7,594,30
17974520503444571,story,12,2026-02-20,17:33,Fri,17,quiz: guess the trend from 1 second,35,0,0,none,1,103555,4506,4.4,5241,0,30,0,13,45,4,43,0.95,0.0,0.29,0.089,0,none,none,0.0,594,30
17997832385199133,story,12,2026-02-20,20:03,Fri,20,quiz: guess the trend from 1 second,35,0,0,none,1,103555,6155,5.9,6972,0,25,0,18,61,6,43,0.7,0.0,0.29,0.097,0,none,none,0.0,594,30
17936898212981553,reel,12,2026-02-20,23:50,Fri,23,calling it now: this format is next week's everything. ✨ 🫶,58,2,0,none,1,103754,104359,100.6,255611,5512,245,426,741,1947,415,6924,6.63,0.41,0.71,0.398,0,capcut_template:4|tutorial_request:5|late_callout:4,LMAO,31.7,594,30
17967739370591979,carousel,12,2026-02-21,08:30,Sat,8,trying the viral transition so you don't have to.,49,0,0,none,6,104157,27751,26.6,40392,1795,93,109,167,408,48,2164,7.8,0.39,0.6,0.173,1,capcut_template:3|tutorial_request:2|late_callout:2,need this energy,26.7,244,11
17951195101800969,story,12,2026-02-21,10:58,Sat,10,question box: what trend confuses you?,38,0,0,none,1,104157,6178,5.9,7465,0,69,0,18,61,6,87,1.41,0.0,0.29,0.097,69,none,none,0.0,244,11
17956029750103439,reel,12,2026-02-21,13:10,Sat,13,how a random street vendor video became the biggest audio of the month. 🔥,73,1,3,#explorepage #internetculture #instatrend,1,104205,89030,85.4,167623,4832,219,1376,551,1253,197,6978,7.84,1.55,0.62,0.221,0,none,finally someone explained it,28.3,244,11
17907985950494959,story,12,2026-02-21,13:53,Sat,13,sneak peek of tomorrow's reel,29,0,0,none,1,104157,4728,4.5,5695,0,14,0,14,47,4,28,0.59,0.0,0.3,0.085,0,none,none,0.0,244,11
17905196365635856,story,12,2026-02-22,13:25,Sun,13,poll: seen this trend yet?,26,0,0,none,1,104401,4779,4.6,5608,0,37,0,14,47,4,51,1.07,0.0,0.29,0.084,0,none,none,0.0,230,9
17900277521323943,reel,12,2026-02-22,18:20,Sun,18,the finale everyone's fighting about in the comments. 🫶 😂 🙌 💯,61,4,2,#instatrend #desitrends,1,104401,66443,63.6,177283,3674,147,170,335,1320,173,4326,6.51,0.26,0.5,0.26,0,none,need this energy,31.7,230,9
17947296209341834,reel,12,2026-02-22,19:10,Sun,19,"internet's reaction to the new album, ranked. 🔥",47,1,5,#internetculture #popculture #viral #trendalert #indiatrends,1,104574,32762,31.3,64311,2247,104,113,196,544,62,2660,8.12,0.34,0.6,0.189,0,none,you're always first,21.7,230,9
17919138374565347,story,13,2026-02-23,09:58,Mon,9,sneak peek of tomorrow's reel,29,0,0,none,1,104644,4932,4.7,6208,0,39,0,14,49,4,53,1.07,0.0,0.28,0.081,0,none,none,0.0,878,14
17970516876899650,reel,13,2026-02-23,13:50,Mon,13,spotted this on 40 accounts in 6 hours. it's starting. 👀,56,1,0,none,1,104644,161384,154.2,404028,9912,401,931,1073,2938,630,12317,7.63,0.58,0.66,0.39,2,capcut_template:6|tutorial_request:2|late_callout:6,obsessed,21.7,878,14
17981870901307991,reel,13,2026-02-23,22:50,Mon,22,that celebrity wedding had one detail nobody noticed.,53,0,5,#internetculture #trend #reelsindia #explorepage #instatrend,1,105274,138085,131.2,296488,7531,357,341,712,2461,258,8941,6.47,0.25,0.52,0.187,0,none,obsessed,20.0,878,14
17966188394011537,story,13,2026-02-24,09:01,Tue,9,which audio should i try next?,30,0,0,none,1,105544,5786,5.5,6660,0,59,0,17,57,5,76,1.31,0.0,0.29,0.086,0,none,none,0.0,250,14
17999037188445645,story,13,2026-02-24,09:27,Tue,9,reposting the best version of this trend,40,0,0,none,1,105544,5907,5.6,7667,0,25,0,17,59,5,42,0.71,0.0,0.29,0.085,0,none,none,0.0,250,14
17978996974097468,reel,13,2026-02-24,16:20,Tue,16,"every trend you missed this week, in one carousel. 💀",52,1,2,#trend #explorepage,1,105544,37526,35.6,100889,2432,95,734,202,519,87,3463,9.23,1.96,0.54,0.232,3,capcut_template:8|late_callout:7,saving this,33.3,250,14
17934510043975831,reel,13,2026-02-24,19:30,Tue,19,ok i'm late but i had to try this trend.,40,0,12,#trending #popculture #instatrend #trend #trendalert #internetculture #indiatrends #reelsindia #explorepage #desitrends #viral #fyp,1,105631,16248,15.4,29722,977,38,34,23,311,10,1072,6.6,0.21,0.14,0.062,0,late_callout:8,obsessed,23.7,250,14
17943806978799012,story,13,2026-02-24,20:39,Tue,20,sneak peek of tomorrow's reel,29,0,0,none,1,105544,4589,4.3,5032,0,27,0,13,45,4,40,0.87,0.0,0.28,0.087,0,none,none,0.0,250,14
17917050494244905,story,13,2026-02-24,22:54,Tue,22,quiz: guess the trend from 1 second,35,0,0,none,1,105544,4949,4.7,5340,0,14,0,14,49,4,28,0.57,0.0,0.28,0.081,0,none,none,0.0,250,14
17903584762368542,carousel,13,2026-02-24,23:30,Tue,23,"the trend you keep seeing, decoded. 🫶 💀 ✨ 👀 😍 🔥",47,6,3,#reelsindia #trend #trendalert,3,105641,52620,49.8,80647,3543,210,682,340,806,149,4775,9.07,1.3,0.65,0.283,0,none,saving this,25.0,250,14
17923344846791956,story,13,2026-02-25,09:25,Wed,9,sneak peek of tomorrow's reel,29,0,0,none,1,105784,6837,6.5,8826,0,26,0,20,68,6,46,0.67,0.0,0.29,0.088,0,none,none,0.0,339,8
17960991605513633,carousel,13,2026-02-25,10:00,Wed,10,day 1 of a trend that's going to be everywhere by friday.,57,0,5,#indiatrends #trendalert #reelsindia #internetculture #instatrend,3,105784,47922,45.3,71459,3149,186,282,485,757,137,4102,8.56,0.59,1.01,0.286,0,capcut_template:2,LMAO,20.0,339,8
17977682801222832,reel,13,2026-02-25,13:10,Wed,13,i tried the 5-second outfit change trend. 👀,43,1,5,#instatrend #indiatrends #viral #trending #explorepage,1,105921,100043,94.5,185004,5566,212,378,394,1449,193,6550,6.55,0.38,0.39,0.193,0,capcut_template:3|tutorial_request:4|late_callout:3,LMAO,20.0,339,8
17923054993015189,story,13,2026-02-25,22:10,Wed,22,question box: what trend confuses you?,38,0,0,none,1,105784,5873,5.6,7001,0,34,0,17,58,5,51,0.87,0.0,0.29,0.085,34,none,none,0.0,339,8
17931098562354318,story,13,2026-02-25,22:36,Wed,22,sneak peek of tomorrow's reel,29,0,0,none,1,105784,6857,6.5,7797,0,81,0,20,68,6,101,1.47,0.0,0.29,0.088,0,none,none,0.0,339,8
17907744742982768,image,13,2026-02-26,08:50,Thu,8,new filter just dropped and it's already doing numbers.,55,0,2,#fyp #instatrend,1,106126,35569,33.5,56256,1888,114,132,284,563,115,2418,6.8,0.37,0.8,0.323,1,capcut_template:3|tutorial_request:6|late_callout:3,capcut template pls,28.3,237,9
17903221943490119,story,13,2026-02-26,09:15,Thu,9,which audio should i try next?,30,0,0,none,1,106126,6076,5.7,7702,0,53,0,18,60,6,71,1.17,0.0,0.3,0.099,0,none,none,0.0,237,9
17928595963716003,story,13,2026-02-26,09:44,Thu,9,question box: what trend confuses you?,38,0,0,none,1,106126,5751,5.4,6927,0,61,0,17,57,5,78,1.36,0.0,0.3,0.087,61,none,none,0.0,237,9
17968278539408204,story,13,2026-02-26,10:41,Thu,10,poll: seen this trend yet?,26,0,0,none,1,106126,6213,5.9,7157,0,46,0,18,62,6,64,1.03,0.0,0.29,0.097,0,none,none,0.0,237,9
17991841538139790,story,13,2026-02-26,13:02,Thu,13,quiz: guess the trend from 1 second,35,0,0,none,1,106126,4844,4.6,5868,0,48,0,14,48,4,62,1.28,0.0,0.29,0.083,0,none,none,0.0,237,9
17991367707759578,story,13,2026-02-26,13:29,Thu,13,question box: what trend confuses you?,38,0,0,none,1,106126,5382,5.1,5726,0,23,0,16,53,5,39,0.72,0.0,0.3,0.093,23,none,none,0.0,237,9
17946725056391887,carousel,13,2026-02-26,21:20,Thu,21,3 trends that died this week and why. 🙌,39,1,0,none,9,106241,40335,38.0,54499,2544,139,608,212,606,105,3503,8.68,1.51,0.53,0.26,0,none,you're always first,25.0,237,9
17961143619985089,story,13,2026-02-27,10:12,Fri,10,reposting the best version of this trend,40,0,0,none,1,106355,7346,6.9,7943,0,39,0,22,73,7,61,0.83,0.0,0.3,0.095,0,none,none,0.0,523,16
17934750693598690,story,13,2026-02-27,13:35,Fri,13,sneak peek of tomorrow's reel,29,0,0,none,1,106355,7190,6.8,8816,0,43,0,21,71,7,64,0.89,0.0,0.29,0.097,0,none,none,0.0,523,16
17938811133405044,carousel,13,2026-02-27,16:50,Fri,16,the finale everyone's fighting about in the comments. 😍 🫶 😭 💀,61,4,3,#viral #trendalert #explorepage,6,106355,23058,21.7,33006,1579,89,75,165,386,45,1908,8.27,0.33,0.72,0.195,0,none,obsessed,28.3,523,16
17968624778360163,reel,13,2026-02-27,23:20,Fri,23,this dance is 12 hours old and already at 2M views. 😂,53,1,2,#reelsindia #viral,1,106400,185825,174.6,465848,10893,534,755,1269,2839,480,13451,7.24,0.41,0.68,0.258,1,capcut_template:3|late_callout:2,obsessed,23.3,523,16
17986205212065597,story,13,2026-02-28,09:45,Sat,9,poll: seen this trend yet?,26,0,0,none,1,106874,6174,5.8,6577,0,44,0,18,61,6,62,1.0,0.0,0.29,0.097,0,none,none,0.0,473,17
17908332898353368,carousel,13,2026-02-28,10:30,Sat,10,this audio is about to blow up. you heard it here first. 🔥 ✨ 😭 🙌,64,4,8,#reelsindia #trend #fyp #popculture #trending #desitrends #trendalert #explorepage,10,106874,48934,45.8,63152,2531,155,166,341,944,192,3193,6.53,0.34,0.7,0.392,0,capcut_template:8|tutorial_request:4|late_callout:6,LMAO,25.0,473,17
17969070231412416,story,13,2026-02-28,10:38,Sat,10,poll: seen this trend yet?,26,0,0,none,1,106874,4544,4.3,5775,0,52,0,13,45,4,65,1.43,0.0,0.29,0.088,0,none,none,0.0,473,17
17999191048295170,reel,13,2026-02-28,12:00,Sat,12,trying the viral recipe trend. results were mixed. 🫶 😭 💯 😂,58,4,10,#trendalert #fyp #instatrend #viral #popculture #internetculture #desitrends #indiatrends #trend #trending,1,107066,47506,44.4,94141,2475,105,176,220,789,107,2976,6.26,0.37,0.46,0.225,0,capcut_template:5|tutorial_request:4|late_callout:4,you're always first,21.7,473,17
17925984536150519,story,13,2026-02-28,17:08,Sat,17,poll: seen this trend yet?,26,0,0,none,1,106874,4550,4.3,4838,0,11,0,13,45,4,24,0.53,0.0,0.29,0.088,0,none,none,0.0,473,17
17908560893176764,reel,13,2026-02-28,23:00,Sat,23,"weekly trend report: what's up, what's done, what's next. 💀 🫶 🔥 😍 ✨ 💯",69,6,2,#trendalert #desitrends,1,107173,75372,70.3,182157,4810,294,1110,386,1303,177,6600,8.76,1.47,0.51,0.235,0,capcut_template:5|late_callout:5,need this energy,23.3,473,17
17921225304446628,reel,13,2026-03-01,13:00,Sun,13,"holi transition trend, the best ones. 😍 🙌",41,2,8,#indiatrends #internetculture #reelsindia #trend #instatrend #trendalert #desitrends #explorepage,1,107353,108685,101.2,253955,6314,326,763,631,2036,288,8034,7.39,0.7,0.58,0.265,0,none,LMAO,23.3,593,8
17930510559749678,story,13,2026-03-01,22:40,Sun,22,reposting the best version of this trend,40,0,0,none,1,107353,8081,7.5,9404,0,66,0,24,80,8,90,1.11,0.0,0.3,0.099,0,none,none,0.0,593,8
17951312724025301,reel,13,2026-03-01,23:20,Sun,23,where did this audio even come from? a 60 second history.,57,0,2,#trending #internetculture,1,107641,111995,104.0,222323,6333,319,1709,591,1588,305,8952,7.99,1.53,0.53,0.272,0,none,finally someone explained it,28.3,593,8
17913977902671407,reel,14,2026-03-02,19:30,Mon,19,attempting the trend with zero rehearsal. 💀 👀 💯 🔥 😍 🙌,53,6,3,#trending #instatrend #fyp,1,107948,40660,37.7,76522,2742,111,149,219,714,90,3221,7.92,0.37,0.54,0.221,3,capcut_template:6|tutorial_request:2|late_callout:5,need this energy,21.7,173,17
17939108808140697,story,14,2026-03-02,20:53,Mon,20,which audio should i try next?,30,0,0,none,1,107948,8465,7.8,10457,0,96,0,25,84,8,121,1.43,0.0,0.3,0.095,0,none,none,0.0,173,17
17948776413006514,carousel,14,2026-03-02,22:00,Mon,22,"internet's reaction to the new album, ranked.",45,0,3,#instatrend #viral #trend,6,108038,45325,42.0,66925,2834,86,135,353,856,92,3408,7.52,0.3,0.78,0.203,0,none,team 1 all the way,25.0,173,17
17919458152426646,reel,14,2026-03-03,10:40,Tue,10,the finale everyone's fighting about in the comments. 🔥,55,1,8,#internetculture #trending #reelsindia #instatrend #popculture #fyp #explorepage #trend,1,108118,39756,36.8,94331,2656,136,145,343,660,66,3280,8.25,0.36,0.86,0.166,0,none,need this energy,30.0,56,10
17944452353822725,story,14,2026-03-04,17:46,Wed,17,question box: what trend confuses you?,38,0,0,none,1,108186,8251,7.6,8684,0,98,0,24,82,8,122,1.48,0.0,0.29,0.097,98,none,none,0.0,188,11
17970854096487745,carousel,14,2026-03-04,19:00,Wed,19,how a random street vendor video became the biggest audio of the month. 🔥 🙌 😂 💀,79,4,8,#trending #explorepage #trendalert #popculture #indiatrends #internetculture #reelsindia #desitrends,10,108186,35173,32.5,53361,2417,100,566,198,485,81,3281,9.33,1.61,0.56,0.23,0,none,wait that's so interesting,23.3,188,11
17947743040911795,story,14,2026-03-04,20:15,Wed,20,which audio should i try next?,30,0,0,none,1,108186,6050,5.6,7063,0,53,0,18,60,6,71,1.17,0.0,0.3,0.099,0,none,none,0.0,188,11
17919722621829752,story,14,2026-03-04,22:35,Wed,22,which audio should i try next?,30,0,0,none,1,108186,7846,7.3,9885,0,69,0,23,78,7,92,1.17,0.0,0.29,0.089,0,none,none,0.0,188,11
17927421501288608,carousel,14,2026-03-04,23:20,Wed,23,trying the viral transition so you don't have to. 💀 ✨ 👀 🔥,57,4,8,#instatrend #explorepage #reelsindia #viral #internetculture #indiatrends #desitrends #fyp,3,108267,40571,37.5,56825,2528,139,157,201,712,97,3025,7.46,0.39,0.5,0.239,0,capcut_template:1|tutorial_request:4|late_callout:1,obsessed,21.7,188,11
17973332516544743,reel,14,2026-03-05,08:30,Thu,8,"weekly trend report: what's up, what's done, what's next. 😭 👀 😂 😍 🙌 💀",69,6,5,#trendalert #internetculture #reelsindia #desitrends #fyp,1,108369,40939,37.8,112574,2665,84,806,177,767,108,3732,9.12,1.97,0.43,0.264,2,capcut_template:5|late_callout:3,how did you edit this,23.3,406,13
17914868013398505,carousel,14,2026-03-05,23:00,Thu,23,why is everyone saying 'it's giving' again. explained.,54,0,5,#fyp #trending #internetculture #popculture #indiatrends,8,108477,88795,81.9,116338,4965,306,1037,397,1717,311,6705,7.55,1.17,0.45,0.35,0,none,more of these pls,36.7,406,13
17914937270562953,story,14,2026-03-06,17:00,Fri,17,question box: what trend confuses you?,38,0,0,none,1,108797,6156,5.7,7210,0,61,0,18,61,6,79,1.28,0.0,0.29,0.097,61,none,none,0.0,7,12
17963784813638707,story,14,2026-03-06,20:24,Fri,20,which audio should i try next?,30,0,0,none,1,108797,5960,5.5,6718,0,56,0,17,59,5,73,1.22,0.0,0.29,0.084,0,none,none,0.0,7,12
17912830226102366,reel,14,2026-03-06,22:10,Fri,22,finally trying the trend everyone's been doing. 😂 😍 💀 👀,55,4,10,#fyp #trending #instatrend #internetculture #popculture #explorepage #trendalert #trend #indiatrends #reelsindia,1,108797,13298,12.2,28854,764,37,24,16,216,8,841,6.32,0.18,0.12,0.06,0,late_callout:10,you're always first,24.3,7,12
17940349954490596,reel,14,2026-03-07,22:40,Sat,22,this audio is about to blow up. you heard it here first. 😍,58,1,5,#fyp #popculture #trendalert #desitrends #reelsindia,1,108802,160561,147.6,403801,10672,544,881,1652,3123,594,13749,8.56,0.55,1.03,0.37,2,capcut_template:5|late_callout:2,LMAO,21.7,582,12
17972576786126856,story,14,2026-03-08,09:57,Sun,9,question box: what trend confuses you?,38,0,0,none,1,109402,7605,7.0,9515,0,72,0,22,76,7,94,1.24,0.0,0.29,0.092,72,none,none,0.0,577,9
17956167492446530,reel,14,2026-03-08,12:30,Sun,12,spotted this on 40 accounts in 6 hours. it's starting.,54,0,8,#explorepage #indiatrends #trend #fyp #popculture #internetculture #trendalert #instatrend,1,109402,79581,72.7,201834,5178,242,488,762,1590,281,6670,8.38,0.61,0.96,0.353,1,capcut_template:6|tutorial_request:4|late_callout:5,🔥🔥🔥,30.0,577,9
17984525768485082,story,14,2026-03-08,13:05,Sun,13,poll: seen this trend yet?,26,0,0,none,1,109402,8420,7.7,10554,0,34,0,25,84,8,59,0.7,0.0,0.3,0.095,0,none,none,0.0,577,9
17974208457456808,story,14,2026-03-08,17:55,Sun,17,quiz: guess the trend from 1 second,35,0,0,none,1,109402,7316,6.7,8639,0,15,0,21,73,7,36,0.49,0.0,0.29,0.096,0,none,none,0.0,577,9
17979442157728938,carousel,14,2026-03-08,21:50,Sun,21,attempting the trend with zero rehearsal. 😂,43,1,8,#popculture #instatrend #reelsindia #explorepage #trend #internetculture #fyp #desitrends,5,109683,86326,78.7,107137,5440,227,266,502,1339,199,6435,7.45,0.31,0.58,0.231,3,capcut_template:6|tutorial_request:2|late_callout:5,capcut template pls,26.7,577,9
17975080457889788,carousel,14,2026-03-08,23:10,Sun,23,the award show moment everyone's talking about. 💀 💯 👀 😭,55,4,0,none,8,109882,37385,34.0,50199,2502,102,135,241,699,84,2980,7.97,0.36,0.64,0.225,0,none,😭😭,18.3,577,9
17930175477609839,story,15,2026-03-09,09:28,Mon,9,reposting the best version of this trend,40,0,0,none,1,109967,5166,4.7,5628,0,32,0,15,51,5,47,0.91,0.0,0.29,0.097,0,none,none,0.0,470,10
17995121157308636,carousel,15,2026-03-09,21:30,Mon,21,day 1 of a trend that's going to be everywhere by friday. 👀 😍 ✨ 😂,65,4,3,#trending #trend #instatrend,10,109967,131266,119.4,204126,8292,317,607,996,2545,468,10212,7.78,0.46,0.76,0.357,2,capcut_template:5|tutorial_request:2|late_callout:5,need this energy,30.0,470,10
17995916892067890,story,15,2026-03-09,22:40,Mon,22,poll: seen this trend yet?,26,0,0,none,1,109967,7641,6.9,8236,0,82,0,22,76,7,104,1.36,0.0,0.29,0.092,0,none,none,0.0,470,10
17961298671903160,carousel,15,2026-03-10,13:10,Tue,13,3 trends that died this week and why. 💀,39,1,5,#internetculture #viral #instatrend #explorepage #trend,10,110433,35587,32.2,49643,1853,87,510,203,657,102,2653,7.45,1.43,0.57,0.287,0,none,😭😭,35.0,188,17
17901617235145898,carousel,15,2026-03-10,21:10,Tue,21,the finale everyone's fighting about in the comments. 😭,55,1,3,#viral #reelsindia #desitrends,5,110535,44384,40.2,63970,2328,90,122,224,841,103,2764,6.23,0.27,0.5,0.232,0,none,😭😭,16.7,188,17
17943561228946286,reel,15,2026-03-11,13:40,Wed,13,that celebrity wedding had one detail nobody noticed.,53,0,0,none,1,110648,49716,44.9,101925,3408,190,173,302,854,90,4073,8.19,0.35,0.61,0.181,0,none,that moment was iconic,33.3,425,8
17940548685605924,story,15,2026-03-11,17:08,Wed,17,question box: what trend confuses you?,38,0,0,none,1,110648,6076,5.5,7166,0,63,0,18,60,6,81,1.33,0.0,0.3,0.099,63,none,none,0.0,425,8
17946078448333587,reel,15,2026-03-11,19:10,Wed,19,the 7 audios that ran the internet this week. 😍,47,1,8,#trendalert #explorepage #desitrends #popculture #trending #fyp #internetculture #instatrend,1,110738,86615,78.2,208620,5473,236,1636,499,1444,227,7844,9.06,1.89,0.58,0.262,2,capcut_template:6|late_callout:2,the only recap i trust,30.0,425,8
17909188969780070,carousel,15,2026-03-11,21:00,Wed,21,"the trend you keep seeing, decoded. 💯 🔥 👀 😭 😍 😂",47,6,5,#internetculture #indiatrends #desitrends #popculture #trend,6,110965,46845,42.2,68708,3166,128,869,324,668,110,4487,9.58,1.86,0.69,0.235,0,none,need this energy,18.3,425,8
17911105447843464,story,15,2026-03-12,10:40,Thu,10,poll: seen this trend yet?,26,0,0,none,1,111080,6104,5.5,6771,0,16,0,18,61,6,34,0.56,0.0,0.29,0.098,0,none,none,0.0,404,13
17915727300829422,story,15,2026-03-12,10:45,Thu,10,question box: what trend confuses you?,38,0,0,none,1,111080,7154,6.4,7535,0,20,0,21,71,7,41,0.57,0.0,0.29,0.098,20,none,none,0.0,404,13
17936544198669154,reel,15,2026-03-12,16:40,Thu,16,day 1 of a trend that's going to be everywhere by friday. 💯,59,1,5,#desitrends #trend #instatrend #explorepage #trendalert,1,111080,84287,75.9,234456,5669,305,417,748,1474,248,7139,8.47,0.49,0.89,0.294,0,capcut_template:3|tutorial_request:2|late_callout:2,🔥🔥🔥,20.0,404,13
17998519233673758,story,15,2026-03-12,17:20,Thu,17,question box: what trend confuses you?,38,0,0,none,1,111080,6929,6.2,8197,0,32,0,20,69,6,52,0.75,0.0,0.29,0.087,32,none,none,0.0,404,13
17910233194443706,reel,15,2026-03-12,23:30,Thu,23,trying the viral transition so you don't have to. 😂 🔥,53,2,2,#desitrends #internetculture,1,111328,79675,71.6,146101,4836,231,282,347,1166,150,5696,7.15,0.35,0.44,0.188,1,capcut_template:4|tutorial_request:9|late_callout:2,tutorial pls,21.7,404,13
17989162424097458,story,15,2026-03-13,10:07,Fri,10,which audio should i try next?,30,0,0,none,1,111473,6355,5.7,6826,0,45,0,19,63,6,64,1.01,0.0,0.3,0.094,0,none,none,0.0,254,11
17972769686449681,reel,15,2026-03-13,16:20,Fri,16,attempting the trend with zero rehearsal. 🔥 🙌 🫶 💯 👀 💀,53,6,8,#viral #reelsindia #indiatrends #popculture #desitrends #instatrend #trending #trendalert,1,111473,37348,33.5,69629,2077,91,119,142,633,75,2429,6.5,0.32,0.38,0.201,0,capcut_template:3|tutorial_request:3|late_callout:2,saving this,25.0,254,11
17905272135041589,story,15,2026-03-13,20:23,Fri,20,which audio should i try next?,30,0,0,none,1,111473,4884,4.4,5131,0,34,0,14,48,4,48,0.98,0.0,0.29,0.082,0,none,none,0.0,254,11
17995321992742317,reel,15,2026-03-13,21:30,Fri,21,doing the trend 2 weeks late because i'm a professional. 🫶,58,1,10,#indiatrends #reelsindia #trending #instatrend #trend #viral #popculture #explorepage #internetculture #trendalert,1,111548,42773,38.3,94417,2539,124,80,57,585,19,2800,6.55,0.19,0.13,0.044,0,late_callout:16,need this energy,21.7,254,11
17923556472417749,reel,15,2026-03-13,22:00,Fri,22,the finale everyone's fighting about in the comments.,53,0,8,#instatrend #explorepage #reelsindia #viral #trending #popculture #trend #desitrends,1,111567,70778,63.4,174406,4690,250,238,516,1442,161,5694,8.04,0.34,0.73,0.227,0,none,😭😭,33.3,254,11
17972409566089686,image,15,2026-03-14,16:30,Sat,16,trying the viral transition so you don't have to. ✨,51,1,5,#viral #trendalert #desitrends #reelsindia #fyp,1,111744,14243,12.7,19669,875,30,50,87,239,26,1042,7.32,0.35,0.61,0.183,0,capcut_template:1|tutorial_request:2|late_callout:1,😭😭,40.0,11,15
17926158251307770,story,15,2026-03-15,09:11,Sun,9,sneak peek of tomorrow's reel,29,0,0,none,1,111778,6791,6.1,7969,0,21,0,20,67,6,41,0.6,0.0,0.29,0.088,0,none,none,0.0,256,16
17964526881136527,story,15,2026-03-15,09:46,Sun,9,sneak peek of tomorrow's reel,29,0,0,none,1,111778,5962,5.3,6484,0,38,0,17,59,5,55,0.92,0.0,0.29,0.084,0,none,none,0.0,256,16
17932258903535598,story,15,2026-03-15,20:57,Sun,20,reposting the best version of this trend,40,0,0,none,1,111778,5007,4.5,6125,0,17,0,15,50,5,32,0.64,0.0,0.3,0.1,0,none,none,0.0,256,16
17954011287675231,story,15,2026-03-15,22:00,Sun,22,reposting the best version of this trend,40,0,0,none,1,111778,8763,7.8,10577,0,69,0,26,87,8,95,1.08,0.0,0.3,0.091,0,none,none,0.0,256,16
17962415579766605,reel,15,2026-03-15,23:20,Sun,23,how a random street vendor video became the biggest audio of the month. 💀 ✨,75,2,8,#viral #trendalert #reelsindia #trend #popculture #internetculture #explorepage #fyp,1,111778,72699,65.0,163961,4409,244,903,399,1456,248,5955,8.19,1.24,0.55,0.341,0,none,LMAO,15.0,256,16
17926358860721785,story,16,2026-03-16,09:15,Mon,9,quiz: guess the trend from 1 second,35,0,0,none,1,112031,4972,4.4,6383,0,13,0,14,49,4,27,0.54,0.0,0.28,0.08,0,none,none,0.0,165,12
17950438624254262,story,16,2026-03-16,10:38,Mon,10,reposting the best version of this trend,40,0,0,none,1,112031,5724,5.1,7407,0,56,0,17,57,5,73,1.28,0.0,0.3,0.087,0,none,none,0.0,165,12
17911456097404203,story,16,2026-03-16,17:15,Mon,17,poll: seen this trend yet?,26,0,0,none,1,112031,6802,6.1,8017,0,30,0,20,68,6,50,0.74,0.0,0.29,0.088,0,none,none,0.0,165,12
17995030792845328,reel,16,2026-03-16,18:10,Mon,18,trend recap: save this so you're never late again. 🙌 😭,54,2,8,#internetculture #desitrends #viral #popculture #trendalert #trending #fyp #instatrend,1,112031,49192,43.9,102689,3191,175,736,255,980,162,4357,8.86,1.5,0.52,0.329,4,capcut_template:9|late_callout:8,obsessed,33.3,165,12
17957351952661209,carousel,16,2026-03-17,13:20,Tue,13,this audio is about to blow up. you heard it here first. 😍 🫶 😭 😂,64,4,2,#reelsindia #fyp,9,112192,54223,48.3,81859,2900,152,266,431,979,164,3749,6.91,0.49,0.79,0.302,1,capcut_template:6|tutorial_request:3|late_callout:3,🔥🔥🔥,25.0,149,15
17959576015345078,story,16,2026-03-18,09:51,Wed,9,which audio should i try next?,30,0,0,none,1,112347,6811,6.1,7947,0,33,0,20,68,6,53,0.78,0.0,0.29,0.088,0,none,none,0.0,168,8
17944869528717725,story,16,2026-03-18,13:40,Wed,13,sneak peek of tomorrow's reel,29,0,0,none,1,112347,7460,6.6,9073,0,80,0,22,74,7,102,1.37,0.0,0.29,0.094,0,none,none,0.0,168,8
17988194182083333,reel,16,2026-03-18,16:10,Wed,16,this dance is 12 hours old and already at 2M views. 💯,53,1,2,#reelsindia #internetculture,1,112347,53139,47.3,147924,2894,143,231,413,794,163,3681,6.93,0.43,0.78,0.307,2,capcut_template:6|tutorial_request:4|late_callout:3,ok this is so good,35.0,168,8
17937587106513385,reel,16,2026-03-19,12:20,Thu,12,finally trying the trend everyone's been doing.,47,0,3,#internetculture #popculture #instatrend,1,112507,29350,26.1,80360,1704,56,42,46,518,22,1848,6.3,0.14,0.16,0.075,0,late_callout:19,🔥🔥🔥,28.6,148,13
17942584212117903,carousel,16,2026-03-19,22:50,Thu,22,the finale everyone's fighting about in the comments. 🔥 😭,57,2,3,#popculture #explorepage #trend,3,112529,64341,57.2,83561,4291,187,215,549,1159,139,5242,8.15,0.33,0.85,0.216,0,none,that moment was iconic,21.7,148,13
17921626021463153,carousel,16,2026-03-20,12:30,Fri,12,attempting the trend with zero rehearsal.,41,0,12,#reelsindia #viral #trendalert #desitrends #internetculture #instatrend #indiatrends #trend #trending #explorepage #fyp #popculture,5,112674,33458,29.7,46347,1717,57,100,129,627,82,2003,5.99,0.3,0.39,0.245,1,capcut_template:6|tutorial_request:2|late_callout:6,do a tutorial on this,22.8,504,14
17923983488539506,story,16,2026-03-20,17:46,Fri,17,which audio should i try next?,30,0,0,none,1,112674,7821,6.9,9480,0,38,0,23,78,7,61,0.78,0.0,0.29,0.09,0,none,none,0.0,504,14
17931953790996754,reel,16,2026-03-20,23:10,Fri,23,calling it now: this format is next week's everything. 🔥 🙌,58,2,3,#popculture #internetculture #desitrends,1,112756,121136,107.4,293444,6531,341,456,829,2019,429,8157,6.73,0.38,0.68,0.354,2,capcut_template:5|tutorial_request:1|late_callout:4,saving this,25.0,504,14
17938517133061523,story,16,2026-03-21,13:03,Sat,13,reposting the best version of this trend,40,0,0,none,1,113177,8025,7.1,10142,0,68,0,24,80,8,92,1.15,0.0,0.3,0.1,0,none,none,0.0,267,11
17940297458403431,carousel,16,2026-03-21,21:00,Sat,21,day 1 of a trend that's going to be everywhere by friday.,57,0,12,#trend #internetculture #indiatrends #explorepage #trendalert #trending #instatrend #popculture #desitrends #viral #fyp #reelsindia,6,113177,52209,46.1,67554,3053,160,269,329,970,217,3811,7.3,0.52,0.63,0.416,1,capcut_template:4|tutorial_request:3|late_callout:2,LMAO,25.0,267,11
17986897066718531,reel,16,2026-03-21,22:40,Sat,22,doing the trend 2 weeks late because i'm a professional. 😭,58,1,0,none,1,113394,26021,22.9,48417,1699,70,43,47,491,18,1859,7.14,0.17,0.18,0.069,0,late_callout:22,ok this is so good,30.0,267,11
17937023658895664,image,16,2026-03-21,23:00,Sat,23,the reality show twist that broke the internet.,47,0,8,#popculture #fyp #reelsindia #trend #explorepage #trending #instatrend #viral,1,113412,20543,18.1,26015,1249,69,64,144,283,35,1526,7.43,0.31,0.7,0.17,0,none,team 1 all the way,15.0,267,11
17960768311183577,carousel,16,2026-03-22,16:00,Sun,16,calling it now: this format is next week's everything. 💯 🙌 😂 ✨,62,4,10,#instatrend #indiatrends #fyp #trend #reelsindia #trendalert #desitrends #viral #explorepage #popculture,6,113456,37404,33.0,50980,2550,81,241,363,613,108,3235,8.65,0.64,0.97,0.289,2,capcut_template:6|tutorial_request:3|late_callout:6,ok this is so good,15.0,389,11
17945945158257632,reel,16,2026-03-22,18:00,Sun,18,trying the viral recipe trend. results were mixed. 💯,52,1,5,#fyp #reelsindia #explorepage #viral #instatrend,1,113564,70388,62.0,126799,4472,188,243,415,1235,148,5318,7.56,0.35,0.59,0.21,4,capcut_template:5|tutorial_request:6|late_callout:4,tutorial pls,21.7,389,11
17944415101284524,reel,16,2026-03-22,23:00,Sun,23,my mom tried the trend. she did it better. 🙌 🔥,46,2,12,#fyp #explorepage #trend #indiatrends #trending #internetculture #viral #popculture #instatrend #desitrends #reelsindia #trendalert,1,113712,79903,70.3,216497,5077,201,244,358,1111,144,5880,7.36,0.31,0.45,0.18,1,capcut_template:5|tutorial_request:3|late_callout:4,🔥🔥🔥,31.7,389,11
17928238704739179,story,17,2026-03-23,09:51,Mon,9,poll: seen this trend yet?,26,0,0,none,1,113851,4589,4.0,5199,0,12,0,13,45,4,25,0.54,0.0,0.28,0.087,0,none,none,0.0,738,8
17944370061145066,reel,17,2026-03-23,13:50,Mon,13,the celebration dance every fan is copying this week.,53,0,3,#instatrend #trend #explorepage,1,113851,118993,104.5,264510,7910,441,459,1086,2340,310,9896,8.32,0.39,0.91,0.261,0,none,you're always first,15.0,738,8
17954869336742787,carousel,17,2026-03-23,18:30,Mon,18,why is everyone saying 'it's giving' again. explained. 👀,56,1,5,#trendalert #explorepage #trending #fyp #reelsindia,4,114161,52339,45.8,69232,2760,153,695,277,1015,188,3885,7.42,1.33,0.53,0.359,0,none,more of these pls,23.3,738,8
17954082702325031,carousel,17,2026-03-23,19:30,Mon,19,calling it now: this format is next week's everything. 🙌 😭 ✨ 🔥,62,4,8,#trendalert #reelsindia #instatrend #trend #internetculture #explorepage #popculture #viral,3,114349,96379,84.3,119378,5119,313,462,779,1380,238,6673,6.92,0.48,0.81,0.247,1,capcut_template:4|tutorial_request:3|late_callout:3,capcut template pls,25.0,738,8
17923019098378550,story,17,2026-03-23,22:32,Mon,22,question box: what trend confuses you?,38,0,0,none,1,113851,6485,5.7,8129,0,22,0,19,64,6,41,0.63,0.0,0.29,0.093,22,none,none,0.0,738,8
17966168955523160,carousel,17,2026-03-24,08:20,Tue,8,i tried the 5-second outfit change trend.,41,0,0,none,10,114594,36107,31.5,53841,1907,67,135,129,548,66,2238,6.2,0.37,0.36,0.183,2,capcut_template:5|tutorial_request:2|late_callout:4,ok this is so good,25.0,163,8
17903870191507391,story,17,2026-03-24,09:22,Tue,9,sneak peek of tomorrow's reel,29,0,0,none,1,114594,7275,6.3,8083,0,50,0,21,72,7,71,0.98,0.0,0.29,0.096,0,none,none,0.0,163,8
17988090702016105,story,17,2026-03-24,09:29,Tue,9,reposting the best version of this trend,40,0,0,none,1,114594,5365,4.7,6280,0,42,0,16,53,5,58,1.08,0.0,0.3,0.093,0,none,none,0.0,163,8
17997848446234923,image,17,2026-03-24,23:20,Tue,23,"every trend you missed this week, in one carousel.",50,0,5,#desitrends #trendalert #trending #instatrend #viral,1,114660,35787,31.2,54650,2023,66,661,175,556,93,2925,8.17,1.85,0.49,0.26,0,capcut_template:1|late_callout:1,need this energy,25.0,163,8
17923482281488400,reel,17,2026-03-25,08:10,Wed,8,ok i'm late but i had to try this trend. 👀,42,1,3,#instatrend #internetculture #desitrends,1,114770,18231,15.9,45714,988,45,24,19,330,11,1076,5.9,0.13,0.1,0.06,0,late_callout:17,😭😭,33.3,307,14
17964650351582416,story,17,2026-03-25,13:25,Wed,13,which audio should i try next?,30,0,0,none,1,114770,7816,6.8,8887,0,87,0,23,78,7,110,1.41,0.0,0.29,0.09,0,none,none,0.0,307,14
17958160469403714,story,17,2026-03-25,17:20,Wed,17,which audio should i try next?,30,0,0,none,1,114770,8168,7.1,10151,0,83,0,24,81,8,107,1.31,0.0,0.29,0.098,0,none,none,0.0,307,14
17948390021487425,story,17,2026-03-25,17:29,Wed,17,quiz: guess the trend from 1 second,35,0,0,none,1,114770,8342,7.3,9597,0,87,0,25,83,8,112,1.34,0.0,0.3,0.096,0,none,none,0.0,307,14
17953516445421983,reel,17,2026-03-25,23:10,Wed,23,the stadium crowd moment that became an audio.,46,0,10,#trend #instatrend #trendalert #indiatrends #explorepage #desitrends #internetculture #viral #trending #fyp,1,114781,147663,128.6,355130,7871,463,345,1106,2106,287,9785,6.63,0.23,0.75,0.194,0,none,saving this,11.7,307,14
17990764876350906,story,17,2026-03-26,09:19,Thu,9,question box: what trend confuses you?,38,0,0,none,1,115075,5766,5.0,6524,0,63,0,17,57,5,80,1.39,0.0,0.29,0.087,63,none,none,0.0,305,8
17909095923978909,story,17,2026-03-26,17:31,Thu,17,poll: seen this trend yet?,26,0,0,none,1,115075,4607,4.0,5402,0,25,0,13,46,4,38,0.82,0.0,0.28,0.087,0,none,none,0.0,305,8
17925453471255404,reel,17,2026-03-26,18:10,Thu,18,i tried the 5-second outfit change trend. 💀 😂,45,2,3,#fyp #popculture #internetculture,1,115075,77108,67.0,146008,4400,247,273,326,1384,156,5246,6.8,0.35,0.42,0.202,1,capcut_template:6|tutorial_request:1|late_callout:5,need this energy,26.7,305,8
17941158548652668,carousel,17,2026-03-26,21:50,Thu,21,"the trend you keep seeing, decoded. 🔥 💀",39,2,8,#fyp #viral #desitrends #trending #instatrend #popculture #trend #trendalert,7,115231,61115,53.0,77333,4124,130,1110,365,835,148,5729,9.37,1.82,0.6,0.242,0,none,ok this is so good,23.3,305,8
17993746205632782,reel,17,2026-03-27,12:30,Fri,12,that celebrity wedding had one detail nobody noticed. 🔥,55,1,8,#instatrend #viral #explorepage #trending #reelsindia #indiatrends #fyp #internetculture,1,115397,50055,43.4,131216,3076,168,151,357,983,99,3752,7.5,0.3,0.71,0.198,0,none,LMAO,23.3,467,15
17983082254497434,reel,17,2026-03-27,18:00,Fri,18,spotted this on 40 accounts in 6 hours. it's starting. 😭,56,1,5,#viral #trendalert #fyp #internetculture #trending,1,115496,112694,97.6,293657,6866,430,550,758,1814,379,8604,7.63,0.49,0.67,0.336,1,capcut_template:3|tutorial_request:4|late_callout:3,you're always first,26.7,467,15
17989552202835495,story,17,2026-03-27,22:15,Fri,22,poll: seen this trend yet?,26,0,0,none,1,115397,4833,4.2,5139,0,46,0,14,48,4,60,1.24,0.0,0.29,0.083,0,none,none,0.0,467,15
17930920804829044,story,17,2026-03-28,10:01,Sat,10,sneak peek of tomorrow's reel,29,0,0,none,1,115869,8697,7.5,10606,0,68,0,26,86,8,94,1.08,0.0,0.3,0.092,0,none,none,0.0,703,15
17998736787100316,reel,17,2026-03-28,18:00,Sat,18,3 trends that died this week and why. 👀 ✨ 😂 😍 💀 💯,49,6,5,#viral #reelsindia #trend #instatrend #desitrends,1,115869,80337,69.3,196198,4395,142,1187,359,1268,205,6083,7.57,1.48,0.45,0.255,0,none,finally someone explained it,26.7,703,15
17967736824341211,carousel,17,2026-03-28,19:20,Sat,19,the 7 audios that ran the internet this week. 🙌,47,1,8,#explorepage #internetculture #fyp #reelsindia #trending #desitrends #popculture #trend,6,116074,65090,56.1,94194,4364,146,1230,397,1314,177,6137,9.43,1.89,0.61,0.272,2,capcut_template:6|late_callout:5,saved!!,26.7,703,15
17917714215511068,reel,17,2026-03-28,21:40,Sat,21,3 trends that died this week and why.,37,0,5,#trend #fyp #trendalert #trending #explorepage,1,116251,96867,83.3,185310,5712,238,1251,469,1916,328,7670,7.92,1.29,0.48,0.339,0,none,need this energy,21.7,703,15
17937008345556615,reel,17,2026-03-29,08:10,Sun,8,this meme started on a 2014 forum. here's the full story.,57,0,8,#trend #instatrend #indiatrends #explorepage #viral #trendalert #fyp #desitrends,1,116582,93495,80.2,185246,5130,185,1042,544,1779,298,6901,7.38,1.11,0.58,0.319,0,none,saving this,35.0,291,13
17958684385739151,story,17,2026-03-29,13:53,Sun,13,reposting the best version of this trend,40,0,0,none,1,116582,6011,5.2,7058,0,42,0,18,60,6,60,1.0,0.0,0.3,0.1,0,none,none,0.0,291,13
17917031943327755,reel,18,2026-03-30,08:00,Mon,8,trend recap: save this so you're never late again. 👀,52,1,12,#indiatrends #viral #desitrends #popculture #trending #trendalert #reelsindia #internetculture #trend #instatrend #fyp #explorepage,1,116887,42020,35.9,102276,2337,81,781,214,815,109,3413,8.12,1.86,0.51,0.259,2,capcut_template:7|late_callout:7,LMAO,26.7,300,15
17910978766739660,story,18,2026-03-30,09:18,Mon,9,which audio should i try next?,30,0,0,none,1,116887,6263,5.4,7143,0,27,0,18,62,6,45,0.72,0.0,0.29,0.096,0,none,none,0.0,300,15
17948589161227167,story,18,2026-03-30,09:43,Mon,9,which audio should i try next?,30,0,0,none,1,116887,7728,6.6,9870,0,52,0,23,77,7,75,0.97,0.0,0.3,0.091,0,none,none,0.0,300,15
17917426020041812,reel,18,2026-03-30,21:20,Mon,21,every team's fans have a trend now. here's the list.,52,0,0,none,1,116996,95060,81.3,213990,4923,261,256,606,1300,188,6046,6.36,0.27,0.64,0.198,0,none,obsessed,40.0,300,15
17966397121461211,story,18,2026-03-30,22:02,Mon,22,poll: seen this trend yet?,26,0,0,none,1,116887,5769,4.9,7494,0,50,0,17,57,5,67,1.16,0.0,0.29,0.087,0,none,none,0.0,300,15
17919921220104661,carousel,18,2026-03-31,10:00,Tue,10,"internet's reaction to the new album, ranked. 👀 😭",49,2,3,#reelsindia #explorepage #internetculture,7,117181,43126,36.8,65276,2915,145,160,350,722,77,3570,8.28,0.37,0.81,0.179,0,none,that moment was iconic,13.3,136,9
17917198797705135,story,18,2026-03-31,10:37,Tue,10,which audio should i try next?,30,0,0,none,1,117181,6829,5.8,8194,0,78,0,20,68,6,98,1.44,0.0,0.29,0.088,0,none,none,0.0,136,9
17962041118131145,reel,18,2026-03-31,16:50,Tue,16,the award show moment everyone's talking about. 🫶,49,1,5,#trending #reelsindia #viral #trendalert #indiatrends,1,117258,34633,29.5,84208,1949,104,103,193,541,55,2349,6.78,0.3,0.56,0.159,0,none,🔥🔥🔥,30.0,136,9
17975729103740469,story,18,2026-03-31,22:56,Tue,22,poll: seen this trend yet?,26,0,0,none,1,117181,7485,6.4,8686,0,38,0,22,74,7,60,0.8,0.0,0.29,0.094,0,none,none,0.0,136,9
17909587824951325,story,18,2026-04-01,09:45,Wed,9,quiz: guess the trend from 1 second,35,0,0,none,1,117314,6992,6.0,7974,0,65,0,20,69,6,85,1.22,0.0,0.29,0.086,0,none,none,0.0,36,11
17997822447187124,story,18,2026-04-01,10:01,Wed,10,poll: seen this trend yet?,26,0,0,none,1,117314,7691,6.6,8379,0,19,0,23,76,7,42,0.55,0.0,0.3,0.091,0,none,none,0.0,36,11
17911720844549053,image,18,2026-04-01,13:40,Wed,13,the reality show twist that broke the internet. 😍 😭 💀 🔥 ✨ 👀,59,6,5,#reelsindia #internetculture #indiatrends #desitrends #viral,1,117314,11617,9.9,18244,759,41,43,76,181,22,919,7.91,0.37,0.65,0.189,0,none,saving this,24.4,36,11
17901201048673753,story,18,2026-04-01,20:16,Wed,20,question box: what trend confuses you?,38,0,0,none,1,117314,6724,5.7,7957,0,65,0,20,67,6,85,1.26,0.0,0.3,0.089,65,none,none,0.0,36,11
17923943855457023,story,18,2026-04-01,22:17,Wed,22,quiz: guess the trend from 1 second,35,0,0,none,1,117314,6771,5.8,8307,0,49,0,20,67,6,69,1.02,0.0,0.3,0.089,0,none,none,0.0,36,11
17915021210173203,story,18,2026-04-02,09:17,Thu,9,poll: seen this trend yet?,26,0,0,none,1,117343,7489,6.4,8924,0,83,0,22,74,7,105,1.4,0.0,0.29,0.093,0,none,none,0.0,507,9
17921550116109793,story,18,2026-04-02,09:57,Thu,9,quiz: guess the trend from 1 second,35,0,0,none,1,117343,8250,7.0,9732,0,56,0,24,82,8,80,0.97,0.0,0.29,0.097,0,none,none,0.0,507,9
17945404465877710,story,18,2026-04-02,13:39,Thu,13,reposting the best version of this trend,40,0,0,none,1,117343,7357,6.3,8828,0,52,0,22,73,7,74,1.01,0.0,0.3,0.095,0,none,none,0.0,507,9
17976163913325092,reel,18,2026-04-02,16:40,Thu,16,the stadium crowd moment that became an audio. 👀 😂 🔥 ✨ 💯 😭,58,6,10,#instatrend #reelsindia #explorepage #desitrends #indiatrends #internetculture #trendalert #popculture #trending #viral,1,117343,72166,61.5,198950,4743,280,249,531,1006,143,5803,8.04,0.35,0.74,0.198,0,none,need this energy,25.0,507,9
17918246805958180,story,18,2026-04-02,22:54,Thu,22,poll: seen this trend yet?,26,0,0,none,1,117343,5258,4.5,6509,0,56,0,15,52,5,71,1.35,0.0,0.29,0.095,0,none,none,0.0,507,9
17978913793752812,reel,18,2026-04-02,23:10,Thu,23,the celebration dance every fan is copying this week.,53,0,12,#trend #reelsindia #fyp #internetculture #trending #explorepage #popculture #desitrends #instatrend #indiatrends #trendalert #viral,1,117486,109509,93.2,228312,6954,430,326,799,2113,346,8509,7.77,0.3,0.73,0.316,0,none,ok this is so good,26.7,507,9
17993801021011957,reel,18,2026-04-03,08:20,Fri,8,creator drama update: here's what actually happened.,52,0,0,none,1,117841,98931,84.0,182132,5294,261,160,577,1940,146,6292,6.36,0.16,0.58,0.148,0,none,obsessed,25.0,154,13
17938567115663973,story,18,2026-04-03,10:15,Fri,10,poll: seen this trend yet?,26,0,0,none,1,117841,8644,7.3,9354,0,27,0,25,86,8,52,0.6,0.0,0.29,0.093,0,none,none,0.0,154,13
17984512317423182,story,18,2026-04-03,10:24,Fri,10,poll: seen this trend yet?,26,0,0,none,1,117841,6624,5.6,8416,0,48,0,19,66,6,67,1.01,0.0,0.29,0.091,0,none,none,0.0,154,13
17997748366369942,story,18,2026-04-03,20:26,Fri,20,sneak peek of tomorrow's reel,29,0,0,none,1,117841,7910,6.7,8462,0,78,0,23,79,7,101,1.28,0.0,0.29,0.088,0,none,none,0.0,154,13
17959355895847213,story,18,2026-04-04,13:23,Sat,13,poll: seen this trend yet?,26,0,0,none,1,117983,6116,5.2,7552,0,48,0,18,61,6,66,1.08,0.0,0.29,0.098,0,none,none,0.0,200,37
17967362294352934,reel,18,2026-04-04,18:50,Sat,18,this meme started on a 2014 forum. here's the full story. 😭 ✨ 😂 🙌 😍 🫶,69,6,8,#trendalert #trending #desitrends #instatrend #viral #fyp #explorepage #popculture,1,117983,67242,57.0,160048,4155,181,1178,361,1322,231,5875,8.74,1.75,0.54,0.344,0,none,LMAO,30.0,200,37
17924818693510644,carousel,18,2026-04-05,12:20,Sun,12,my mom tried the trend. she did it better.,42,0,2,#reelsindia #indiatrends,7,118186,43699,37.0,60964,2635,119,141,229,773,106,3124,7.15,0.32,0.52,0.243,2,capcut_template:7|tutorial_request:3|late_callout:5,saving this,23.3,422,17
17984987655218203,story,18,2026-04-05,20:40,Sun,20,question box: what trend confuses you?,38,0,0,none,1,118186,5014,4.2,6330,0,36,0,15,50,5,51,1.02,0.0,0.3,0.1,36,none,none,0.0,422,17
17958550253225327,reel,18,2026-04-05,22:20,Sun,22,how a random street vendor video became the biggest audio of the month. 😭,73,1,5,#popculture #instatrend #explorepage #desitrends #trendalert,1,118292,138273,116.9,279911,7972,463,1601,834,2060,328,10870,7.86,1.16,0.6,0.237,0,none,ok this is so good,28.3,422,17
17901854733996503,reel,19,2026-04-06,10:50,Mon,10,the 7 audios that ran the internet this week. 🙌,47,1,12,#fyp #viral #instatrend #popculture #indiatrends #explorepage #trend #desitrends #reelsindia #trendalert #trending #internetculture,1,118616,40381,34.0,111759,2213,64,597,161,551,73,3035,7.52,1.48,0.4,0.181,2,capcut_template:7|late_callout:5,obsessed,23.3,144,12
17935243914141693,story,19,2026-04-06,13:19,Mon,13,sneak peek of tomorrow's reel,29,0,0,none,1,118616,8778,7.4,10590,0,40,0,26,87,8,66,0.75,0.0,0.3,0.091,0,none,none,0.0,144,12
17960726244348192,carousel,19,2026-04-06,16:40,Mon,16,the celebration dance every fan is copying this week.,53,0,10,#desitrends #viral #trending #reelsindia #fyp #indiatrends #explorepage #popculture #trendalert #instatrend,10,118689,31593,26.6,43941,2142,127,124,329,467,75,2722,8.62,0.39,1.04,0.237,0,none,need this energy,25.0,144,12
17935755366678289,carousel,19,2026-04-07,12:10,Tue,12,this dance is 12 hours old and already at 2M views. 🙌,53,1,2,#trendalert #reelsindia,7,118778,67396,56.7,86613,3480,106,259,477,1330,229,4322,6.41,0.38,0.71,0.34,1,capcut_template:9|tutorial_request:6|late_callout:6,saving this,21.7,406,13
17944906908240064,reel,19,2026-04-07,16:50,Tue,16,the stadium crowd moment that became an audio.,46,0,2,#desitrends #explorepage,1,119007,77172,64.8,212723,4306,209,189,555,1163,183,5259,6.81,0.24,0.72,0.237,0,none,😭😭,28.3,406,13
17928052163616934,story,19,2026-04-07,22:47,Tue,22,sneak peek of tomorrow's reel,29,0,0,none,1,118778,7592,6.4,9248,0,44,0,22,75,7,66,0.87,0.0,0.29,0.092,0,none,none,0.0,406,13
17928216911515462,story,19,2026-04-08,09:03,Wed,9,quiz: guess the trend from 1 second,35,0,0,none,1,119188,6775,5.7,8208,0,80,0,20,67,6,100,1.48,0.0,0.3,0.089,0,none,none,0.0,400,13
17921672136817078,story,19,2026-04-08,09:35,Wed,9,sneak peek of tomorrow's reel,29,0,0,none,1,119188,5017,4.2,5654,0,12,0,15,50,5,27,0.54,0.0,0.3,0.1,0,none,none,0.0,400,13
17902274234808487,story,19,2026-04-08,13:14,Wed,13,poll: seen this trend yet?,26,0,0,none,1,119188,7171,6.0,9268,0,54,0,21,71,7,75,1.05,0.0,0.29,0.098,0,none,none,0.0,400,13
17926576361243395,story,19,2026-04-08,17:42,Wed,17,reposting the best version of this trend,40,0,0,none,1,119188,5372,4.5,6469,0,38,0,16,53,5,54,1.01,0.0,0.3,0.093,0,none,none,0.0,400,13
17974396514945381,reel,19,2026-04-08,19:00,Wed,19,calling it now: this format is next week's everything. 😂,56,1,8,#trendalert #explorepage #desitrends #trending #indiatrends #internetculture #popculture #reelsindia,1,119188,100422,84.3,199823,5254,316,484,688,1854,390,6742,6.71,0.48,0.69,0.388,2,capcut_template:6|tutorial_request:2|late_callout:4,template link??,21.7,400,13
17948912616075635,story,19,2026-04-09,10:38,Thu,10,poll: seen this trend yet?,26,0,0,none,1,119582,8919,7.5,9742,0,57,0,26,89,8,83,0.93,0.0,0.29,0.09,0,none,none,0.0,585,14
17921556121756262,reel,19,2026-04-09,13:20,Thu,13,trying the viral recipe trend. results were mixed. 💯,52,1,3,#trend #trending #instatrend,1,119582,98556,82.4,224521,5146,212,263,444,1772,215,6065,6.15,0.27,0.45,0.218,1,capcut_template:4|tutorial_request:5|late_callout:4,obsessed,30.0,585,14
17947675542778112,story,19,2026-04-09,22:13,Thu,22,reposting the best version of this trend,40,0,0,none,1,119582,5689,4.8,6085,0,35,0,17,56,5,52,0.91,0.0,0.3,0.088,0,none,none,0.0,585,14
17922820399480260,carousel,19,2026-04-09,23:30,Thu,23,new filter just dropped and it's already doing numbers.,55,0,10,#popculture #internetculture #desitrends #explorepage #instatrend #fyp #trend #reelsindia #viral #trendalert,10,119797,97426,81.3,126885,5172,190,365,699,1836,371,6426,6.6,0.37,0.72,0.381,1,capcut_template:3|tutorial_request:2|late_callout:3,LMAO,36.7,585,14
17943259207888057,story,19,2026-04-10,13:04,Fri,13,poll: seen this trend yet?,26,0,0,none,1,120181,5617,4.7,7015,0,44,0,16,56,5,60,1.07,0.0,0.28,0.089,0,none,none,0.0,575,17
17906062906054930,reel,19,2026-04-10,18:50,Fri,18,the award show moment everyone's talking about.,47,0,8,#fyp #indiatrends #instatrend #trending #popculture #trend #trendalert #explorepage,1,120181,31493,26.2,76556,1985,110,102,213,512,60,2410,7.65,0.32,0.68,0.191,0,none,you're always first,25.0,575,17
17904885978419038,reel,19,2026-04-10,19:40,Fri,19,cricket season trends ranked by chaos. 😍,40,1,2,#popculture #trending,1,120241,139054,115.6,275017,7625,341,308,985,2486,422,9259,6.66,0.22,0.71,0.303,0,none,🔥🔥🔥,25.0,575,17
17966035460457851,carousel,19,2026-04-10,21:10,Fri,21,two creators are fighting and the internet chose sides.,55,0,5,#trendalert #fyp #viral #internetculture #trending,6,120663,61813,51.2,84814,3893,216,127,446,1216,105,4682,7.57,0.21,0.72,0.17,0,none,saving this,21.7,575,17
17923976959596394,reel,19,2026-04-11,13:20,Sat,13,the reality show twist that broke the internet. 🙌,49,1,3,#indiatrends #desitrends #explorepage,1,120772,83832,69.4,188242,5477,272,298,666,1369,156,6713,8.01,0.36,0.79,0.186,0,none,need this energy,13.3,228,36
17929583884772536,story,19,2026-04-11,17:23,Sat,17,sneak peek of tomorrow's reel,29,0,0,none,1,120772,5932,4.9,6363,0,20,0,17,59,5,37,0.62,0.0,0.29,0.084,0,none,none,0.0,228,36
17913862761382090,reel,19,2026-04-11,18:50,Sat,18,the award show moment everyone's talking about.,47,0,8,#fyp #internetculture #popculture #trendalert #instatrend #trend #explorepage #viral,1,120928,45162,37.3,95248,3088,156,125,273,892,91,3642,8.06,0.28,0.6,0.201,0,none,you're always first,23.3,228,36
17996941340348124,story,19,2026-04-11,20:21,Sat,20,poll: seen this trend yet?,26,0,0,none,1,120772,7825,6.5,10141,0,59,0,23,78,7,82,1.05,0.0,0.29,0.089,0,none,none,0.0,228,36
17978059605660223,story,19,2026-04-11,20:58,Sat,20,question box: what trend confuses you?,38,0,0,none,1,120772,5104,4.2,6593,0,36,0,15,51,5,51,1.0,0.0,0.29,0.098,36,none,none,0.0,228,36
17987689419923677,story,19,2026-04-12,10:46,Sun,10,poll: seen this trend yet?,26,0,0,none,1,121005,9573,7.9,11732,0,84,0,28,95,9,112,1.17,0.0,0.29,0.094,0,none,none,0.0,318,9
17900949119724163,reel,19,2026-04-12,10:50,Sun,10,yes i know everyone did this last week. doing it anyway. 🙌,58,1,8,#popculture #desitrends #reelsindia #trendalert #explorepage #trending #fyp #viral,1,121005,12467,10.3,31561,822,43,27,19,177,7,911,7.31,0.22,0.15,0.056,0,late_callout:15,obsessed,16.3,318,9
17952374353023009,reel,19,2026-04-12,18:20,Sun,18,the celebration dance every fan is copying this week. 💀 😂,57,2,3,#desitrends #explorepage #viral,1,121012,75220,62.2,190116,4766,248,282,763,1191,185,6059,8.06,0.37,1.01,0.246,0,none,saving this,28.3,318,9
17986131941124063,reel,19,2026-04-12,19:50,Sun,19,my mom tried the trend. she did it better. 💀,44,1,10,#instatrend #desitrends #trend #popculture #reelsindia #indiatrends #trendalert #fyp #trending #explorepage,1,121197,62826,51.8,121479,4018,242,234,394,1045,126,4888,7.78,0.37,0.63,0.201,0,capcut_template:4|tutorial_request:2|late_callout:4,drop the template 🙏,25.0,318,9
17932839936673212,story,20,2026-04-13,09:12,Mon,9,poll: seen this trend yet?,26,0,0,none,1,121342,9071,7.5,10070,0,74,0,27,90,9,101,1.11,0.0,0.3,0.099,0,none,none,0.0,109,14
17924507488232091,story,20,2026-04-13,13:59,Mon,13,poll: seen this trend yet?,26,0,0,none,1,121342,9594,7.9,11396,0,85,0,28,95,9,113,1.18,0.0,0.29,0.094,0,none,none,0.0,109,14
17980653872980234,story,20,2026-04-13,17:13,Mon,17,which audio should i try next?,30,0,0,none,1,121342,7355,6.1,8751,0,68,0,22,73,7,90,1.22,0.0,0.3,0.095,0,none,none,0.0,109,14
17978954734334796,reel,20,2026-04-13,23:20,Mon,23,creator drama update: here's what actually happened. 😭,54,1,12,#explorepage #trending #trend #instatrend #internetculture #indiatrends #desitrends #fyp #trendalert #popculture #viral #reelsindia,1,121342,67162,55.3,165616,4027,216,114,454,1281,98,4811,7.16,0.17,0.68,0.146,0,none,ok this is so good,28.3,109,14
17953377181059599,story,20,2026-04-14,09:18,Tue,9,which audio should i try next?,30,0,0,none,1,121437,8669,7.1,9704,0,58,0,26,86,8,84,0.97,0.0,0.3,0.092,0,none,none,0.0,304,42
17903141288021796,story,20,2026-04-14,09:51,Tue,9,question box: what trend confuses you?,38,0,0,none,1,121437,8361,6.9,10338,0,29,0,25,83,8,54,0.65,0.0,0.3,0.096,29,none,none,0.0,304,42
17932208362264626,reel,20,2026-04-14,10:10,Tue,10,cricket season trends ranked by chaos. 👀,40,1,2,#fyp #explorepage,1,121437,84180,69.3,156712,5616,345,308,906,1482,212,7175,8.52,0.37,1.08,0.252,0,none,saving this,26.7,304,42
17993958138710746,story,20,2026-04-14,10:15,Tue,10,reposting the best version of this trend,40,0,0,none,1,121437,8302,6.8,10172,0,41,0,24,83,8,65,0.78,0.0,0.29,0.096,0,none,none,0.0,304,42
17958347966028067,reel,20,2026-04-14,16:20,Tue,16,"the influencer apology video, broken down.",42,0,5,#trending #fyp #internetculture #instatrend #explorepage,1,121649,74107,60.9,146305,4251,138,149,510,1215,102,5048,6.81,0.2,0.69,0.138,0,none,the tea ☕,33.3,304,42
17963088505600132,story,20,2026-04-14,20:27,Tue,20,which audio should i try next?,30,0,0,none,1,121437,8897,7.3,9610,0,52,0,26,88,8,78,0.88,0.0,0.29,0.09,0,none,none,0.0,304,42
17914548829904565,story,20,2026-04-15,22:44,Wed,22,reposting the best version of this trend,40,0,0,none,1,121725,9238,7.6,11851,0,91,0,27,92,9,118,1.28,0.0,0.29,0.097,0,none,none,0.0,81,23
17905581978422981,carousel,20,2026-04-15,23:20,Wed,23,trying the viral recipe trend. results were mixed. ✨,52,1,0,none,8,121725,44283,36.4,65210,2504,82,172,241,730,95,2999,6.77,0.39,0.54,0.215,2,capcut_template:5|tutorial_request:4|late_callout:5,drop the template 🙏,28.3,81,23
17966622626060152,reel,20,2026-04-16,12:20,Thu,12,where did this audio even come from? a 60 second history. 💯 💀,61,2,2,#trendalert #trending,1,121821,66631,54.7,148658,4215,119,1140,414,917,151,5888,8.84,1.71,0.62,0.227,0,none,😭😭,20.0,156,13
17916266543336953,story,20,2026-04-16,17:21,Thu,17,which audio should i try next?,30,0,0,none,1,121821,9430,7.7,11164,0,53,0,28,94,9,81,0.86,0.0,0.3,0.095,0,none,none,0.0,156,13
17967100002571864,story,20,2026-04-16,22:19,Thu,22,question box: what trend confuses you?,38,0,0,none,1,121821,9352,7.7,11311,0,49,0,28,93,9,77,0.82,0.0,0.3,0.096,49,none,none,0.0,156,13
17913572459847433,reel,20,2026-04-17,08:30,Fri,8,"every trend you missed this week, in one carousel. 👀",52,1,8,#viral #reelsindia #indiatrends #trend #explorepage #fyp #internetculture #desitrends,1,121973,114761,94.1,212756,7272,426,1700,596,2299,379,9994,8.71,1.48,0.52,0.33,1,capcut_template:8|late_callout:6,saved!!,26.7,366,13
17982619898810296,story,20,2026-04-18,10:28,Sat,10,quiz: guess the trend from 1 second,35,0,0,none,1,122345,8896,7.3,9356,0,101,0,26,88,8,127,1.43,0.0,0.29,0.09,0,none,none,0.0,91,18
17925574387853902,story,20,2026-04-18,10:40,Sat,10,quiz: guess the trend from 1 second,35,0,0,none,1,122345,7668,6.3,9920,0,26,0,23,76,7,49,0.64,0.0,0.3,0.091,0,none,none,0.0,91,18
17921361498965831,carousel,20,2026-04-18,12:50,Sat,12,"weekly trend report: what's up, what's done, what's next. 🔥 💯 😂 😍 👀 🙌",69,6,12,#desitrends #trending #trend #fyp #explorepage #internetculture #trendalert #instatrend #viral #reelsindia #popculture #indiatrends,10,122345,32023,26.2,44186,2149,113,487,200,620,94,2949,9.21,1.52,0.62,0.294,2,capcut_template:8|late_callout:6,how did you edit this,25.0,91,18
17955374831599433,carousel,20,2026-04-19,22:00,Sun,22,trend recap: save this so you're never late again.,50,0,8,#instatrend #popculture #viral #explorepage #indiatrends #fyp #trendalert #trend,10,122443,43406,35.4,68367,2876,80,855,228,794,138,4039,9.31,1.97,0.53,0.318,1,capcut_template:5|late_callout:5,😭😭,23.3,512,14
17929852786271600,reel,20,2026-04-19,23:00,Sun,23,cricket season trends ranked by chaos.,38,0,8,#popculture #trendalert #desitrends #fyp #trend #explorepage #trending #viral,1,122581,143793,117.3,263778,7594,472,420,1034,2506,388,9520,6.62,0.29,0.72,0.27,0,none,😭😭,21.7,512,14
17926097663961797,reel,21,2026-04-20,08:30,Mon,8,where did this audio even come from? a 60 second history. ✨,59,1,8,#fyp #trending #reelsindia #popculture #desitrends #indiatrends #trendalert #trend,1,122967,71658,58.3,184211,3847,172,1098,339,1088,226,5456,7.61,1.53,0.47,0.315,0,none,need this energy,21.7,238,16
17911740669543019,story,21,2026-04-20,09:51,Mon,9,poll: seen this trend yet?,26,0,0,none,1,122967,5643,4.6,6353,0,17,0,16,56,5,33,0.58,0.0,0.28,0.089,0,none,none,0.0,238,16
17917936064552662,story,21,2026-04-20,10:56,Mon,10,poll: seen this trend yet?,26,0,0,none,1,122967,6109,5.0,7320,0,43,0,18,61,6,61,1.0,0.0,0.29,0.098,0,none,none,0.0,238,16
17919805077657056,story,21,2026-04-20,17:05,Mon,17,reposting the best version of this trend,40,0,0,none,1,122967,5508,4.5,6199,0,59,0,16,55,5,75,1.36,0.0,0.29,0.091,0,none,none,0.0,238,16
17970084556126142,story,21,2026-04-20,20:34,Mon,20,poll: seen this trend yet?,26,0,0,none,1,122967,7616,6.2,9524,0,17,0,22,76,7,39,0.51,0.0,0.29,0.092,0,none,none,0.0,238,16
17984490241684641,story,21,2026-04-20,22:10,Mon,22,quiz: guess the trend from 1 second,35,0,0,none,1,122967,5727,4.7,6420,0,56,0,17,57,5,73,1.27,0.0,0.3,0.087,0,none,none,0.0,238,16
17926100440565797,story,21,2026-04-21,09:17,Tue,9,quiz: guess the trend from 1 second,35,0,0,none,1,123195,6934,5.6,8637,0,61,0,20,69,6,81,1.17,0.0,0.29,0.087,0,none,none,0.0,417,9
17936821944301086,reel,21,2026-04-21,13:20,Tue,13,trying the viral recipe trend. results were mixed.,50,0,3,#instatrend #reelsindia #trend,1,123195,59797,48.5,164995,3718,132,198,263,1113,146,4311,7.21,0.33,0.44,0.244,2,capcut_template:6|tutorial_request:7|late_callout:6,need this energy,21.7,417,9
17972510785559844,story,21,2026-04-21,17:17,Tue,17,question box: what trend confuses you?,38,0,0,none,1,123195,8517,6.9,10313,0,85,0,25,85,8,110,1.29,0.0,0.29,0.094,85,none,none,0.0,417,9
17963835643676646,carousel,21,2026-04-21,21:30,Tue,21,every team's fans have a trend now. here's the list. 😍 👀,56,2,5,#instatrend #reelsindia #internetculture #desitrends #indiatrends,10,123341,105303,85.4,166153,6608,200,289,1089,1822,266,8186,7.77,0.27,1.03,0.253,0,none,obsessed,21.7,417,9
17997223216048949,story,21,2026-04-22,09:11,Wed,9,which audio should i try next?,30,0,0,none,1,123613,9193,7.4,11876,0,62,0,27,91,9,89,0.97,0.0,0.29,0.098,0,none,none,0.0,232,12
17924833496697456,story,21,2026-04-22,09:42,Wed,9,poll: seen this trend yet?,26,0,0,none,1,123613,5623,4.5,6942,0,57,0,16,56,5,73,1.3,0.0,0.28,0.089,0,none,none,0.0,232,12
17915084813503469,story,21,2026-04-22,17:14,Wed,17,which audio should i try next?,30,0,0,none,1,123613,6447,5.2,7208,0,40,0,19,64,6,59,0.92,0.0,0.29,0.093,0,none,none,0.0,232,12
17957773136136033,reel,21,2026-04-22,23:10,Wed,23,this meme started on a 2014 forum. here's the full story. 🙌,59,1,5,#popculture #internetculture #instatrend #trendalert #desitrends,1,123613,82725,66.9,186914,4819,222,945,468,1345,224,6454,7.8,1.14,0.57,0.271,0,none,ok this is so good,25.0,232,12
17914512374238759,reel,21,2026-04-23,08:00,Thu,8,cricket season trends ranked by chaos. 😭 🫶 🙌 😍,46,4,10,#instatrend #reelsindia #trend #popculture #trending #internetculture #explorepage #viral #fyp #desitrends,1,123855,67376,54.4,167270,3996,186,221,621,1249,207,5024,7.46,0.33,0.92,0.307,0,none,saving this,25.0,213,9
17988066240073666,story,21,2026-04-23,09:41,Thu,9,question box: what trend confuses you?,38,0,0,none,1,123855,7199,5.8,8841,0,68,0,21,71,7,89,1.24,0.0,0.29,0.097,68,none,none,0.0,213,9
17960190399348578,story,21,2026-04-23,22:58,Thu,22,which audio should i try next?,30,0,0,none,1,123855,8159,6.6,9363,0,54,0,24,81,8,78,0.96,0.0,0.29,0.098,0,none,none,0.0,213,9
17949744915144500,story,21,2026-04-24,13:17,Fri,13,reposting the best version of this trend,40,0,0,none,1,124082,6275,5.1,7576,0,74,0,18,62,6,92,1.47,0.0,0.29,0.096,0,none,none,0.0,790,9
17923913551873635,carousel,21,2026-04-24,19:30,Fri,19,cricket season trends ranked by chaos. 💀,40,1,2,#viral #reelsindia,8,124082,56077,45.2,79219,3044,122,178,414,880,145,3758,6.7,0.32,0.74,0.259,0,none,obsessed,26.7,790,9
17902841702386454,reel,21,2026-04-24,21:30,Fri,21,new filter just dropped and it's already doing numbers. 💀,57,1,12,#trending #popculture #explorepage #instatrend #trend #indiatrends #reelsindia #viral #desitrends #fyp #internetculture #trendalert,1,124227,150389,121.1,401429,10026,448,870,1143,2059,452,12487,8.3,0.58,0.76,0.301,3,capcut_template:7|tutorial_request:4|late_callout:5,LMAO,25.0,790,9
17909963621773670,story,21,2026-04-24,22:36,Fri,22,question box: what trend confuses you?,38,0,0,none,1,124082,5800,4.7,6924,0,24,0,17,58,5,41,0.71,0.0,0.29,0.086,24,none,none,0.0,790,9
17959019217418691,reel,21,2026-04-24,23:10,Fri,23,"weekly trend report: what's up, what's done, what's next. 🫶 💯 ✨ 🔥 👀 😭",69,6,5,#explorepage #desitrends #trendalert #trending #trend,1,124679,74548,59.8,196180,3878,177,1012,333,1206,191,5400,7.24,1.36,0.45,0.256,2,capcut_template:4|late_callout:3,the only recap i trust,21.7,790,9
17976165230488405,story,21,2026-04-25,13:50,Sat,13,poll: seen this trend yet?,26,0,0,none,1,124881,6701,5.4,8463,0,72,0,20,67,6,92,1.37,0.0,0.3,0.09,0,none,none,0.0,134,15
17974306997792168,story,21,2026-04-25,17:42,Sat,17,quiz: guess the trend from 1 second,35,0,0,none,1,124881,7447,6.0,8831,0,65,0,22,74,7,87,1.17,0.0,0.3,0.094,0,none,none,0.0,134,15
17922907734665150,reel,21,2026-04-25,19:50,Sat,19,creator drama update: here's what actually happened. 🫶,54,1,3,#internetculture #desitrends #fyp,1,124881,115573,92.5,297005,6528,289,204,619,1606,120,7640,6.61,0.18,0.54,0.104,0,none,obsessed,31.7,134,15
17938461331794846,story,21,2026-04-25,20:13,Sat,20,sneak peek of tomorrow's reel,29,0,0,none,1,124881,9696,7.8,10191,0,29,0,29,96,9,58,0.6,0.0,0.3,0.093,0,none,none,0.0,134,15
17903079652984214,story,21,2026-04-25,22:37,Sat,22,question box: what trend confuses you?,38,0,0,none,1,124881,7318,5.9,8032,0,41,0,21,73,7,62,0.85,0.0,0.29,0.096,41,none,none,0.0,134,15
17991242341138901,story,21,2026-04-26,10:03,Sun,10,reposting the best version of this trend,40,0,0,none,1,125012,7632,6.1,8239,0,89,0,22,76,7,111,1.45,0.0,0.29,0.092,0,none,none,0.0,-22,45
17916224116777354,reel,21,2026-04-26,10:10,Sun,10,ok i'm late but i had to try this trend.,40,0,10,#popculture #fyp #trendalert #trending #desitrends #indiatrends #trend #viral #instatrend #explorepage,1,125012,15273,12.2,37785,821,34,28,16,221,7,899,5.89,0.18,0.1,0.046,0,late_callout:13,ok this is so good,20.6,-22,45
17980177665497884,story,21,2026-04-26,13:21,Sun,13,sneak peek of tomorrow's reel,29,0,0,none,1,125012,9783,7.8,11017,0,81,0,29,97,9,110,1.12,0.0,0.3,0.092,0,none,none,0.0,-22,45
17974654255301102,carousel,22,2026-04-27,21:30,Mon,21,i tried the 5-second outfit change trend.,41,0,3,#indiatrends #trend #explorepage,4,124980,70880,56.7,112440,4712,194,332,377,1036,120,5615,7.92,0.47,0.53,0.169,0,capcut_template:6|tutorial_request:6|late_callout:4,saving this,21.7,115,13
17946234836797552,story,22,2026-04-27,22:21,Mon,22,poll: seen this trend yet?,26,0,0,none,1,124980,8147,6.5,8730,0,25,0,24,81,8,49,0.6,0.0,0.29,0.098,0,none,none,0.0,115,13
17953201421398585,story,22,2026-04-28,09:31,Tue,9,sneak peek of tomorrow's reel,29,0,0,none,1,125098,7089,5.7,8428,0,81,0,21,70,7,102,1.44,0.0,0.3,0.099,0,none,none,0.0,292,12
17996715320336103,reel,22,2026-04-28,13:30,Tue,13,"every trend you missed this week, in one carousel. 🫶 💀",54,2,2,#desitrends #explorepage,1,125098,74384,59.5,148854,4356,168,985,272,1377,238,5781,7.77,1.32,0.37,0.32,3,capcut_template:9|late_callout:6,ok this is so good,26.7,292,12
17907244221995237,story,22,2026-04-28,17:20,Tue,17,which audio should i try next?,30,0,0,none,1,125098,7414,5.9,7975,0,42,0,22,74,7,64,0.86,0.0,0.3,0.094,0,none,none,0.0,292,12
17966029097012222,carousel,22,2026-04-28,18:00,Tue,18,i tried the 5-second outfit change trend. 👀,43,1,12,#trending #trend #instatrend #internetculture #viral #popculture #fyp #desitrends #trendalert #reelsindia #indiatrends #explorepage,4,125336,27349,21.8,32838,1817,50,91,170,473,52,2128,7.78,0.33,0.62,0.19,1,capcut_template:6|tutorial_request:3|late_callout:5,🔥🔥🔥,20.0,292,12
17961561700208884,reel,22,2026-04-29,12:50,Wed,12,"every trend you missed this week, in one carousel.",50,0,3,#desitrends #viral #instatrend,1,125404,71164,56.7,178432,4765,182,1523,338,1026,149,6808,9.57,2.14,0.47,0.209,3,capcut_template:6|late_callout:5,😭😭,25.0,431,18
17964934399252438,reel,22,2026-04-29,19:10,Wed,19,cricket season trends ranked by chaos.,38,0,0,none,1,125553,103906,82.8,225724,6986,315,371,995,2048,300,8667,8.34,0.36,0.96,0.289,0,none,you're always first,15.0,431,18
17901408982205504,story,22,2026-04-30,13:28,Thu,13,poll: seen this trend yet?,26,0,0,none,1,125859,5905,4.7,6288,0,62,0,17,59,5,79,1.34,0.0,0.29,0.085,0,none,none,0.0,150,18
17940585087623996,story,22,2026-04-30,17:33,Thu,17,question box: what trend confuses you?,38,0,0,none,1,125859,8920,7.1,10897,0,58,0,26,89,8,84,0.94,0.0,0.29,0.09,58,none,none,0.0,150,18
17976666774759363,story,22,2026-04-30,22:20,Thu,22,reposting the best version of this trend,40,0,0,none,1,125859,9681,7.7,11496,0,63,0,29,96,9,92,0.95,0.0,0.3,0.093,0,none,none,0.0,150,18
17993296831894830,reel,22,2026-04-30,22:40,Thu,22,trying the viral transition so you don't have to.,49,0,5,#viral #popculture #desitrends #instatrend #indiatrends,1,125859,79497,63.2,219093,5242,183,285,389,1110,146,6099,7.67,0.36,0.49,0.184,5,capcut_template:12|tutorial_request:2|late_callout:9,🔥🔥🔥,18.3,150,18
17964022283097103,carousel,22,2026-05-01,08:50,Fri,8,the celebration dance every fan is copying this week. 😍 😂,57,2,2,#desitrends #popculture,9,126013,60053,47.7,89219,3968,244,168,508,1109,154,4888,8.14,0.28,0.85,0.256,0,none,need this energy,31.7,586,13
17996620164827543,reel,22,2026-05-01,18:20,Fri,18,this audio is about to blow up. you heard it here first. ✨ 😭,60,2,5,#fyp #indiatrends #trendalert #reelsindia #popculture,1,126167,141831,112.4,361137,8798,551,818,1294,2344,445,11461,8.08,0.58,0.91,0.314,1,capcut_template:3|late_callout:2,ok this is so good,25.0,586,13
17967740043678038,carousel,22,2026-05-02,08:10,Sat,8,trying the viral recipe trend. results were mixed. 🫶 🙌,54,2,3,#indiatrends #trendalert #trend,7,126622,29105,23.0,36079,1942,119,130,171,486,69,2362,8.12,0.45,0.59,0.237,2,capcut_template:6|tutorial_request:4|late_callout:4,obsessed,21.7,692,16
17964698924527857,reel,22,2026-05-02,10:40,Sat,10,cricket season trends ranked by chaos. 🔥 😍 💀 💯,46,4,2,#indiatrends #trend,1,126691,94017,74.2,169558,5712,234,239,736,1735,303,6921,7.36,0.25,0.78,0.322,0,none,obsessed,20.0,692,16
17939915586832766,reel,22,2026-05-02,19:40,Sat,19,new filter just dropped and it's already doing numbers. 🙌 😂,59,2,8,#reelsindia #trend #viral #explorepage #popculture #trending #trendalert #indiatrends,1,126994,115234,90.7,282386,6221,214,471,854,1840,330,7760,6.73,0.41,0.74,0.286,1,capcut_template:7|tutorial_request:5|late_callout:6,template link??,35.0,692,16
17960445594745555,story,22,2026-05-02,20:08,Sat,20,question box: what trend confuses you?,38,0,0,none,1,126622,6101,4.8,7700,0,16,0,18,61,6,34,0.56,0.0,0.3,0.098,16,none,none,0.0,692,16
17957501688540412,story,22,2026-05-03,09:16,Sun,9,quiz: guess the trend from 1 second,35,0,0,none,1,127322,5124,4.0,6609,0,38,0,15,51,5,53,1.03,0.0,0.29,0.098,0,none,none,0.0,752,16
17935081596359162,story,22,2026-05-03,09:39,Sun,9,quiz: guess the trend from 1 second,35,0,0,none,1,127322,8446,6.6,10377,0,82,0,25,84,8,107,1.27,0.0,0.3,0.095,0,none,none,0.0,752,16
17962776993025834,carousel,22,2026-05-03,19:20,Sun,19,day 1 of a trend that's going to be everywhere by friday. 👀 ✨,61,2,3,#internetculture #reelsindia #explorepage,3,127322,85333,67.0,103758,4585,258,416,529,1174,201,5788,6.78,0.49,0.62,0.236,1,capcut_template:6|tutorial_request:9|late_callout:5,saving this,16.7,752,16
17927006485347764,story,22,2026-05-03,20:19,Sun,20,which audio should i try next?,30,0,0,none,1,127322,7859,6.2,8840,0,37,0,23,78,7,60,0.76,0.0,0.29,0.089,0,none,none,0.0,752,16
17960872847563302,reel,22,2026-05-03,21:30,Sun,21,"the trend you keep seeing, decoded. 🙌",37,1,10,#trending #fyp #internetculture #indiatrends #explorepage #reelsindia #desitrends #trendalert #instatrend #popculture,1,127523,81503,63.9,215812,4302,269,852,367,1110,231,5790,7.1,1.05,0.45,0.283,0,none,more of these pls,28.3,752,16
17943617857099991,reel,22,2026-05-03,22:50,Sun,22,day 1 of a trend that's going to be everywhere by friday.,57,0,0,none,1,127754,133084,104.2,361174,8879,366,679,1174,1902,316,11098,8.34,0.51,0.88,0.237,1,capcut_template:3|tutorial_request:3|late_callout:2,do a tutorial on this,30.0,752,16
17917166467436955,reel,23,2026-05-04,16:00,Mon,16,3 trends that died this week and why. 🔥 😍,41,2,10,#desitrends #reelsindia #popculture #instatrend #indiatrends #internetculture #fyp #trending #viral #trend,1,128066,52042,40.6,124359,2973,167,798,294,753,150,4232,8.13,1.53,0.56,0.288,0,none,LMAO,30.0,133,17
17911395850518574,story,23,2026-05-05,10:58,Tue,10,question box: what trend confuses you?,38,0,0,none,1,128215,7844,6.1,9212,0,86,0,23,78,7,109,1.39,0.0,0.29,0.089,86,none,none,0.0,863,14
17926684566073170,reel,23,2026-05-05,12:00,Tue,12,my mom tried the trend. she did it better. 😍,44,1,2,#reelsindia #internetculture,1,128215,61448,47.9,122216,3339,195,223,236,1227,157,3993,6.5,0.36,0.38,0.256,2,capcut_template:7|tutorial_request:3|late_callout:5,saving this,31.7,863,14
17921569572922935,reel,23,2026-05-05,22:10,Tue,22,trend recap: save this so you're never late again. ✨ 😍 😭 😂 🫶 💀,62,6,8,#trending #reelsindia #popculture #instatrend #indiatrends #fyp #explorepage #trend,1,128372,222808,173.6,518715,15174,420,4913,1202,4343,713,21709,9.74,2.21,0.54,0.32,3,capcut_template:7|late_callout:5,what app is this edit,28.3,863,14
17992514035981866,carousel,23,2026-05-06,12:10,Wed,12,trying the viral recipe trend. results were mixed. 🔥 💀 🫶 🙌 😂 😭,62,6,5,#desitrends #popculture #trendalert #fyp #indiatrends,8,129085,43951,34.0,57832,2531,150,179,233,863,110,3093,7.04,0.41,0.53,0.25,1,capcut_template:2|tutorial_request:2|late_callout:1,how did you edit this,25.0,270,10
17963573151617073,story,23,2026-05-06,13:18,Wed,13,reposting the best version of this trend,40,0,0,none,1,129085,6667,5.2,7929,0,48,0,20,66,6,68,1.02,0.0,0.3,0.09,0,none,none,0.0,270,10
17958813095614918,carousel,23,2026-05-06,19:40,Wed,19,where did this audio even come from? a 60 second history. 💯 😭,61,2,5,#trendalert #reelsindia #trending #internetculture #trend,3,129195,57428,44.5,70029,3643,162,1046,387,830,149,5238,9.12,1.82,0.67,0.259,0,none,wait that's so interesting,13.3,270,10
17991974867923683,story,23,2026-05-06,22:18,Wed,22,poll: seen this trend yet?,26,0,0,none,1,129085,6876,5.3,7924,0,67,0,20,68,6,87,1.27,0.0,0.29,0.087,0,none,none,0.0,270,10
17994406579889723,story,23,2026-05-06,22:52,Wed,22,quiz: guess the trend from 1 second,35,0,0,none,1,129085,9203,7.1,10590,0,104,0,27,92,9,131,1.42,0.0,0.29,0.098,0,none,none,0.0,270,10
17920595828939069,image,23,2026-05-07,13:30,Thu,13,"the influencer apology video, broken down. 😭",44,1,5,#explorepage #popculture #viral #reelsindia #trendalert,1,129348,25442,19.7,39645,1640,44,41,209,495,35,1934,7.6,0.16,0.82,0.138,0,none,need this energy,27.3,276,18
17912821442860003,reel,23,2026-05-07,18:00,Thu,18,"the influencer apology video, broken down. 🫶",44,1,2,#popculture #desitrends,1,129383,71245,55.1,142977,3956,224,125,412,1380,110,4717,6.62,0.18,0.58,0.154,0,none,who asked,13.3,276,18
17960470323710769,carousel,23,2026-05-07,21:40,Thu,21,how a random street vendor video became the biggest audio of the month. 🫶 ✨,75,2,2,#trend #trendalert,8,129493,51993,40.2,80186,3088,110,635,345,963,149,4178,8.04,1.22,0.66,0.287,0,none,wait that's so interesting,25.0,276,18
17939734402457402,reel,23,2026-05-08,12:10,Fri,12,the 7 audios that ran the internet this week. 💯 ✨ 😂 🔥,53,4,5,#popculture #internetculture #trendalert #viral #fyp,1,129632,73146,56.4,177554,4550,196,1088,352,1110,193,6186,8.46,1.49,0.48,0.264,2,capcut_template:13|late_callout:11,how did you edit this,18.3,131,62
17935178443347033,carousel,23,2026-05-09,08:10,Sat,8,the finale everyone's fighting about in the comments. 😍,55,1,10,#trending #fyp #viral #trend #trendalert #popculture #indiatrends #explorepage #internetculture #instatrend,5,129786,41426,31.9,62497,2370,70,118,279,581,75,2837,6.85,0.28,0.67,0.181,0,none,😭😭,20.0,481,15
17901117905267474,story,23,2026-05-09,13:28,Sat,13,question box: what trend confuses you?,38,0,0,none,1,129786,7312,5.6,8269,0,41,0,21,73,7,62,0.85,0.0,0.29,0.096,41,none,none,0.0,481,15
17945547522643971,story,23,2026-05-09,17:59,Sat,17,question box: what trend confuses you?,38,0,0,none,1,129786,6253,4.8,7711,0,61,0,18,62,6,79,1.26,0.0,0.29,0.096,61,none,none,0.0,481,15
17908908225680259,reel,23,2026-05-09,18:30,Sat,18,this audio is about to blow up. you heard it here first. 😭,58,1,2,#internetculture #popculture,1,129861,132324,101.9,333619,7297,274,606,788,2133,408,8965,6.78,0.46,0.6,0.308,2,capcut_template:5|tutorial_request:2|late_callout:5,drop the template 🙏,23.3,481,15
17911074477162503,carousel,23,2026-05-10,12:30,Sun,12,cricket season trends ranked by chaos.,38,0,2,#trending #viral,6,130280,84025,64.5,121806,4635,203,204,737,1705,254,5779,6.88,0.24,0.88,0.302,0,none,🔥🔥🔥,25.0,678,16
17977069983528550,reel,23,2026-05-10,19:30,Sun,19,this dance is 12 hours old and already at 2M views. ✨,53,1,12,#trend #trendalert #fyp #reelsindia #instatrend #internetculture #explorepage #popculture #desitrends #trending #viral #indiatrends,1,130534,110589,84.7,220977,6414,208,541,760,2249,440,7923,7.16,0.49,0.69,0.398,3,capcut_template:7|tutorial_request:1|late_callout:4,ok this is so good,20.0,678,16
17927531846279142,reel,24,2026-05-11,08:00,Mon,8,the stadium crowd moment that became an audio. 🙌,48,1,2,#fyp #instatrend,1,130987,109770,83.8,262249,7488,451,329,1217,2226,330,9485,8.64,0.3,1.11,0.301,0,none,🔥🔥🔥,33.3,355,9
17952877805200720,story,24,2026-05-11,10:39,Mon,10,poll: seen this trend yet?,26,0,0,none,1,130987,9446,7.2,9934,0,67,0,28,94,9,95,1.01,0.0,0.3,0.095,0,none,none,0.0,355,9
17955621622301398,story,24,2026-05-11,13:18,Mon,13,which audio should i try next?,30,0,0,none,1,130987,10471,8.0,12165,0,108,0,31,104,10,139,1.33,0.0,0.3,0.096,0,none,none,0.0,355,9
17972669303574093,carousel,24,2026-05-11,22:00,Mon,22,late to the party but here's my version. 😍,42,1,5,#trending #explorepage #reelsindia #viral #indiatrends,5,131317,19330,14.7,23389,1099,69,26,28,288,9,1222,6.32,0.13,0.14,0.047,0,late_callout:18,this is so last week,21.7,355,9
17995284300573459,story,24,2026-05-11,22:27,Mon,22,question box: what trend confuses you?,38,0,0,none,1,130987,6958,5.3,8521,0,17,0,20,69,6,37,0.53,0.0,0.29,0.086,17,none,none,0.0,355,9
17926953399642418,reel,24,2026-05-12,08:00,Tue,8,"every trend you missed this week, in one carousel. 🫶 😍 ✨ 💀",58,4,8,#reelsindia #explorepage #desitrends #popculture #trendalert #indiatrends #trending #fyp,1,131340,103816,79.0,200516,6036,251,1467,535,1952,323,8289,7.98,1.41,0.52,0.311,3,capcut_template:7|late_callout:6,😭😭,18.3,883,13
17931330691701579,story,24,2026-05-12,09:58,Tue,9,sneak peek of tomorrow's reel,29,0,0,none,1,131340,8390,6.4,10053,0,78,0,25,83,8,103,1.23,0.0,0.3,0.095,0,none,none,0.0,883,13
17902795813775303,story,24,2026-05-12,13:20,Tue,13,quiz: guess the trend from 1 second,35,0,0,none,1,131340,9322,7.1,10908,0,42,0,27,93,9,69,0.74,0.0,0.29,0.097,0,none,none,0.0,883,13
17984094605501715,story,24,2026-05-12,17:51,Tue,17,quiz: guess the trend from 1 second,35,0,0,none,1,131340,10336,7.9,11780,0,111,0,31,103,10,142,1.37,0.0,0.3,0.097,0,none,none,0.0,883,13
17917488115995794,reel,24,2026-05-12,19:50,Tue,19,trying the viral recipe trend. results were mixed. 🫶 😭 💯 💀,58,4,2,#trendalert #explorepage,1,131663,56892,43.2,130569,3495,200,236,322,932,128,4253,7.48,0.41,0.57,0.225,0,capcut_template:2|tutorial_request:8|late_callout:1,LMAO,21.7,883,13
17939900276508106,reel,24,2026-05-12,21:30,Tue,21,"every trend you missed this week, in one carousel.",50,0,3,#desitrends #instatrend #internetculture,1,131791,135234,102.6,368757,6915,244,1641,545,2446,411,9345,6.91,1.21,0.4,0.304,2,capcut_template:6|late_callout:4,obsessed,20.0,883,13
17983398668207111,story,24,2026-05-12,22:34,Tue,22,reposting the best version of this trend,40,0,0,none,1,131340,7662,5.8,9770,0,89,0,22,76,7,111,1.45,0.0,0.29,0.091,0,none,none,0.0,883,13
17953758329134961,image,24,2026-05-13,19:20,Wed,19,attempting the trend with zero rehearsal. 🙌 💯,45,2,0,none,1,132219,19530,14.8,26001,1202,45,85,115,334,49,1447,7.41,0.44,0.59,0.251,0,capcut_template:2|tutorial_request:1,😭😭,28.9,40,16
17943404053665231,story,24,2026-05-13,20:15,Wed,20,quiz: guess the trend from 1 second,35,0,0,none,1,132219,7308,5.5,9242,0,19,0,21,73,7,40,0.55,0.0,0.29,0.096,0,none,none,0.0,40,16
17965007973115795,story,24,2026-05-14,09:55,Thu,9,quiz: guess the trend from 1 second,35,0,0,none,1,132273,8990,6.8,10137,0,32,0,26,89,8,58,0.65,0.0,0.29,0.089,0,none,none,0.0,252,18
17976915754588770,reel,24,2026-05-14,13:00,Thu,13,the brand deal controversy explained. 🙌,39,1,5,#fyp #indiatrends #trend #instatrend #trending,1,132273,77998,59.0,216991,4708,135,132,550,1213,104,5525,7.08,0.17,0.71,0.133,0,none,need this energy,23.3,252,18
17947518510563258,story,24,2026-05-14,13:04,Thu,13,poll: seen this trend yet?,26,0,0,none,1,132273,6126,4.6,7462,0,60,0,18,61,6,78,1.27,0.0,0.29,0.098,0,none,none,0.0,252,18
17909619262686504,story,24,2026-05-14,20:31,Thu,20,poll: seen this trend yet?,26,0,0,none,1,132273,9572,7.2,12266,0,74,0,28,95,9,102,1.07,0.0,0.29,0.094,0,none,none,0.0,252,18
17929048097159284,reel,24,2026-05-14,21:00,Thu,21,i tried the 5-second outfit change trend. 🫶 💀 ✨ 💯,49,4,0,none,1,132377,86202,65.1,177333,5660,254,356,525,1240,137,6795,7.88,0.41,0.61,0.159,1,capcut_template:6|tutorial_request:4|late_callout:2,obsessed,36.7,252,18
17955537206869132,story,24,2026-05-14,22:14,Thu,22,poll: seen this trend yet?,26,0,0,none,1,132273,6843,5.2,7380,0,66,0,20,68,6,86,1.26,0.0,0.29,0.088,0,none,none,0.0,252,18
17921355143465353,story,24,2026-05-15,10:21,Fri,10,sneak peek of tomorrow's reel,29,0,0,none,1,132515,9413,7.1,11064,0,64,0,28,94,9,92,0.98,0.0,0.3,0.096,0,none,none,0.0,744,38
17994068082749157,carousel,24,2026-05-15,21:40,Fri,21,"the trend you keep seeing, decoded. ✨ 👀 💯 🔥",43,4,12,#viral #fyp #trend #internetculture #popculture #trendalert #desitrends #indiatrends #instatrend #reelsindia #explorepage #trending,10,132515,46741,35.3,62506,2958,125,636,333,882,147,4052,8.67,1.36,0.71,0.314,0,none,🔥🔥🔥,26.7,744,38
17938404491345116,reel,24,2026-05-15,22:50,Fri,22,the stadium crowd moment that became an audio. 💀,48,1,0,none,1,132662,187048,141.0,354594,10077,310,481,1282,3771,626,12150,6.5,0.26,0.69,0.335,0,none,LMAO,21.7,744,38
17909070411185726,reel,24,2026-05-16,10:30,Sat,10,my mom tried the trend. she did it better. 🙌,44,1,2,#internetculture #instatrend,1,133269,66115,49.6,159588,3949,167,241,345,932,105,4702,7.11,0.36,0.52,0.159,1,capcut_template:9|tutorial_request:5|late_callout:7,you're always first,21.7,1111,16
17979808486849605,reel,24,2026-05-16,13:10,Sat,13,3 trends that died this week and why.,37,0,3,#indiatrends #reelsindia #trending,1,133374,95753,71.8,258547,5577,168,1444,599,1829,377,7788,8.13,1.51,0.63,0.394,0,none,more of these pls,20.0,1111,16
17991501801825698,story,24,2026-05-16,13:32,Sat,13,quiz: guess the trend from 1 second,35,0,0,none,1,133269,6770,5.1,8087,0,29,0,20,67,6,49,0.72,0.0,0.3,0.089,0,none,none,0.0,1111,16
17928360942491584,reel,24,2026-05-16,21:10,Sat,21,new filter just dropped and it's already doing numbers.,55,0,2,#trendalert #internetculture,1,133751,184398,137.9,369825,10303,522,826,1171,3132,639,12822,6.95,0.45,0.64,0.347,0,capcut_template:3|tutorial_request:5|late_callout:1,😭😭,31.7,1111,16
17968604339866960,carousel,24,2026-05-17,13:40,Sun,13,new filter just dropped and it's already doing numbers. 💀,57,1,12,#explorepage #viral #instatrend #internetculture #desitrends #indiatrends #trendalert #fyp #trending #popculture #trend #reelsindia,4,134404,65250,48.5,94709,3505,159,293,427,1017,189,4384,6.72,0.45,0.65,0.29,1,capcut_template:5|tutorial_request:3|late_callout:4,you're always first,28.3,210,14
17983191845214375,image,24,2026-05-17,18:40,Sun,18,i tried the 5-second outfit change trend.,41,0,12,#trending #trend #viral #indiatrends #instatrend #explorepage #internetculture #reelsindia #fyp #desitrends #popculture #trendalert,1,134593,19624,14.6,27409,1097,29,75,107,267,35,1308,6.67,0.38,0.55,0.178,0,capcut_template:1|tutorial_request:1,🔥🔥🔥,20.7,210,14
17958634536053968,carousel,25,2026-05-18,13:30,Mon,13,spotted this on 40 accounts in 6 hours. it's starting. ✨,56,1,10,#desitrends #indiatrends #trending #trendalert #instatrend #fyp #trend #explorepage #internetculture #popculture,5,134625,80977,60.2,99398,4550,230,383,674,1112,244,5837,7.21,0.47,0.83,0.301,1,capcut_template:12|tutorial_request:3|late_callout:7,😭😭,21.7,722,10
17900183498554423,reel,25,2026-05-18,18:00,Mon,18,my mom tried the trend. she did it better. 🔥 🫶 😂 💯 😭 🙌,54,6,2,#viral #popculture,1,134869,48305,35.8,127818,2533,127,153,191,756,103,3004,6.22,0.32,0.4,0.213,2,capcut_template:3|tutorial_request:4|late_callout:3,obsessed,15.0,722,10
17927574759900286,story,25,2026-05-18,20:07,Mon,20,poll: seen this trend yet?,26,0,0,none,1,134625,10711,8.0,12820,0,30,0,32,107,10,62,0.58,0.0,0.3,0.093,0,none,none,0.0,722,10
17902873520943466,reel,25,2026-05-18,21:40,Mon,21,3 trends that died this week and why. 🫶 ✨ 😍 😭,45,4,2,#popculture #trend,1,134972,114572,84.9,274915,6284,185,1608,615,2334,375,8692,7.59,1.4,0.54,0.327,0,none,LMAO,20.0,722,10
17988332099098229,reel,25,2026-05-19,10:50,Tue,10,new filter just dropped and it's already doing numbers. 💀 ✨,59,2,8,#desitrends #internetculture #trend #trending #fyp #instatrend #indiatrends #viral,1,135346,171412,126.6,409333,10756,527,719,1399,2774,551,13401,7.82,0.42,0.82,0.321,1,capcut_template:7|tutorial_request:6|late_callout:7,saving this,30.0,720,15
17963186880749077,reel,25,2026-05-19,12:00,Tue,12,"the trend you keep seeing, decoded. 😍",37,1,5,#instatrend #viral #fyp #indiatrends #popculture,1,135897,71226,52.4,172321,3859,166,874,400,1008,174,5299,7.44,1.23,0.56,0.244,0,none,you're always first,23.3,720,15
17935290656234657,story,25,2026-05-19,13:54,Tue,13,quiz: guess the trend from 1 second,35,0,0,none,1,135346,5619,4.2,6203,0,59,0,16,56,5,75,1.33,0.0,0.28,0.089,0,none,none,0.0,720,15
17984246022966064,story,25,2026-05-19,22:20,Tue,22,sneak peek of tomorrow's reel,29,0,0,none,1,135346,5423,4.0,5790,0,27,0,16,54,5,43,0.79,0.0,0.3,0.092,0,none,none,0.0,720,15
17952098358937044,carousel,25,2026-05-20,13:20,Wed,13,"internet's reaction to the new album, ranked. 💯 🙌",49,2,3,#viral #internetculture #fyp,7,136066,35500,26.1,52522,2126,94,118,195,632,75,2533,7.14,0.33,0.55,0.211,0,none,team 1 all the way,18.3,92,16
17981861147096301,story,25,2026-05-20,13:38,Wed,13,question box: what trend confuses you?,38,0,0,none,1,136066,9860,7.2,10538,0,96,0,29,98,9,125,1.27,0.0,0.29,0.091,96,none,none,0.0,92,16
17981510605969488,reel,25,2026-05-20,23:40,Wed,23,finally trying the trend everyone's been doing. 🙌,49,1,5,#internetculture #viral #reelsindia #fyp #indiatrends,1,136141,37911,27.8,86853,2254,93,73,52,686,24,2472,6.52,0.19,0.14,0.063,0,late_callout:19,saving this,26.7,92,16
17919842912853355,story,25,2026-05-21,09:19,Thu,9,which audio should i try next?,30,0,0,none,1,136167,8662,6.4,11227,0,74,0,25,86,8,99,1.14,0.0,0.29,0.092,0,none,none,0.0,85,10
17973455355664724,image,25,2026-05-21,22:10,Thu,22,the 7 audios that ran the internet this week. 🫶 🙌 ✨ 🔥 😍 😭,57,6,0,none,1,136167,40227,29.5,56245,2695,96,819,170,566,87,3780,9.4,2.04,0.42,0.216,2,capcut_template:4|late_callout:4,saving this,26.7,85,10
17904248902100064,story,25,2026-05-22,10:16,Fri,10,poll: seen this trend yet?,26,0,0,none,1,136259,8700,6.4,10102,0,30,0,26,87,8,56,0.64,0.0,0.3,0.092,0,none,none,0.0,84,11
17968215104628183,story,25,2026-05-22,13:32,Fri,13,quiz: guess the trend from 1 second,35,0,0,none,1,136259,7897,5.8,9773,0,22,0,23,78,7,45,0.57,0.0,0.29,0.089,0,none,none,0.0,84,11
17922170503318736,story,25,2026-05-22,20:43,Fri,20,poll: seen this trend yet?,26,0,0,none,1,136259,10815,7.9,13567,0,106,0,32,108,10,138,1.28,0.0,0.3,0.092,0,none,none,0.0,84,11
17957822052088720,carousel,25,2026-05-22,21:30,Fri,21,the award show moment everyone's talking about. 💀 😭 😂 🙌 🔥 😍,59,6,10,#indiatrends #popculture #trendalert #internetculture #trend #instatrend #reelsindia #trending #explorepage #viral,7,136259,38683,28.4,48820,2063,127,98,226,547,70,2514,6.5,0.25,0.58,0.181,0,none,you're always first,23.3,84,11
17919638261388953,carousel,25,2026-05-23,08:20,Sat,8,the award show moment everyone's talking about. 😍 💯 🔥 💀,55,4,5,#indiatrends #internetculture #instatrend #popculture #trendalert,4,136344,21299,15.6,25613,1197,52,55,141,329,35,1445,6.78,0.26,0.66,0.164,0,none,you're always first,17.3,842,13
17940166847537251,reel,25,2026-05-23,13:10,Sat,13,this dance is 12 hours old and already at 2M views.,51,0,5,#popculture #indiatrends #trend #reelsindia #trending,1,136379,213743,156.7,596549,14329,558,1350,1526,3427,700,17763,8.31,0.63,0.71,0.327,2,capcut_template:4|tutorial_request:4|late_callout:4,😭😭,33.3,842,13
17926749197971756,reel,25,2026-05-23,19:20,Sat,19,attempting the trend with zero rehearsal. 👀,43,1,2,#instatrend #reelsindia,1,137079,54969,40.1,116445,2820,85,160,214,767,113,3279,5.97,0.29,0.39,0.206,1,capcut_template:5|tutorial_request:6|late_callout:4,ok this is so good,21.7,842,13
17953621186939479,story,25,2026-05-23,22:42,Sat,22,reposting the best version of this trend,40,0,0,none,1,136344,7712,5.7,8437,0,21,0,23,77,7,44,0.57,0.0,0.3,0.091,0,none,none,0.0,842,13
17951078972764515,story,25,2026-05-24,10:32,Sun,10,sneak peek of tomorrow's reel,29,0,0,none,1,137207,5782,4.2,7446,0,48,0,17,57,5,65,1.12,0.0,0.29,0.086,0,none,none,0.0,356,16
17938122263113768,reel,25,2026-05-24,19:00,Sun,19,where did this audio even come from? a 60 second history. 👀 🔥 🙌 🫶 😭 💯,69,6,8,#desitrends #viral #indiatrends #explorepage #instatrend #internetculture #popculture #trend,1,137207,111178,81.0,300779,6478,234,1280,564,1782,283,8556,7.7,1.15,0.51,0.255,0,none,😭😭,31.7,356,16
17905895816553278,carousel,25,2026-05-24,22:10,Sun,22,the finale everyone's fighting about in the comments. 💀 😂 ✨ 🫶 🙌 🔥,65,6,0,none,4,137490,49538,36.0,74317,2619,137,121,332,774,84,3209,6.48,0.24,0.67,0.17,0,none,ok this is so good,8.3,356,16
17929067288367617,image,26,2026-05-25,08:00,Mon,8,cricket season trends ranked by chaos. ✨ 😭 💀 💯,46,4,8,#trend #instatrend #viral #explorepage #internetculture #reelsindia #popculture #indiatrends,1,137588,29477,21.4,36650,1749,66,100,249,407,60,2164,7.34,0.34,0.84,0.204,0,none,LMAO,33.3,709,16
17918438223437402,story,26,2026-05-25,09:02,Mon,9,poll: seen this trend yet?,26,0,0,none,1,137588,6782,4.9,8809,0,76,0,20,67,6,96,1.42,0.0,0.29,0.088,0,none,none,0.0,709,16
17992867704628684,reel,26,2026-05-25,12:40,Mon,12,trend recap: save this so you're never late again.,50,0,3,#reelsindia #instatrend #trendalert,1,137648,137182,99.7,255805,8461,521,1909,607,2754,489,11498,8.38,1.39,0.44,0.356,1,capcut_template:7|late_callout:4,😭😭,31.7,709,16
17983592820536354,story,26,2026-05-25,13:12,Mon,13,quiz: guess the trend from 1 second,35,0,0,none,1,137588,7324,5.3,9276,0,38,0,21,73,7,59,0.81,0.0,0.29,0.096,0,none,none,0.0,709,16
17953054689210563,reel,26,2026-05-25,16:30,Mon,16,attempting the trend with zero rehearsal. 🙌,43,1,2,#desitrends #explorepage,1,138137,70546,51.1,127991,4388,130,214,360,1134,163,5092,7.22,0.3,0.51,0.231,3,capcut_template:5|tutorial_request:4|late_callout:5,🔥🔥🔥,26.7,709,16
17909146114671004,carousel,26,2026-05-26,08:10,Tue,8,spotted this on 40 accounts in 6 hours. it's starting. 🔥 🫶 💀 😂 😭 😍,66,6,12,#fyp #popculture #trending #explorepage #trendalert #instatrend #trend #reelsindia #indiatrends #viral #desitrends #internetculture,4,138301,86605,62.6,128351,5079,278,430,632,1577,278,6419,7.41,0.5,0.73,0.321,1,capcut_template:6|tutorial_request:1|late_callout:3,obsessed,20.0,594,15
17928782337533360,story,26,2026-05-26,10:33,Tue,10,quiz: guess the trend from 1 second,35,0,0,none,1,138301,6069,4.4,7234,0,32,0,18,60,6,50,0.82,0.0,0.3,0.099,0,none,none,0.0,594,15
17922559067694820,carousel,26,2026-05-26,12:00,Tue,12,calling it now: this format is next week's everything. 😭,56,1,0,none,7,138579,92584,66.8,131020,6173,344,465,652,1592,317,7634,8.25,0.5,0.7,0.342,3,capcut_template:10|tutorial_request:7|late_callout:8,😭😭,25.0,594,15
17925178885254746,story,26,2026-05-26,17:20,Tue,17,poll: seen this trend yet?,26,0,0,none,1,138301,8987,6.5,9854,0,68,0,26,89,8,94,1.05,0.0,0.29,0.089,0,none,none,0.0,594,15
17972858304656608,image,26,2026-05-27,13:10,Wed,13,every team's fans have a trend now. here's the list.,52,0,3,#trend #viral #explorepage,1,138896,35055,25.2,54815,2413,87,103,333,510,84,2936,8.38,0.29,0.95,0.24,0,none,ok this is so good,20.0,423,10
17924575758369118,reel,26,2026-05-27,21:00,Wed,21,i tried the 5-second outfit change trend. 🫶 😂,45,2,8,#explorepage #popculture #desitrends #trend #reelsindia #internetculture #viral #trendalert,1,138980,142962,102.9,284472,8185,368,520,805,2102,297,9878,6.91,0.36,0.56,0.208,2,capcut_template:9|tutorial_request:3|late_callout:7,capcut template pls,21.7,423,10
17956763793660103,image,26,2026-05-27,23:00,Wed,23,trying the viral transition so you don't have to. 😍,51,1,3,#internetculture #trending #reelsindia,1,139277,24962,17.9,30737,1422,73,99,112,362,52,1706,6.83,0.4,0.45,0.208,2,capcut_template:6|tutorial_request:2|late_callout:6,need this energy,28.3,423,10
17922491877377615,reel,26,2026-05-28,10:50,Thu,10,my mom tried the trend. she did it better. 💯,44,1,3,#trendalert #reelsindia #popculture,1,139340,59097,42.4,137141,3847,198,203,324,814,99,4572,7.74,0.34,0.55,0.168,2,capcut_template:9|tutorial_request:6|late_callout:6,how did you edit this,25.0,317,17
17926752625288839,story,26,2026-05-28,20:26,Thu,20,sneak peek of tomorrow's reel,29,0,0,none,1,139340,10654,7.6,13269,0,38,0,31,106,10,69,0.65,0.0,0.29,0.094,0,none,none,0.0,317,17
17947737030948386,reel,26,2026-05-28,21:20,Thu,21,"the influencer apology video, broken down. 💀",44,1,0,none,1,139439,153790,110.3,374808,8366,375,247,1088,2840,225,10076,6.55,0.16,0.71,0.146,0,none,you're always first,21.7,317,17
17956585623152795,story,26,2026-05-29,13:16,Fri,13,quiz: guess the trend from 1 second,35,0,0,none,1,139677,10349,7.4,13318,0,39,0,31,103,10,70,0.68,0.0,0.3,0.097,0,none,none,0.0,461,46
17966206753523405,reel,26,2026-05-29,16:20,Fri,16,spotted this on 40 accounts in 6 hours. it's starting. 😂 🫶 ✨ 💯,62,4,8,#trendalert #reelsindia #indiatrends #instatrend #internetculture #trending #popculture #desitrends,1,139677,116749,83.6,214914,6502,281,496,1029,2288,474,8308,7.12,0.42,0.88,0.406,2,capcut_template:5|tutorial_request:3|late_callout:3,template link??,16.7,461,46
17985666690319626,reel,26,2026-05-29,19:30,Fri,19,late to the party but here's my version.,40,0,8,#popculture #trend #viral #indiatrends #instatrend #internetculture #trendalert #desitrends,1,140151,23150,16.5,63627,1441,55,41,36,424,14,1573,6.79,0.18,0.16,0.06,0,late_callout:22,🔥🔥🔥,27.3,461,46
17911095601235631,story,26,2026-05-29,22:55,Fri,22,question box: what trend confuses you?,38,0,0,none,1,139677,9929,7.1,10891,0,50,0,29,99,9,79,0.8,0.0,0.29,0.091,50,none,none,0.0,461,46
17901822896325627,reel,26,2026-05-30,23:10,Sat,23,ok i'm late but i had to try this trend. 🙌,42,1,3,#popculture #instatrend #viral,1,140140,31853,22.7,72703,1786,101,60,36,602,24,1983,6.23,0.19,0.11,0.075,0,late_callout:28,bro we did this last week,30.0,14,10
17994123913555361,reel,26,2026-05-31,10:40,Sun,10,this audio is about to blow up. you heard it here first.,56,0,2,#trend #instatrend,1,140175,95853,68.4,181001,5390,227,360,653,1648,356,6630,6.92,0.38,0.68,0.371,2,capcut_template:8|tutorial_request:8|late_callout:7,saving this,20.0,580,10
17955113334347326,reel,26,2026-05-31,12:00,Sun,12,where did this audio even come from? a 60 second history. ✨ 🙌,61,2,10,#reelsindia #instatrend #trend #trendalert #trending #explorepage #viral #desitrends #fyp #indiatrends,1,140531,77570,55.2,175958,5076,217,1366,532,1142,215,7191,9.27,1.76,0.69,0.277,0,none,wait that's so interesting,18.3,580,10
17916531251722803,story,26,2026-05-31,17:25,Sun,17,poll: seen this trend yet?,26,0,0,none,1,140175,11061,7.9,14240,0,113,0,33,110,11,146,1.32,0.0,0.3,0.099,0,none,none,0.0,580,10
17945250946790895,story,26,2026-05-31,22:33,Sun,22,quiz: guess the trend from 1 second,35,0,0,none,1,140175,8242,5.9,9528,0,30,0,24,82,8,54,0.66,0.0,0.29,0.097,0,none,none,0.0,580,10
17963077523624584,reel,27,2026-06-01,08:30,Mon,8,why is everyone saying 'it's giving' again. explained.,54,0,0,none,1,140765,81522,57.9,182719,4477,266,1120,481,1490,266,6344,7.78,1.37,0.59,0.326,0,none,obsessed,23.3,268,12
17990375440141310,story,27,2026-06-01,10:12,Mon,10,quiz: guess the trend from 1 second,35,0,0,none,1,140765,8752,6.2,10266,0,94,0,26,87,8,120,1.37,0.0,0.3,0.091,0,none,none,0.0,268,12
17921982197546191,story,27,2026-06-01,17:58,Mon,17,question box: what trend confuses you?,38,0,0,none,1,140765,6743,4.8,7942,0,30,0,20,67,6,50,0.74,0.0,0.3,0.089,30,none,none,0.0,268,12
17983812736719947,image,27,2026-06-02,08:30,Tue,8,trend recap: save this so you're never late again. 🙌 😭,54,2,12,#internetculture #trend #explorepage #trendalert #instatrend #desitrends #viral #reelsindia #popculture #fyp #indiatrends #trending,1,141043,17159,12.2,23397,1154,62,378,81,324,44,1675,9.76,2.2,0.47,0.256,1,capcut_template:6|late_callout:5,ok this is so good,23.3,490,10
17932735694110658,story,27,2026-06-02,10:18,Tue,10,question box: what trend confuses you?,38,0,0,none,1,141043,5678,4.0,6614,0,13,0,17,56,5,30,0.53,0.0,0.3,0.088,13,none,none,0.0,490,10
17973295123812993,story,27,2026-06-02,17:44,Tue,17,quiz: guess the trend from 1 second,35,0,0,none,1,141043,7691,5.5,8776,0,78,0,23,76,7,101,1.31,0.0,0.3,0.091,0,none,none,0.0,490,10
17968635019059083,story,27,2026-06-02,20:26,Tue,20,question box: what trend confuses you?,38,0,0,none,1,141043,6251,4.4,7126,0,50,0,18,62,6,68,1.09,0.0,0.29,0.096,50,none,none,0.0,490,10
17992991145679483,reel,27,2026-06-02,21:50,Tue,21,spotted this on 40 accounts in 6 hours. it's starting. 👀 💯,58,2,3,#explorepage #popculture #reelsindia,1,141087,160451,113.7,416309,10534,334,988,1234,2579,438,13090,8.16,0.62,0.77,0.273,3,capcut_template:11|tutorial_request:3|late_callout:8,need this energy,31.7,490,10
17903966334030819,story,27,2026-06-03,17:42,Wed,17,which audio should i try next?,30,0,0,none,1,141539,6583,4.7,7397,0,43,0,19,65,6,62,0.94,0.0,0.29,0.091,0,none,none,0.0,51,11
17968979400117276,image,27,2026-06-03,18:50,Wed,18,"internet's reaction to the new album, ranked. 😍 🫶",49,2,3,#indiatrends #desitrends #explorepage,1,141539,23164,16.4,30942,1277,37,54,110,446,56,1478,6.38,0.23,0.47,0.242,0,none,you're always first,32.4,51,11
17980357733674359,reel,27,2026-06-04,10:10,Thu,10,that celebrity wedding had one detail nobody noticed.,53,0,10,#explorepage #trendalert #trending #fyp #desitrends #instatrend #reelsindia #trend #viral #indiatrends,1,141605,23905,16.9,58089,1604,47,65,150,439,49,1866,7.81,0.27,0.63,0.205,0,none,obsessed,19.1,564,19
17944582918596951,story,27,2026-06-04,20:11,Thu,20,reposting the best version of this trend,40,0,0,none,1,141605,8349,5.9,10008,0,94,0,25,83,8,119,1.43,0.0,0.3,0.096,0,none,none,0.0,564,19
17948146913775636,reel,27,2026-06-04,22:50,Thu,22,new filter just dropped and it's already doing numbers. 👀 😍 🔥 💯 🫶 💀,67,6,10,#trending #explorepage #viral #indiatrends #reelsindia #fyp #instatrend #trendalert #trend #internetculture,1,141654,118520,83.7,293544,7413,247,598,806,2406,526,9064,7.65,0.5,0.68,0.444,1,capcut_template:5|tutorial_request:4|late_callout:4,🔥🔥🔥,16.7,564,19
17969803516134454,reel,27,2026-06-05,12:50,Fri,12,calling it now: this format is next week's everything. ✨ 🔥 😍 💀 😭 👀,66,6,2,#popculture #trend,1,142166,108844,76.6,242583,6334,352,570,983,2180,407,8239,7.57,0.52,0.9,0.374,1,capcut_template:8|tutorial_request:6|late_callout:8,template link??,30.0,396,11
17941365308681533,story,27,2026-06-06,09:51,Sat,9,sneak peek of tomorrow's reel,29,0,0,none,1,142575,6740,4.7,8470,0,51,0,20,67,6,71,1.05,0.0,0.3,0.089,0,none,none,0.0,7,10
17921040222924146,carousel,27,2026-06-06,16:20,Sat,16,finally trying the trend everyone's been doing. ✨ 👀 💯 💀,55,4,5,#trendalert #reelsindia #viral #internetculture #explorepage,4,142575,4243,3.0,6110,288,9,9,5,61,2,311,7.33,0.21,0.12,0.047,0,late_callout:3,late 💀,11.1,7,10
17996059942180631,story,27,2026-06-06,20:54,Sat,20,question box: what trend confuses you?,38,0,0,none,1,142575,9176,6.4,10419,0,61,0,27,91,9,88,0.96,0.0,0.29,0.098,61,none,none,0.0,7,10
17926885259664129,story,27,2026-06-07,10:39,Sun,10,reposting the best version of this trend,40,0,0,none,1,142586,9244,6.5,11499,0,55,0,27,92,9,82,0.89,0.0,0.29,0.097,0,none,none,0.0,117,14
17955493931946901,reel,27,2026-06-07,16:30,Sun,16,"weekly trend report: what's up, what's done, what's next. 🫶",59,1,12,#viral #trending #popculture #desitrends #fyp #trendalert #internetculture #indiatrends #trend #explorepage #reelsindia #instatrend,1,142586,48442,34.0,132889,3178,115,1047,273,792,105,4613,9.52,2.16,0.56,0.217,0,capcut_template:8|late_callout:6,how did you edit this,16.7,117,14
17954999672260300,story,27,2026-06-07,17:06,Sun,17,which audio should i try next?,30,0,0,none,1,142586,9284,6.5,10356,0,109,0,27,92,9,136,1.46,0.0,0.29,0.097,0,none,none,0.0,117,14
17928080737637419,story,27,2026-06-07,20:17,Sun,20,question box: what trend confuses you?,38,0,0,none,1,142586,8407,5.9,10354,0,25,0,25,84,8,50,0.59,0.0,0.3,0.095,25,none,none,0.0,117,14
17906395795990940,reel,28,2026-06-08,19:20,Mon,19,"weekly trend report: what's up, what's done, what's next. 🙌 😭",61,2,8,#explorepage #internetculture #trendalert #popculture #desitrends #trend #fyp #instatrend,1,142686,81575,57.2,170025,4858,275,1152,436,1315,189,6721,8.24,1.41,0.53,0.232,3,capcut_template:8|late_callout:6,you're always first,26.7,173,16
17972711340241986,reel,28,2026-06-09,16:20,Tue,16,"every trend you missed this week, in one carousel. 🔥",52,1,8,#fyp #trending #popculture #reelsindia #desitrends #instatrend #viral #trend,1,142882,45156,31.6,109783,3089,145,993,227,729,113,4454,9.86,2.2,0.5,0.25,0,capcut_template:5|late_callout:3,how did you edit this,30.0,208,17
17916494940684481,reel,28,2026-06-09,18:10,Tue,18,the 7 audios that ran the internet this week.,45,0,0,none,1,142995,52977,37.0,102146,3281,184,999,274,799,112,4738,8.94,1.89,0.52,0.211,3,capcut_template:8|late_callout:7,😭😭,21.7,208,17
17931525455851638,story,28,2026-06-10,13:43,Wed,13,sneak peek of tomorrow's reel,29,0,0,none,1,143108,6060,4.2,7593,0,13,0,18,60,6,31,0.51,0.0,0.3,0.099,0,none,none,0.0,280,11
17968886160328483,carousel,28,2026-06-10,13:50,Wed,13,trend recap: save this so you're never late again.,50,0,5,#indiatrends #explorepage #trend #trendalert #viral,4,143108,38642,27.0,55067,2256,136,558,201,751,129,3151,8.15,1.44,0.52,0.334,0,capcut_template:8|late_callout:7,drop the template 🙏,31.7,280,11
17912505468109176,story,28,2026-06-10,17:04,Wed,17,question box: what trend confuses you?,38,0,0,none,1,143108,10643,7.4,12464,0,70,0,31,106,10,101,0.95,0.0,0.29,0.094,70,none,none,0.0,280,11
17942992123701242,reel,28,2026-06-10,18:10,Wed,18,this audio is about to blow up. you heard it here first. 🫶 😍 😭 🔥,64,4,5,#popculture #explorepage #instatrend #trending #reelsindia,1,143237,57542,40.2,130760,3316,141,252,483,789,139,4192,7.29,0.44,0.84,0.242,2,capcut_template:6|tutorial_request:6|late_callout:3,saving this,25.0,280,11
17970955621988961,story,28,2026-06-10,20:32,Wed,20,sneak peek of tomorrow's reel,29,0,0,none,1,143108,7489,5.2,8458,0,44,0,22,74,7,66,0.88,0.0,0.29,0.093,0,none,none,0.0,280,11
17905854457376292,story,28,2026-06-11,10:13,Thu,10,which audio should i try next?,30,0,0,none,1,143371,6417,4.5,7718,0,40,0,19,64,6,59,0.92,0.0,0.3,0.094,0,none,none,0.0,140,12
17972581256148980,story,28,2026-06-11,17:56,Thu,17,question box: what trend confuses you?,38,0,0,none,1,143371,8160,5.7,9984,0,23,0,24,81,8,47,0.58,0.0,0.29,0.098,23,none,none,0.0,140,12
17989334272531474,carousel,28,2026-06-11,19:40,Thu,19,i tried the 5-second outfit change trend.,41,0,5,#indiatrends #trending #popculture #trendalert #internetculture,3,143371,58570,40.9,85290,3734,150,261,356,1178,138,4501,7.68,0.45,0.61,0.236,2,capcut_template:7|tutorial_request:2|late_callout:5,obsessed,16.7,140,12
17925521678389084,carousel,28,2026-06-12,12:50,Fri,12,the brand deal controversy explained. 😂 😍,41,2,8,#trendalert #fyp #reelsindia #indiatrends #instatrend #viral #explorepage #trending,6,143507,53816,37.5,71621,3439,144,91,441,823,65,4115,7.65,0.17,0.82,0.121,0,none,stop spreading drama,26.7,134,11
17941592856217570,carousel,28,2026-06-12,21:00,Fri,21,the brand deal controversy explained. 😭 💀 🙌 👀,45,4,3,#instatrend #internetculture #fyp,5,143572,52803,36.8,84054,3066,192,96,318,965,80,3672,6.95,0.18,0.6,0.152,0,none,LMAO,16.7,134,11
17901142863339712,carousel,28,2026-06-13,10:00,Sat,10,trying the viral recipe trend. results were mixed. 💯,52,1,10,#trend #reelsindia #trendalert #explorepage #desitrends #viral #popculture #trending #internetculture #fyp,5,143650,39363,27.4,61962,2330,109,132,219,588,69,2790,7.09,0.34,0.56,0.175,0,capcut_template:6|tutorial_request:2|late_callout:5,🔥🔥🔥,26.7,47,48
17913347673177216,story,28,2026-06-13,13:42,Sat,13,question box: what trend confuses you?,38,0,0,none,1,143650,7029,4.9,8608,0,15,0,21,70,7,36,0.51,0.0,0.3,0.1,15,none,none,0.0,47,48
17958939666820606,story,28,2026-06-13,22:16,Sat,22,quiz: guess the trend from 1 second,35,0,0,none,1,143650,9362,6.5,10546,0,72,0,28,93,9,100,1.07,0.0,0.3,0.096,0,none,none,0.0,47,48
17969713759642823,story,28,2026-06-13,22:49,Sat,22,quiz: guess the trend from 1 second,35,0,0,none,1,143650,10934,7.6,13368,0,60,0,32,109,10,92,0.84,0.0,0.29,0.091,0,none,none,0.0,47,48
17986962930663994,reel,28,2026-06-14,10:20,Sun,10,"weekly trend report: what's up, what's done, what's next. 😂 😍 ✨ 🔥",65,4,2,#desitrends #reelsindia,1,143679,73143,50.9,156536,4056,146,1121,264,1214,164,5587,7.64,1.53,0.36,0.224,2,capcut_template:4|late_callout:3,ok this is so good,15.0,697,19
17984322981355698,story,28,2026-06-14,13:20,Sun,13,sneak peek of tomorrow's reel,29,0,0,none,1,143679,10832,7.5,12465,0,50,0,32,108,10,82,0.76,0.0,0.3,0.092,0,none,none,0.0,697,19
17919495247308611,story,28,2026-06-14,17:38,Sun,17,reposting the best version of this trend,40,0,0,none,1,143679,10732,7.5,12618,0,51,0,32,107,10,83,0.77,0.0,0.3,0.093,0,none,none,0.0,697,19
17921081382640578,carousel,28,2026-06-14,21:30,Sun,21,this audio is about to blow up. you heard it here first. 😭 🫶 🙌 😍,64,4,2,#popculture #fyp,10,143843,168185,116.9,265706,8941,439,592,1153,2495,532,11125,6.61,0.35,0.69,0.316,1,capcut_template:2|tutorial_request:2|late_callout:2,obsessed,35.0,697,19
17910610807362633,story,29,2026-06-15,10:00,Mon,10,which audio should i try next?,30,0,0,none,1,144366,6508,4.5,7896,0,59,0,19,65,6,78,1.2,0.0,0.29,0.092,0,none,none,0.0,94,18
17960361805310849,reel,29,2026-06-15,10:40,Mon,10,ok i'm late but i had to try this trend.,40,0,12,#reelsindia #viral #trend #internetculture #indiatrends #trendalert #desitrends #fyp #instatrend #trending #popculture #explorepage,1,144366,21047,14.6,40864,1270,76,44,28,305,12,1418,6.74,0.21,0.13,0.057,0,late_callout:21,LMAO,30.0,94,18
17936200437705071,story,29,2026-06-15,10:44,Mon,10,reposting the best version of this trend,40,0,0,none,1,144366,11254,7.8,13239,0,23,0,33,112,11,56,0.5,0.0,0.29,0.098,0,none,none,0.0,94,18
17950527361649864,image,29,2026-06-15,18:30,Mon,18,"weekly trend report: what's up, what's done, what's next. 😍",59,1,10,#viral #fyp #instatrend #trend #indiatrends #reelsindia #explorepage #desitrends #trendalert #trending,1,144378,16411,11.4,22582,1102,64,252,92,310,50,1510,9.2,1.54,0.56,0.305,1,capcut_template:5|late_callout:5,my sunday ritual,20.0,94,18
17935215429095783,story,29,2026-06-15,20:40,Mon,20,which audio should i try next?,30,0,0,none,1,144366,11464,7.9,14393,0,125,0,34,114,11,159,1.39,0.0,0.3,0.096,0,none,none,0.0,94,18
17956561316380352,reel,29,2026-06-15,21:00,Mon,21,yes i know everyone did this last week. doing it anyway. 💯 👀,60,2,2,#trendalert #viral,1,144428,42560,29.5,105284,2370,79,72,49,608,22,2570,6.04,0.17,0.12,0.052,0,late_callout:20,🔥🔥🔥,21.7,94,18
17927225564805393,image,29,2026-06-16,13:10,Tue,13,how a random street vendor video became the biggest audio of the month.,71,0,10,#instatrend #trend #desitrends #trendalert #explorepage #trending #reelsindia #viral #fyp #indiatrends,1,144442,25775,17.8,37593,1442,84,395,157,452,71,2078,8.06,1.53,0.61,0.275,0,none,finally someone explained it,20.0,493,15
17905268760439083,story,29,2026-06-16,13:47,Tue,13,quiz: guess the trend from 1 second,35,0,0,none,1,144442,8398,5.8,10178,0,94,0,25,83,8,119,1.42,0.0,0.3,0.095,0,none,none,0.0,493,15
17939005891385878,reel,29,2026-06-16,16:40,Tue,16,"weekly trend report: what's up, what's done, what's next. 😍 😂 🔥 👀",65,4,3,#trending #trendalert #instatrend,1,144513,66092,45.7,151678,3653,109,1215,272,1268,216,5249,7.94,1.84,0.41,0.327,4,capcut_template:10|late_callout:8,need this energy,30.0,493,15
17989755063859619,reel,29,2026-06-16,21:20,Tue,21,i tried the 5-second outfit change trend. 🔥 💀,45,2,12,#trend #explorepage #trendalert #popculture #desitrends #instatrend #reelsindia #trending #fyp #internetculture #indiatrends #viral,1,144729,112021,77.4,254856,5723,356,289,548,1648,213,6916,6.17,0.26,0.49,0.19,2,capcut_template:5|tutorial_request:7|late_callout:5,LMAO,20.0,493,15
17953617980687544,reel,29,2026-06-17,10:40,Wed,10,this audio is about to blow up. you heard it here first. 🫶,58,1,5,#fyp #trendalert #explorepage #trend #instatrend,1,144951,128886,88.9,254823,7418,335,649,968,2042,381,9370,7.27,0.5,0.75,0.296,2,capcut_template:7|tutorial_request:5|late_callout:4,saving this,21.7,1344,12
17922220271770682,carousel,29,2026-06-17,12:20,Wed,12,the reality show twist that broke the internet. 💀 ✨,51,2,2,#trend #trending,8,145332,70061,48.2,103697,4549,275,270,487,1140,151,5581,7.97,0.39,0.7,0.216,0,none,obsessed,20.0,1344,12
17947538778401114,reel,29,2026-06-17,21:00,Wed,21,day 1 of a trend that's going to be everywhere by friday. 👀,59,1,3,#internetculture #popculture #fyp,1,145483,250275,172.0,600459,16268,491,1058,2025,4047,824,19842,7.93,0.42,0.81,0.329,2,capcut_template:4|tutorial_request:4|late_callout:3,saving this,20.0,1344,12
17968964332831675,image,29,2026-06-18,16:10,Thu,16,trend recap: save this so you're never late again.,50,0,5,#indiatrends #popculture #internetculture #explorepage #viral,1,146324,20927,14.3,26066,1429,64,380,112,403,62,1985,9.49,1.82,0.54,0.296,1,capcut_template:4|late_callout:4,missed half of these,23.3,112,18
17929439531605659,reel,29,2026-06-18,18:20,Thu,18,that celebrity wedding had one detail nobody noticed. 💀 🫶,57,2,2,#popculture #internetculture,1,146386,31851,21.8,65493,1780,71,80,178,624,68,2109,6.62,0.25,0.56,0.213,0,none,obsessed,21.7,112,18
17965774427607098,reel,29,2026-06-19,08:00,Fri,8,3 trends that died this week and why.,37,0,0,none,1,146455,81906,55.9,223681,5090,148,1014,400,1378,242,6652,8.12,1.24,0.49,0.295,0,none,LMAO,30.0,379,14
17997442546041387,story,29,2026-06-19,17:52,Fri,17,reposting the best version of this trend,40,0,0,none,1,146455,7312,5.0,8713,0,30,0,21,73,7,51,0.7,0.0,0.29,0.096,0,none,none,0.0,379,14
17971172322170557,reel,29,2026-06-19,18:50,Fri,18,doing the trend 2 weeks late because i'm a professional.,56,0,10,#internetculture #reelsindia #trending #desitrends #trend #viral #instatrend #popculture #indiatrends #trendalert,1,146697,15094,10.3,32384,833,33,23,18,273,10,907,6.01,0.15,0.12,0.066,0,late_callout:10,this is so last week,30.3,379,14
17945872238268505,reel,29,2026-06-19,21:50,Fri,21,"the influencer apology video, broken down. 🫶 ✨ 💀 💯 😭 🔥",54,6,10,#explorepage #fyp #desitrends #trendalert #trend #trending #reelsindia #internetculture #instatrend #indiatrends,1,146707,89044,60.7,161892,5604,256,179,652,1609,134,6691,7.51,0.2,0.73,0.15,0,none,LMAO,16.7,379,14
17916383771342104,story,29,2026-06-20,09:14,Sat,9,quiz: guess the trend from 1 second,35,0,0,none,1,146841,8109,5.5,9295,0,79,0,24,81,8,103,1.27,0.0,0.3,0.099,0,none,none,0.0,172,35
17988061291213362,story,29,2026-06-20,10:49,Sat,10,question box: what trend confuses you?,38,0,0,none,1,146841,10824,7.4,12609,0,98,0,32,108,10,130,1.2,0.0,0.3,0.092,98,none,none,0.0,172,35
17928308564443635,reel,29,2026-06-20,12:40,Sat,12,the award show moment everyone's talking about.,47,0,10,#instatrend #reelsindia #trending #indiatrends #explorepage #popculture #internetculture #trend #viral #trendalert,1,146841,68759,46.8,170658,4325,152,241,453,1081,131,5171,7.52,0.35,0.66,0.191,0,none,LMAO,30.0,172,35
17998053743075009,story,29,2026-06-20,13:46,Sat,13,which audio should i try next?,30,0,0,none,1,146841,11470,7.8,14687,0,74,0,34,114,11,108,0.94,0.0,0.3,0.096,0,none,none,0.0,172,35
17926854725344465,story,29,2026-06-20,20:26,Sat,20,which audio should i try next?,30,0,0,none,1,146841,10592,7.2,12776,0,36,0,31,105,10,67,0.63,0.0,0.29,0.094,0,none,none,0.0,172,35
17946737440594640,story,29,2026-06-20,20:48,Sat,20,which audio should i try next?,30,0,0,none,1,146841,9572,6.5,10196,0,70,0,28,95,9,98,1.02,0.0,0.29,0.094,0,none,none,0.0,172,35
17945140446692565,image,29,2026-06-20,23:00,Sat,23,that celebrity wedding had one detail nobody noticed. 🔥,55,1,10,#fyp #reelsindia #indiatrends #popculture #trend #trending #internetculture #viral #desitrends #instatrend,1,146972,17384,11.8,22037,1077,52,47,124,279,28,1300,7.48,0.27,0.71,0.161,0,none,not the comments section 💀,26.9,172,35
17901228505524514,story,29,2026-06-21,10:57,Sun,10,reposting the best version of this trend,40,0,0,none,1,146978,8297,5.6,10189,0,20,0,24,82,8,44,0.53,0.0,0.29,0.096,0,none,none,0.0,47,10
17985471075468774,image,29,2026-06-21,13:10,Sun,13,two creators are fighting and the internet chose sides. 💯 😭 🫶 🔥 ✨ 💀,67,6,3,#popculture #internetculture #reelsindia,1,146978,27279,18.6,39933,1616,78,51,170,529,42,1915,7.02,0.19,0.62,0.154,0,none,😭😭,28.3,47,10
17918340448547144,story,29,2026-06-21,20:55,Sun,20,quiz: guess the trend from 1 second,35,0,0,none,1,146978,7174,4.9,7642,0,78,0,21,71,7,99,1.38,0.0,0.29,0.098,0,none,none,0.0,47,10
17979102324201256,carousel,30,2026-06-22,08:20,Mon,8,the 7 audios that ran the internet this week. 🔥 🫶,49,2,8,#reelsindia #trend #desitrends #explorepage #viral #internetculture #trendalert #popculture,4,147020,42304,28.8,58891,2429,130,800,163,770,116,3522,8.33,1.89,0.39,0.274,1,capcut_template:9|late_callout:4,missed half of these,28.3,271,46
17962147188650003,story,30,2026-06-22,09:18,Mon,9,quiz: guess the trend from 1 second,35,0,0,none,1,147020,8079,5.5,10130,0,57,0,24,80,8,81,1.0,0.0,0.3,0.099,0,none,none,0.0,271,46
17901547924742734,reel,30,2026-06-22,18:30,Mon,18,trying the viral recipe trend. results were mixed. 🙌 ✨,54,2,2,#trendalert #trending,1,147136,90312,61.4,235548,6010,218,375,437,1359,184,7040,7.8,0.42,0.48,0.204,0,capcut_template:6|tutorial_request:6|late_callout:4,do a tutorial on this,18.3,271,46
17985797579994345,story,30,2026-06-22,20:01,Mon,20,poll: seen this trend yet?,26,0,0,none,1,147020,9881,6.7,10424,0,19,0,29,98,9,48,0.49,0.0,0.29,0.091,0,none,none,0.0,271,46
17911744666229788,carousel,30,2026-06-23,08:30,Tue,8,where did this audio even come from? a 60 second history.,57,0,2,#desitrends #instatrend,9,147289,74107,50.3,109933,4346,126,1043,362,1117,208,5877,7.93,1.41,0.49,0.281,0,none,you're always first,36.7,767,19
17949535249401950,reel,30,2026-06-23,12:00,Tue,12,"every trend you missed this week, in one carousel. 🔥",52,1,12,#internetculture #indiatrends #trend #trendalert #trending #explorepage #fyp #reelsindia #instatrend #viral #desitrends #popculture,1,147497,86971,59.0,221259,5492,223,1601,469,1743,263,7785,8.95,1.84,0.54,0.302,3,capcut_template:10|late_callout:8,saved!!,26.7,767,19
17928123001731905,reel,30,2026-06-23,23:20,Tue,23,"every trend you missed this week, in one carousel.",50,0,3,#internetculture #desitrends #viral,1,147760,119310,80.7,215867,7756,275,2026,598,1831,315,10655,8.93,1.7,0.5,0.264,2,capcut_template:9|late_callout:7,the only recap i trust,16.7,767,19
17907639001076446,reel,30,2026-06-24,10:30,Wed,10,how a random street vendor video became the biggest audio of the month.,71,0,2,#internetculture #trendalert,1,148073,61697,41.7,139581,3561,180,776,405,1223,236,4922,7.98,1.26,0.66,0.383,0,none,more of these pls,23.3,414,15
17942024298637860,carousel,30,2026-06-24,18:20,Wed,18,this meme started on a 2014 forum. here's the full story.,57,0,5,#fyp #internetculture #trendalert #popculture #reelsindia,7,148309,51808,34.9,66914,3149,161,866,317,1006,193,4493,8.67,1.67,0.61,0.373,0,none,🔥🔥🔥,23.3,414,15
17949866478137080,reel,30,2026-06-25,08:40,Thu,8,"the trend you keep seeing, decoded.",35,0,5,#viral #explorepage #internetculture #desitrends #popculture,1,148496,67136,45.2,172186,4035,163,801,427,1238,252,5426,8.08,1.19,0.64,0.375,0,none,ok this is so good,23.3,477,11
17940305362064207,story,30,2026-06-25,09:38,Thu,9,reposting the best version of this trend,40,0,0,none,1,148496,8108,5.5,10261,0,64,0,24,81,8,88,1.09,0.0,0.3,0.099,0,none,none,0.0,477,11
17984747603605318,reel,30,2026-06-25,12:10,Thu,12,"the trend you keep seeing, decoded. 😍",37,1,5,#explorepage #popculture #fyp #trendalert #internetculture,1,148748,89044,59.9,224736,5720,242,1551,474,1286,221,7987,8.97,1.74,0.53,0.248,0,none,ok this is so good,26.7,477,11
17965158509957258,story,30,2026-06-25,13:58,Thu,13,poll: seen this trend yet?,26,0,0,none,1,148496,7521,5.1,8751,0,52,0,22,75,7,74,0.98,0.0,0.29,0.093,0,none,none,0.0,477,11
17985310433164982,carousel,30,2026-06-26,08:50,Fri,8,new filter just dropped and it's already doing numbers. 🫶 🔥 🙌 👀,63,4,8,#indiatrends #internetculture #fyp #viral #trending #popculture #trendalert #explorepage,6,148982,89738,60.2,108503,4791,140,431,755,1489,297,6117,6.82,0.48,0.84,0.331,2,capcut_template:9|tutorial_request:6|late_callout:9,can you make a tutorial for the transition,28.3,412,10
17960108559383147,reel,30,2026-06-26,16:10,Fri,16,trying the viral recipe trend. results were mixed. 🙌,52,1,8,#instatrend #viral #fyp #indiatrends #trendalert #trending #explorepage #desitrends,1,149279,50787,34.0,110221,3182,125,208,286,942,118,3801,7.48,0.41,0.56,0.232,2,capcut_template:6|tutorial_request:6|late_callout:5,😭😭,15.0,412,10
17935580901038811,story,30,2026-06-26,22:51,Fri,22,question box: what trend confuses you?,38,0,0,none,1,148982,7681,5.2,9278,0,88,0,23,76,7,111,1.45,0.0,0.3,0.091,88,none,none,0.0,412,10
17950159105771545,story,30,2026-06-27,10:13,Sat,10,quiz: guess the trend from 1 second,35,0,0,none,1,149412,11444,7.7,13061,0,135,0,34,114,11,169,1.48,0.0,0.3,0.096,0,none,none,0.0,282,12
17915274575642997,reel,30,2026-06-27,12:40,Sat,12,my mom tried the trend. she did it better. 👀 😍,46,2,3,#reelsindia #fyp #internetculture,1,149412,50016,33.5,138365,3149,142,159,287,783,112,3737,7.47,0.32,0.57,0.224,0,capcut_template:6|tutorial_request:3|late_callout:5,🔥🔥🔥,26.7,282,12
17927183327010764,carousel,30,2026-06-27,13:40,Sat,13,why is everyone saying 'it's giving' again. explained. 💯,56,1,10,#reelsindia #desitrends #internetculture #fyp #indiatrends #viral #explorepage #instatrend #trend #trendalert,9,149524,73294,49.0,109834,4568,172,979,405,1029,171,6124,8.36,1.34,0.55,0.233,0,none,need this energy,21.7,282,12
17907081662840374,story,30,2026-06-28,09:25,Sun,9,quiz: guess the trend from 1 second,35,0,0,none,1,149688,11466,7.7,13794,0,56,0,34,114,11,90,0.78,0.0,0.3,0.096,0,none,none,0.0,225,12
17935700969731370,carousel,30,2026-06-28,12:20,Sun,12,where did this audio even come from? a 60 second history. 🫶,59,1,8,#fyp #desitrends #internetculture #explorepage #indiatrends #trend #trendalert #trending,8,149688,64540,43.1,89626,3495,170,786,353,1038,183,4804,7.44,1.22,0.55,0.284,0,none,obsessed,15.0,225,12
17986312887050676,story,30,2026-06-28,13:44,Sun,13,sneak peek of tomorrow's reel,29,0,0,none,1,149688,10993,7.3,13326,0,24,0,32,109,10,56,0.51,0.0,0.29,0.091,0,none,none,0.0,225,12
17945621282803117,story,30,2026-06-28,13:46,Sun,13,poll: seen this trend yet?,26,0,0,none,1,149688,8896,5.9,11040,0,19,0,26,88,8,45,0.51,0.0,0.29,0.09,0,none,none,0.0,225,12
17954023094360621,story,30,2026-06-28,17:13,Sun,17,quiz: guess the trend from 1 second,35,0,0,none,1,149688,7787,5.2,9315,0,89,0,23,77,7,112,1.44,0.0,0.3,0.09,0,none,none,0.0,225,12
17959352172861190,story,30,2026-06-28,17:33,Sun,17,which audio should i try next?,30,0,0,none,1,149688,7355,4.9,8241,0,38,0,22,73,7,60,0.82,0.0,0.3,0.095,0,none,none,0.0,225,12
17987079757149270,story,30,2026-06-28,20:04,Sun,20,sneak peek of tomorrow's reel,29,0,0,none,1,149688,11342,7.6,13695,0,108,0,34,113,11,142,1.25,0.0,0.3,0.097,0,none,none,0.0,225,12
17955669895004152,reel,31,2026-06-29,08:50,Mon,8,trying the viral recipe trend. results were mixed.,50,0,3,#popculture #explorepage #desitrends,1,149868,81415,54.3,207067,5029,264,252,417,1268,179,5962,7.32,0.31,0.51,0.22,2,capcut_template:5|tutorial_request:4|late_callout:5,saving this,28.3,294,15
17943215029211304,story,31,2026-06-29,17:59,Mon,17,reposting the best version of this trend,40,0,0,none,1,149868,11813,7.9,14871,0,114,0,35,118,11,149,1.26,0.0,0.3,0.093,0,none,none,0.0,294,15
17999963964587877,image,31,2026-06-29,21:20,Mon,21,trying the viral transition so you don't have to.,49,0,8,#viral #popculture #internetculture #desitrends #trending #trend #instatrend #fyp,1,150047,34979,23.3,43264,2310,63,132,195,692,94,2700,7.72,0.38,0.56,0.269,2,capcut_template:8|tutorial_request:7|late_callout:4,saving this,33.3,294,15
17945505236069598,story,31,2026-06-29,22:46,Mon,22,quiz: guess the trend from 1 second,35,0,0,none,1,149868,10373,6.9,11710,0,93,0,31,103,10,124,1.2,0.0,0.3,0.096,0,none,none,0.0,294,15
17942898875170331,reel,31,2026-06-29,23:10,Mon,23,late to the party but here's my version.,40,0,5,#reelsindia #desitrends #trendalert #trending #indiatrends,1,150141,24201,16.1,62066,1364,55,45,31,375,15,1495,6.18,0.19,0.13,0.062,0,late_callout:19,saving this,21.8,294,15
17926150462920704,story,31,2026-06-30,17:11,Tue,17,question box: what trend confuses you?,38,0,0,none,1,150151,8822,5.9,10282,0,43,0,26,88,8,69,0.78,0.0,0.29,0.091,43,none,none,0.0,22,14
17900598202151231,image,31,2026-06-30,19:50,Tue,19,ok i'm late but i had to try this trend.,40,0,12,#trending #reelsindia #viral #trendalert #popculture #instatrend #fyp #internetculture #indiatrends #explorepage #trend #desitrends,1,150151,5817,3.9,8151,376,12,10,10,113,4,408,7.01,0.17,0.17,0.069,0,late_callout:6,😭😭,41.7,22,14
17915804025797489,story,31,2026-06-30,20:03,Tue,20,sneak peek of tomorrow's reel,29,0,0,none,1,150151,6464,4.3,7092,0,29,0,19,64,6,48,0.74,0.0,0.29,0.093,0,none,none,0.0,22,14
17910466155029579,story,31,2026-06-30,20:45,Tue,20,question box: what trend confuses you?,38,0,0,none,1,150151,11968,8.0,14977,0,97,0,35,119,11,132,1.1,0.0,0.29,0.092,97,none,none,0.0,22,14
17967708433358321,story,31,2026-06-30,22:34,Tue,22,poll: seen this trend yet?,26,0,0,none,1,150151,7567,5.0,8492,0,50,0,22,75,7,72,0.95,0.0,0.29,0.093,0,none,none,0.0,22,14
17929206749237982,story,31,2026-07-01,10:34,Wed,10,poll: seen this trend yet?,26,0,0,none,1,150159,6115,4.1,7637,0,41,0,18,61,6,59,0.96,0.0,0.29,0.098,0,none,none,0.0,217,15
17957828123385493,reel,31,2026-07-01,13:10,Wed,13,the award show moment everyone's talking about. 🙌,49,1,10,#reelsindia #popculture #fyp #internetculture #trend #trending #viral #explorepage #trendalert #desitrends,1,150159,47266,31.5,98897,2591,154,142,295,822,103,3182,6.73,0.3,0.62,0.218,0,none,you're always first,25.0,217,15
17906290405237366,carousel,31,2026-07-01,16:50,Wed,16,why is everyone saying 'it's giving' again. explained. 😂 🔥 🙌 🫶,62,4,5,#explorepage #trendalert #trending #reelsindia #trend,5,150262,32671,21.7,42047,1886,62,452,188,660,123,2588,7.92,1.38,0.58,0.376,0,none,ok this is so good,28.3,217,15
17929330007067953,story,31,2026-07-02,09:32,Thu,9,which audio should i try next?,30,0,0,none,1,150395,11931,7.9,13945,0,142,0,35,119,11,177,1.48,0.0,0.29,0.092,0,none,none,0.0,763,18
17961109238162235,story,31,2026-07-02,09:52,Thu,9,quiz: guess the trend from 1 second,35,0,0,none,1,150395,9776,6.5,11990,0,114,0,29,97,9,143,1.46,0.0,0.3,0.092,0,none,none,0.0,763,18
17929916708833932,reel,31,2026-07-02,10:20,Thu,10,the award show moment everyone's talking about. 😍,49,1,12,#fyp #instatrend #reelsindia #trend #trendalert #indiatrends #internetculture #popculture #viral #desitrends #explorepage #trending,1,150395,67242,44.7,147035,3955,177,224,497,1233,140,4853,7.22,0.33,0.74,0.208,0,none,not the comments section 💀,20.0,763,18
17981710181665518,reel,31,2026-07-02,12:00,Thu,12,new filter just dropped and it's already doing numbers.,55,0,8,#internetculture #trendalert #viral #indiatrends #trending #explorepage #fyp #popculture,1,150535,182042,120.9,350506,9438,375,631,1317,2984,564,11761,6.46,0.35,0.72,0.31,2,capcut_template:4|tutorial_request:4|late_callout:3,need this energy,15.0,763,18
17969150147048594,image,31,2026-07-02,21:20,Thu,21,the brand deal controversy explained. 😍 💀,41,2,5,#popculture #fyp #reelsindia #indiatrends #internetculture,1,151099,28241,18.7,43061,1547,85,54,178,502,43,1864,6.6,0.19,0.63,0.152,0,none,LMAO,23.3,763,18
17913326742478947,story,31,2026-07-02,22:23,Thu,22,poll: seen this trend yet?,26,0,0,none,1,150395,6245,4.2,6567,0,29,0,18,62,6,47,0.75,0.0,0.29,0.096,0,none,none,0.0,763,18
17967855248318269,story,31,2026-07-02,22:31,Thu,22,sneak peek of tomorrow's reel,29,0,0,none,1,150395,8655,5.8,11221,0,98,0,25,86,8,123,1.42,0.0,0.29,0.092,0,none,none,0.0,763,18
17921728499739031,carousel,31,2026-07-03,10:30,Fri,10,"internet's reaction to the new album, ranked. 💀",47,1,5,#desitrends #popculture #fyp #viral #internetculture,7,151146,34381,22.7,51862,1769,85,93,210,531,61,2157,6.27,0.27,0.61,0.177,0,none,you're always first,16.7,353,28
17923578273456733,story,31,2026-07-03,17:50,Fri,17,quiz: guess the trend from 1 second,35,0,0,none,1,151146,11478,7.6,12322,0,88,0,34,114,11,122,1.06,0.0,0.3,0.096,0,none,none,0.0,353,28
17975021911060158,story,31,2026-07-03,20:35,Fri,20,which audio should i try next?,30,0,0,none,1,151146,7839,5.2,8262,0,65,0,23,78,7,88,1.12,0.0,0.29,0.089,0,none,none,0.0,353,28
17929597485320228,reel,31,2026-07-03,21:40,Fri,21,this dance is 12 hours old and already at 2M views.,51,0,3,#viral #explorepage #trend,1,151207,116309,76.9,279524,7490,315,513,954,1691,302,9272,7.97,0.44,0.82,0.26,4,capcut_template:4|tutorial_request:6|late_callout:4,tutorial pls,16.7,353,28
17985338811536647,story,31,2026-07-04,09:39,Sat,9,which audio should i try next?,30,0,0,none,1,151510,7055,4.7,8003,0,73,0,21,70,7,94,1.33,0.0,0.3,0.099,0,none,none,0.0,286,16
17972150380454236,reel,31,2026-07-04,10:40,Sat,10,"weekly trend report: what's up, what's done, what's next.",57,0,8,#explorepage #reelsindia #trend #popculture #desitrends #trending #fyp #instatrend,1,151510,74470,49.2,153850,4142,166,1281,303,1117,192,5892,7.91,1.72,0.41,0.258,2,capcut_template:5|late_callout:4,how did you edit this,28.3,286,16
17949521113672129,carousel,31,2026-07-04,21:50,Sat,21,attempting the trend with zero rehearsal. ✨ 😂 👀 🙌,49,4,0,none,7,151702,47246,31.1,74394,2433,137,144,232,835,103,2946,6.24,0.3,0.49,0.218,3,capcut_template:12|tutorial_request:3|late_callout:10,ok this is so good,25.0,286,16
17992802838459004,story,31,2026-07-05,13:06,Sun,13,question box: what trend confuses you?,38,0,0,none,1,151810,7491,4.9,8938,0,53,0,22,74,7,75,1.0,0.0,0.29,0.093,53,none,none,0.0,663,13
17950259015970188,story,31,2026-07-05,13:45,Sun,13,quiz: guess the trend from 1 second,35,0,0,none,1,151810,10020,6.6,12414,0,28,0,30,100,10,58,0.58,0.0,0.3,0.1,0,none,none,0.0,663,13
17991651341127253,story,31,2026-07-05,17:12,Sun,17,reposting the best version of this trend,40,0,0,none,1,151810,6955,4.6,7832,0,22,0,20,69,6,42,0.6,0.0,0.29,0.086,0,none,none,0.0,663,13
17959315776193722,reel,31,2026-07-05,22:50,Sun,22,attempting the trend with zero rehearsal.,41,0,12,#instatrend #trending #popculture #fyp #reelsindia #desitrends #explorepage #indiatrends #trend #internetculture #viral #trendalert,1,151810,75686,49.9,171280,4729,278,264,343,1367,191,5614,7.42,0.35,0.45,0.252,0,capcut_template:11|tutorial_request:3|late_callout:5,😭😭,31.7,663,13
17942611543537590,carousel,31,2026-07-05,23:10,Sun,23,spotted this on 40 accounts in 6 hours. it's starting. 💀 👀,58,2,8,#viral #trending #trendalert #popculture #instatrend #explorepage #desitrends #internetculture,5,152001,117371,77.2,147317,6341,299,606,810,2068,462,8056,6.86,0.52,0.69,0.394,2,capcut_template:11|tutorial_request:3|late_callout:9,capcut template pls,25.0,663,13
17963604918474088,story,32,2026-07-06,13:30,Mon,13,poll: seen this trend yet?,26,0,0,none,1,152462,8703,5.7,10493,0,44,0,26,87,8,70,0.8,0.0,0.3,0.092,0,none,none,0.0,186,14
17926842442819089,reel,32,2026-07-06,22:00,Mon,22,trying the viral transition so you don't have to. 😍 🫶,53,2,3,#instatrend #indiatrends #popculture,1,152462,82053,53.8,157382,4632,198,260,359,1339,182,5449,6.64,0.32,0.44,0.222,1,capcut_template:4|tutorial_request:7|late_callout:3,saving this,25.0,186,14
17996529289986793,story,32,2026-07-06,22:55,Mon,22,poll: seen this trend yet?,26,0,0,none,1,152462,10412,6.8,12884,0,40,0,31,104,10,71,0.68,0.0,0.3,0.096,0,none,none,0.0,186,14
17964055534029050,reel,32,2026-07-07,08:00,Tue,8,the award show moment everyone's talking about. 🫶 ✨,51,2,5,#fyp #trend #desitrends #trendalert #instatrend,1,152642,78743,51.6,205340,4535,126,186,546,1339,153,5393,6.85,0.24,0.69,0.194,0,none,🔥🔥🔥,23.3,154,15
17978469128743675,story,32,2026-07-07,09:39,Tue,9,sneak peek of tomorrow's reel,29,0,0,none,1,152642,7206,4.7,8323,0,19,0,21,72,7,40,0.56,0.0,0.29,0.097,0,none,none,0.0,154,15
17980739014495662,story,32,2026-07-07,09:46,Tue,9,which audio should i try next?,30,0,0,none,1,152642,9264,6.1,11822,0,107,0,27,92,9,134,1.45,0.0,0.29,0.097,0,none,none,0.0,154,15
17983833562768720,story,32,2026-07-08,10:10,Wed,10,which audio should i try next?,30,0,0,none,1,152794,11057,7.2,13359,0,44,0,33,110,11,77,0.7,0.0,0.3,0.099,0,none,none,0.0,167,17
17909729097550299,reel,32,2026-07-08,10:20,Wed,10,creator drama update: here's what actually happened. 👀 🔥,56,2,8,#popculture #fyp #instatrend #indiatrends #trendalert #internetculture #explorepage #trend,1,152794,46580,30.5,84412,2445,112,82,253,720,59,2892,6.21,0.18,0.54,0.127,0,none,need this energy,30.0,167,17
17943985549599971,story,32,2026-07-08,13:51,Wed,13,reposting the best version of this trend,40,0,0,none,1,152794,11431,7.5,13768,0,80,0,34,114,11,114,1.0,0.0,0.3,0.096,0,none,none,0.0,167,17
17969358419252717,reel,32,2026-07-08,21:00,Wed,21,my mom tried the trend. she did it better. 💀 😂 🙌 ✨ 💯 😍,54,6,12,#trendalert #popculture #instatrend #trending #explorepage #trend #fyp #viral #internetculture #indiatrends #desitrends #reelsindia,1,152853,55543,36.3,103694,3095,138,162,219,821,103,3614,6.51,0.29,0.39,0.185,3,capcut_template:9|tutorial_request:2|late_callout:7,obsessed,33.3,167,17
17949857563714880,carousel,32,2026-07-09,13:20,Thu,13,this audio is about to blow up. you heard it here first. 😍,58,1,2,#fyp #instatrend,5,152946,65592,42.9,84766,4394,212,409,507,1204,249,5522,8.42,0.62,0.77,0.38,3,capcut_template:8|tutorial_request:6|late_callout:6,need this energy,30.0,362,26
17959152555801963,carousel,32,2026-07-09,19:10,Thu,19,"weekly trend report: what's up, what's done, what's next.",57,0,8,#reelsindia #internetculture #desitrends #viral #explorepage #trending #fyp #instatrend,5,153195,42378,27.7,64885,2655,75,604,233,795,127,3567,8.42,1.43,0.55,0.3,1,capcut_template:7|late_callout:3,missed half of these,23.3,362,26
17930544732876154,story,32,2026-07-09,20:46,Thu,20,question box: what trend confuses you?,38,0,0,none,1,152946,12105,7.9,15312,0,115,0,36,121,12,151,1.25,0.0,0.3,0.099,115,none,none,0.0,362,26
17965730031068681,reel,32,2026-07-10,08:20,Fri,8,why is everyone saying 'it's giving' again. explained. 👀 😍 😭 🙌,62,4,5,#reelsindia #desitrends #indiatrends #fyp #popculture,1,153314,75004,48.9,159296,4937,218,992,439,1440,243,6586,8.78,1.32,0.59,0.324,0,none,saving this,26.7,231,12
17953479809940392,story,32,2026-07-11,10:13,Sat,10,reposting the best version of this trend,40,0,0,none,1,153560,10159,6.6,12465,0,91,0,30,101,10,121,1.19,0.0,0.3,0.098,0,none,none,0.0,328,14
17997581010754143,story,32,2026-07-11,10:27,Sat,10,quiz: guess the trend from 1 second,35,0,0,none,1,153560,11901,7.8,13588,0,116,0,35,119,11,151,1.27,0.0,0.29,0.092,0,none,none,0.0,328,14
17902491148612614,image,32,2026-07-11,12:10,Sat,12,calling it now: this format is next week's everything.,54,0,12,#reelsindia #trendalert #desitrends #trending #trend #internetculture #indiatrends #viral #explorepage #popculture #instatrend #fyp,1,153560,43193,28.1,56442,2573,130,207,300,761,132,3210,7.43,0.48,0.69,0.306,2,capcut_template:7|tutorial_request:2|late_callout:7,ok this is so good,31.7,328,14
17937750148718402,story,32,2026-07-11,13:35,Sat,13,question box: what trend confuses you?,38,0,0,none,1,153560,7275,4.7,8271,0,50,0,21,72,7,71,0.98,0.0,0.29,0.096,50,none,none,0.0,328,14
17993075896241799,story,32,2026-07-11,13:40,Sat,13,quiz: guess the trend from 1 second,35,0,0,none,1,153560,11148,7.3,13745,0,105,0,33,111,11,138,1.24,0.0,0.3,0.099,0,none,none,0.0,328,14
17947693142465563,reel,32,2026-07-11,19:40,Sat,19,the finale everyone's fighting about in the comments. 💯,55,1,8,#desitrends #trend #popculture #instatrend #explorepage #indiatrends #reelsindia #trendalert,1,153692,72160,47.0,193131,4352,208,250,384,1355,171,5194,7.2,0.35,0.53,0.237,0,none,🔥🔥🔥,28.3,328,14
17983779103553456,story,32,2026-07-12,13:54,Sun,13,poll: seen this trend yet?,26,0,0,none,1,153871,10706,7.0,13060,0,39,0,32,107,10,71,0.66,0.0,0.3,0.093,0,none,none,0.0,354,19
17967691409240420,story,32,2026-07-12,17:33,Sun,17,sneak peek of tomorrow's reel,29,0,0,none,1,153871,7430,4.8,8743,0,21,0,22,74,7,43,0.58,0.0,0.3,0.094,0,none,none,0.0,354,19
17931246519006880,reel,32,2026-07-12,22:50,Sun,22,attempting the trend with zero rehearsal. 😭,43,1,3,#explorepage #instatrend #reelsindia,1,153871,153480,99.7,324563,8537,373,544,758,2758,338,10212,6.65,0.35,0.49,0.22,3,capcut_template:7|tutorial_request:7|late_callout:5,need this energy,18.3,354,19
17905013909903150,story,32,2026-07-12,22:53,Sun,22,quiz: guess the trend from 1 second,35,0,0,none,1,153871,7955,5.2,9044,0,41,0,23,79,7,64,0.8,0.0,0.29,0.088,0,none,none,0.0,354,19
17962702165831677,story,32,2026-07-12,22:55,Sun,22,reposting the best version of this trend,40,0,0,none,1,153871,11741,7.6,13297,0,135,0,35,117,11,170,1.45,0.0,0.3,0.094,0,none,none,0.0,354,19
17940165246280256,reel,33,2026-07-13,08:50,Mon,8,the brand deal controversy explained.,37,0,0,none,1,154210,73436,47.6,142832,4420,202,153,452,1357,114,5227,7.12,0.21,0.62,0.155,0,none,🔥🔥🔥,21.7,449,18
17924233719444607,story,33,2026-07-13,09:52,Mon,9,reposting the best version of this trend,40,0,0,none,1,154210,7864,5.1,8870,0,81,0,23,78,7,104,1.32,0.0,0.29,0.089,0,none,none,0.0,449,18
17946545287388424,image,33,2026-07-13,12:00,Mon,12,where did this audio even come from? a 60 second history.,57,0,5,#explorepage #internetculture #trending #popculture #trend,1,154324,26224,17.0,31666,1559,43,348,145,417,65,2095,7.99,1.33,0.55,0.248,0,none,need this energy,32.6,449,18
17974378552813509,reel,33,2026-07-13,13:10,Mon,13,how a random street vendor video became the biggest audio of the month. 💀,73,1,8,#fyp #explorepage #internetculture #instatrend #desitrends #viral #reelsindia #indiatrends,1,154389,78220,50.7,210906,5011,225,1078,561,1565,281,6875,8.79,1.38,0.72,0.359,0,none,saving this,28.3,449,18
17904380547782000,story,33,2026-07-14,09:58,Tue,9,quiz: guess the trend from 1 second,35,0,0,none,1,154658,11132,7.2,14058,0,42,0,33,111,11,75,0.67,0.0,0.3,0.099,0,none,none,0.0,416,31
17975234039099319,reel,33,2026-07-14,21:00,Tue,21,trying the viral recipe trend. results were mixed. 😂,52,1,8,#trend #trendalert #trending #instatrend #indiatrends #reelsindia #viral #internetculture,1,154658,201019,130.0,403283,13478,799,702,1317,3042,436,16296,8.11,0.35,0.66,0.217,0,capcut_template:8|tutorial_request:5|late_callout:4,saving this,31.7,416,31
17998550898692521,story,33,2026-07-15,10:50,Wed,10,which audio should i try next?,30,0,0,none,1,155074,9789,6.3,11191,0,32,0,29,97,9,61,0.62,0.0,0.3,0.092,0,none,none,0.0,380,11
17907170154031545,reel,33,2026-07-15,12:10,Wed,12,that celebrity wedding had one detail nobody noticed. 🙌 💯 😍 ✨ 😂 😭,65,6,5,#explorepage #fyp #trend #internetculture #indiatrends,1,155074,60759,39.2,128491,4090,127,197,436,1167,152,4850,7.98,0.32,0.72,0.25,0,none,😭😭,23.3,380,11
17902910335464430,story,33,2026-07-15,17:18,Wed,17,reposting the best version of this trend,40,0,0,none,1,155074,8453,5.5,9983,0,62,0,25,84,8,87,1.03,0.0,0.3,0.095,0,none,none,0.0,380,11
17976531264042197,story,33,2026-07-15,22:18,Wed,22,poll: seen this trend yet?,26,0,0,none,1,155074,6701,4.3,7740,0,34,0,20,67,6,54,0.81,0.0,0.3,0.09,0,none,none,0.0,380,11
17985239728788268,reel,33,2026-07-15,23:30,Wed,23,"weekly trend report: what's up, what's done, what's next. 😍",59,1,12,#trend #indiatrends #popculture #desitrends #trending #internetculture #instatrend #viral #reelsindia #trendalert #explorepage #fyp,1,155226,62755,40.4,126264,3912,238,1093,335,1229,216,5578,8.89,1.74,0.53,0.344,0,capcut_template:4|late_callout:2,the only recap i trust,28.3,380,11
17911103669431278,reel,33,2026-07-16,18:20,Thu,18,i tried the 5-second outfit change trend. 🔥,43,1,12,#fyp #indiatrends #explorepage #reelsindia #viral #desitrends #instatrend #trendalert #trending #trend #popculture #internetculture,1,155454,76591,49.3,187244,3944,208,220,320,1263,147,4692,6.13,0.29,0.42,0.192,6,capcut_template:11|tutorial_request:7|late_callout:8,LMAO,33.3,1196,11
17925123436329133,story,33,2026-07-16,20:19,Thu,20,sneak peek of tomorrow's reel,29,0,0,none,1,155454,9007,5.8,11584,0,96,0,27,90,9,123,1.37,0.0,0.3,0.1,0,none,none,0.0,1196,11
17948131601323988,reel,33,2026-07-16,22:30,Thu,22,calling it now: this format is next week's everything. 🫶 😭 🙌 😂,62,4,8,#popculture #internetculture #desitrends #explorepage #trending #reelsindia #fyp #viral,1,155601,258846,166.4,689690,16442,989,1194,2349,4735,924,20974,8.1,0.46,0.91,0.357,1,capcut_template:5|tutorial_request:7|late_callout:3,drop the template 🙏,20.0,1196,11
17929308143647845,story,33,2026-07-16,22:37,Thu,22,which audio should i try next?,30,0,0,none,1,155454,8263,5.3,10313,0,94,0,24,82,8,118,1.43,0.0,0.29,0.097,0,none,none,0.0,1196,11
17944951384598833,image,33,2026-07-16,23:00,Thu,23,"every trend you missed this week, in one carousel. 😍",52,1,3,#reelsindia #internetculture #desitrends,1,156525,36895,23.6,48541,2121,114,598,158,722,119,2991,8.11,1.62,0.43,0.323,3,capcut_template:10|late_callout:8,saving this,26.7,1196,11
17946918205527735,reel,33,2026-07-17,10:40,Fri,10,i tried the 5-second outfit change trend. ✨ 👀 💯 😂,49,4,8,#fyp #desitrends #trendalert #instatrend #viral #trending #reelsindia #popculture,1,156654,46700,29.8,92575,3158,197,198,244,762,105,3797,8.13,0.42,0.52,0.225,3,capcut_template:5|tutorial_request:5|late_callout:5,🔥🔥🔥,30.0,111,12
17933704619497704,story,33,2026-07-17,22:10,Fri,22,question box: what trend confuses you?,38,0,0,none,1,156654,6279,4.0,7938,0,25,0,18,62,6,43,0.68,0.0,0.29,0.096,25,none,none,0.0,111,12
17967364159700648,story,33,2026-07-17,22:18,Fri,22,poll: seen this trend yet?,26,0,0,none,1,156654,12145,7.8,14223,0,48,0,36,121,12,84,0.69,0.0,0.3,0.099,0,none,none,0.0,111,12
17903658495611309,story,33,2026-07-18,17:10,Sat,17,which audio should i try next?,30,0,0,none,1,156752,6300,4.0,7052,0,13,0,18,63,6,31,0.49,0.0,0.29,0.095,0,none,none,0.0,61,13
17916096384432840,story,33,2026-07-18,17:24,Sat,17,question box: what trend confuses you?,38,0,0,none,1,156752,6649,4.2,7035,0,17,0,19,66,6,36,0.54,0.0,0.29,0.09,17,none,none,0.0,61,13
17904514616643400,carousel,33,2026-07-18,19:40,Sat,19,that celebrity wedding had one detail nobody noticed. 🫶 😭 💯 🔥,61,4,2,#viral #trending,3,156752,33921,21.6,47316,2314,115,94,205,535,62,2728,8.04,0.28,0.6,0.183,0,none,obsessed,25.0,61,13
17965354312845621,carousel,33,2026-07-19,08:50,Sun,8,this dance is 12 hours old and already at 2M views.,51,0,3,#indiatrends #fyp #popculture,10,156820,79848,50.9,107972,4670,142,367,629,1589,335,5808,7.27,0.46,0.79,0.42,4,capcut_template:7|tutorial_request:4|late_callout:6,obsessed,28.3,500,18
17946495188231900,carousel,33,2026-07-19,22:10,Sun,22,"weekly trend report: what's up, what's done, what's next. 😍",59,1,8,#trendalert #trend #reelsindia #internetculture #viral #trending #popculture #instatrend,4,157155,69687,44.3,105447,3711,174,1161,264,1048,176,5310,7.62,1.67,0.38,0.253,0,capcut_template:5|late_callout:5,what app is this edit,20.0,500,18
17943659435773365,story,33,2026-07-19,22:13,Sun,22,sneak peek of tomorrow's reel,29,0,0,none,1,156820,7831,5.0,9067,0,79,0,23,78,7,102,1.3,0.0,0.29,0.089,0,none,none,0.0,500,18
17972008654472053,reel,34,2026-07-20,12:20,Mon,12,ok i'm late but i had to try this trend.,40,0,8,#indiatrends #internetculture #trend #trending #fyp #reelsindia #viral #desitrends,1,157329,16912,10.7,44894,1020,59,32,25,263,11,1136,6.72,0.19,0.15,0.065,0,late_callout:18,ok this is so good,28.8,291,11
17960168949283255,story,34,2026-07-20,17:26,Mon,17,poll: seen this trend yet?,26,0,0,none,1,157329,10454,6.6,12864,0,56,0,31,104,10,87,0.83,0.0,0.3,0.096,0,none,none,0.0,291,11
17940560981072387,story,34,2026-07-20,20:22,Mon,20,which audio should i try next?,30,0,0,none,1,157329,11062,7.0,13069,0,43,0,33,110,11,76,0.69,0.0,0.3,0.099,0,none,none,0.0,291,11
17981271772869018,reel,34,2026-07-20,23:50,Mon,23,trend recap: save this so you're never late again. 🔥 🫶 ✨ 😭 👀 😂,62,6,10,#indiatrends #internetculture #viral #trendalert #desitrends #popculture #instatrend #trend #trending #reelsindia,1,157340,90498,57.5,227052,5496,322,1501,465,1832,270,7784,8.6,1.66,0.51,0.298,3,capcut_template:6|late_callout:5,LMAO,23.3,291,11
17900845775662588,reel,34,2026-07-21,08:00,Tue,8,the 7 audios that ran the internet this week. 👀,47,1,0,none,1,157611,35167,22.3,76091,1837,64,547,115,645,97,2563,7.29,1.56,0.33,0.276,0,capcut_template:6|late_callout:2,obsessed,30.0,708,10
17949100637221415,reel,34,2026-07-21,10:10,Tue,10,calling it now: this format is next week's everything. 🫶 😍,58,2,3,#explorepage #fyp #reelsindia,1,157708,147325,93.4,367978,9586,477,699,1284,2693,490,12046,8.18,0.47,0.87,0.333,1,capcut_template:8|tutorial_request:4|late_callout:6,🔥🔥🔥,15.0,708,10
17912277174111721,reel,34,2026-07-21,16:10,Tue,16,my mom tried the trend. she did it better.,42,0,3,#indiatrends #fyp #instatrend,1,158198,65210,41.2,148658,4137,152,252,365,1141,131,4906,7.52,0.39,0.56,0.201,4,capcut_template:6|tutorial_request:7|late_callout:5,tutorial pls,25.0,708,10
17952808042006951,story,34,2026-07-22,09:38,Wed,9,sneak peek of tomorrow's reel,29,0,0,none,1,158341,10201,6.4,11835,0,63,0,30,102,10,93,0.91,0.0,0.29,0.098,0,none,none,0.0,404,11
17904537056156134,carousel,34,2026-07-22,16:10,Wed,16,trying the viral transition so you don't have to.,49,0,5,#trendalert #viral #explorepage #reelsindia #fyp,6,158341,23912,15.1,33552,1401,49,80,99,475,58,1629,6.81,0.33,0.41,0.243,2,capcut_template:7|tutorial_request:4|late_callout:6,LMAO,30.6,404,11
17908428005540905,reel,34,2026-07-22,21:50,Wed,21,"the trend you keep seeing, decoded. 👀",37,1,3,#indiatrends #reelsindia #instatrend,1,158399,125427,79.2,248805,7743,261,1604,705,1974,347,10313,8.22,1.28,0.56,0.277,0,none,🔥🔥🔥,25.0,404,11
17939908270012042,reel,34,2026-07-23,08:50,Thu,8,i tried the 5-second outfit change trend.,41,0,3,#reelsindia #instatrend #explorepage,1,158757,73966,46.6,146136,3911,118,202,271,1343,190,4502,6.09,0.27,0.37,0.257,0,capcut_template:8|tutorial_request:8|late_callout:4,how did you edit this,26.7,783,13
17925209681662499,reel,34,2026-07-23,13:10,Thu,13,this meme started on a 2014 forum. here's the full story. 🫶 💀,61,2,3,#instatrend #indiatrends #explorepage,1,158947,116635,73.4,272932,7826,305,1928,859,2300,414,10918,9.36,1.65,0.74,0.355,0,none,you're always first,26.7,783,13
17959808749845310,reel,34,2026-07-23,19:10,Thu,19,this meme started on a 2014 forum. here's the full story. 😂 🙌 😍 💯,65,4,5,#indiatrends #viral #desitrends #reelsindia #instatrend,1,159361,57350,36.0,137273,2990,170,817,278,945,192,4255,7.42,1.42,0.48,0.335,0,none,ok this is so good,25.0,783,13
17904132422763059,reel,34,2026-07-24,08:20,Fri,8,yes i know everyone did this last week. doing it anyway.,56,0,8,#fyp #instatrend #trendalert #internetculture #viral #popculture #trend #indiatrends,1,159561,39583,24.8,92467,2065,57,72,49,554,18,2243,5.67,0.18,0.12,0.045,0,late_callout:12,😭😭,33.3,503,10
17968767631402674,story,34,2026-07-24,17:49,Fri,17,poll: seen this trend yet?,26,0,0,none,1,159561,9057,5.7,10417,0,68,0,27,90,9,95,1.05,0.0,0.3,0.099,0,none,none,0.0,503,10
17989129799270061,reel,34,2026-07-24,21:10,Fri,21,this dance is 12 hours old and already at 2M views.,51,0,12,#fyp #trendalert #indiatrends #viral #explorepage #instatrend #popculture #trend #trending #internetculture #desitrends #reelsindia,1,159579,171719,107.6,353509,10004,390,762,1452,2740,486,12608,7.34,0.44,0.85,0.283,2,capcut_template:5|tutorial_request:6|late_callout:3,ok this is so good,21.7,503,10
17958384195254601,story,34,2026-07-25,09:28,Sat,9,poll: seen this trend yet?,26,0,0,none,1,160065,12535,7.8,16156,0,68,0,37,125,12,105,0.84,0.0,0.3,0.096,0,none,none,0.0,71,19
17980573834608148,reel,34,2026-07-25,10:40,Sat,10,the brand deal controversy explained. 😍,39,1,10,#reelsindia #internetculture #indiatrends #instatrend #trending #trend #trendalert #fyp #viral #desitrends,1,160065,45758,28.6,92298,2988,151,102,283,742,66,3524,7.7,0.22,0.62,0.144,0,none,obsessed,26.7,71,19
17915381989826974,story,34,2026-07-25,20:26,Sat,20,poll: seen this trend yet?,26,0,0,none,1,160065,12192,7.6,15490,0,129,0,36,121,12,165,1.35,0.0,0.3,0.098,0,none,none,0.0,71,19
17942546510392171,story,34,2026-07-26,10:10,Sun,10,quiz: guess the trend from 1 second,35,0,0,none,1,160137,7334,4.6,9002,0,70,0,22,73,7,92,1.25,0.0,0.3,0.095,0,none,none,0.0,694,36
17981587828206378,reel,34,2026-07-26,13:30,Sun,13,this dance is 12 hours old and already at 2M views.,51,0,5,#instatrend #trend #trendalert #reelsindia #explorepage,1,160137,214114,133.7,494249,12510,393,1090,1521,3950,694,15514,7.25,0.51,0.71,0.324,2,capcut_template:10|tutorial_request:3|late_callout:6,can you make a tutorial for the transition,28.3,694,36
17917930671625979,story,34,2026-07-26,13:35,Sun,13,which audio should i try next?,30,0,0,none,1,160137,11531,7.2,12172,0,124,0,34,115,11,158,1.37,0.0,0.29,0.095,0,none,none,0.0,694,36
17903333292029433,story,34,2026-07-26,20:25,Sun,20,which audio should i try next?,30,0,0,none,1,160137,11091,6.9,13440,0,33,0,33,110,11,66,0.6,0.0,0.3,0.099,0,none,none,0.0,694,36
17986468278185871,story,34,2026-07-26,22:59,Sun,22,reposting the best version of this trend,40,0,0,none,1,160137,7526,4.7,8889,0,36,0,22,75,7,58,0.77,0.0,0.29,0.093,0,none,none,0.0,694,36
17974789413354263,reel,35,2026-07-27,08:50,Mon,8,why is everyone saying 'it's giving' again. explained. 🔥,56,1,3,#internetculture #indiatrends #explorepage,1,160809,135292,84.1,263808,7536,232,1656,715,2471,384,10139,7.49,1.22,0.53,0.284,0,none,wait that's so interesting,28.3,822,20
17920262839301830,reel,35,2026-07-27,10:30,Mon,10,this dance is 12 hours old and already at 2M views.,51,0,3,#trendalert #explorepage #trending,1,161193,83063,51.5,230813,5418,164,391,787,1144,223,6760,8.14,0.47,0.95,0.268,1,capcut_template:7|tutorial_request:6|late_callout:4,you're always first,18.3,822,20
17932504794867236,story,35,2026-07-27,10:34,Mon,10,question box: what trend confuses you?,38,0,0,none,1,160809,10138,6.3,13164,0,102,0,30,101,10,132,1.3,0.0,0.3,0.099,102,none,none,0.0,822,20
17901467222811112,story,35,2026-07-27,13:03,Mon,13,reposting the best version of this trend,40,0,0,none,1,160809,10537,6.6,13575,0,90,0,31,105,10,121,1.15,0.0,0.29,0.095,0,none,none,0.0,822,20
17935343544202456,carousel,35,2026-07-27,23:20,Mon,23,trend recap: save this so you're never late again. 😂 💯 😍 🔥,58,4,5,#desitrends #indiatrends #viral #fyp #internetculture,8,161416,72707,45.0,113714,3840,183,1139,296,1311,215,5458,7.51,1.57,0.41,0.296,0,capcut_template:9|late_callout:6,missed half of these,33.3,822,20
17962691117232394,reel,35,2026-07-28,08:30,Tue,8,yes i know everyone did this last week. doing it anyway. 🙌 😍 💯 🫶,64,4,5,#popculture #fyp #trend #instatrend #explorepage,1,161637,25396,15.7,56524,1583,81,47,30,479,20,1741,6.86,0.19,0.12,0.079,0,late_callout:20,saving this,28.3,393,14
17976325919280744,story,35,2026-07-28,09:58,Tue,9,question box: what trend confuses you?,38,0,0,none,1,161637,7983,4.9,10115,0,69,0,23,79,7,92,1.15,0.0,0.29,0.088,69,none,none,0.0,393,14
17928705149860926,carousel,35,2026-07-28,19:20,Tue,19,i tried the 5-second outfit change trend. 😂,43,1,5,#instatrend #desitrends #trend #internetculture #popculture,8,161657,55073,34.1,78635,2960,181,190,234,884,105,3565,6.47,0.34,0.42,0.191,0,capcut_template:6|tutorial_request:5|late_callout:3,obsessed,23.3,393,14
17963726091787005,reel,35,2026-07-28,21:10,Tue,21,3 trends that died this week and why. 💯 🔥,41,2,10,#trend #viral #trendalert #instatrend #desitrends #explorepage #trending #indiatrends #fyp #reelsindia,1,161762,101329,62.6,271422,5691,208,1334,590,1727,275,7823,7.72,1.32,0.58,0.271,0,none,finally someone explained it,23.3,393,14
17905313218446487,reel,35,2026-07-29,10:00,Wed,10,late to the party but here's my version.,40,0,0,none,1,162044,20908,12.9,39711,1241,44,39,26,327,11,1350,6.46,0.19,0.12,0.053,0,late_callout:14,old trend,22.7,145,11
17957448580132085,story,35,2026-07-29,17:16,Wed,17,quiz: guess the trend from 1 second,35,0,0,none,1,162044,9711,6.0,12192,0,108,0,29,97,9,137,1.41,0.0,0.3,0.093,0,none,none,0.0,145,11
17959837076246593,reel,35,2026-07-29,18:40,Wed,18,the brand deal controversy explained.,37,0,5,#trending #trendalert #internetculture #viral #popculture,1,162055,104714,64.6,212094,6399,235,194,857,1978,136,7685,7.34,0.19,0.82,0.13,0,none,LMAO,18.3,145,11
17943060969688362,image,35,2026-07-30,08:30,Thu,8,my mom tried the trend. she did it better. 🫶 💯,46,2,0,none,1,162209,25417,15.7,40459,1308,41,93,89,504,66,1531,6.02,0.37,0.35,0.26,2,capcut_template:7|tutorial_request:2|late_callout:6,saving this,29.3,330,45
17978314114499510,story,35,2026-07-30,10:32,Thu,10,sneak peek of tomorrow's reel,29,0,0,none,1,162209,7729,4.8,9170,0,69,0,23,77,7,92,1.19,0.0,0.3,0.091,0,none,none,0.0,330,45
17900961694372419,story,35,2026-07-30,13:37,Thu,13,reposting the best version of this trend,40,0,0,none,1,162209,11437,7.1,12293,0,98,0,34,114,11,132,1.15,0.0,0.3,0.096,0,none,none,0.0,330,45
17916419211228371,reel,35,2026-07-30,16:10,Thu,16,the award show moment everyone's talking about. 🙌 🔥 🫶 ✨,55,4,8,#popculture #explorepage #reelsindia #fyp #instatrend #desitrends #trendalert #trending,1,162275,35558,21.9,67788,2307,144,125,211,717,86,2787,7.84,0.35,0.59,0.242,0,none,😭😭,23.3,330,45
17950619116460975,story,35,2026-07-30,17:46,Thu,17,sneak peek of tomorrow's reel,29,0,0,none,1,162209,8225,5.1,9407,0,94,0,24,82,8,118,1.43,0.0,0.29,0.097,0,none,none,0.0,330,45
17941391029145111,story,35,2026-07-30,17:55,Thu,17,sneak peek of tomorrow's reel,29,0,0,none,1,162209,10709,6.6,12870,0,53,0,32,107,10,85,0.79,0.0,0.3,0.093,0,none,none,0.0,330,45
17917551187184387,reel,35,2026-07-30,19:50,Thu,19,attempting the trend with zero rehearsal.,41,0,2,#viral #instatrend,1,162361,80606,49.6,201797,5122,186,281,509,1468,176,6098,7.57,0.35,0.63,0.218,1,capcut_template:7|tutorial_request:4|late_callout:5,need this energy,23.3,330,45
17965253662146583,story,35,2026-07-30,22:48,Thu,22,reposting the best version of this trend,40,0,0,none,1,162209,11166,6.9,14444,0,106,0,33,111,11,139,1.24,0.0,0.3,0.099,0,none,none,0.0,330,45
17992130952337594,story,35,2026-07-31,09:02,Fri,9,quiz: guess the trend from 1 second,35,0,0,none,1,162518,10664,6.6,11338,0,126,0,31,106,10,157,1.47,0.0,0.29,0.094,0,none,none,0.0,139,18
17951536419732278,reel,35,2026-07-31,19:30,Fri,19,the finale everyone's fighting about in the comments. 😭,55,1,5,#explorepage #desitrends #popculture #reelsindia #instatrend,1,162518,51183,31.5,132506,3466,174,200,340,1028,123,4180,8.17,0.39,0.66,0.24,0,none,need this energy,31.7,139,18
17931053366405173,story,35,2026-07-31,22:47,Fri,22,reposting the best version of this trend,40,0,0,none,1,162518,7721,4.8,9421,0,16,0,23,77,7,39,0.51,0.0,0.3,0.091,0,none,none,0.0,139,18
17977669401524928,carousel,35,2026-07-31,23:00,Fri,23,yes i know everyone did this last week. doing it anyway. 😭,58,1,5,#trending #trend #indiatrends #fyp #explorepage,3,162641,31953,19.6,39331,1773,107,59,44,455,17,1983,6.21,0.18,0.14,0.053,0,late_callout:21,LMAO,30.0,139,18
17911420652086231,carousel,35,2026-08-01,08:10,Sat,8,the award show moment everyone's talking about. 😂 💯 👀 🫶 🔥 ✨,59,6,5,#viral #internetculture #explorepage #popculture #instatrend,8,162651,24248,14.9,34341,1603,83,89,172,387,45,1947,8.03,0.37,0.71,0.186,0,none,that moment was iconic,23.3,464,12
17944861719388862,story,35,2026-08-01,09:03,Sat,9,quiz: guess the trend from 1 second,35,0,0,none,1,162651,9102,5.6,9735,0,26,0,27,91,9,53,0.58,0.0,0.3,0.099,0,none,none,0.0,464,12
17906410847737450,story,35,2026-08-01,10:15,Sat,10,sneak peek of tomorrow's reel,29,0,0,none,1,162651,6921,4.3,8074,0,41,0,20,69,6,61,0.88,0.0,0.29,0.087,0,none,none,0.0,464,12
17954455773110883,reel,35,2026-08-01,19:50,Sat,19,3 trends that died this week and why.,37,0,0,none,1,162696,103757,63.8,194026,6462,282,1785,523,1963,407,9052,8.72,1.72,0.5,0.392,0,none,saving this,20.0,464,12
17970996113611501,story,35,2026-08-01,22:20,Sat,22,reposting the best version of this trend,40,0,0,none,1,162651,9627,5.9,11196,0,101,0,28,96,9,129,1.34,0.0,0.29,0.093,0,none,none,0.0,464,12
17911872610971651,reel,35,2026-08-02,10:00,Sun,10,trying the viral transition so you don't have to. 🫶 💯,53,2,5,#instatrend #desitrends #trending #popculture #viral,1,163114,77722,47.6,176834,4843,227,289,406,1076,126,5765,7.42,0.37,0.52,0.162,2,capcut_template:8|tutorial_request:5|late_callout:6,need this energy,23.3,186,16
17965123886570400,story,35,2026-08-02,10:17,Sun,10,poll: seen this trend yet?,26,0,0,none,1,163114,6934,4.3,7562,0,56,0,20,69,6,76,1.1,0.0,0.29,0.087,0,none,none,0.0,186,16
17922459012053463,carousel,35,2026-08-02,16:10,Sun,16,the finale everyone's fighting about in the comments. 💀 😍 😂 ✨ 🙌 👀,65,6,5,#fyp #indiatrends #explorepage #trending #desitrends,6,163240,34434,21.1,45874,1863,112,111,215,659,70,2301,6.68,0.32,0.62,0.203,0,none,that moment was iconic,15.0,186,16
17925597238425533,carousel,36,2026-08-03,13:10,Mon,13,trying the viral recipe trend. results were mixed. 😭 😂 🙌 ✨,58,4,8,#instatrend #indiatrends #reelsindia #trendalert #trend #internetculture #fyp #desitrends,5,163299,60646,37.1,80394,3765,209,219,300,1128,136,4493,7.41,0.36,0.49,0.224,0,capcut_template:12|tutorial_request:3|late_callout:5,😭😭,28.3,122,14
17922529833440909,reel,36,2026-08-04,13:30,Tue,13,where did this audio even come from? a 60 second history.,57,0,0,none,1,163429,93337,57.1,210861,5214,141,1125,512,1785,297,6992,7.49,1.21,0.55,0.318,0,none,need this energy,28.3,281,16
17913271399167559,story,36,2026-08-05,09:07,Wed,9,poll: seen this trend yet?,26,0,0,none,1,163716,12817,7.8,15388,0,66,0,38,128,12,104,0.81,0.0,0.3,0.094,0,none,none,0.0,218,17
17998290000723558,story,36,2026-08-05,09:24,Wed,9,sneak peek of tomorrow's reel,29,0,0,none,1,163716,11904,7.3,12787,0,94,0,35,119,11,129,1.08,0.0,0.29,0.092,0,none,none,0.0,218,17
17982119180987799,story,36,2026-08-05,10:32,Wed,10,reposting the best version of this trend,40,0,0,none,1,163716,12068,7.4,13467,0,37,0,36,120,12,73,0.6,0.0,0.3,0.099,0,none,none,0.0,218,17
17915483273696660,carousel,36,2026-08-05,18:20,Wed,18,yes i know everyone did this last week. doing it anyway. 🫶,58,1,8,#explorepage #trend #popculture #internetculture #instatrend #trendalert #reelsindia #viral,3,163716,15595,9.5,22479,1073,38,33,24,215,7,1168,7.49,0.21,0.15,0.045,0,late_callout:17,this is so last week,36.8,218,17
17987831661346426,reel,36,2026-08-05,19:20,Wed,19,trying the viral recipe trend. results were mixed. 😂,52,1,10,#popculture #internetculture #desitrends #viral #explorepage #trending #trend #indiatrends #reelsindia #trendalert,1,163723,77749,47.5,189787,5100,149,331,416,1513,193,5996,7.71,0.43,0.54,0.248,1,capcut_template:11|tutorial_request:3|late_callout:9,drop the template 🙏,33.3,218,17
17981115919289269,story,36,2026-08-06,17:32,Thu,17,question box: what trend confuses you?,38,0,0,none,1,163907,12316,7.5,12967,0,101,0,36,123,12,137,1.11,0.0,0.29,0.097,101,none,none,0.0,501,17
17977689348698141,image,36,2026-08-06,19:50,Thu,19,the 7 audios that ran the internet this week. 💯,47,1,5,#viral #instatrend #reelsindia #internetculture #trendalert,1,163907,26965,16.5,40613,1650,100,490,112,466,79,2352,8.72,1.82,0.42,0.293,2,capcut_template:5|late_callout:5,missed half of these,28.3,501,17
17960017557117102,story,36,2026-08-06,20:24,Thu,20,reposting the best version of this trend,40,0,0,none,1,163907,8343,5.1,9818,0,60,0,25,83,8,85,1.02,0.0,0.3,0.096,0,none,none,0.0,501,17
17960979937803435,reel,36,2026-08-06,23:20,Thu,23,this audio is about to blow up. you heard it here first. 🫶 💯 💀 😭,64,4,0,none,1,163986,146738,89.5,295565,9122,550,614,1359,2022,419,11645,7.94,0.42,0.93,0.286,0,capcut_template:10|tutorial_request:5|late_callout:8,LMAO,30.0,501,17
17911588505348070,image,36,2026-08-07,18:40,Fri,18,attempting the trend with zero rehearsal.,41,0,0,none,1,164395,31468,19.1,39890,1796,99,115,135,522,73,2145,6.82,0.37,0.43,0.232,2,capcut_template:8|tutorial_request:6|late_callout:6,how did you edit this,30.0,301,16
17908429337008677,story,36,2026-08-07,20:46,Fri,20,quiz: guess the trend from 1 second,35,0,0,none,1,164395,10371,6.3,12529,0,118,0,31,103,10,149,1.44,0.0,0.3,0.096,0,none,none,0.0,301,16
17927520953135071,carousel,36,2026-08-07,22:20,Fri,22,ok i'm late but i had to try this trend. 🙌 ✨ 💯 😂 👀 🔥,52,6,5,#popculture #desitrends #internetculture #trendalert #viral,7,164468,31704,19.3,44722,1661,46,57,34,567,25,1798,5.67,0.18,0.11,0.079,0,late_callout:17,you're always first,21.7,301,16
17997485805576708,reel,36,2026-08-07,23:20,Fri,23,trying the viral transition so you don't have to. ✨ 😍 🫶 👀,57,4,3,#trend #trendalert #internetculture,1,164493,106242,64.6,252765,6457,328,411,470,1662,209,7666,7.22,0.39,0.44,0.197,3,capcut_template:7|tutorial_request:6|late_callout:5,😭😭,25.0,301,16
17965341551017486,story,36,2026-08-08,10:26,Sat,10,poll: seen this trend yet?,26,0,0,none,1,164692,7568,4.6,8425,0,63,0,22,75,7,85,1.12,0.0,0.29,0.092,0,none,none,0.0,229,14
17912011851661291,story,36,2026-08-08,13:46,Sat,13,poll: seen this trend yet?,26,0,0,none,1,164692,6644,4.0,7431,0,15,0,19,66,6,34,0.51,0.0,0.29,0.09,0,none,none,0.0,229,14
17918526676943594,image,36,2026-08-08,16:30,Sat,16,ok i'm late but i had to try this trend.,40,0,2,#popculture #trending,1,164692,8633,5.2,10793,460,14,12,10,132,5,496,5.75,0.14,0.12,0.058,0,late_callout:7,need this energy,21.4,229,14
17956129478274028,story,36,2026-08-08,17:12,Sat,17,reposting the best version of this trend,40,0,0,none,1,164692,9361,5.7,9853,0,49,0,28,93,9,77,0.82,0.0,0.3,0.096,0,none,none,0.0,229,14
17964133910811487,reel,36,2026-08-08,19:50,Sat,19,"weekly trend report: what's up, what's done, what's next. 😂 💯 ✨ 💀 🫶 👀",69,6,12,#instatrend #internetculture #explorepage #popculture #indiatrends #trending #fyp #trendalert #viral #desitrends #trend #reelsindia,1,164697,80382,48.8,169879,5088,271,1321,329,1309,216,7009,8.72,1.64,0.41,0.269,1,capcut_template:8|late_callout:5,🔥🔥🔥,26.7,229,14
17985756265874593,story,36,2026-08-09,09:35,Sun,9,sneak peek of tomorrow's reel,29,0,0,none,1,164907,11756,7.1,12477,0,47,0,35,117,11,82,0.7,0.0,0.3,0.094,0,none,none,0.0,453,18
17922340436312915,carousel,36,2026-08-09,16:50,Sun,16,the 7 audios that ran the internet this week.,45,0,5,#fyp #indiatrends #popculture #trending #trendalert,3,164907,56377,34.2,89801,3855,159,961,313,922,127,5288,9.38,1.7,0.56,0.225,1,capcut_template:9|late_callout:8,obsessed,35.0,453,18
17927359792840309,story,36,2026-08-09,20:06,Sun,20,quiz: guess the trend from 1 second,35,0,0,none,1,164907,9035,5.5,10940,0,51,0,27,90,9,78,0.86,0.0,0.3,0.1,0,none,none,0.0,453,18
17901605077498176,reel,36,2026-08-09,23:50,Sun,23,the award show moment everyone's talking about. 💀 👀,51,2,2,#explorepage #indiatrends,1,165034,144985,87.9,298193,7859,284,388,852,2720,324,9383,6.47,0.27,0.59,0.223,0,none,need this energy,18.3,453,18
17939070382159536,story,37,2026-08-10,09:07,Mon,9,sneak peek of tomorrow's reel,29,0,0,none,1,165347,11878,7.2,15314,0,58,0,35,118,11,93,0.78,0.0,0.29,0.093,0,none,none,0.0,190,19
17981952474522840,reel,37,2026-08-10,13:40,Mon,13,trying the viral transition so you don't have to. 😍,51,1,8,#instatrend #explorepage #reelsindia #trend #fyp #desitrends #trending #viral,1,165347,85802,51.9,230657,5712,176,396,452,1188,175,6736,7.85,0.46,0.53,0.204,0,capcut_template:8|tutorial_request:9|late_callout:5,do a tutorial on this,35.0,190,19
17914446885220947,carousel,37,2026-08-10,18:30,Mon,18,finally trying the trend everyone's been doing.,47,0,12,#viral #reelsindia #explorepage #popculture #trend #fyp #indiatrends #trending #instatrend #internetculture #trendalert #desitrends,7,165522,15665,9.5,22587,831,48,22,16,304,11,917,5.85,0.14,0.1,0.07,0,late_callout:14,LMAO,20.8,190,19
17997274849273363,story,37,2026-08-10,22:35,Mon,22,quiz: guess the trend from 1 second,35,0,0,none,1,165347,12318,7.4,13893,0,27,0,36,123,12,63,0.51,0.0,0.29,0.097,0,none,none,0.0,190,19
17974777476891072,reel,37,2026-08-11,12:30,Tue,12,that celebrity wedding had one detail nobody noticed.,53,0,10,#explorepage #instatrend #reelsindia #indiatrends #internetculture #desitrends #trendalert #trending #viral #popculture,1,165536,76431,46.2,208128,3903,212,229,401,1302,151,4745,6.21,0.3,0.52,0.198,0,none,not the comments section 💀,36.7,339,16
17954820126425454,story,37,2026-08-11,13:24,Tue,13,question box: what trend confuses you?,38,0,0,none,1,165536,10744,6.5,12079,0,68,0,32,107,10,100,0.93,0.0,0.3,0.093,68,none,none,0.0,339,16
17953793984898304,reel,37,2026-08-11,19:30,Tue,19,my mom tried the trend. she did it better.,42,0,5,#fyp #trend #indiatrends #popculture #instatrend,1,165687,66033,39.9,139781,4428,254,242,385,1309,194,5309,8.04,0.37,0.58,0.294,4,capcut_template:7|tutorial_request:3|late_callout:6,saving this,31.7,339,16
17914983949392022,carousel,37,2026-08-12,12:40,Wed,12,this dance is 12 hours old and already at 2M views. 🫶,53,1,8,#trending #trend #explorepage #desitrends #viral #indiatrends #trendalert #fyp,3,165884,80053,48.3,113163,4722,208,428,537,1425,258,5895,7.36,0.53,0.67,0.322,0,capcut_template:7|tutorial_request:7|late_callout:4,😭😭,30.0,246,12
17948875039733073,carousel,37,2026-08-13,10:50,Thu,10,new filter just dropped and it's already doing numbers. 💯 ✨,59,2,2,#popculture #desitrends,9,166158,38420,23.1,48483,2611,141,180,318,693,130,3250,8.46,0.47,0.83,0.338,3,capcut_template:8|tutorial_request:5|late_callout:7,what app is this edit,26.7,353,13
17947731346419674,carousel,37,2026-08-13,12:50,Thu,12,"weekly trend report: what's up, what's done, what's next.",57,0,8,#viral #reelsindia #internetculture #popculture #instatrend #desitrends #trendalert #explorepage,8,166288,60791,36.6,93888,3551,191,992,312,869,141,5046,8.3,1.63,0.51,0.232,2,capcut_template:10|late_callout:9,the only recap i trust,25.0,353,13
17909903754240644,carousel,37,2026-08-13,19:40,Thu,19,attempting the trend with zero rehearsal. 😭 💯 🫶 🙌 😍 😂,53,6,3,#viral #popculture #fyp,9,166429,44514,26.7,54296,2715,142,163,253,699,95,3273,7.35,0.37,0.57,0.213,5,capcut_template:15|tutorial_request:10|late_callout:13,saving this,28.3,353,13
17927666755443235,story,37,2026-08-14,09:31,Fri,9,sneak peek of tomorrow's reel,29,0,0,none,1,166528,9751,5.9,10547,0,69,0,29,97,9,98,1.01,0.0,0.3,0.092,0,none,none,0.0,142,12
17934239599029668,carousel,37,2026-08-14,18:00,Fri,18,finally trying the trend everyone's been doing. 💯,49,1,12,#explorepage #popculture #indiatrends #trending #internetculture #viral #trendalert #fyp #instatrend #trend #desitrends #reelsindia,3,166528,19181,11.5,24117,1191,54,39,25,344,11,1309,6.82,0.2,0.13,0.057,0,late_callout:16,bro we did this last week,20.4,142,12
17953509393552736,reel,37,2026-08-14,23:50,Fri,23,the brand deal controversy explained. 💀,39,1,2,#viral #indiatrends,1,166539,116484,69.9,233197,7729,344,264,737,1877,134,9074,7.79,0.23,0.63,0.115,0,none,LMAO,26.7,142,12
17941199291363770,reel,37,2026-08-15,18:30,Sat,18,"the trend you keep seeing, decoded. 💀 😂 👀 🔥 ✨ 😭",47,6,5,#viral #explorepage #internetculture #trendalert #fyp,1,166686,103633,62.2,224481,6078,172,1433,695,1743,330,8378,8.08,1.38,0.67,0.318,0,none,saving this,26.7,293,44
17981484138227123,story,37,2026-08-15,22:19,Sat,22,sneak peek of tomorrow's reel,29,0,0,none,1,166686,7012,4.2,8979,0,32,0,21,70,7,53,0.76,0.0,0.3,0.1,0,none,none,0.0,293,44
17995338104858919,reel,37,2026-08-16,08:50,Sun,8,this dance is 12 hours old and already at 2M views. 😍 🫶,55,2,5,#reelsindia #instatrend #fyp #desitrends #viral,1,166992,213524,127.9,407401,13320,632,1225,1749,3210,588,16926,7.93,0.57,0.82,0.275,0,capcut_template:4|tutorial_request:5|late_callout:3,LMAO,23.3,618,17
17971664623593941,story,37,2026-08-16,13:06,Sun,13,poll: seen this trend yet?,26,0,0,none,1,166992,11603,6.9,14433,0,133,0,34,116,11,167,1.44,0.0,0.29,0.095,0,none,none,0.0,618,17
17962787342949872,story,37,2026-08-16,13:09,Sun,13,question box: what trend confuses you?,38,0,0,none,1,166992,8443,5.1,10220,0,68,0,25,84,8,93,1.1,0.0,0.3,0.095,68,none,none,0.0,618,17
17942801856326150,story,37,2026-08-16,17:33,Sun,17,question box: what trend confuses you?,38,0,0,none,1,166992,8461,5.1,9843,0,81,0,25,84,8,106,1.25,0.0,0.3,0.095,81,none,none,0.0,618,17
17928360046892214,reel,37,2026-08-16,22:00,Sun,22,finally trying the trend everyone's been doing.,47,0,5,#trending #desitrends #explorepage #trendalert #indiatrends,1,167580,36828,22.0,96135,2178,78,63,59,568,20,2378,6.46,0.17,0.16,0.054,0,late_callout:25,this is so last week,25.0,618,17
17904651224008977,story,38,2026-08-17,10:51,Mon,10,poll: seen this trend yet?,26,0,0,none,1,167603,10245,6.1,13244,0,21,0,30,102,10,51,0.5,0.0,0.29,0.098,0,none,none,0.0,69,16
17910666267512442,image,38,2026-08-17,13:40,Mon,13,the finale everyone's fighting about in the comments. 😍,55,1,12,#indiatrends #popculture #internetculture #trending #instatrend #trend #desitrends #reelsindia #viral #trendalert #explorepage #fyp,1,167603,12416,7.4,17075,673,41,38,79,169,21,831,6.69,0.31,0.64,0.169,0,none,ok this is so good,17.1,69,16
17998499781554795,carousel,38,2026-08-17,16:40,Mon,16,trend recap: save this so you're never late again.,50,0,8,#popculture #indiatrends #trending #instatrend #viral #fyp #internetculture #desitrends,7,167624,27666,16.5,33336,1709,74,427,150,401,54,2360,8.53,1.54,0.54,0.195,1,capcut_template:7|late_callout:3,saving this,20.0,69,16
17952093598947574,reel,38,2026-08-18,10:10,Tue,10,trying the viral recipe trend. results were mixed. 😍,52,1,0,none,1,167674,45327,27.0,83136,2365,100,149,217,620,80,2831,6.25,0.33,0.48,0.176,2,capcut_template:4|tutorial_request:9|late_callout:4,you're always first,26.7,680,17
17962021681641060,reel,38,2026-08-18,13:50,Tue,13,that celebrity wedding had one detail nobody noticed. 😂 🔥 💯 💀 😭 ✨,65,6,8,#internetculture #explorepage #trending #fyp #trendalert #popculture #instatrend #trend,1,167754,164395,98.0,388260,8852,555,460,973,2300,275,10840,6.59,0.28,0.59,0.167,0,none,that moment was iconic,23.3,680,17
17988677288078771,story,38,2026-08-18,22:15,Tue,22,poll: seen this trend yet?,26,0,0,none,1,167674,11398,6.8,14099,0,132,0,34,113,11,166,1.46,0.0,0.3,0.097,0,none,none,0.0,680,17
17974405728781879,reel,38,2026-08-18,22:30,Tue,22,where did this audio even come from? a 60 second history.,57,0,10,#internetculture #explorepage #desitrends #trending #instatrend #trend #popculture #reelsindia #fyp #indiatrends,1,168029,119841,71.3,244043,7327,437,1546,741,1901,331,10051,8.39,1.29,0.62,0.276,0,none,you're always first,20.0,680,17
17920944678360925,story,38,2026-08-19,09:24,Wed,9,reposting the best version of this trend,40,0,0,none,1,168361,9618,5.7,10501,0,68,0,28,96,9,96,1.0,0.0,0.29,0.094,0,none,none,0.0,382,19
17987535670708279,story,38,2026-08-19,10:41,Wed,10,quiz: guess the trend from 1 second,35,0,0,none,1,168361,9043,5.4,10160,0,74,0,27,90,9,101,1.12,0.0,0.3,0.1,0,none,none,0.0,382,19
17996968450426628,reel,38,2026-08-19,13:40,Wed,13,late to the party but here's my version. 😍 🫶 ✨ 👀,48,4,5,#popculture #desitrends #viral #instatrend #trend,1,168361,41736,24.8,106752,2812,120,82,78,647,24,3092,7.41,0.2,0.19,0.058,0,late_callout:21,bro we did this last week,20.0,382,19
17956328667000361,reel,38,2026-08-19,23:00,Wed,23,trend recap: save this so you're never late again. 😍 👀,54,2,5,#reelsindia #explorepage #viral #trend #indiatrends,1,168385,112163,66.6,265794,6396,329,1759,486,2007,359,8970,8.0,1.57,0.43,0.32,1,capcut_template:4|late_callout:2,LMAO,21.7,382,19
17955962965521126,story,38,2026-08-20,17:11,Thu,17,poll: seen this trend yet?,26,0,0,none,1,168750,9368,5.6,11631,0,38,0,28,93,9,66,0.7,0.0,0.3,0.096,0,none,none,0.0,214,11
17918152459897729,reel,38,2026-08-20,18:00,Thu,18,"every trend you missed this week, in one carousel. 🔥",52,1,5,#explorepage #viral #instatrend #trend #internetculture,1,168750,88698,52.6,194233,4964,214,1293,337,1332,216,6808,7.68,1.46,0.38,0.244,4,capcut_template:11|late_callout:8,my sunday ritual,31.7,214,11
17948164808520108,reel,38,2026-08-21,12:40,Fri,12,"every trend you missed this week, in one carousel. 👀",52,1,8,#indiatrends #trending #desitrends #trend #viral #internetculture #trendalert #fyp,1,168979,82084,48.6,187878,4454,254,1257,386,1668,252,6351,7.74,1.53,0.47,0.307,3,capcut_template:11|late_callout:8,obsessed,30.0,846,19
17973688205227120,story,38,2026-08-21,17:01,Fri,17,quiz: guess the trend from 1 second,35,0,0,none,1,168979,9065,5.4,10748,0,43,0,27,90,9,70,0.77,0.0,0.3,0.099,0,none,none,0.0,846,19
17936456198223128,story,38,2026-08-21,20:26,Fri,20,which audio should i try next?,30,0,0,none,1,168979,9672,5.7,12525,0,39,0,29,96,9,68,0.7,0.0,0.3,0.093,0,none,none,0.0,846,19
17991834279050314,reel,38,2026-08-21,21:10,Fri,21,calling it now: this format is next week's everything. 🫶,56,1,10,#desitrends #instatrend #viral #popculture #indiatrends #trending #internetculture #fyp #reelsindia #explorepage,1,169231,191320,113.1,508454,10891,469,741,1416,2689,585,13517,7.07,0.39,0.74,0.306,1,capcut_template:9|tutorial_request:5|late_callout:7,🔥🔥🔥,16.7,846,19
17935903399221168,story,38,2026-08-21,22:05,Fri,22,question box: what trend confuses you?,38,0,0,none,1,168979,10896,6.4,13714,0,112,0,32,108,10,144,1.32,0.0,0.29,0.092,112,none,none,0.0,846,19
17913999952802346,story,38,2026-08-22,13:01,Sat,13,poll: seen this trend yet?,26,0,0,none,1,169816,7623,4.5,8242,0,45,0,22,76,7,67,0.88,0.0,0.29,0.092,0,none,none,0.0,129,11
17956014454381844,carousel,38,2026-08-22,23:00,Sat,23,the finale everyone's fighting about in the comments.,53,0,10,#reelsindia #trendalert #indiatrends #instatrend #desitrends #trending #trend #internetculture #explorepage #fyp,3,169816,65328,38.5,96104,3358,125,177,366,1310,133,4026,6.16,0.27,0.56,0.204,0,none,🔥🔥🔥,36.7,129,11
17900502133338236,carousel,38,2026-08-23,12:00,Sun,12,new filter just dropped and it's already doing numbers. 💀 😭 🫶 🔥 👀 💯,67,6,8,#viral #desitrends #explorepage #indiatrends #trendalert #popculture #reelsindia #internetculture,9,169946,146715,86.3,209252,8503,461,789,1008,2173,372,10761,7.33,0.54,0.69,0.254,0,capcut_template:6|tutorial_request:7|late_callout:5,tutorial pls,20.0,1133,17
17971624368993842,story,38,2026-08-23,13:00,Sun,13,reposting the best version of this trend,40,0,0,none,1,169946,11151,6.6,14377,0,69,0,33,111,11,102,0.91,0.0,0.3,0.099,0,none,none,0.0,1133,17
17997698554325508,reel,38,2026-08-23,18:40,Sun,18,why is everyone saying 'it's giving' again. explained.,54,0,5,#fyp #explorepage #popculture #internetculture #trendalert,1,170318,118517,69.6,317076,6769,236,1697,582,1691,274,9284,7.83,1.43,0.49,0.231,0,none,LMAO,23.3,1133,17
17919569802736384,reel,38,2026-08-23,21:00,Sun,21,"the trend you keep seeing, decoded. 💀",37,1,8,#viral #desitrends #popculture #instatrend #reelsindia #internetculture #trendalert #indiatrends,1,170592,134134,78.6,252123,7032,319,1737,697,2363,486,9785,7.29,1.29,0.52,0.362,0,none,ok this is so good,21.7,1133,17
17932948117152315,story,38,2026-08-23,22:04,Sun,22,poll: seen this trend yet?,26,0,0,none,1,169946,7535,4.4,8620,0,90,0,22,75,7,112,1.49,0.0,0.29,0.093,0,none,none,0.0,1133,17
17959059437683068,story,39,2026-08-24,13:25,Mon,13,reposting the best version of this trend,40,0,0,none,1,171075,9850,5.8,10652,0,46,0,29,98,9,75,0.76,0.0,0.29,0.091,0,none,none,0.0,278,18
17970591770360527,reel,39,2026-08-24,13:40,Mon,13,how a random street vendor video became the biggest audio of the month. 😍,73,1,0,none,1,171075,78167,45.7,155999,5335,252,1328,606,1337,279,7521,9.62,1.7,0.78,0.357,0,none,you're always first,18.3,278,18
17986235978590246,story,39,2026-08-24,22:00,Mon,22,sneak peek of tomorrow's reel,29,0,0,none,1,171075,8953,5.2,9631,0,34,0,26,89,8,60,0.67,0.0,0.29,0.089,0,none,none,0.0,278,18
17908612506594566,reel,39,2026-08-25,16:30,Tue,16,new filter just dropped and it's already doing numbers. 💀 ✨ 😍 😭 🫶 💯,67,6,0,none,1,171344,85683,50.0,172449,5195,217,345,579,1694,378,6336,7.39,0.4,0.68,0.441,1,capcut_template:7|tutorial_request:3|late_callout:6,LMAO,23.3,367,11
17949726644998161,reel,39,2026-08-26,08:10,Wed,8,attempting the trend with zero rehearsal. 😭,43,1,0,none,1,171733,47879,27.9,108523,2544,107,168,200,754,109,3019,6.31,0.35,0.42,0.228,3,capcut_template:10|tutorial_request:6|late_callout:7,do a tutorial on this,16.7,716,17
17990775366766957,story,39,2026-08-26,09:04,Wed,9,question box: what trend confuses you?,38,0,0,none,1,171733,7100,4.1,7900,0,59,0,21,71,7,80,1.13,0.0,0.3,0.099,59,none,none,0.0,716,17
17990644320087250,story,39,2026-08-26,10:53,Wed,10,which audio should i try next?,30,0,0,none,1,171733,12768,7.4,16536,0,68,0,38,127,12,106,0.83,0.0,0.3,0.094,0,none,none,0.0,716,17
17924184395708862,story,39,2026-08-26,13:00,Wed,13,quiz: guess the trend from 1 second,35,0,0,none,1,171733,13050,7.6,16769,0,74,0,39,130,13,113,0.87,0.0,0.3,0.1,0,none,none,0.0,716,17
17994936678408947,image,39,2026-08-26,21:00,Wed,21,my mom tried the trend. she did it better. 👀,44,1,3,#reelsindia #viral #trending,1,171842,36226,21.1,48134,2242,84,157,205,625,85,2688,7.42,0.43,0.57,0.235,1,capcut_template:6|tutorial_request:7|late_callout:5,🔥🔥🔥,30.0,716,17
17927163137993403,carousel,39,2026-08-26,22:40,Wed,22,this dance is 12 hours old and already at 2M views. 🔥 ✨ 🙌 😍,59,4,0,none,3,171927,157363,91.5,222929,10010,496,672,1079,2879,507,12257,7.79,0.43,0.69,0.322,2,capcut_template:10|tutorial_request:3|late_callout:8,drop the template 🙏,25.0,716,17
17974337243531583,reel,39,2026-08-27,08:00,Thu,8,3 trends that died this week and why.,37,0,3,#trend #instatrend #explorepage,1,172446,121693,70.6,284854,6288,275,1393,567,2300,377,8523,7.0,1.14,0.47,0.31,0,none,i had no idea,33.3,483,14
17936450122610461,carousel,39,2026-08-27,10:40,Thu,10,my mom tried the trend. she did it better. 🔥,44,1,8,#viral #trendalert #indiatrends #trending #internetculture #explorepage #popculture #fyp,7,172823,28505,16.5,40251,1844,104,90,148,417,61,2186,7.67,0.32,0.52,0.214,4,capcut_template:11|tutorial_request:5|late_callout:10,what app is this edit,25.0,483,14
17909900524524332,carousel,39,2026-08-27,16:40,Thu,16,the reality show twist that broke the internet.,47,0,8,#trendalert #indiatrends #instatrend #popculture #explorepage #trend #internetculture #reelsindia,8,172884,33782,19.5,48568,2207,67,93,211,589,59,2578,7.63,0.28,0.62,0.175,0,none,need this energy,16.7,483,14
17994420200523127,carousel,39,2026-08-28,19:50,Fri,19,the reality show twist that broke the internet. 😂,49,1,2,#desitrends #trending,4,172943,52692,30.5,79016,3071,96,144,380,949,121,3691,7.0,0.27,0.72,0.23,0,none,🔥🔥🔥,20.0,111,17
17978833411656966,carousel,39,2026-08-28,23:30,Fri,23,late to the party but here's my version. 💯 👀,44,2,10,#desitrends #viral #trending #explorepage #popculture #instatrend #indiatrends #internetculture #reelsindia #trend,4,173064,11357,6.6,13763,670,22,22,19,185,7,733,6.45,0.19,0.17,0.062,0,late_callout:7,LMAO,27.3,111,17
17996721177426620,story,39,2026-08-29,09:56,Sat,9,reposting the best version of this trend,40,0,0,none,1,173065,10778,6.2,11604,0,76,0,32,107,10,108,1.0,0.0,0.3,0.093,0,none,none,0.0,756,16
17922793468453985,reel,39,2026-08-29,12:20,Sat,12,this meme started on a 2014 forum. here's the full story. 🔥,59,1,2,#reelsindia #instatrend,1,173065,143456,82.9,294869,8933,512,1955,695,2613,472,12095,8.43,1.36,0.48,0.329,0,none,more of these pls,26.7,756,16
17921459089672963,story,39,2026-08-29,17:40,Sat,17,sneak peek of tomorrow's reel,29,0,0,none,1,173065,13382,7.7,14786,0,125,0,40,133,13,165,1.23,0.0,0.3,0.097,0,none,none,0.0,756,16
17900100542427534,reel,39,2026-08-29,21:40,Sat,21,trying the viral transition so you don't have to. 😭 😂 ✨ 🔥 😍 🫶,61,6,5,#trend #desitrends #indiatrends #instatrend #reelsindia,1,173537,106164,61.2,268451,6835,386,416,472,1863,277,8109,7.64,0.39,0.44,0.261,4,capcut_template:8|tutorial_request:3|late_callout:8,you're always first,20.0,756,16
17961104181261110,story,39,2026-08-30,10:47,Sun,10,reposting the best version of this trend,40,0,0,none,1,173810,11469,6.6,13193,0,44,0,34,114,11,78,0.68,0.0,0.3,0.096,0,none,none,0.0,290,16
17918715189087308,reel,39,2026-08-30,13:40,Sun,13,that celebrity wedding had one detail nobody noticed.,53,0,3,#fyp #trending #reelsindia,1,173810,91610,52.7,221487,6299,329,314,690,1832,245,7632,8.33,0.34,0.75,0.267,0,none,😭😭,20.0,290,16
17929581212790418,carousel,39,2026-08-30,18:00,Sun,18,the reality show twist that broke the internet. 😭 🔥 👀 😍,55,4,2,#fyp #explorepage,8,174055,29011,16.7,46401,1882,102,101,198,435,50,2283,7.87,0.35,0.68,0.172,0,none,🔥🔥🔥,25.0,290,16
17965138682924663,story,40,2026-08-31,09:58,Mon,9,poll: seen this trend yet?,26,0,0,none,1,174107,11220,6.4,13656,0,125,0,33,112,11,158,1.41,0.0,0.29,0.098,0,none,none,0.0,207,18
17914570494871674,image,40,2026-08-31,12:00,Mon,12,trying the viral recipe trend. results were mixed. ✨ 😭 😂 🙌,58,4,12,#trend #desitrends #reelsindia #internetculture #fyp #indiatrends #trendalert #popculture #trending #viral #instatrend #explorepage,1,174107,22008,12.6,34988,1234,61,79,111,307,40,1485,6.75,0.36,0.5,0.182,2,capcut_template:8|tutorial_request:6|late_callout:7,you're always first,18.3,207,18
17970221170330080,story,40,2026-08-31,17:49,Mon,17,poll: seen this trend yet?,26,0,0,none,1,174107,13674,7.9,14587,0,67,0,41,136,13,108,0.79,0.0,0.3,0.095,0,none,none,0.0,207,18
17961102511761212,carousel,40,2026-08-31,18:50,Mon,18,the brand deal controversy explained. 🙌,39,1,5,#desitrends #explorepage #trending #reelsindia #instatrend,5,174147,50106,28.8,77546,2961,85,94,390,943,62,3530,7.05,0.19,0.78,0.124,0,none,you're always first,20.0,207,18
17953705348550708,image,40,2026-08-31,23:40,Mon,23,my mom tried the trend. she did it better. 👀 🫶,46,2,2,#trending #popculture,1,174209,39339,22.6,55165,2064,74,102,190,744,99,2430,6.18,0.26,0.48,0.252,1,capcut_template:6|tutorial_request:5|late_callout:3,🔥🔥🔥,28.3,207,18
